ds,yhat,yhat_lower,yhat_upper
2019-12-07,78368.01170331068,-643418.1873523665,816480.9403043053
2019-12-08,85654.85364497939,-636366.3193454167,810635.89014544
2019-12-09,166041.04739271227,-530533.2584912257,913149.5924651951
2019-12-10,265217.77254493337,-504163.4352763378,1014186.5486085605
2019-12-11,336960.4543607166,-370304.4916402526,1057713.5904259447
2019-12-12,396693.5027704355,-321707.58881930227,1111167.3885750722
2019-12-13,431768.7441514557,-313173.93143403274,1114939.3222393084
2019-12-14,552206.9140416009,-156664.59314490622,1265866.5670445226
2019-12-15,546553.3877233542,-184623.40899366658,1321403.7777320654
2019-12-16,606808.3811625377,-111961.18487598527,1317582.9859743502
2019-12-17,678926.9631338652,-52019.71255045002,1395598.5125693495
2019-12-18,717098.2557408449,37763.46798095228,1441712.2287742516
2019-12-19,737301.8664741309,76116.2267216786,1460946.9663394769
2019-12-21,798736.67154987,69835.08685946562,1499554.9058536296
2019-12-22,740230.2476705044,15135.251196995992,1396668.360351988
2019-12-23,745028.8471927377,26508.524642882807,1476362.831702369
2019-12-24,760115.5848215864,94895.43041748751,1484592.7565870797
2019-12-25,740738.9029660895,35254.30546586047,1451894.248656635
2019-12-26,703944.8497410942,-46636.80242682043,1428613.1607238527
2019-12-27,638819.4355088378,-70007.97504064535,1346011.5477547334
2019-12-28,657191.3275313214,-57852.33914690874,1420646.4319273587
2020-01-06,130522.18151590563,-588655.8931219188,832446.7591379805
2020-01-07,112295.72017280247,-513585.1338653654,829111.8577494784
2020-01-08,71621.7872170636,-624556.8217834339,740440.5034668756
2020-01-09,25541.628667313445,-728451.2932947802,747923.7014607117
2020-01-10,-37119.254016164195,-761595.6787547178,658643.1399726835
2020-01-11,-5037.704005941909,-749500.462608116,765394.8536409284
2020-01-12,-88561.23616129249,-763094.3347742717,651434.9866313705
2020-01-13,-94797.33022478089,-825571.6221683437,586203.0593522912
2020-01-14,-77127.9356703189,-793771.7496728417,635866.5917927028
2020-01-15,-80939.52186464934,-821157.1536426077,667646.0256143416
2020-01-16,-90070.4723487839,-807341.3724425132,688823.5970558125
2020-01-17,-116542.81232798766,-822486.5740531137,657278.6656620856
2020-01-18,-49828.72964870336,-771325.8410143573,695530.7495137452
2020-01-19,-101000.58699903965,-829741.5850107375,634874.5453492916
2020-01-20,-77804.11601762948,-818881.616353679,636915.3477158233
2020-01-21,-34159.42527945158,-795272.4710903267,686728.9549248907
2020-01-22,-15880.467391199636,-823342.603659841,733270.367251423
2020-01-23,-7114.993010726437,-767101.8105655934,661093.9932318208
2020-01-24,-20072.121958438598,-760385.1410474117,704662.1132711781
2020-01-25,55711.95800010298,-668789.638254636,793994.3861630309
2020-01-26,9221.507811315489,-677460.3486515641,739953.9865296283
2020-01-27,32882.408341635935,-686240.9707286905,798618.0756261176
2020-04-07,59005.236728867385,-682401.7831570761,762371.0801353507
2020-04-08,68389.08054427974,-648505.6132119643,782734.2803254339
2020-04-09,65862.01650607804,-665702.5899489258,778338.9508782295
2020-04-12,39085.34323915311,-689773.7372270299,777971.2018273849
2020-04-13,47028.463652124636,-715312.5771762694,742972.4022977045
2020-04-16,52592.157606486755,-700267.5802441315,747638.3525698772
2020-04-17,14314.535409490323,-749241.930341489,753581.4735860132
2020-04-19,-7305.793067124034,-795442.9827118156,717114.1729073614
2020-04-20,-7643.117575322016,-769542.0929779903,718018.5371761463
2020-04-23,-15839.34202475817,-735366.2259277423,746239.7993231089
2020-04-26,-71553.29033540722,-745285.2308699574,692812.8177859155
2020-04-27,-66808.730387994,-779328.378207323,622765.0023153274
2020-05-02,-19100.505027568022,-765674.9160759529,688857.4213589041
2020-05-05,-29071.972453966628,-705447.1695320106,699145.9784809849
2020-05-06,-21232.42849026448,-738297.2683188388,658754.991153502
2020-05-07,-23156.632289598718,-724307.2328778671,699151.8696040586
2020-05-12,11090.489676400266,-665226.0091729149,776395.7234353723
2020-05-13,16205.947533925282,-693009.3706980324,729130.378075507
2020-05-16,39496.04755552638,-716844.1046109409,818980.6149819521
2020-05-17,-24265.759881464808,-772150.4167142063,679561.5696314432
2020-05-19,6298.016363075119,-725346.5515988141,766302.9588345909
2020-05-20,2438.401326979634,-660732.632453377,729152.8016488889
2020-05-21,-12503.42653066483,-713249.6267574655,697469.8431665677
2020-05-22,-49898.12302548093,-814294.178813415,659163.5852440225
2020-05-24,-68413.41679102316,-767857.6158673993,602300.3543325252
2020-05-25,-66607.59257570382,-789096.8146014299,647919.0758653317
2020-05-26,-46028.977273666176,-744818.1400917175,675522.828616006
2020-05-27,-51555.79692696873,-771157.2964468523,668192.5742756933
2020-05-28,-66423.18579355345,-835039.829821705,635378.580188834
2020-05-29,-101976.23758240796,-856728.3750197389,610290.788813446
2020-05-30,-46959.22084689804,-753482.0154748932,721085.2114569093
2020-05-31,-111688.97836322756,-827174.0477458239,618758.2775776834
2020-06-01,-103151.51632023724,-824930.8363509733,586552.0996331559
2020-06-05,-100956.70549239735,-868009.747119506,628802.643574758
2020-06-07,-89515.34419341301,-825064.7290810433,633169.2223431251
2020-06-08,-70925.13356501378,-795624.7612177809,652659.5288507553
2020-06-09,-33018.21012867811,-733347.6512312039,694431.5059347703
2020-06-10,-21199.61145951941,-800352.0991235526,656027.3774428464
2020-06-11,-19237.088294844274,-769854.8756799286,697315.6500677762
2020-06-12,-38997.47538900924,-749662.3628976138,706748.2546122957
2020-06-14,-22171.55065004168,-719328.1746373674,733228.4239687758
2020-06-17,39944.01894020302,-727320.2534122624,690578.4416848975
2020-06-18,36166.38629342095,-690046.0271698852,746238.4182137767
2020-06-19,9051.927401347042,-757737.9912829088,697564.9704684329
2020-06-20,69573.9187026182,-623879.0005970842,792141.5492092519
2020-06-21,7220.296876928027,-740597.1652232497,770744.8106973016
2020-06-23,39442.64125827801,-712196.4100599992,749923.3619515446
2020-06-24,35819.66750225041,-646923.8992189287,763098.7735018694
2020-06-25,20721.706182225127,-675594.2671217683,782943.222967161
2020-06-26,-17210.636670558262,-721854.805748837,727623.8560073668
2020-06-27,33329.25809885913,-708613.5118400615,802081.6958778399
2020-06-28,-37860.01788907965,-727900.8805770777,675143.1216033888
2020-06-30,-18796.27867996908,-732737.9742169754,761773.4471706895
2020-07-03,-81091.69741784397,-832673.6359415274,617500.3182663267
2020-07-04,-28308.678642300438,-787642.9044424602,654988.0960805519
2020-07-05,-95215.9709230626,-858922.7066815991,602925.0189019367
2020-07-07,-61949.02139139146,-805415.397609805,713639.333202233
2020-07-08,-59923.89159506392,-815759.1774190353,622908.5496712932
2020-07-11,-26759.117011618713,-738735.9767541928,742905.6916574461
2020-07-13,-61628.46146624959,-822317.0574385824,708365.4112515886
2020-07-15,-8922.79489901835,-741048.2881096257,708948.769268479
2020-07-19,-2462.17950051371,-780042.6829996555,758581.5693276819
2020-07-22,69877.06003478437,-657257.0280667427,716403.7378576321
2020-07-24,46992.686266315635,-661970.7595412019,786164.4201306013
2020-07-25,111607.25458600544,-563138.3628698481,835478.221578475
2020-07-27,64807.93209151193,-685418.8158969808,772666.5736807074
2020-07-28,92926.12984438347,-628148.6365857192,858452.8076041727
2020-07-29,92516.83481629357,-606064.7308975895,811922.9852745797
2020-07-31,44462.849916665495,-689781.4646572585,788397.9687062615
2020-08-02,26348.7927823496,-712629.4260983622,804850.2324982921
2020-08-06,17019.469293444577,-719975.4217263061,757566.5095013963
2020-08-07,-23704.607682836664,-749368.6956583352,719056.1470200758
2020-08-08,25348.027383922905,-701817.4229345683,789821.3421946603
2020-08-09,-46037.17516956007,-817467.4365713232,694575.3421297219
2020-08-12,-28167.44746262327,-769643.1492372712,745242.122018927
2020-08-13,-41254.03845807006,-723838.2651927641,669138.7648079795
2020-08-16,-78993.67378456912,-788182.6168197175,676410.8369661623
2020-08-18,-36895.53352386727,-732249.4735424115,710818.7008083801
2020-08-19,-31436.666966846402,-719910.7850655739,725040.5730762681
2020-08-21,-59849.10920334664,-786846.3203776738,656573.8160920746
2020-08-23,-50479.04380779041,-757080.1287467583,690446.1127258001
2020-08-25,-370.0089704511338,-715145.1572039832,732815.6656828455
2020-08-26,6605.1755531909,-694366.0716256228,742939.7954493864
2020-08-27,2688.8388310833398,-724019.1708927039,784414.7676615571
2020-08-28,-23888.172155040564,-740871.4912513446,695045.7561543826
2020-08-29,37770.17985246083,-674380.4997121288,833385.1276073263
2020-08-30,-22936.2746187999,-761240.0546720726,695530.6686205395
2020-08-31,-13190.912518949175,-697352.401846219,700027.0614973145
2020-09-02,12684.389643133487,-727071.9292277145,767062.2475237856
2020-09-03,277.6362099495309,-715114.9077463258,715130.2705043976
2020-09-04,-34956.26861698265,-787485.013548054,677834.0996224826
2020-09-05,18195.969102116826,-740299.4629652959,725170.9782778342
2020-09-06,-50551.96373416645,-757292.2595559151,673824.1422623598
2020-09-07,-48083.23123404628,-777528.5712891341,700654.953869812
2020-09-08,-27404.559981031474,-729665.4673736994,704136.8012007865
2020-09-10,-49259.34550970429,-780064.6974626259,607981.6112447331
2020-09-13,-100245.35738846738,-754306.636543117,638102.4613696665
2020-09-14,-94268.37612368517,-768420.3300360965,638700.4286167235
2020-09-16,-67555.86194855729,-811332.0411103183,692714.6296822316
2020-09-17,-75217.77257332859,-768700.5575675044,613793.4615865047
2020-09-18,-102887.64938286241,-800419.6310171462,659100.4320936488
2020-09-19,-39518.42866787419,-770422.2716184183,702480.1045160763
2020-09-20,-95651.7288004333,-808447.6422636048,615555.6583171175
2020-09-21,-78507.59263514873,-863486.3532180844,599367.0585270646
2020-09-23,-29975.536010988362,-717938.3223252435,666055.951773363
2020-09-25,-46383.2607234818,-785792.8214097938,626726.9643426279
2020-09-27,-25471.61405098281,-736164.5488575174,667486.3962246198
2020-09-29,35367.086869760955,-742546.5163339501,743930.8691979203
2020-09-30,47300.059207228005,-628603.588957669,822845.5337635524
2020-10-01,48021.47879564144,-655077.9055855047,786475.1531846675
2020-10-02,25731.239911607452,-681796.3401249007,771781.0318790299
2020-10-03,91300.03765271767,-639189.359365995,850186.2733464916
2020-10-04,34108.55417697146,-693904.4288436176,730117.6219231966
2020-10-05,46962.09803596915,-667978.2326388485,783505.9940327081
2020-10-06,76573.41677591964,-614347.5216303092,793056.0234429188
2020-10-07,77826.38888168978,-647836.2603486642,742212.1730098142
2020-10-08,67317.50802204193,-624630.5712645449,741709.3171268848
2020-10-09,33608.78936001423,-634222.4968363917,745795.8734965496
2020-10-10,87942.07485610484,-667045.5495361353,754394.239518381
2020-10-11,20066.58069139105,-701055.7119888522,799933.9335021754
2020-10-12,23140.625851304125,-643728.5823421145,805666.6655501495
2020-10-13,44203.61123649478,-669509.5519690737,707330.0453562689
2020-10-14,38428.35768586483,-694811.7840538846,740088.8541716523
2020-10-15,22652.560236513047,-731125.0100475872,792736.9054092737
2020-10-16,-14376.976638926106,-767404.0712776872,679322.912438003
2020-10-17,38702.94928314074,-725681.8657792723,746417.7968682739
2020-10-18,-28305.628811404284,-784307.124676492,672854.2810669782
2020-10-19,-22263.135639692293,-755532.8648582723,711190.1969334736
2020-10-20,3778.737203672703,-712121.0044308472,742859.4709101676
2020-10-21,4830.876851311477,-770691.5398684721,648758.9882907358
2020-10-22,-2497.9963078463334,-728068.1359882121,681860.2046712864
2020-10-23,-29751.073627390928,-700115.7851755663,705627.6650151886
2020-10-24,34091.92711174676,-670762.1928497755,753695.0438169577
2020-10-26,-3963.0658970319055,-691251.5207849594,744962.5152990125
2020-10-27,33373.73885909424,-694606.7519394864,752109.4322995639
2020-10-28,45027.856972966256,-680555.5682778998,759466.6428550824
2020-11-01,45940.67080960503,-658102.7247216504,763256.1476360167
2020-11-02,64882.321087868484,-676458.1281376567,764105.6467008344
2020-11-03,100914.64552197694,-629850.9727564334,831491.2888714122
2020-11-04,108508.14053659311,-600121.3070655802,873899.5913452934
2020-11-05,103828.87911735101,-589275.5657587658,832822.1001887021
2020-11-06,75006.88998889431,-702532.8321352468,742163.2710238314
2020-11-07,132866.6640523816,-594007.210506487,868605.6627504433
2020-11-08,66771.14065861158,-606801.9217604069,767103.9210838105
2020-11-09,69539.60010149414,-672550.1249176734,784376.5075741338
2020-11-10,87935.01183688067,-660988.3712858834,822288.559965087
2020-11-11,76930.43518319188,-710824.8979742166,873491.7656961061
2020-11-12,53252.74193597758,-671681.2782560112,787450.2973148169
2020-11-13,5636.876627173857,-689246.4999493179,718826.5376026569
2020-11-14,45540.530713355845,-676355.0071573687,721690.2211915877
2020-11-15,-37029.007065661135,-826544.9219884686,672688.9381913707
2020-11-16,-48614.943070458525,-757066.768394579,695232.532539098
2020-11-17,-41841.97687150168,-769668.948152682,704927.095508154
2020-11-18,-61168.10130253044,-776442.9270946624,703411.9681013057
2020-11-19,-89358.4225417735,-876029.694633102,623193.7284591168
2020-11-20,-137247.28089929192,-881888.3237766357,603320.5391401295
2020-11-21,-93038.31562373567,-793063.9323828433,666997.3766678883
2020-11-22,-166490.2680918398,-915188.5148494809,536571.4318178694
2020-11-23,-164027.24882810935,-899033.397800802,586139.5512626024
2020-11-29,-103047.91864884281,-801019.0107962436,583838.1704986242
2020-12-01,9719.487496238668,-715882.2420967077,766545.5880875341
2020-12-04,128407.00229597924,-583382.643472327,841475.9557668461
2020-12-06,251859.89207490164,-485020.9348437932,935513.9810214272
2020-12-07,329100.560951698,-431263.1489770439,1043545.1829950496
2020-12-08,426438.4805671236,-268275.3993141536,1155996.5401566958
2020-12-09,497690.40501527395,-232708.8799975076,1247798.257976217
2020-12-11,595583.7583993988,-43236.17467143719,1329694.9158609929
2020-12-12,719536.3167139583,-34693.41763624919,1523457.1788278632
2020-12-13,718623.205262587,-28916.331386359598,1427946.9136092127
2020-12-14,784744.3958463433,46837.37232495195,1492307.8617675225
2020-12-16,909622.5366262137,248789.13905378775,1639679.9334860642
2020-12-18,937426.8125662798,227516.20180935867,1644797.5015238982
2020-12-19,1017824.314670534,317111.2077559774,1789001.8293038993
2020-12-21,982746.8235389597,269819.90181789594,1697052.6308803402
2020-12-22,1006832.3389284718,318489.51520571666,1723963.8091049
2020-12-23,995988.328872153,300025.5610411331,1709284.9474936086
2020-12-27,830856.8508990553,119830.97160595107,1595226.458974864
2020-12-31,656679.7115412817,-24229.45879000077,1367732.4242601506
2021-01-02,571397.5405751703,-183926.93033290814,1291757.6874157775
2021-01-03,452971.2955840386,-291657.90487622685,1155678.3848131993
2021-01-04,408023.4319320173,-360303.12616637285,1196248.5622953256
2021-01-05,384165.51373432146,-305827.58959772694,1112870.002531368
2021-01-06,337034.0585948769,-385790.9289380785,1111700.5497927938
2021-01-07,283817.51840956474,-461058.16907043685,1014235.4232913337
2021-01-08,213499.33558791204,-482561.30027495435,1001647.9252990356
2021-01-10,145840.8651228632,-591695.7539316782,843436.3707269484
2021-01-11,131378.06439038427,-616889.999584273,812471.6715166708
2021-01-13,129340.19884865981,-671453.8474809044,829373.3322277253
2021-01-14,112827.64060486267,-638690.0451548337,824777.4767458929
2021-01-15,79518.01485640777,-605298.639959413,795971.4050698665
2021-01-16,140041.5817932782,-564003.2352109465,860534.7292449517
2021-01-17,83407.72070526273,-668457.0379137028,818017.6869538524
2021-01-19,141725.73031073617,-546771.5016076406,878386.4216841657
2021-01-20,156993.4885593202,-604417.8911754657,878507.5119304406
2021-01-21,163576.37611492292,-614779.3976907625,893004.5823955012
2021-01-22,149234.0611222409,-585287.1077741456,851500.9409757757
2021-01-23,224378.93370911316,-485538.4003266356,994256.2390995108
2021-01-24,177925.70414194785,-575856.7518709541,880001.2138125721
2021-01-27,256253.6241206084,-437964.83323751244,989776.4878711095
2021-01-28,256647.94571581233,-477891.70834559225,979644.389118558
2021-01-29,232885.5501042207,-549331.4761589109,935564.4625738199
2021-01-30,295884.81404874695,-383321.87360271736,990866.453310624
2021-01-31,235120.11526330622,-448607.3080139504,1008102.4356921129
2021-02-01,243527.94842726213,-452574.91021274443,944251.3643363821
2021-02-02,267982.10127907037,-460986.76098516845,969830.1077650212
2021-02-03,263547.96642472973,-447178.8609118335,986892.704413528
2021-02-04,247014.73625508667,-498173.8282089097,912463.8097061871
2021-02-05,207139.15803602902,-516692.602631076,908807.8727144795
2021-02-06,255351.15492292104,-474659.4489144563,1002592.629489814
2021-02-07,181573.458469435,-529217.1372761874,851549.0559208718
2021-02-08,179116.45804845844,-547244.6106709982,919048.7537228442
2021-02-09,195144.55847634247,-560936.1432059255,932661.2016106718
2021-02-10,184924.3249139292,-532592.0189989873,954180.1599459666
2021-02-11,165353.28682262162,-514471.66513128334,900989.0540872264
2021-02-12,125203.1208799301,-612255.3088918286,915035.2763794545
2021-02-13,175827.4799481412,-540556.4599821569,894490.1077534826
2021-02-14,106986.49455454436,-604641.207107994,845425.9106683604
2021-02-16,136968.24226605994,-597318.8583775442,830772.0704193545
2021-02-17,137541.8453079468,-588879.267070472,874854.4899269029
2021-02-18,129953.16605923507,-538249.8000217461,904584.7784941285
2021-02-19,102528.7209035312,-643720.4932876416,819493.5141684858
2021-02-20,166160.6902732362,-510931.2936901905,861156.1939897953
2021-02-21,110146.3543808111,-618946.7387214879,794017.8090645974
2021-02-22,127104.98415035658,-566198.6470113946,823917.7760933837
2021-02-23,163467.78140143538,-607582.8101283881,958386.2141079225
2021-02-24,173750.41601995108,-568395.704039801,887261.8097135788
2021-02-25,174106.28818557755,-545132.2105474522,931684.4064203418
2021-02-26,152593.50137325938,-573866.8094789176,862001.2100030889
2021-02-27,219905.10970229775,-476744.9748402282,927183.1960231274
2021-02-28,165214.014611143,-562175.9707203694,899736.4265256175
2021-03-01,181092.9402021538,-571893.3303834667,896267.7795502298
2021-03-02,214005.0197874062,-499381.89060303255,968246.5335788416
2021-03-03,218574.5532623757,-563329.271619241,907351.1331847456
2021-03-04,211136.1475337836,-474861.3720222549,983789.7228362203
2021-03-05,179995.3787972103,-531490.9504684119,933964.0206931623
2021-03-06,236150.75698556245,-506770.96781413833,974848.78338059
2021-03-07,169128.64064461505,-572517.1146855798,881227.7005585998
2021-03-08,171891.8526797519,-542650.5062241661,912845.9189039719
2021-03-09,191317.88837927772,-556435.5834221364,942457.0170090128
2021-03-10,182456.6609472129,-610244.470812381,856988.6910771794
2021-03-13,164220.6356810798,-585769.3452564988,829756.9493868959
2021-03-14,88012.81350088098,-659916.8891759079,857555.5682190654
2021-03-15,83492.9769206463,-666792.7470337267,813125.0282031817
2021-03-16,97772.86857113348,-622833.4116202077,830261.7910342489
2021-03-17,86071.62239460801,-629063.000508942,796118.8069450628
2021-03-19,24039.28332184044,-695720.811081008,708834.249567711
2021-03-22,8441.039138058812,-705237.1965988786,752856.8248709318
2021-03-24,33697.26033539341,-737134.4026334755,698613.3467207591
2021-03-25,26169.26023506059,-629054.4605267305,785435.6946136703
2021-03-27,63328.81886400581,-661270.9415197506,757682.6868173624
2021-03-28,8285.543429685,-676178.8538972635,705475.4197353738
2021-03-29,26598.970489293162,-699397.5783209882,746272.778465033
2021-03-30,64737.456786664465,-693153.6333582733,805926.1378509268
2021-03-31,77248.55999979688,-589194.4954809649,838835.329707688
2021-04-01,80310.17352110878,-655777.8646635335,810360.7960454816
2021-04-02,61995.612535164575,-682948.9990941614,771498.8335611616
2021-04-03,133002.2813872449,-579082.6357770802,873292.251470641
2021-04-04,82495.35202468072,-665697.3864522701,781321.2550976569
2021-04-05,103026.92460017726,-565570.5475610547,841233.471314986
2021-04-06,141026.2304658814,-572366.3137668569,896166.3098576062
2021-04-08,149434.35797572852,-598373.2406537593,801302.2602361133
2021-04-09,124351.91328542159,-661903.196598,892075.335428531
2021-04-10,186739.55421789212,-574672.4304865246,917466.2602605157
2021-04-11,126032.79571991293,-615113.0635725948,859406.9249347508
2021-04-12,135096.83286699836,-566803.5182130296,896901.5439500893
2021-04-13,160706.97868830094,-550872.5031442175,868848.3648640992
2021-04-14,157808.81384460203,-554439.8563280898,915996.461301314
2021-04-15,143056.58032485162,-594598.0761236601,900556.3953311689
2021-04-16,105063.32680303916,-624608.9533638008,836347.948739462
2021-04-17,155112.82518247716,-560104.700611491,899635.1975742539
2021-04-19,81857.87194034278,-650531.6787636207,756540.095886081
2021-04-20,98776.10264431583,-616688.4119302204,767167.0243941153
2021-04-21,88906.36806463031,-612335.509164204,776916.9262578306
2021-04-22,69068.23731740555,-618048.9452506606,779560.5138275976
2021-04-24,76969.37925558852,-654806.1723858742,831271.2066368276
2021-04-25,5796.219773835066,-716974.5880653106,731713.2390151076
2021-04-26,7556.857980360568,-729251.2459343126,737309.1589104886
2021-04-27,29157.565790683337,-712347.9470261551,824718.4503305911
2021-04-28,25572.304781406245,-666230.7809120128,739997.5692069976
2021-04-29,13381.649594093615,-752400.9539104202,795249.1097612284
2021-04-30,-18973.44600023846,-779148.6477610844,656105.6036171936
2021-05-02,-21683.291087659643,-743302.9446746334,703965.4542558197
2021-05-04,21617.632197771745,-705289.7415013907,799135.9603739281
2021-05-05,27352.631210447827,-708991.317179089,725131.4074180352
2021-05-07,-1342.7076614293765,-745356.569681325,766267.698294646
2021-05-08,63190.050229609304,-628862.990019341,757941.314060398
2021-05-09,6491.462431098917,-672123.8719129581,758939.9180414767
2021-05-10,21191.320282875735,-694983.5099431067,763851.5651119133
2021-05-11,53786.870329850724,-672736.6778861915,744438.2354101205
2021-05-12,58912.81612419331,-703361.2679637948,805268.0945022091
2021-05-13,52890.45005463012,-671468.2117527601,791153.6524012055
2021-05-14,23989.036356352633,-712968.0153075306,814248.2096064074
2021-05-15,83149.18539868243,-614261.1246917635,825112.9344947886
2021-05-16,19819.806575144787,-657660.9949758528,753122.2657190148
2021-05-17,26869.311049606185,-680011.9849972251,782095.0514586605
2021-05-18,51066.861307063155,-657131.8683083783,744226.6034996266
2021-05-19,47343.50638233247,-640085.8882772696,795977.9432179434
2021-05-20,32331.700985707816,-668303.1737694736,776146.263794554
2021-05-21,-5383.368166883738,-757790.4050317658,704792.7082249046
2021-05-22,45449.40638137856,-645162.189055673,770201.5985129987
2021-05-23,-25425.990413306587,-726335.0785791988,719494.563157776
2021-05-24,-24870.988321688565,-792410.2370673331,781619.7871044355
2021-05-25,-5879.880529400238,-739337.1332156425,746561.7594535073
2021-05-26,-13326.319522916907,-723193.7637151334,660190.3262582731
2021-05-27,-30430.125040043335,-761025.6058221817,681611.3172097709
2021-05-28,-68510.78453110706,-772491.7808285762,629096.601804849
2021-05-29,-16277.441354230163,-742978.5952194317,700893.6962728945
2021-05-30,-84003.36666831913,-832139.9523955759,656904.0195606729
2021-05-31,-78623.88776375412,-796232.4552771832,641731.0675536537
2021-06-01,-53261.69145749518,-775840.7090678787,669212.7486075629
2021-06-02,-52969.4594760794,-739269.3077068278,655322.2333815818
2021-06-03,-61191.21981358959,-829698.5961688936,640578.9560448456
2021-06-04,-89508.96288938014,-794523.4900422059,663535.1976358343
2021-06-05,-26924.530140009607,-724861.3565360727,702945.3104875024
2021-06-06,-84025.02092794393,-768630.4157689837,609331.3139685259
2021-06-07,-68070.97024585491,-771159.8689764123,649138.2057873665
2021-06-08,-32511.516812216665,-768011.9327948394,699796.7603795122
2021-06-09,-22716.831453429215,-777965.7259568331,680578.7769120156
2021-06-11,-43504.80379935015,-755749.8762795118,672907.0973929124
2021-06-12,24826.68684056292,-759298.6687617672,770096.8309636837
2021-06-13,-28212.612173766523,-783234.109009604,707410.6999168416
2021-06-14,-10021.707448995934,-762372.8177592374,731947.7092178873
2021-06-15,25866.85906574127,-690116.9078438838,736532.5404392984
2021-06-16,34057.49020276032,-702864.877572459,752990.7351985372
2021-06-17,30841.283701587294,-647322.5221774371,755393.1862350389
2021-06-18,4458.156049686513,-709200.6050674958,716069.153699177
2021-06-19,65821.05688504467,-726612.9312119267,828682.2800387542
2021-06-20,4353.832990836381,-708612.0219930065,720895.65353427
2021-06-21,12903.380769540701,-741137.3718658626,737576.4511860432
2021-06-22,38221.84879196043,-684241.5592437849,760199.8511748485
2021-06-23,35228.69221013337,-708514.5090017271,734185.7056180156
2021-06-24,20551.039718430256,-657561.7640758178,722605.8271075591
2021-06-25,-17224.240258582417,-763025.4227239931,732363.2690677318
2021-06-26,33163.246627775276,-654429.6215808183,756102.1783571475
2021-06-27,-38525.19845429249,-751411.0411203128,687086.4140797803
2021-06-28,-39125.43520403777,-749788.6037959841,666294.7134519401
2021-06-29,-21597.928529120574,-733688.7653620525,770396.8830857528
2021-06-30,-30774.47433589422,-720015.5464124377,672191.1600615892
2021-07-01,-49825.47851643298,-816771.4286899315,662764.9336963288
2021-07-02,-90014.16885829077,-841108.5488399819,631564.90025525
2021-07-04,-109951.9174368189,-892572.7080886896,620541.3044044605
2021-07-06,-83499.39747007219,-809800.9543105051,633655.1151899479
2021-07-09,-124635.07428486385,-810131.8011795894,590880.5855649484
2021-07-10,-62996.46576489709,-743513.2289452628,697719.728176194
2021-07-11,-120602.3205520502,-809599.3196449203,624356.8586941209
2021-07-12,-104665.4447584947,-790015.3732195166,600988.074266172
2021-07-13,-68596.9623202644,-803010.549012802,698944.8887055351
2021-07-14,-57739.98285102374,-770010.9425874542,674635.9735899679
2021-07-15,-55821.99424304452,-750064.4957291055,716969.4735436207
2021-07-16,-74692.80406852272,-797822.7455663464,625308.0094337254
2021-07-17,-3598.3028698204726,-691816.7818678399,757065.3161157431
2021-07-18,-53338.54283391069,-782695.1582631436,650505.9627982052
2021-07-19,-31349.60658119881,-802262.9115094927,708371.9370005495
2021-07-20,8786.324141292367,-729363.3806604584,773105.4238160964
2021-07-23,2150.3285380548623,-726347.6094346629,693597.3263838892
2021-07-24,68845.35106489103,-655394.5527591852,798440.629850009
2021-07-25,12761.80952378716,-699189.4032085935,721905.6638113736
2021-07-27,57157.466517178254,-702832.0223824894,762387.0651758396
2021-07-28,59109.18193184518,-682560.4884417292,813260.8822140022
2021-07-30,15427.336399043299,-686596.5246645227,726949.7494044465
2021-08-05,-5347.592076692847,-715297.3414485493,691312.0601548298
2021-08-06,-46201.83976715441,-740991.7367563416,642781.7338766467
2021-08-07,2360.139707130729,-717514.9788277539,692073.7489975662
2021-08-08,-69853.5840776137,-756584.9096398088,625888.5288554007
2021-08-09,-69679.96418950448,-828985.9465015527,623110.5836979221
2021-08-10,-50128.55917871086,-763176.0868765916,685603.6598535893
2021-08-11,-56126.84526475586,-821042.7557194227,655855.4845155772
2021-08-12,-70984.56791425882,-821189.9119430225,641674.0238068568
2021-08-13,-106143.59800162684,-777231.9136771435,633609.5965458406
2021-08-14,-50463.2094319367,-755909.4898872331,653292.913834592
2021-08-15,-114389.55650038036,-807481.4593459177,662731.9895504909
2021-08-16,-105045.36908689392,-870445.6363469779,659102.502751192
2021-08-17,-75750.26555241046,-825069.3194341753,653705.9312905354
2021-08-19,-76698.50543304927,-804415.6007605813,649417.0007218636
2021-08-20,-102341.56338659707,-832480.2116826196,647397.3361508169
2021-08-22,-93940.47538469621,-812678.4953102625,599490.9205059898
2021-08-23,-77985.20725086858,-815739.0512422663,632988.7917738244
2021-08-24,-43501.638302345964,-817458.9240749042,666569.2349630123
2021-08-25,-35892.32316954716,-777118.230038781,647692.4085096155
2021-08-26,-38892.27758016733,-759866.6509137665,704338.6066242903
2021-08-27,-64305.5722535456,-770329.8239356041,655350.5661350788
2021-08-28,-1279.3782909857837,-675925.3604140307,786525.1766125859
2021-08-29,-60463.96397537712,-793805.008610023,643701.378911641
2021-08-30,-49098.074237546156,-785812.1471513668,662969.604524631
2021-08-31,-20524.010238097122,-773643.8239213575,667378.796520869
2021-09-01,-19922.692675321232,-777140.3159385362,703149.1383803148
2021-09-02,-30770.337118686264,-793766.7977422372,690989.4393541844
2021-09-03,-64583.44442512169,-806822.6319544198,612048.7632935633
2021-09-04,-10202.17309402545,-704346.7570316022,712076.3921309513
2021-09-05,-77960.30163119338,-825002.0810850628,638911.4632465704
2021-09-06,-74780.89953641573,-799046.8052189813,664374.1815999311
2021-09-07,-53701.70053090493,-762451.3860059752,603725.7762010423
2021-09-08,-59620.136624867024,-748181.0241297153,667374.6378659196
2021-09-09,-75759.34522218596,-781534.5782109944,706326.199301456
2021-09-10,-113421.55496586734,-807016.5267440093,675119.7024686032
2021-09-11,-61278.64790269823,-861939.2248232253,666945.7312765636
2021-09-12,-129547.87331921536,-829628.7944927926,612466.782756353
2021-09-13,-125091.64310943986,-821798.8693059909,639237.0436410147
2021-09-14,-100945.26359290097,-840926.8982156403,654479.8584681477
2021-09-15,-102062.47830363353,-865299.652007184,637819.7476742769
2021-09-16,-111780.1074052387,-889700.3365566976,589800.4860050249
2021-09-17,-141568.221578017,-815539.6492363628,583009.0151498254
2021-09-18,-80315.7381325063,-813823.3375359114,598731.4304746599
2021-09-19,-138499.56046667596,-906982.9771536399,529112.8940530457
2021-09-20,-123276.38790198053,-878779.121015376,614249.0721621705
2021-09-21,-88001.29361787242,-849764.1917865829,665977.4320137023
2021-09-22,-77963.22639412688,-879904.1712579698,606108.0169100988
2021-09-23,-76839.03292483315,-817283.2346013599,618420.7178027921
2021-09-24,-96432.77014811277,-861744.182535596,667909.2525362021
2021-09-25,-25950.537256123498,-806405.0959495453,731673.2488249557
2021-09-26,-76159.29021343953,-796601.1274589262,656067.5950094804
2021-09-27,-54469.09670149123,-775069.6318836901,634603.586680291
2021-09-28,-14443.23890057663,-783538.0035671099,732707.3530444743
2021-09-29,-1526.5985210227955,-710582.6977769424,792113.9057575486
2021-09-30,505.8403519237181,-720233.841857971,712466.1939903861
2021-10-01,-20186.589948889887,-729415.4850028784,625502.1543325128
2021-10-03,-7961.290509119164,-720553.1393982217,689950.7104220632
2021-10-04,7020.044469681234,-703053.2531642747,725207.0797796899
2021-10-05,38804.95387727865,-674954.0519652262,746056.8667705143
2021-10-06,42206.723611678935,-668115.1338409432,722383.0009300156
2021-10-07,33751.45470063753,-717401.8676432156,790609.8243812934
2021-10-08,1933.2571447554074,-691834.5445526368,747457.1697651882
2021-10-09,57930.798065757495,-667228.6551474635,806934.3607388888
2021-10-10,-8563.024482158828,-717182.104365915,723619.0135632653
2021-10-11,-4437.411083312691,-744725.2328834678,696158.0506489918
2021-10-12,17310.011245075344,-719155.6391381177,779687.77101429
2021-10-13,11826.914271943431,-659388.6472492036,772413.9499511436
2021-10-14,-4061.24453196807,-688642.0035406073,691166.182883401
2021-10-15,-41606.34713763396,-763593.0554332635,721969.9951717387
2021-10-16,10569.892940781843,-676504.0195665136,760022.0146811767
2021-10-17,-57701.85117131885,-797263.1067397648,627928.1184391583
2021-10-18,-53240.459689468305,-771097.2493098517,663314.684565104
2021-10-19,-29044.25053299911,-775216.4718353329,736261.3856010538
2021-10-20,-30038.608401617064,-715338.8672619509,662451.5822353901
2021-10-21,-39542.566657787844,-769132.550217107,684263.5722445068
2021-10-22,-69020.70124655265,-808503.1018438512,630752.3200110121
2021-10-23,-7370.147230961622,-707610.9555613458,679501.0730839965
2021-10-24,-65090.78590590846,-812454.5137238274,650443.9237149591
2021-10-25,-49377.66298736332,-755106.3105382468,659654.2847224178
2021-10-26,-13639.678203263698,-705384.4681455472,746109.8834387782
2021-10-27,-3234.6561410326394,-730607.6179155618,762802.6436894649
2021-10-28,-1922.362940236504,-749238.2465215449,721538.3736249144
2021-10-29,-21602.221647951766,-729444.064626036,735599.8055016033
2021-10-30,48414.04370060221,-613811.8360909022,773160.3755084695
2021-10-31,-2753.6460201311857,-721236.509859649,712963.5290824559
2021-11-01,17367.31583561094,-760171.0959961829,679404.3221746645
2021-11-03,64873.20901048039,-666510.4117117369,804563.2030822715
2021-11-04,62818.526882202576,-660598.0209145773,824727.3262159784
2021-11-05,36998.3851545096,-681221.0930226851,750431.113499377
2021-11-06,98158.35733313175,-613297.0410105,792739.6698921719
2021-11-07,35568.791069336745,-761091.1854820141,696323.6790247242
2021-11-08,41944.9054026722,-681272.4666390504,779196.7786770007
2021-11-09,63936.74432560651,-666694.9727424458,746225.0963165154
2021-11-10,56398.51836859454,-618906.203732211,778157.349446089
2021-11-11,35935.52772613143,-670270.5621297689,775683.2841955345
2021-11-12,-8838.202081009076,-707036.8843340615,697372.5070794998
2021-11-13,33418.21296404524,-674213.993620031,799348.8586252478
2021-11-14,-47397.18708592991,-809578.4177280754,684522.7397939756
2021-11-15,-57925.95996725693,-755004.997713599,642779.439505854
2021-11-16,-50877.12491753185,-762882.0272730456,675833.6446262557
2021-11-19,-150718.43777096248,-872874.2141401923,601602.9205747382
2021-11-20,-109830.5040616295,-787917.057073609,584979.8440965451
2021-11-21,-187511.38770491234,-928895.7961358626,531909.9497440098
2021-11-22,-190141.44481227943,-888054.7087031476,609649.6041972297
2021-11-24,-172427.77712038727,-838967.4897412733,545044.3083483088
2021-11-25,-179492.59134192474,-900950.5407905177,535741.7378404896
2021-11-26,-202562.08627044983,-942607.6581002444,537151.0053603661
2021-11-27,-130195.47973522753,-809243.5424210302,590100.3691586499
2021-11-28,-172604.71342229168,-892472.3072294492,526203.2292327547
2021-11-29,-136756.30618424795,-884431.0068837388,601691.1797137555
2021-11-30,-75898.79138120096,-833348.8265544552,665470.0638808338
2021-12-01,-35305.61872523729,-837314.2148832821,685607.3212383139
2021-12-02,1329.118064934446,-711022.2980879225,746509.8324877624
2021-12-03,21955.649515127807,-720626.497350414,723694.7196538153
2021-12-04,137083.99600260038,-619741.4225559203,890200.7034672156
2021-12-06,209494.7101097311,-497855.4353610249,910125.9478822983
2021-12-08,375195.4749073483,-329866.5667616789,1101373.7072273176
2021-12-09,436340.53831174783,-263967.0660868394,1160172.9109184663
2021-12-10,475532.9385837438,-230579.2638577092,1255147.8435822844
2021-12-12,606393.4277292762,-119267.33327867747,1321500.9294580743
2021-12-13,678328.8585343666,-19506.600217745563,1403157.4538815473
2021-12-14,764282.0170021103,78165.38191587164,1556181.8513595413
2021-12-15,818176.2604232577,102269.29056243846,1537892.334296284
2021-12-16,855684.1505081281,159494.05968827463,1611828.3511860813
2021-12-17,864500.9921191192,147311.66133650806,1564428.3348013847
2021-12-19,916474.0698847949,187637.4205817285,1679326.2253610669
2021-12-20,941263.7331511594,203600.56544823182,1637608.909200015
2021-12-21,976035.0531281608,246588.23873820525,1630826.7187777995
2021-12-22,975649.0269050137,235323.10157975205,1681666.544922189
2021-12-23,956781.7771771806,173223.15139570777,1670267.6835326746
2021-12-24,908175.278588577,180936.21939755345,1605924.90142411
2021-12-25,941347.7583259781,223798.33624189344,1631167.152186147
2021-12-26,846415.7185679576,122138.98021399044,1604899.2665825991
2021-12-28,800632.6798495437,102180.84224024514,1554927.743593407
2021-12-29,753113.3891491602,-36870.715087429264,1461613.727600969
2021-12-30,691916.8352966867,-68784.90851229169,1408069.093784765
2021-12-31,606482.564592457,-158926.02226850143,1305624.6122257726
2022-01-01,608899.1502587248,-90966.89703874348,1341532.971022424
2022-01-02,489714.5456748049,-235955.55585731275,1245222.1920435636
2022-01-03,442822.60168379074,-273318.8779853428,1179029.6348477341
2022-01-04,415922.1577612376,-305994.9355738806,1139396.6454921747
2022-01-05,364759.0803443833,-372786.0489193788,1106409.260506648
2022-01-06,306650.1888148382,-334325.92446869984,1080419.9026007531
2022-01-07,230722.831568847,-454751.1832542266,942312.369176313
2022-01-08,248620.39537247922,-505871.4325576319,976761.8291494433
2022-01-09,150325.76575162576,-572760.1707139709,894826.118407347
2022-01-10,129063.7162033651,-557038.526343025,902311.028972448
2022-01-11,131778.19813604327,-560312.0328514401,875399.3825603024
2022-01-12,113394.40988524503,-622353.0397866307,856652.8048589601
2022-01-13,90364.04692600358,-647895.156742029,838269.0264594583
2022-01-14,50926.92871280875,-689287.0987120455,806579.2498947046
2022-01-15,105838.70513404874,-597755.7775892665,798113.7657685291
2022-01-16,44216.082634332895,-684094.3163696416,810772.408864178
2022-01-17,58459.98815005703,-663183.1595951079,788743.5606992028
2022-01-18,94752.11609367092,-585566.9947762027,814773.1707269549
2022-01-20,112068.38938890157,-558238.2416099462,867879.1065518205
2022-01-21,96710.38082320412,-598465.2106971563,833698.5049593891
2022-01-22,171646.72894092958,-559015.6378790046,860209.08354385
2022-01-23,125745.59805388797,-624501.5640488998,828158.3940335024
2022-01-24,151282.47290640988,-593376.9967391548,904945.4078094899
2022-01-25,194435.87044274184,-487139.59958820255,903659.8839838605
2022-01-26,209562.59387322317,-441301.29839986167,942261.50203401
2022-01-27,212750.6835192429,-532491.799076659,900479.8173675801
2022-01-28,192083.16358324105,-508857.9808074445,958038.730665378
2022-01-29,259228.86799701425,-458007.11105471395,998265.4521846202
2022-01-30,202679.36872330093,-523637.65840053704,896512.4195010876
2022-01-31,215258.0132538721,-491688.3147649931,976925.4232584818
2022-02-01,243731.74976883008,-499420.1385599386,929962.9823396222
2022-02-02,243068.35092254094,-500267.9791826753,965514.8405112609
2022-02-03,229971.18215605916,-532599.4475365774,995427.9733918555
2022-02-04,193125.12519723154,-573449.4821807665,913653.5764385855
2022-02-07,171274.89943960996,-529573.2098773825,896624.4893338432
2022-02-08,188316.13661228394,-530659.2551614828,891637.6216474525
2022-02-09,178594.55661365364,-623872.5916699688,916524.721308814
2022-02-10,159037.48627154552,-577451.5281704752,895015.2428740112
2022-02-11,118461.51696649684,-580511.2820256687,823355.3316777911
2022-02-12,168278.5588387946,-563774.5912417334,903463.5869705922
2022-02-13,98318.20502132225,-631446.8161447513,796985.5602326712
2022-02-14,101727.4875625542,-605007.6267297143,832490.9474190315
2022-02-15,125444.13166299014,-587566.1291922377,887155.1609375386
2022-02-16,124453.34787292781,-617695.4306292849,877548.5315221068
2022-02-17,115326.74744822869,-588244.1723195292,784080.8485991223
2022-02-18,86476.77595519867,-646444.2046452007,816563.9065065564
2022-02-19,148876.5789227019,-589602.4424589381,855816.0471657397
2022-02-21,108221.03826583747,-648212.7868912026,825600.0007620086
2022-02-22,144332.3451559317,-546877.7418874378,867031.9856418441
2022-02-23,154785.82058048173,-540429.205300352,879932.5135041663
2022-02-24,155760.0160800561,-522276.8245863165,898783.7194423501
2022-02-25,135323.43350231595,-570565.4118071246,827937.1844858307
2022-02-26,204164.60384220138,-547638.760867334,978276.5568869227
2022-02-27,151437.27638723634,-548614.5054348111,852372.4166128185
2022-02-28,169681.13294193192,-571109.6609706621,940037.9430006337
2022-03-01,205313.5319420481,-535984.4088473256,904251.1818648456
2022-03-02,212901.80218464546,-476354.2614546919,951717.3571395181
2022-03-03,208714.24762743458,-561326.8340969285,934058.1640776505
2022-03-04,180982.94202781015,-529200.031602201,959720.9456017544
2022-03-05,240628.02635005675,-496259.5429621097,933518.2285928244
2022-03-06,177095.08450586966,-534284.3963855122,887335.3249084291
2022-03-07,183266.27210646775,-513730.1797763776,956809.8523881913
2022-03-08,205941.0130755414,-512360.4054186402,966008.7291670331
2022-03-09,200096.13428756222,-590548.7298900766,911698.8955109766
2022-03-10,182423.97968006704,-549906.9926333308,915554.3194953554
2022-03-11,141581.98056778806,-594071.3987686256,845661.0641933985
2022-03-12,188903.7989611618,-560629.7239013137,869912.3053715645
2022-03-13,114224.01716575322,-653186.1158680683,831576.4218888973
2022-03-14,110777.42808066412,-593402.7659100281,853498.3452668793
2022-03-15,125669.09166067583,-577966.1987017764,833903.6746849051
2022-03-16,114125.33900361988,-632407.1965629271,857002.1792707918
2022-03-17,93024.52855368478,-647690.8596471918,824796.8281682292
2022-03-18,51141.23851643413,-649099.8730135803,786169.8414094931
2022-03-19,99854.15828090336,-610527.2775366345,805529.9487999168
2022-03-20,28969.732917149653,-743259.2494947242,791799.8063429504
2022-03-21,31622.628914608533,-638515.634646894,782968.9778700251
2022-03-22,54749.133483250516,-682784.94794299,830639.7288810139
2022-03-23,53343.551017399695,-679339.7119973908,815935.8059587587
2022-03-24,43996.869026330285,-721091.6971350661,778430.9376179964
2022-03-25,15147.912655886277,-677255.6393487486,706343.6833582186
2022-03-26,77803.43321986607,-692781.2774801027,748569.754468453
2022-03-27,21372.40227218067,-708529.8530891638,702986.7483013481
2022-03-29,75945.63982994945,-631802.5384595947,818027.0083914866
2022-03-30,88066.99455842421,-627808.9263758912,810702.477603115
2022-03-31,91154.49065698765,-695375.1570800352,787616.1035842836
2022-04-01,73303.1593426482,-686036.9854608527,809674.4757799762
2022-04-02,145219.2248394689,-595564.5463861026,901793.0312178939
2022-04-03,96063.63119041845,-624705.0568015456,812301.8697381607
2022-04-04,118371.44336649697,-618901.2702359316,840922.5037041865
2022-04-05,158542.67260603377,-601980.1393154935,839281.2636550074
2022-04-06,171114.07699501963,-538529.9303607445,908681.1757836434
2022-04-09,215953.5004762399,-540303.3005216103,970461.3705163533
2022-04-10,158618.1888085847,-595998.3020918617,904014.6628704155
2022-04-11,171093.5308804987,-534517.7371243902,906486.1601144788
2022-04-12,200082.8181488785,-549802.2327267411,902052.611474971
2022-04-13,200461.6140448809,-559913.7339122416,929168.1778609359
2022-04-14,188818.23531063035,-444274.6172068509,946926.0172292695
2022-04-15,153705.80974458216,-566788.2150373426,849189.398266094
2022-04-16,206355.95267655698,-551883.6477807548,864214.209715694
2022-04-17,136505.96049903444,-589227.0245766235,834012.1757123619
2022-04-18,137300.50256035477,-591893.0459744409,889840.9806389185
2022-04-19,155763.90781954347,-546687.9238916197,886986.2734755401
2022-04-20,147053.16473694108,-603448.0432574821,851205.2855354284
2022-04-21,127990.38377420533,-550665.4006986043,822397.1680254117
2022-04-22,87308.36088318872,-676587.8538377023,749839.6161101153
2022-04-23,136359.46966063214,-589627.7296596301,854558.5502435918
2022-04-24,64939.912555773975,-645668.3748873428,786226.8618595608
2022-04-25,66190.38754512211,-627526.8235252036,792134.7122682711
2022-04-27,82608.47546055852,-595161.9914252948,811825.5615827255
2022-04-28,69450.38223345428,-627148.3019949207,781482.1779076398
2022-04-29,36099.74834555469,-701439.8246420746,784379.2119291009
2022-04-30,93640.1969165134,-620282.1291568776,815704.2932379674
2022-05-01,31567.32481355194,-701980.5634973985,782249.7582452582
2022-05-03,73659.50892462107,-639400.9419578849,833961.1365959232
2022-05-04,79144.77890414374,-751060.2740810979,744305.4917732456
2022-05-06,50837.04327342413,-689096.3590024948,788781.228520734
2022-05-07,116048.559975146,-618565.4693948909,782819.2205013217
2022-05-08,60361.67154938546,-672368.3205405815,808111.9854020544
2022-05-09,76399.63090885441,-609691.4935402984,781186.6331834706
2022-05-10,110642.39686898899,-624331.3720922418,868596.8502680247
2022-05-11,117697.25002638818,-612545.0755151224,797486.1931760472
2022-05-12,113848.85525223704,-636897.5448434345,816596.4508371458
2022-05-13,87321.86173137977,-659185.4356898256,786874.9831316562
2022-05-14,149005.7416841329,-588814.0770957427,877007.4401081873
2022-05-15,88293.40861091486,-649432.5543750782,880054.8851540536
2022-05-16,97994.23377375222,-628815.5856531207,817742.6118311295
2022-05-17,124817.20087482245,-597225.9363875141,803065.9842387963
2022-05-19,111020.34566337377,-599498.6043485581,807137.5949905874
2022-05-20,75509.34147597005,-629122.6028494844,792751.6701938101
2022-05-21,128306.12556873106,-621593.1509206488,873824.6050542728
2022-05-22,59116.41451325777,-686262.7171400739,780226.9566150219
2022-05-23,61049.42576785294,-655760.7755378215,766742.709855953
2022-05-24,81091.38265157168,-656513.8098035672,795767.2960958419
2022-05-28,71608.13291363975,-653084.3136950386,761200.6604665589
2022-05-31,32484.473217393504,-737830.4049569693,723460.7236972582
2022-06-01,31752.07654430365,-760817.3046147735,710419.7301153764
2022-06-02,22444.85527664781,-714530.2076964136,734420.0534937172
2022-06-03,-6957.52611332864,-749259.78157303,690570.1937000887
2022-06-04,54605.237319374646,-649078.5122311566,782026.1904678073
2022-06-06,11843.80201052298,-734318.7527605321,768780.1098810025
2022-06-07,46919.46437170508,-654949.044924211,772191.1444274691
2022-06-08,56508.94145190234,-679777.1363034493,800068.3869975422
2022-06-09,56906.7702266854,-636087.8755296178,802136.7525195362
2022-06-10,36288.41163114944,-707331.8129599364,762285.2747488287
2022-06-11,105436.0198623907,-626430.9223132661,872717.7685473083
2022-06-13,73316.1863272676,-619169.0803168407,850772.7328640533
2022-06-14,111096.34540853262,-652816.9421378385,847967.585215369
2022-06-15,121498.0776119777,-635509.311519642,840465.8536808093
2022-06-16,120775.8223965663,-648372.2882183358,805124.1020009728
2022-06-17,97123.94275879514,-605609.6384992874,821602.0366718284
2022-06-18,161402.27611578384,-615768.2612238168,864727.4174967997
2022-06-20,114627.39636028874,-610798.9700046928,839932.5081183114
2022-06-21,143044.2463935136,-610801.4603164516,869468.5387831775
2022-06-23,131296.08960262063,-565038.819103,901857.2392907124
2022-06-24,96219.9019315148,-513461.20900179533,838610.8493354631
2022-06-25,149056.02599775745,-607466.7014812647,831360.6914092808
2022-06-26,79517.5172604829,-669133.0693244609,795961.0851791584
2022-06-27,80728.87249981095,-663615.7425742097,828313.7709657364
2022-06-28,99699.81233986658,-673845.1164200598,835627.9163887616
2022-06-29,91579.49042897452,-576697.2462569029,784963.1238680157
2022-06-30,73189.82873659018,-614071.3416514227,756148.9652691836
2022-07-01,33271.58010490108,-691317.2471966281,782638.3246561303
2022-07-02,83193.3224511491,-640786.3755968801,845155.6479089796
2022-07-03,12775.406502819678,-677757.0764068546,791530.8208904369
2022-07-04,15189.92003795103,-734778.1056907395,750421.8371576067
2022-07-05,37432.80264365359,-753918.832290724,822897.2538741004
2022-07-06,34578.22217556246,-723601.1803235934,775185.1034743913
2022-07-07,23313.910544772894,-699218.4823013563,792855.0396495624
2022-07-08,-7808.997246679006,-763618.3434315897,717961.9243416035
2022-07-09,52338.47264992609,-637853.7961092367,834740.9477659807
2022-07-10,-6705.97400249372,-712646.2819651024,705281.6294305273
2022-07-11,7912.306985245174,-760153.7055030514,753803.6506462607
2022-07-12,42846.30606655718,-718216.9295123803,753681.6075306742
2022-07-13,52811.80228001409,-675365.387489857,829556.1444010582
2022-07-14,54133.23617149866,-647416.1690456935,800248.7426130077
2022-07-15,35004.24132419616,-704569.232062775,766567.13868581
2022-07-17,56981.21824662638,-693514.9369444541,783554.2490973668
2022-07-18,79885.52313368363,-661811.1514393553,796080.8774105998
2022-07-20,135885.22113617917,-585786.582273605,856091.5372444673
2022-07-21,139707.65460437658,-575261.8218118919,800334.2809526866
2022-07-24,137226.70937453804,-571562.6382794367,884385.2623133007
2022-07-25,154258.42199436284,-569416.0033647696,870046.7086089815
2022-07-26,188033.30664454162,-568772.1779980278,944391.2312791841
2022-07-27,193305.19309231872,-555300.723606396,975640.1726347177
2022-07-28,186537.21829258546,-558566.2460611856,877211.1900250418
2022-07-29,156158.00532951282,-568334.7054709287,919079.3623026873
2022-07-30,213279.4193945416,-528066.9303542217,903294.9915155489
2022-07-31,147527.6659793852,-573726.1110722874,916733.0976232084
2022-08-01,151948.58581619355,-593956.6968008062,890269.1330091174
2022-08-02,173483.1266711912,-534671.9142825744,908683.8524537222
2022-08-03,167223.008394661,-585889.5934494293,881115.3644792822
2022-08-04,149945.24600052775,-561567.793026496,891039.7400051804
2022-08-05,110359.10471405725,-630817.7911993964,865771.337898876
2022-08-06,159815.6723715329,-573136.7751286909,955182.6760414585
2022-08-07,88132.06071940239,-623318.9062034704,794947.3040801905
2022-08-08,88491.29711965923,-553942.0961084679,792994.1100064549
2022-08-09,107914.04803816552,-646571.8996821619,891506.2745381899
2022-08-10,101512.30136812456,-580689.0390013893,861992.3073867548
2022-08-11,86023.72901685734,-579867.7763516114,779896.9753159424
2022-08-12,50060.30461932611,-658310.3239698709,798200.724859869
2022-08-13,104821.30691360452,-663635.1430075627,826076.2157445152
2022-08-14,39922.61137997647,-708496.3026834043,791104.235854867
2022-08-15,48303.171918915235,-696240.3530970814,753856.6626520868
2022-08-16,76704.62829955397,-646069.7611216623,777802.4141320566
2022-08-18,74407.35855337442,-641349.4638336702,775551.580050648
2022-08-19,48409.4079385621,-649291.8036921581,756781.6265740987
2022-08-22,73417.71997667052,-651708.3267673147,829553.0248763589
2022-08-23,108756.44815534477,-632322.8210513412,824554.1377344223
2022-08-24,117546.031908146,-622132.190385104,845124.9213367632
2022-08-25,116038.88435890774,-591654.3623763042,883791.920350498
2022-08-26,92407.94282787343,-626161.9276119705,866140.2131516904
2022-08-27,157473.37979174667,-525737.9293459044,872622.4228742198
2022-08-28,100543.6696561458,-584554.4035952747,840343.3884378299
2022-08-29,114331.54711798366,-595072.1036989024,833592.1359442546
2022-08-30,145440.4980871076,-581082.2950966683,887127.9317809244
2022-08-31,148631.45061849552,-587684.7016295982,856570.0834423669
2022-09-01,140367.98275339516,-596821.684774484,901739.6157348083
2022-09-02,109073.28521988005,-614207.1432362329,864857.1521931689
2022-09-03,165848.75077727495,-520298.16829868226,869302.252022695
2022-09-04,100305.92029082199,-666726.8500168336,821049.078652588
2022-09-05,105472.60652151311,-604351.5849851208,804726.1396747149
2022-09-06,128269.14492324714,-590522.5187129647,884449.6013828936
2022-09-07,123764.76086638434,-552917.3609321017,873188.9179492609
2022-09-08,108712.69584190857,-609716.542672772,826190.8632408361
2022-09-09,71797.64987028859,-660762.1651673905,761828.294964804
2022-09-10,124345.71483886924,-589975.9804911254,874322.6444195638
2022-09-11,56148.805978494755,-685324.95870308,803877.0654929224
2022-09-12,60364.65507110875,-622356.6981666117,839298.4721967618
2022-09-13,83988.51504344417,-647659.5559823238,853731.4676792499
2022-09-14,82106.71707527584,-661238.4362921196,827632.8006645583
2022-09-15,71430.82084343885,-604884.4423495993,842106.1438696649
2022-09-16,40545.95623848593,-719389.1685516872,720342.1197884493
2022-09-17,100623.51380583111,-612622.6536889797,838384.3662206951
2022-09-18,41250.11570857308,-705228.0919860293,786094.5694183093
2022-09-19,55333.79658229137,-643654.378181301,790187.0733244752
2022-09-20,89583.36318017408,-673849.2621365506,807675.669594981
2022-09-21,98770.83786689193,-638153.5096275808,827421.6395837025
2022-09-22,99275.45627624588,-611745.8289014333,833518.7107823977
2022-09-23,79342.51256624504,-658469.7666470674,816634.7429499499
2022-09-24,149806.88213565992,-566485.1101107103,845308.7957146575
2022-09-25,99932.81287512992,-678520.5033251137,797784.8401341019
2022-09-26,122330.5735869041,-586146.6565131142,853381.7407758189
2022-09-27,163445.5898544482,-613963.2350316689,924346.5522518406
2022-09-28,177829.66052966,-548983.4755386143,955952.9779331175
2022-09-29,181692.43579683595,-458533.3122197154,903279.0488078564
2022-09-30,163166.20111115283,-522188.14229914686,876048.3818576342
2022-10-01,233033.5931767117,-488969.00927699363,905886.9002645783
2022-10-02,180569.68796620093,-529301.0259550813,927661.998226043
2022-10-03,198458.95613404177,-540022.6687740582,888341.6258384797
2022-10-04,233282.68409011423,-423945.212279613,966465.6798552488
2022-10-05,239786.4847643227,-515592.677189696,1008546.898684452
2022-10-06,234426.1724751819,-403528.2024556375,946257.2649140144
2022-10-07,205625.20001453994,-542881.3552219247,946198.3241846304
2022-10-08,264493.4942250577,-454712.8078650775,999840.2842195497
2022-10-09,200659.39061251783,-498714.56738932873,947849.9783511008
2022-10-10,207175.46587808907,-518880.85118915746,931624.1446429652
2022-10-11,230994.20431626504,-489218.6332940413,962781.0566013342
2022-10-12,227223.4839638715,-522645.50199296046,918087.9110848831
2022-10-13,212660.53210802778,-517981.1181121131,926462.2059691836
2022-10-14,176037.92546373297,-490780.0475494528,867428.4967388748
2022-10-15,228731.83895192802,-488385.10678424576,949188.4169494917
2022-10-16,160584.5903382959,-544278.50003913,964748.359970818
2022-10-17,164802.59453451593,-561926.6517865935,871469.3289389474
2022-10-18,188425.93655338482,-553027.6616489358,940926.2761356056
2022-10-19,186579.77127901415,-538571.1397477855,934683.135437197
2022-10-20,176006.36368305972,-572789.8624220756,926713.8934058435
2022-10-21,145311.44474619805,-564805.9428823502,867540.98847255
2022-10-22,205675.11892397946,-489547.8583153894,952311.4505255312
2022-10-23,146679.33232098608,-607037.1193427958,906314.7059941492
2022-10-24,161212.90736907645,-547005.4733136239,927844.3704093498
2022-10-25,195950.177301906,-605490.0922370261,867578.4901932761
2022-10-26,205613.1894334052,-544199.9967891745,906097.0788131763
2022-10-27,206515.99448692892,-500800.54958034493,938741.8898510581
2022-10-28,186824.35159684907,-526701.274860554,882954.1375206654
2022-10-29,257280.69951081363,-472026.8170221,1021773.5911942954
2022-10-30,207045.98904386244,-509939.1663730811,924771.6964891121
2022-10-31,228618.95153795325,-534979.4111440369,935469.1004923584
2022-11-01,268328.40119447594,-433399.137768422,994000.9196522228
2022-11-02,280608.1133156246,-470392.3757872466,922286.6437863783
2022-11-03,281552.3899494481,-394164.89472360676,972355.0951605749
2022-11-04,259185.27035981364,-438164.93697528105,957933.4777033067
2022-11-05,324192.9096912395,-406109.77893116925,1043982.2965484587
2022-11-06,265770.44912378176,-541794.8168766247,1005729.4615680119
2022-11-07,276543.7447836131,-430919.8576854865,1037415.1903841964
2022-11-08,303061.41794089985,-476483.2148415044,991041.6956980692
2022-11-09,300066.70512673457,-370143.9728802955,1023125.9671540365
2022-11-10,284047.24728470185,-432585.8665312455,1011600.1591142324
2022-11-11,243495.8679068257,-436875.0097537052,979583.0543803124
2022-11-12,289632.04622875137,-432888.834269992,1038235.0335731913
2022-11-13,212235.66168333238,-515511.00816522463,972046.403580061
2022-11-14,204553.69927423017,-482579.6046808728,950266.6278798362
2022-11-15,213775.76063048007,-517836.80964032863,947572.9279343551
2022-11-16,195288.2968392109,-529097.7862950377,955043.7649197237
2022-11-17,166206.16721398133,-566346.0830131355,870852.1189573721
2022-11-18,115615.0806008825,-575216.9722719224,813558.4231395035
2022-11-19,155275.1330064514,-535951.7160519626,855171.0210520562
2022-11-20,75437.52834960428,-596161.4334821857,782588.6199938937
2022-11-21,69735.66576197193,-694181.140620883,805339.7043634526
2022-11-22,85646.9017762827,-675729.4331245625,807840.0928248132
2022-11-23,78735.3234790221,-660647.8728148392,864000.4550664542
2022-11-24,66174.50080584933,-659990.928391156,734802.0944916691
2022-11-25,36984.07172774081,-637543.5075534125,715450.1001704206
2022-11-26,102730.59519364842,-659994.6601272885,789880.1055840228
2022-11-27,53344.89651710377,-696470.042746089,746289.8634958171
2022-11-28,82017.13839340702,-667280.715094944,904879.7956825928
2022-11-29,135665.88504188042,-599389.7052380886,858969.1231499962
2022-11-30,169191.36406742595,-596565.2966991039,882855.3982922873
2022-12-01,199011.67462646042,-538198.5392455658,945267.1862337318
2022-12-02,213315.49288930255,-467535.7825345045,941541.7233193569
2022-12-03,322781.33107867104,-405831.47408022825,1044860.2503257146
2022-12-04,316415.1298282919,-457248.8997002152,1043058.2702884395
2022-12-05,386466.91713451856,-391149.4920646479,1148590.1018613605
2022-12-06,478922.2595178561,-268578.83840899466,1174575.0451143247
2022-12-07,547778.1403983779,-207457.44049345955,1282333.9258898047
2022-12-08,608601.4321154758,-39600.57132879031,1300487.146266399
2022-12-09,648802.9334371241,-63239.26636685786,1368350.2014758259
2022-12-10,778376.468343754,62674.26262041324,1509066.6799482366
2022-12-11,785754.2991823459,57754.04707064005,1496109.2208312934
2022-12-12,862739.1090916414,101376.42351890533,1533216.1190787905
2022-12-13,955007.8623524597,237682.0420113137,1667771.8801475246
2022-12-14,1016396.8337226729,299081.4873541869,1783803.4127891646
2022-12-15,1062465.7118882271,340962.0899858728,1800232.4815169123
2022-12-16,1080773.5776992685,370275.18414197717,1784208.4338516784
2022-12-17,1181616.1769596357,460617.24413626344,1897174.7069163797
2022-12-18,1153875.7625032389,420013.00530149223,1868838.1680201706
2022-12-19,1189943.8796066686,470425.73036896996,1945780.6971720466
2022-12-20,1236212.61727023,547041.855975627,2003412.274865036
2022-12-21,1247343.9196749006,528374.1948675564,1968395.7214383378
2022-12-22,1239815.2477906796,516204.7797163391,1998119.791635285
2022-12-23,1202174.8482317794,535433.5353424551,1916972.9516828523
2022-12-24,1245756.5651816644,488541.1654557623,1993857.2547563354
2022-12-25,1160506.032221103,397495.14427306206,1895094.0290108526
2022-12-26,1139879.211403302,452141.91867310944,1871468.2983262364
2022-12-27,1131309.4109036124,399570.60775743437,1840053.2126397062
2022-12-28,1090452.9837350664,380194.13954187365,1835747.0703203464
2022-12-29,1036519.1698824314,305492.00754381914,1787367.3573111715
2022-12-30,957084.9933635604,222172.79079695875,1682008.0225665756
2022-12-31,964211.4713231339,217718.65545275735,1641561.3548318162
2023-01-01,848447.6139813385,133806.33465892327,1590852.6532148332
2023-01-02,803716.4663486795,56943.00304062673,1515441.1348136754
2023-01-03,777773.0387342861,79310.98088678255,1498366.482362394
2023-01-04,726444.5352795296,-3162.0694726192937,1459291.4914230846
2023-01-05,667151.8736670023,-83757.14400297585,1405090.0443022745
2023-01-06,589146.3263099546,-118439.91438266901,1317276.5012790607
2023-01-07,604211.6473872856,-109534.06220224197,1260315.1990101212
2023-01-08,502483.7956822729,-181036.2533283393,1223592.280547317
2023-01-09,477349.3317176114,-235832.2136799643,1198127.9379403621
2023-01-10,475918.56752180576,-253300.14525432565,1174847.6480977286
2023-01-11,453283.45661429124,-214131.59091125106,1184905.543368986
2023-01-12,426058.73544391664,-310848.79805051576,1138787.3236766704
2023-01-13,382639.6177195676,-330943.96334932226,1021173.6456227854
2023-01-14,433925.84472819907,-280050.79329321056,1190277.05091908
2023-01-15,369163.6232143365,-387123.12344317755,1111248.4564656878
2023-01-16,380865.94952363305,-378053.0959017673,1133145.1059352919
2023-01-17,415306.8327545855,-310973.74718009523,1140965.0897839123
2023-01-18,426798.86824562063,-325670.4896691063,1136492.2563913646
2023-01-19,431252.1798997273,-305706.6619472077,1211864.6706148572
2023-01-20,416447.5965049502,-349203.0447261175,1137729.0718089694
2023-01-21,492773.49656317505,-212643.9261514209,1193754.5085415218
2023-01-22,449077.56164286664,-302856.2203673422,1208893.288736098
2023-01-23,477593.729523962,-283360.4924895267,1182117.4476531052
2023-01-24,524439.7413228299,-176062.43199252276,1202257.2453778682
2023-01-25,543894.7064797168,-219977.56675322662,1297230.1850102542
2023-01-26,551954.7674949754,-219798.6194843102,1251230.6061839422
2023-01-27,536599.8809820366,-163379.0484330414,1252287.1501923155
2023-01-28,608521.3837674129,-65686.06848108931,1339159.249158579
2023-01-29,556961.8936266926,-146397.91958750362,1332584.0202778163
2023-01-30,574628.2113670149,-144186.20870661686,1308873.2165850415
2023-01-31,608173.0485292578,-72041.4733656159,1364920.5651993055
2023-02-01,612455.4766994861,-119443.91710853788,1351919.4871138672
2023-02-02,604078.6807596784,-66485.88204446278,1355562.4548308894
2023-02-03,571638.5471070892,-137846.78172810993,1360160.7061871428
2023-02-04,626433.269484548,-75933.7071973844,1379824.7131609623
2023-02-05,558286.0209775202,-139133.1896308673,1208627.3636878533
2023-02-06,560441.8290968171,-138165.59374696072,1311858.8941090659
2023-02-07,580034.906809657,-109506.3201186823,1323034.27760607
2023-02-08,572336.710953841,-177384.7149296135,1337679.8390271438
2023-02-09,554283.6227417209,-132219.4805168159,1321056.686463455
2023-02-10,514718.02271983726,-221402.16688513453,1246227.4935176824
2023-02-11,565093.1071816252,-103778.88994879775,1321258.0457853274
2023-02-12,495293.57837100315,-257183.4965159788,1198362.2880555526
2023-02-13,498533.3472657677,-282680.81630782405,1264485.0213190506
2023-02-14,521826.42284333566,-233666.16864525454,1175668.1984478037
2023-02-15,520241.1028044686,-200375.39504611987,1275891.474082247
2023-02-16,510436.13207402854,-242209.60510115008,1220634.7970227487
2023-02-17,480912.30862237007,-293706.5739225368,1203997.5859535816
2023-02-18,542729.5357196804,-226486.55986810807,1249690.4338810893
2023-02-19,485344.6870780506,-200180.21193498338,1231408.6940710295
2023-02-20,501512.86742588365,-191506.4280176128,1189440.014070482
2023-02-21,537784.061607439,-200664.91624256474,1256236.057950115
2023-02-22,548768.5732138555,-188912.84598269162,1223281.1020808017
2023-02-23,550687.6069159715,-198983.7075011875,1278456.8627478413
2023-02-24,531638.423540122,-175774.26928820807,1262735.1085669883
2023-02-25,602323.6746307597,-139639.67778479075,1361642.0420626279
2023-02-26,551896.307168114,-135745.99695406572,1297500.029004765
2023-02-27,572880.4558557959,-166807.0169378929,1327154.2550977387
2023-02-28,611663.8166082124,-103438.62593040317,1261026.2463961944
2023-03-01,622770.9964649687,-109160.20011279912,1345880.486821818
2023-03-02,622415.9644076029,-85947.96048313357,1380721.5538286779
2023-03-03,598766.6336652298,-180287.1964128892,1335630.9421528128
2023-03-04,662671.2305478917,-63651.924710933694,1355140.180079835
2023-03-05,603497.9596420707,-113536.5285420425,1364029.7601975058
2023-03-06,614048.5684735772,-89335.45521703907,1363857.2003893931
2023-03-07,641041.5512754519,-67537.2729664303,1376457.3499902142
2023-03-08,639374.7854550707,-141602.5714821015,1412829.2935737271
2023-03-09,625666.0665533709,-58685.141532862566,1371360.1612658906
2023-03-10,588504.9459498872,-109224.84593634702,1303086.431518747
2023-03-11,639165.9209439585,-161771.35987593405,1299299.0962907881
2023-03-12,567434.8905694704,-172427.04053950205,1187173.6981971683
2023-03-13,566509.8806312054,-161107.59007837452,1261955.9505497892
2023-03-14,583472.1629050772,-171891.7987810721,1349216.5087129967
2023-03-15,573537.9209968575,-160165.70283289408,1262779.1401300356
2023-03-16,553589.250665458,-204118.62560395253,1265844.951329673
2023-03-17,512418.1747327137,-166766.77880582222,1212926.2964299715
2023-03-18,561433.9440967494,-130467.7241242981,1301930.7773517738
2023-03-19,490485.6999824557,-240065.38665114433,1201359.863788828
2023-03-20,492761.598256667,-277526.9037185938,1217459.6717704982
2023-03-21,515260.55132479186,-201072.2866941119,1240762.519704832
2023-03-22,513046.7035533948,-180235.9625023012,1253701.9168686592
2023-03-23,502785.32604172686,-196129.78563397532,1173786.1708259592
2023-03-24,472993.64702075406,-334193.45778936276,1168338.7177385974
2023-03-25,534756.669141721,-238749.55996493294,1278151.5276342481
2023-03-26,477559.7791765019,-224879.4961010568,1263075.4126162285
2023-03-27,494198.9404640347,-265532.3435876964,1213239.434236445
2023-03-28,531264.2819026042,-212118.7297039949,1283405.475294099
2023-03-29,543406.836976687,-155450.09189955145,1293464.1579997833
2023-03-30,546886.7464959605,-184698.5045966102,1285928.6930986731
2023-03-31,529836.0707338816,-154306.20015615268,1273832.7944560123
2023-04-01,602985.9043168613,-89708.52272466161,1391677.179223319
2023-04-02,555509.264795846,-130949.63584880508,1338411.3953261971
2023-04-03,579940.2438675684,-193269.39754074666,1276216.463692039
2023-04-04,622664.9756936451,-112001.20202253346,1371037.633968868
2023-04-05,638193.965965437,-66489.79808825701,1358540.2920912928
2023-04-06,642713.94101989,-39830.536437689014,1414768.574460284
2023-04-07,624352.2680218989,-137117.28004406055,1388025.489892557
2023-04-08,693903.6070150038,-41002.22805487586,1475578.4653791336
2023-04-09,640670.2958865637,-113116.91578564853,1318052.24661375
2023-04-10,657377.0486362948,-56494.19073396773,1344556.6804334114
2023-04-11,690655.6706369612,-50237.152418609585,1426323.123394549
2023-04-12,695309.538776216,-46396.33390778948,1459264.7778729638
2023-04-13,687856.2522704075,-96884.81994677633,1416904.0031049878
2023-04-14,656781.7964809797,-17016.406267425456,1379259.7222855762
2023-04-15,713256.1972884027,31619.835886112003,1423615.3694045746
2023-04-16,646962.5056804477,-79499.1747892245,1339089.7733757016
2023-04-17,651000.0409905738,-61337.82130611167,1362510.0456098493
2023-04-18,672357.9439473093,-40113.65018904054,1446288.6870710782
2023-04-19,666169.1217517835,-35732.22801034631,1403951.411041993
2023-04-20,649243.3083035217,-70654.74555899273,1382834.1072482201
2023-04-21,610312.8624592826,-125794.61354657183,1345020.9930824193
2023-04-22,660741.5276512993,-57003.467856211595,1393273.245261039
2023-04-23,590348.1901331461,-86932.56734843442,1338238.0402294276
2023-04-24,592306.7100813398,-160512.89355136038,1295378.9957405685
2023-04-25,613617.9663169165,-166669.5189375818,1334482.015488556
2023-04-26,609364.2278595265,-100730.56663779466,1362204.430896337
2023-04-27,596244.5472829638,-148587.20800327585,1310701.8561066233
2023-04-28,562824.7126163428,-149766.93324754768,1363903.2695856139
2023-04-29,620251.8399825244,-160588.6572925445,1330084.250800301
2023-04-30,558085.4527113026,-151607.84290486833,1340304.139829192
2023-05-01,569205.8853506346,-165098.35572023643,1305234.3266632517
2023-05-02,600295.8806903344,-120898.92547876839,1366744.6429271693
2023-05-03,606105.1920458702,-139919.32776724972,1378373.3162842975
2023-05-04,602996.5658018609,-73288.2901250125,1275535.4347413178
2023-05-05,579206.3118818844,-181332.94196112407,1309298.3938813717
2023-05-06,645569.2162300589,-56465.14336939852,1366504.2860762612
2023-05-07,591359.3239345467,-124850.16930691068,1309012.992245377
2023-05-08,609207.1349619031,-154545.81789113884,1375208.6328307635
2023-05-09,645588.8137737052,-108805.73157624106,1363659.1186265016
2023-05-10,655096.9958897717,-81975.34209074682,1358405.5291690098
2023-05-11,653991.3817037457,-2965.2344817353824,1410473.699438821
2023-05-12,630462.1905103626,-108554.5262892456,1356784.017453788
2023-05-13,695356.1479952703,-24584.2473594746,1374230.0265381797
2023-05-14,638016.5111493404,-86028.96885241155,1328286.4920554764
2023-05-15,651197.7045898555,-117171.04129830514,1366156.8075584234
2023-05-16,681550.2570784201,-80102.64783989519,1414212.2449224333
2023-05-17,683885.7614210132,-11458.39247454551,1396045.8275465511
2023-05-18,674720.236327839,-30775.16730410762,1400214.7356334345
2023-05-19,642529.1936249052,-40930.91943598316,1346202.1919740897
2023-05-20,698464.3495161559,-50670.89043625209,1366864.1716020857
2023-05-21,632183.7760036916,-120891.01869027114,1292887.5776015325
2023-05-22,636756.3762754055,-66331.6383698194,1347764.9973132666
2023-05-23,659136.6907742035,-41112.83107029047,1370592.012400703
2023-05-24,654420.0733713225,-113598.89533068691,1375948.0959843765
2023-05-25,639376.9210414318,-103664.51942827196,1372385.1796087297
2023-05-26,602699.5445101043,-147484.32159371514,1324618.2323946224
2023-05-27,655711.8731920335,-34408.71245360168,1384281.467546302
2023-05-28,588194.0079393012,-85748.1447258634,1299249.7413326602
2023-05-29,593282.6789802499,-146848.6962569957,1328381.5542084912
2023-05-30,617943.7402304615,-70131.92577579527,1403890.8596891847
2023-05-31,617226.8110072383,-121027.4285618147,1393743.1759415683
2023-06-01,607800.7651615457,-119249.5617911964,1351158.1882058398
2023-06-02,578203.616287221,-156086.65571888603,1312826.1671668184
2023-06-03,639556.8992402649,-95539.59079126299,1330108.545087516
2023-06-04,581396.4173127672,-138984.37184184926,1306196.138139999
2023-06-05,596580.2211761021,-106094.24920683904,1290815.9902384835
2023-06-06,631769.7187799434,-75914.47424576613,1363681.3275741623
2023-06-07,641693.7613777786,-79115.60606636954,1313219.628778106
2023-06-08,642694.1142138157,-70088.55611256901,1345546.6748507393
2023-06-09,622985.5523691861,-119332.63639532226,1365268.7582237858
2023-06-10,693380.3666746969,-63166.446101266665,1463470.124430398
2023-06-11,643128.8359449405,-95675.23947302891,1360785.6787586692
2023-06-12,664836.2308356503,-36512.822508702004,1376157.4175895443
2023-06-13,704951.9687259019,-18622.54143523819,1468686.4149386468
2023-06-14,718040.5148795828,-21920.796677552742,1437707.2264967524
2023-06-15,720332.2259391702,-13880.274199830517,1468971.657530911
2023-06-16,699987.207717404,-32806.97235269382,1463104.8070077335
2023-06-17,767821.852789761,23597.889493916107,1514613.4028116385
2023-06-18,713149.5475310261,-45546.65544065601,1457453.6829434342
2023-06-19,728696.1021517223,-48515.8416024705,1479414.0750747365
2023-06-20,761085.5666412151,54082.962816382176,1458494.3671069162
2023-06-21,765106.1253446063,-9663.244717818088,1514048.5538754642
2023-06-22,757254.4147414203,36135.22851770359,1459465.4776626518
2023-06-23,725991.5314448948,-37722.08176902671,1406887.7802494115
2023-06-24,782460.6316402293,63123.476138514176,1503504.7463901248
2023-06-25,716317.8808217085,54362.61312059843,1422624.99725611
2023-06-26,720637.6019516535,7780.580209463407,1500007.7294396074
2023-06-27,742387.59592919,-4291.898607903902,1416746.5060070422
2023-06-28,736684.6450520775,46643.33479188911,1519064.0467164207
2023-06-29,720328.8593185487,716.6815105511668,1442156.3954724076
2023-06-30,682050.435618918,-14289.590380163036,1411081.2839311366
2023-07-01,733219.012593936,-11956.56317578222,1486717.0737826044
2023-07-02,663667.631565713,-76649.30351791804,1369440.7551950875
2023-07-03,666592.3655225263,-51704.358165449055,1433875.0249891595
2023-07-04,689023.7597077482,-34526.409244197646,1441061.7750946432
2023-07-05,686080.2147878571,-10105.466472645532,1434742.860046632
2023-07-06,674502.0396656694,-39078.7701942156,1339760.4536738019
2023-07-07,642899.7560774228,-87759.20322894093,1394715.033538266
2023-07-08,702466.794281019,38684.47010347221,1413355.5170299779
2023-07-09,642808.492499657,-49806.77737696043,1391318.4332314786
2023-07-10,656848.3130014322,-61398.3474708252,1394656.6733581077
2023-07-11,691307.2223833618,-60832.501696677966,1442656.9122780063
2023-07-12,700966.1300725922,-791.6281755072139,1405393.509469066
2023-07-13,702209.8413088564,-1375.474009080589,1373324.2946802494
2023-07-14,683285.810267741,-24430.26033096896,1400900.712103281
2023-07-15,755027.519454914,67066.94963819563,1417312.3061733157
2023-07-16,706694.0775826237,32932.58004484392,1402618.673904106
2023-07-17,730886.6308059002,65429.869983308,1440900.3955813271
2023-07-18,774037.2289232048,49316.11037753332,1491688.5561481994
2023-07-19,790679.7559019392,13085.729080748295,1526485.5506830548
2023-07-20,797001.1262571355,59510.232874146095,1497333.9679857267
2023-07-21,781105.8158464666,17001.807662525043,1562485.6851018558
2023-07-22,853743.3803160132,129930.71586840377,1573900.233487653
2023-07-23,803578.6776809914,24454.46942635071,1479124.4966087935
2023-07-24,823824.0810994849,62065.34284103407,1581697.9270907585
2023-07-25,861011.785645663,98533.89246923508,1606239.8900309438
2023-07-26,869833.3821555087,110047.66996387774,1601112.3574348541
2023-07-27,866686.2336467745,121783.68747996641,1586835.205747816
2023-07-28,839931.6222078467,121451.56354454014,1587767.4987283791
2023-07-29,900614.5138469695,201142.47647694775,1665861.7912338325
2023-07-30,838296.6456478067,97232.72317517517,1517774.0702033995
2023-07-31,845963.729583937,83035.23056001858,1532578.1690924217
2023-08-01,870502.6953997522,146912.50649570246,1543320.142334524
2023-08-02,866958.9354858599,120137.82264637513,1625934.6153886663
2023-08-03,852072.1689262083,162492.76067533728,1590741.1512081535
2023-08-04,814524.4583481775,98638.85780806678,1587886.228673487
2023-08-05,865650.5332130583,171544.89250246904,1637124.031298096
2023-08-06,795262.4088321856,49915.21164170919,1527832.0060960252
2023-08-07,796549.3505581256,25553.883919658052,1538215.464271532
2023-08-08,816549.3230155589,20281.991111804975,1605081.7746643613
2023-08-09,810402.0605185324,81596.41940876588,1536779.1961594091
2023-08-10,794882.4995316314,93377.00213552713,1507402.0667960946
2023-08-11,758648.1771945744,86205.61892650074,1470800.5780034568
2023-08-12,812950.7644647547,86353.38101777229,1590891.5587040614
2023-08-13,747463.6821775993,30989.69181332141,1514299.727746953
2023-08-14,755186.7537999633,45974.32294681046,1501534.589264479
2023-08-15,782923.8873076213,43009.439841434876,1514186.115144785
2023-08-16,785543.7276309695,84896.56233670264,1496221.4011740598
2023-08-17,779521.7845030366,98080.28585142501,1548106.5813225948
2023-08-18,753197.369588746,30172.131426259475,1523572.4131036196
2023-08-19,817495.2154730333,96123.89664119114,1506366.2378061381
2023-08-20,761763.4120468826,-38946.624555505114,1456227.211670246
2023-08-21,778688.2941192848,39129.945366054446,1427860.4139468113
2023-08-22,814781.9553808558,106920.4164585678,1501798.9066765383
2023-08-23,824652.0252565517,138974.22275193167,1541002.036325393
2023-08-24,824551.9303643281,137230.29565299756,1566245.3531802588
2023-08-25,802644.7218892246,66854.19581942378,1528078.0484090939
2023-08-26,869730.12723336,153440.23491613893,1568514.2443660856
2023-08-27,815086.2922944387,71096.33053003368,1534446.4331844538
2023-08-28,831386.7293236073,138113.43015096514,1570186.5858288794
2023-08-29,865188.080692727,107261.75209831342,1580334.1637181654
2023-08-30,871198.3264870429,118304.32505312601,1596371.2811619653
2023-08-31,865823.7055870024,146317.57063621448,1542030.7824508466
2023-09-01,837427.5347076417,118079.73724593045,1521058.950003089
2023-09-02,897050.7390655386,225354.44758215372,1546684.5535436966
2023-09-03,834245.7638194761,93467.0522223716,1540821.3715150272
2023-09-04,841984.6253654488,93589.53651181514,1548447.616975126
2023-09-05,867136.9908397612,99431.14695762054,1562660.5035241486
2023-09-06,864728.2171573481,191475.05526640758,1610269.9764881353
2023-09-07,851475.9387214886,137589.54915434093,1533007.927227401
2023-09-08,816038.7139546771,117753.17793293978,1550024.9068308624
2023-09-09,869726.866134646,121804.23387771692,1611548.8892213402
2023-09-10,802327.495609447,106950.37626628717,1566315.7066769951
2023-09-11,807004.7069107287,50931.77911732995,1528189.5346384153
2023-09-12,830771.191114476,137881.711178181,1527657.7573444992
2023-09-13,827471.4329105059,97994.15321259435,1540544.7584706026
2023-09-14,815124.6631718342,21302.43817609099,1554286.8459489834
2023-09-15,782362.4445103167,25930.372411045806,1506969.2092928826
2023-09-16,840409.8153924763,37317.78721858063,1558607.560615389
2023-09-17,778912.5998611471,44686.489512151515,1512861.6335944503
2023-09-18,790841.738477064,73150.04687816795,1514496.5507413305
2023-09-19,822970.6624471026,57249.41753758943,1590626.0363514165
2023-09-20,830135.681751004,77840.595325021,1509105.577034332
2023-09-21,828777.919997168,140221.26418396336,1566045.0375287856
2023-09-22,807200.1550309691,51600.65585162375,1581931.16564051
2023-09-23,876288.4590714037,215808.59656279464,1605557.4186208476
2023-09-24,825350.2900994424,146741.63488818487,1568875.8583318826
2023-09-25,847029.6786079684,131259.4812647435,1595302.3603864221
2023-09-26,887795.1885336775,213811.02426109344,1591920.3165935196
2023-09-27,902210.2855743554,154076.2806773159,1587175.5988862407
2023-09-28,906484.3240606834,188676.03153447536,1614573.5963843348
2023-09-29,888737.2160384603,209529.3990386492,1619445.5066179177
2023-09-30,959727.4165307172,241103.84849627846,1706805.1731387859
2023-10-01,908694.6608639346,180387.13303571136,1628187.3358108804
2023-10-02,928277.9333856526,218678.8591327123,1622595.9036099478
2023-10-03,965004.2382698675,249882.88083207502,1681958.3015973794
2023-10-04,973557.758058869,233944.25358928367,1688863.3777883425
2023-10-05,970327.626203752,209640.2640993742,1663101.8962322373
2023-10-06,943667.4552019481,261719.95839759425,1721816.2830193155
2023-10-07,1004616.39333427,273978.00311721314,1811640.9519986522
2023-10-08,942733.342406421,231342.007798848,1623746.4635857025
2023-10-09,951005.0643920507,203344.8876647882,1605118.6535447913
2023-10-10,976324.0412405181,261692.07942446874,1656295.5423057356
2023-10-11,973746.0035302854,237924.70814553736,1705699.6092115133
2023-10-12,960025.711037716,223699.614673427,1652902.5313709858
2023-10-13,923864.4997159626,199900.79750067522,1695487.5370097097
2023-10-14,976619.745876604,277689.6465960372,1700851.0128623184
2023-10-15,908128.2510887596,187608.11867267804,1659584.2018238492
2023-10-16,911604.6286991801,233568.3348787114,1654215.499024561
2023-10-17,934110.8800764474,215909.28878512833,1722319.4973135365
2023-10-18,930807.3606644814,245114.2087834274,1646115.696558476
2023-10-19,918483.9546389666,185699.1356516625,1672113.714386819
2023-10-20,885805.1518680404,166724.0228237234,1625936.5631330726
2023-10-21,944019.2943811408,222699.91227361956,1702971.9808943495
2023-10-22,882784.0450417458,161937.10795434046,1624168.9963227534
2023-10-23,895069.1388064382,162247.72377874362,1628533.7271640215
2023-10-24,927632.5140222339,210119.70908443903,1697133.736453832
2023-10-25,935279.8647454999,196572.6513232778,1686418.054299885
2023-10-26,934406.2090843272,194639.89605792487,1667398.0222431333
2023-10-27,913252.8845039699,149067.10709737721,1642770.1485343594
2023-10-28,982629.9031312054,278007.16741579067,1682178.6099869686
2023-10-29,931755.3433963042,281458.96734103083,1679568.6314822864
2023-10-30,953172.4303945933,243284.2894179781,1696330.7957890534
2023-10-31,993239.9744575099,284282.28758865356,1761668.1203762933
2023-11-01,1006405.773390602,269516.8922355513,1809623.471690007
2023-11-02,1008761.1430848041,287092.00681281014,1700915.3713620133
2023-11-03,988304.5375718242,274168.2158026635,1718781.1312044542
2023-11-04,1055688.9980361776,296089.5765315313,1831945.1430582383
2023-11-05,1000054.3913164749,260999.31677715408,1799845.610512491
2023-11-06,1013955.1801430581,309696.2149047231,1722791.0112433056
2023-11-07,1043853.9821254063,319030.31117506436,1767923.1227380198
2023-11-08,1044395.4060680373,313323.2814163631,1766519.565925698
2023-11-09,1031958.2512554463,297689.78484073555,1725255.5481636145
2023-11-10,994919.0683234254,234674.60145297207,1784223.5185055921
2023-11-11,1044376.713244191,339577.4081596446,1754702.7958066151
2023-11-12,969989.3907948798,251924.73609440922,1739883.017326554
2023-11-13,964884.7888525539,204776.71701540725,1677277.6764889897
2023-11-14,976139.0546068981,288537.89701309835,1684468.401651753
2023-11-15,959034.4323485739,271199.1124864641,1745236.8832318448
2023-11-16,930594.0704719087,185172.10325076495,1656743.0161754666
2023-11-17,879827.4604043138,157282.02073572666,1615963.0307392143
2023-11-18,918436.6326662044,181722.23745102223,1714994.207029437
2023-11-19,836635.1161559529,106042.05871977261,1547793.6766553884
2023-11-20,828040.7736130806,120170.6826228669,1533824.6199843348
2023-11-21,840138.7634749315,138492.6234274522,1573809.2547419285
2023-11-22,828524.9202008045,55797.57217146816,1569116.7589500218
2023-11-23,810428.4927860519,96279.32561959284,1561164.8849902998
2023-11-24,774948.0832760555,9311.236845940482,1485624.6142055062
2023-11-25,833751.2252809986,97008.74881049206,1581268.133559904
2023-11-26,776889.8494391455,103959.04881143369,1500488.3426528517
2023-11-27,797692.9080150782,80989.91238829095,1483234.0971572313
2023-11-28,843232.4809736268,133280.2669445397,1535770.404544243
2023-11-29,868573.6375069518,181954.93839922207,1604796.7071194714
2023-11-30,890306.8837813814,188930.9940512956,1589263.178009351
2023-12-01,896796.8407733627,153751.26469542907,1653402.5327093827
2023-12-02,998897.3096347613,266048.51235217584,1762589.6141136314
2023-12-03,985784.6111005263,263284.53612887155,1691317.040938643
2023-12-04,1049870.0417703183,310392.4487149575,1783473.4516602107
2023-12-05,1137287.2822725435,339223.3897307199,1791135.0581206325
2023-12-06,1202164.498609483,512737.1899606413,1998190.421511881
2023-12-07,1260179.4033968595,511023.38193013845,1987443.9386936456
2023-12-08,1298830.340396689,577508.3904059911,1980522.8655984635
2023-12-09,1428172.9684231174,670089.3400395834,2164663.1419103984
2023-12-10,1436673.8645181656,775222.2900053721,2170415.58780647
2023-12-11,1516141.352737134,813785.1803639042,2252808.925318976
2023-12-12,1612228.9018154535,854598.3079669342,2344220.0260233893
2023-12-13,1678720.3995540664,997449.7450449987,2401610.9659964917
2023-12-14,1731095.207442663,1047969.3598760654,2464184.0107837073
2023-12-15,1756805.7761824336,999636.5344491432,2477313.050139085
2023-12-16,1866017.2039002453,1211121.865999789,2568337.460108319
2023-12-17,1847459.9568147003,1113386.092180522,2590951.8500033235
2023-12-18,1893356.0558244928,1114353.8651597877,2621226.9186007124
2023-12-19,1949914.1672267346,1259258.033879761,2661913.5310454625
2023-12-20,1971603.0959901027,1227875.6653134678,2639756.2235139124
2023-12-21,1974701.8666583593,1252080.0778803155,2655216.8098214692
2023-12-22,1947559.5378370057,1190706.2886658208,2711808.1898773373
2023-12-23,2001314.5716379862,1308750.3569198942,2780544.489905941
2023-12-24,1925725.480209718,1219316.6321734379,2579516.7088918122
2023-12-25,1914073.605160459,1161341.5082781883,2652963.293274818
2023-12-26,1913634.0530072497,1227976.554278968,2604795.2673180723
2023-12-27,1879924.8955357452,1194058.5367630199,2579534.123864521
2023-12-28,1830233.4259598956,1115822.5697323782,2566649.7097663963
2023-12-29,1753853.215978304,1043478.67697755,2514330.3696305165
2023-12-30,1762782.3632978664,1070843.6762142745,2522527.718422344
2023-12-31,1647535.1767923282,851181.7439076643,2351872.6675682566
2024-01-01,1602028.6223710955,873786.263968722,2375217.957126013
2024-01-02,1574039.9527109829,847992.8855312342,2302822.1677028174
2024-01-03,1519445.9437078168,817645.5003672973,2191186.1312473896
2024-01-04,1455742.7623671407,719664.051077186,2181738.761828094
2024-01-05,1372280.3450431395,645679.2411672011,2074868.6627443684
2024-01-06,1380961.7146170866,646793.8060292021,2045084.2419737137
2024-01-07,1272059.424619849,584866.4384987379,2008512.8184842998
2024-01-08,1239110.298470283,530409.2155033218,1973994.2264922152
2024-01-09,1229384.640992645,442812.3695048344,1895066.0692931025
2024-01-10,1198140.015069786,457150.86843587476,1912774.310843727
2024-01-11,1162158.203481608,439240.92451319844,1841851.5012704788
2024-01-12,1109998.7667873786,492405.9217480442,1864027.3285979999
2024-01-13,1152719.107405777,416478.2334534757,1838001.6663185402
2024-01-14,1079712.673306224,372223.0485556652,1800775.6307258108
2024-01-15,1083625.8939180847,354243.89339028444,1791795.4762402286
2024-01-16,1110849.444506023,397556.90888045426,1807693.1215611552
2024-01-17,1115793.361287519,370877.22400581965,1843220.2175723505
2024-01-18,1114444.0823684384,348217.90916543745,1827586.313414776
2024-01-19,1094636.3204792677,373184.504028873,1797192.8227493498
2024-01-20,1166789.2261424607,417057.3822606412,1910528.3082126318
2024-01-21,1119758.0882268446,383238.01107832365,1812499.7819797585
2024-01-22,1145761.8529209637,451273.2089015723,1867009.5425630312
2024-01-23,1190881.8283734983,489771.54241821205,1936003.1932803066
2024-01-24,1209340.9561866834,528222.9435370646,1951619.5850232448
2024-01-25,1217061.6745466483,446709.4300667091,1982153.2173638546
2024-01-26,1201935.319819054,452339.0613839896,1939089.2112885357
2024-01-27,1274552.655031269,538661.6676037961,2010429.8259113284
2024-01-28,1224046.9863387218,490383.539553162,1955836.001063169
2024-01-29,1243010.440049465,543886.0401065792,2004272.9704265692
2024-01-30,1277979.1274202971,535235.0002280219,2062411.920225778
2024-01-31,1283696.995972717,549682.1168819042,1989170.0005249777
2024-02-01,1276656.8549598723,569925.5070363706,2004538.7835343084
2024-02-02,1245352.0164952145,517315.3239461003,1943119.553437182
2024-02-03,1300988.6530922554,602679.2337921767,2004363.2971727957
2024-02-04,1233310.848113121,517802.7654696,1972734.2385400438
2024-02-05,1235499.415739206,508236.8639225464,1952307.9021119429
2024-02-06,1254640.6963178366,479561.1569640745,2010195.0676504893
2024-02-07,1245975.5659686641,606263.6574845633,2001666.2899001443
2024-02-08,1226427.5378074716,505870.571230205,1947613.4523591767
2024-02-09,1184843.7252746862,387547.12587454956,1870385.5433194481
2024-02-10,1232699.0280459991,453305.97038515186,1910390.6776738644
2024-02-11,1159915.701061703,424498.40974715655,1846085.607655761
2024-02-12,1159759.4874224146,467405.0484350844,1914034.1824574773
2024-02-13,1179308.543349126,483354.4460692795,1904975.5999252906
2024-02-14,1183216.2694459255,490210.01304181037,1878432.8231095027
2024-02-15,1178712.1164181067,443309.2593093472,1921647.8789252643
2024-02-16,1154383.2680694305,480502.72491995496,1897606.4708841918
2024-02-17,1221377.9411596744,488598.88327657175,1920149.2096028018
2024-02-18,1169236.799265591,437112.59976434323,1880867.4558355098
2024-02-19,1190802.3448397098,470499.61359015043,1857761.2756194018
2024-02-20,1232702.1000200035,535081.4727697496,1947655.099991984
2024-02-21,1249615.315594035,497258.74128394725,2009343.7105623828
2024-02-22,1257821.4977162231,534240.0935959906,1978611.6186912863
2024-02-23,1245463.865076558,494011.16104580916,1991695.456437633
2024-02-24,1323277.3892176426,621626.7201233868,1980010.3201146973
2024-02-25,1280432.8420570923,558429.7777962112,1983637.3822984637
2024-02-26,1309457.2879919831,546784.6483387954,2025219.1914701343
2024-02-27,1356726.5203411956,661052.2876532433,2086154.762042284
2024-02-28,1376738.9295936292,626327.3034516786,2122803.8663275726
2024-02-29,1385668.9067037262,655166.0855392552,2074418.7770554272
2024-03-01,1371632.778060436,690843.9848339076,2132146.1906005875
2024-03-02,1445416.8816512355,724066.0827525147,2135695.6487458
2024-03-03,1396319.2386349794,689574.4666132891,2126559.1699439953
2024-03-04,1417065.3594688594,648614.9123200119,2123130.1305879247
2024-03-05,1454293.8539215666,718808.3162026525,2176027.020562412
2024-03-06,1462821.564048382,722881.9314733576,2167724.623349264
2024-03-07,1459186.6094792744,765050.1037116582,2154553.6556792306
2024-03-08,1431902.6731706315,675554.2714890089,2157848.8712463686
2024-03-09,1492174.5037831226,748868.1504494981,2236210.647459601
2024-03-10,1429726.479346952,689100.6669845724,2115935.79108692
2024-03-11,1437705.1738029637,736264.2860128225,2152607.3154768194
2024-03-12,1463151.9980380922,787739.2668933959,2253275.206666568
2024-03-13,1461256.0246654134,786703.1349933395,2182419.189505445
2024-03-14,1448885.7524131804,722923.7640565701,2115189.569963672
2024-03-15,1414833.470439382,665832.7870055787,2144403.0497283423
2024-03-16,1470522.4869214687,720103.4686306312,2201136.67869673
2024-03-17,1405829.3026226903,651441.8681092275,2157166.3901378694
2024-03-18,1413981.8482925002,663882.2083512933,2116368.374647693
2024-03-19,1442029.9712764372,669448.586676826,2179593.437674375
2024-03-20,1445098.3279527244,705022.3005505521,2131885.003905385
2024-03-21,1439920.4180237567,677182.6695680958,2224625.090971617
2024-03-22,1415087.3350792096,731322.0540330708,2167941.977067678
2024-03-23,1481761.3489682581,751064.5463591454,2202517.8291710354
2024-03-24,1429506.1939291027,663804.1706725133,2141034.6630565803
2024-03-25,1451194.9233136936,734272.6950128892,2137875.76968613
2024-03-26,1493491.2151479241,817016.234359793,2228786.0237160544
2024-03-27,1511113.9502799176,822730.420503648,2181250.409906354
2024-03-28,1520383.440849969,801244.1289291411,2253833.254977106
2024-03-29,1509482.5127252564,742424.5275927633,2226996.4812431056
2024-03-30,1589182.1854074365,807927.2984132519,2341733.4163647597
2024-03-31,1548683.4612489233,831984.8900135366,2251989.463304983
2024-04-01,1580535.7434443352,877092.4393393509,2325873.405041968
2024-04-02,1631127.4564830095,869976.78966189,2355764.303446689
2024-04-03,1654958.4202075968,897304.4270300064,2344194.973090354
2024-04-04,1668192.1323677294,909589.3076527363,2345800.8941607676
2024-04-05,1658920.9946133576,944793.5230829086,2339146.5620062733
2024-04-06,1737894.1155277079,1088166.16819667,2459005.8765569353
2024-04-07,1694359.1543435503,953636.6458769242,2388120.1971863527
2024-04-08,1720978.7393035253,1014182.2286741362,2476617.6594877522
2024-04-09,1764317.1106760923,1021700.2222683033,2450191.115892911
2024-04-10,1779106.6749757587,1047622.2341092272,2495520.289670047
2024-04-11,1781792.815279715,1073504.6524304834,2504846.756549597
2024-04-12,1760790.231048257,1062782.7184689299,2478698.462683709
2024-04-13,1827200.7204818078,1052152.2280320239,2485859.0058737965
2024-04-14,1770644.1807053306,1014280.6032188807,2490507.9380524517
2024-04-15,1784163.6939972946,1063756.817936667,2584422.6461266647
2024-04-16,1814700.6966761313,1072644.1689768932,2592350.0901704454
2024-04-17,1817350.2655785114,1025638.344402955,2562139.036373972
2024-04-18,1808895.2066428936,1067078.6609842365,2500933.5401114784
2024-04-19,1778052.5396416285,961974.8152354338,2497008.3093189173
2024-04-20,1836182.5841539865,1151259.3100596454,2513291.367473497
2024-04-21,1773112.6768943483,1087053.2587728282,2498240.8948860206
2024-04-22,1782036.5987077693,1033828.02112154,2494324.3637570753
2024-04-23,1809985.867120685,1102277.0537256831,2522726.8408298953
2024-04-24,1812083.0333181669,1072382.2431589009,2487774.866008407
2024-04-25,1805075.7138397405,1068734.8319817325,2524284.4083204954
2024-04-26,1777584.9376254247,1083312.0618423866,2529299.3662644587
2024-04-27,1840817.9416521613,1080995.8752516096,2554039.8135449328
2024-04-28,1784397.3175193653,1081148.116112102,2539920.484433002
2024-04-29,1801267.407845348,1076194.6456329008,2483964.3485945007
2024-04-30,1838173.8829757213,1096118.0986746454,2576746.0492234766
2024-05-01,1849926.3726792173,1114950.162875592,2578170.5930620427
2024-05-02,1852942.5883856884,1104794.6422974397,2588475.1106956056
2024-05-03,1835507.2004732674,1109024.6288796945,2521578.016106263
2024-05-04,1908495.2761002628,1250303.3322844685,2637875.9178399923
2024-05-05,1861211.8506402732,1118397.4991563205,2544977.1091594244
2024-05-06,1886308.2108074883,1239853.2068815888,2642703.5044094604
2024-05-07,1930270.5174773198,1229142.7535115348,2649560.7322823177
2024-05-08,1947690.367844472,1231791.782137126,2706079.815682084
2024-05-09,1954815.4931725727,1254032.8194658596,2690548.56490323
2024-05-10,1939813.6602693836,1176275.1907312195,2656650.356431875
2024-05-11,2013499.4345365665,1241291.4880874923,2739260.5151075567
2024-05-12,1965175.283081536,1198923.621992607,2751995.6487294286
2024-05-13,1987547.5571423252,1264354.249957566,2718092.450897807
2024-05-14,2027212.999724605,1329042.6082846972,2795124.131699636
2024-05-15,2038925.4519321467,1323487.8765928948,2731303.1229260433
2024-05-16,2039141.0815905244,1361933.3456027673,2732408.218839039
2024-05-17,2016275.3790118727,1304857.604471364,2801075.5004765443
2024-05-18,2081421.798297956,1364122.6260145425,2812577.8073290777
2024-05-19,2024183.7800790642,1328325.3595218332,2766187.425390619
2024-05-20,2037580.981246345,1294587.5746587832,2697344.8679752937
2024-05-21,2068525.663857887,1370787.3785648872,2771837.0860368446
2024-05-22,2072079.2335211672,1393190.5897632728,2798997.6016902532
2024-05-23,2064987.5684194292,1305743.1721694444,2745214.153224106
2024-05-24,2035928.6924129885,1365043.4743477304,2795925.5032135234
2024-05-25,2096222.9607076587,1380777.8488446148,2826251.349733551
2024-05-26,2035657.7567531823,1265284.5746141057,2701031.408268769
2024-05-27,2047387.7533031248,1329472.7264798067,2742509.413339722
2024-05-28,2078406.8749056545,1341611.3488404297,2840448.182288827
2024-05-29,2083802.089275328,1366832.975290725,2850344.421273851
2024-05-30,2080287.7538095198,1368918.5340771712,2792432.386945602
2024-05-31,2056454.1011516452,1331280.972308576,2779710.533337782
2024-06-01,2123480.007274048,1398640.1340425517,2835286.0655289916
2024-06-02,2070961.9610705085,1384419.5237770746,2783904.453511195
2024-06-03,2091820.1565400606,1361189.7167633257,2794782.3001283645
2024-06-04,2132777.6649072003,1416842.0645429764,2812800.5735607836
2024-06-05,2148622.591675846,1431496.2136398703,2874693.9548203372
2024-06-06,2155751.6867494574,1401175.7675989966,2817575.5718915337
2024-06-07,2142428.705632132,1396472.8501134266,2843829.7083601975
2024-06-08,2219507.360339974,1490634.9279996078,2956957.0090172403
2024-06-09,2176270.4645196735,1461979.495259441,2953525.359367976
2024-06-10,2205345.879391959,1491597.7845304238,2960933.117052779
2024-06-11,2253194.9130261373,1531001.6965717035,2901849.5582353594
2024-06-12,2274382.7920900397,1548535.1050311478,2973560.7829686296
2024-06-13,2285129.416071849,1562638.1601161612,2997229.8639455875
2024-06-14,2273573.4694862366,1549785.7355219738,3015024.514110108
2024-06-15,2350499.5506347227,1631426.7592306829,3082633.8371537975
2024-06-16,2305179.7893256363,1613454.0205184442,3013647.9889814453
2024-06-17,2330290.4801025637,1619956.3914683275,3065689.9005969656
2024-06-18,2372399.3579250746,1602429.425948955,3099206.0869209855
2024-06-19,2386233.165191132,1677119.9033883342,3133702.0961786252
2024-06-20,2388223.804291333,1653450.378358543,3108803.5376846516
2024-06-21,2366766.2873239615,1642629.5953835673,3081760.8679364636
2024-06-22,2432938.325458102,1696621.4833450036,3098609.287997683
2024-06-23,2376333.2565281936,1659511.2461584562,3091003.6565565444
2024-06-24,2389967.098975446,1650013.7698835768,3129888.4326164713
2024-06-25,2420755.6481244615,1669828.6832851092,3154294.41040717
2024-06-26,2423771.5714301053,1726434.242250227,3193637.879005796
2024-06-27,2415780.113998439,1667823.1074974278,3136408.670873158
2024-06-28,2385486.9428689135,1667131.1579356724,3092471.7948275437
2024-06-29,2444248.279513277,1738073.9836660593,3248210.5795272556
2024-06-30,2381895.306900805,1681056.2683030753,3123044.2955805417
2024-07-01,2391633.899047783,1620544.3816995411,3068635.2782086884
2024-07-02,2420515.812979279,1700471.0772538716,3156697.4565708316
2024-07-03,2423691.4809936266,1725871.3609915902,3094258.1759595023
2024-07-04,2417943.1475681486,1716341.5242333296,3210787.138669003
2024-07-05,2391931.9601455866,1686099.4522271033,3092563.922953142
2024-07-06,2456909.189228816,1747814.0388297343,3190914.2162691643
2024-07-07,2402543.5344999535,1639667.8929978434,3111067.904328064
2024-07-08,2421825.4804996583,1739670.8204877852,3137032.045442545
2024-07-09,2461544.70516973,1746292.923076484,3181794.805324911
2024-07-10,2476550.494390246,1741169.460528982,3156268.8229584303
2024-07-11,2483293.679509575,1723565.2027865828,3188369.891826083
2024-07-12,2470083.4440265005,1713863.6724552047,3156424.0695950994
2024-07-13,2547808.883992637,1792096.0059607697,3309840.8800981375
2024-07-14,2505776.9689640636,1809284.7965869806,3201861.313807219
2024-07-15,2536627.5475065615,1815045.8116001424,3241477.545242869
2024-07-16,2586821.081029605,1817293.6126483192,3289261.128632184
2024-07-17,2610908.7492226837,1886271.009727462,3327420.660754893
2024-07-18,2625083.153271639,1896603.9007535016,3338987.2823590646
2024-07-19,2617442.700040347,1816378.6192631198,3320079.8190461295
2024-07-20,2698719.3246100424,1982469.5062938898,3409744.6716206055
2024-07-21,2658121.0135195116,1898257.70988378,3375176.73836865
2024-07-22,2688249.6364891483,1987516.3551019304,3345300.2096054326
2024-07-23,2735589.686591874,2024401.3668604759,3466778.784724323
2024-07-24,2754777.5432734205,2081932.4223063474,3450406.858672902
2024-07-25,2762149.51135457,2024632.8293595891,3481161.989210101
2024-07-26,2746001.8011687435,1977379.4173864385,3487830.428219805
2024-07-27,2817312.241723124,2126440.7742343033,3463903.645509729
2024-07-28,2765575.3721817723,2090627.3092980452,3463751.51686568
2024-07-29,2783711.6453198963,2009759.6005321473,3494357.1229517316
2024-07-30,2818546.6048365906,2127361.6876884685,3609618.121942192
2024-07-31,2825069.940972743,2080242.141224041,3566515.051497602
2024-08-01,2819972.9869161802,2078808.6645062347,3571874.2275373028
2024-08-02,2791898.1404208886,1987729.9449276521,3524443.6270748787
2024-08-03,2852150.3220201377,2132553.416861012,3559069.8286863295
2024-08-04,2790522.4251323724,2059162.1134613801,3511258.473803797
2024-08-05,2800195.7828017995,2054589.3481551583,3488074.2841333346
2024-08-06,2828211.776277704,2106963.5982288267,3528256.294482006
2024-08-07,2829724.7174220737,2137987.1954782847,3608935.859112495
2024-08-08,2821534.7522504088,2099007.3269101013,3524606.2889912687
2024-08-09,2792334.4065179355,2082646.6307813872,3505095.0046756016
2024-08-10,2853418.968704013,2088749.510846459,3587590.171103308
2024-08-11,2794512.694594799,2084675.9555353196,3520628.7300056405
2024-08-12,2808671.8311385573,2136443.0456685107,3559090.0231259647
2024-08-13,2842760.5025753407,2134603.764867105,3582141.9848543275
2024-08-14,2851709.4559628726,2101620.0648603938,3557247.331208122
2024-08-15,2852056.2300336035,2128343.1799408062,3630954.9763240125
2024-08-16,2832200.1419518455,2091790.6762201278,3525829.5432455535
2024-08-17,2903122.0249875523,2225468.0257274657,3651276.118081518
2024-08-18,2854220.410960554,2138850.785685622,3527155.574407554
2024-08-19,2878224.8456833297,2180166.6441688174,3606804.6987921894
2024-08-20,2921682.061334638,2232637.428249997,3706728.236854665
2024-08-21,2939224.6839996413,2257250.0419066567,3680064.3604506524
2024-08-22,2947120.7314004316,2242176.1109389425,3724378.232530277
2024-08-23,2933537.005977594,2231193.7408112986,3706027.988735787
2024-08-24,3009266.0553549808,2313087.6163281174,3725944.5046451455
2024-08-25,2963568.1695629247,2228319.4444516483,3681631.1958137387
2024-08-26,2989088.922252462,2272144.7977046524,3714668.9549467014
2024-08-27,3032347.8479621606,2321845.245975138,3823251.973684477
2024-08-28,3048007.855096927,2317700.2958141137,3757572.1559621077
2024-08-29,3052423.6068658284,2306393.878742351,3795673.6797910193
2024-08-30,3033902.009215598,2335372.8478414314,3784161.2617360447
2024-08-31,3103424.5673574554,2386731.478608476,3893924.5489681717
2024-09-01,3050483.2229184504,2342984.4276163657,3777939.7048096964
2024-09-02,3067990.3703913544,2375929.619287024,3800383.910064719
2024-09-03,3102758.8793901405,2359675.1007926334,3810478.595269861
2024-09-04,3109761.992683707,2388632.819583294,3847688.9620385463
2024-09-05,3105671.6301643956,2382289.5091682733,3802303.214980617
2024-09-06,3079108.554149139,2398024.1752584702,3782490.585829943
2024-09-07,3141354.482691098,2433552.1815611194,3878072.938160827
2024-09-08,3082178.0866501806,2354385.7035778137,3872937.4885740057
2024-09-09,3094735.8815227,2370395.188913029,3801948.258646547
2024-09-10,3126044.1317193187,2441268.4463280197,3838989.993817361
2024-09-11,3131231.8981549963,2402256.3841139097,3799886.1162115117
2024-09-12,3127073.981686245,2433258.9159530005,3854066.132734496
2024-09-13,3102237.3945439626,2409388.8609728245,3828782.3415563926
2024-09-14,3167991.5718505615,2472492.6312116683,3874121.5801551025
2024-09-15,3114034.3288696604,2395893.401856895,3849391.8440423375
2024-09-16,3133394.586897454,2411688.4370354805,3826700.7509554583
2024-09-17,3172907.9387045717,2398687.213567081,3896994.962803105
2024-09-18,3187475.080015873,2531640.512835054,3905962.236520303
2024-09-19,3193601.700492312,2464007.58122712,3899889.2659434304
2024-09-20,3179653.2571807825,2407858.8965743645,3882442.517627771
2024-09-21,3256574.5893879123,2476627.1829090905,3962299.964174576
2024-09-22,3213726.0911256783,2440958.930093103,3897983.0352001237
2024-09-23,3243797.146883989,2551641.4662513756,3976744.7919968986
2024-09-24,3293292.5664963955,2515177.5748662204,4057013.24919395
2024-09-25,3316801.702724177,2601013.789873602,4070158.994819621
2024-09-26,3330548.505032174,2629980.1613021367,4004629.7420383724
2024-09-27,3322655.6059791557,2616698.684552806,4087283.6937357
2024-09-28,3403872.096350168,2660041.4084663177,4100953.5259758015
2024-09-29,3363416.4356477354,2657155.4256964517,4095652.0127238818
2024-09-30,3393894.976151259,2677148.287776267,4126964.7914119256
2024-10-01,3441791.6581714284,2734663.5170111833,4197256.972607636
2024-10-02,3461738.437408131,2722746.78679025,4205393.773173783
2024-10-03,3470064.6349108834,2758890.878394015,4132603.884967214
2024-10-04,3455058.305411284,2724617.7010294595,4129492.931874312
2024-10-05,3527689.342467605,2860855.2585428813,4270103.985469587
2024-10-06,3477445.891068814,2745368.7934793066,4209532.462091586
2024-10-07,3497244.728495604,2766453.1450461242,4172505.093570777
2024-10-08,3533911.4072234454,2860758.4365871674,4310455.072318283
2024-10-09,3542440.003837429,2862599.4335710728,4297681.860647395
2024-10-10,3539530.9862503177,2847755.76657617,4300076.542607892
2024-10-11,3513840.646061767,2761096.7358765933,4266933.543034336
2024-10-12,3576692.18441908,2855584.3533445396,4339265.187192372
2024-10-13,3517900.3996656802,2839649.6083781593,4208983.262796844
2024-10-14,3530671.0114361434,2752304.004955307,4236495.589625568
2024-10-15,3562070.7735739644,2812316.077370511,4324750.491152384
2024-10-16,3567278.551974512,2840914.5443410645,4242261.6274075145
2024-10-17,3563116.1748134107,2871516.345401497,4356687.134649396
2024-10-18,3538292.750695074,2806483.383380323,4313713.4176058
2024-10-19,3604112.7370640524,2885872.2609010134,4386447.557321876
2024-10-20,3550299.839769027,2841704.392719208,4297483.061666375
2024-10-21,3569897.844737663,2850484.8888356043,4257810.5274575455
2024-10-22,3609744.5311656976,2865714.7829460967,4343296.021344065
2024-10-23,3624728.769122195,2891317.352025184,4332245.641552289
2024-10-24,3631329.466778147,2874115.219116882,4300184.038758696
2024-10-25,3617869.8547076616,2883084.673555942,4319876.118203456
2024-10-26,3695237.1209430215,3017463.8981316243,4433404.654728779
2024-10-27,3652719.1555604762,2862838.26448256,4443050.642211464
2024-10-28,3682919.1389956805,2964100.2387462133,4433853.382703502
2024-10-29,3732243.722350102,2981996.486949455,4431506.54450042
2024-10-30,3755174.4784814464,2995074.331460354,4492110.236755254
2024-10-31,3767820.854253882,3051956.922264142,4458432.788164242
2024-11-01,3758187.6785886833,3019572.9209742798,4442582.7343230555
2024-11-02,3836906.822064049,3134306.0112731145,4559460.127543922
2024-11-03,3793084.376359352,3037763.3954105675,4538777.759247513
2024-11-04,3819223.736695343,3022839.391597463,4515990.729968102
2024-11-05,3861720.034863031,3108717.0379009806,4582537.655066724
2024-11-06,3875135.3610106707,3139183.008755296,4613020.699705128
2024-11-07,3875752.8319911296,3145504.1028644512,4599801.168257183
2024-11-08,3851842.4625736154,3071477.5525781526,4606002.449573034
2024-11-09,3914388.4152138117,3184816.9041554066,4622441.281135321
2024-11-10,3852929.0568106105,3176277.10044588,4561385.192162719
2024-11-11,3860470.345478074,3093155.6898332494,4577690.319534923
2024-11-12,3883968.2118181502,3184346.785992315,4634717.349619671
2024-11-13,3878589.66178532,3169432.782645706,4596460.51530565
2024-11-14,3861251.012788177,3139131.618611483,4597161.50352314
2024-11-15,3820866.6289855866,3097408.8732045935,4550579.841192403
2024-11-16,3869058.1861779084,3172380.3730956092,4659116.288041311
2024-11-17,3795976.3822381184,3095987.0191651215,4501552.278554605
2024-11-18,3795196.123128393,3163199.607018797,4532390.390214464
2024-11-19,3814181.361476293,3119327.8588190763,4501974.827616388
2024-11-20,3808529.818394879,3060926.7417255417,4482303.0595875755
2024-11-21,3795496.4805872943,3078235.6091929423,4541137.382308918
2024-11-22,3764229.6820955686,3028813.5236469065,4485886.190016634
2024-11-23,3826470.194556271,3084850.4389801826,4513305.2994805565
2024-11-24,3772365.5737523492,3068327.9912882126,4443336.336029041
2024-11-25,3795361.0526502817,3100577.13153338,4527392.970731178
2024-11-26,3842663.338134694,3053094.264295032,4624637.659789951
2024-11-27,3869487.636417915,3183420.944612294,4644782.563853237
2024-11-28,3892586.8037787336,3226620.885870397,4622315.328388422
2024-11-29,3900496.3456745874,3125051.2246336387,4619826.664843145
2024-11-30,4004245.512076809,3260288.552199426,4752168.187841012
2024-12-01,3993186.4748780243,3241624.8027809947,4709436.058325365
2024-12-02,4059902.535831734,3332368.1714424947,4789327.266867165
2024-12-03,4150691.3091629907,3412659.7067344966,4885772.9011346605
2024-12-04,4219832.72986248,3519945.6648952872,4972974.26889089
2024-12-05,4283140.261717698,3561807.497240814,4981455.05839328
2024-12-06,4328228.4705344625,3664449.469465563,5086003.389830944
2024-12-07,4465246.632608878,3720791.5548403086,5181998.163179122
2024-12-08,4482729.781674276,3768980.150567722,5217315.00454611
2024-12-09,4572527.571032732,3814315.0468257586,5272698.945939912
2024-12-10,4680306.34957466,3987194.933710561,5383589.375634017
2024-12-11,4759833.798458618,4076962.9863255164,5450808.723774979
2024-12-12,4826544.053278984,4076738.0911989063,5523702.469714393
2024-12-13,4867816.095392826,4109371.561399426,5635107.615440478
2024-12-14,4993714.778763017,4277350.406682264,5717217.073709512
2024-12-15,4992845.678523633,4276537.017429761,5717078.830430644
2024-12-16,5057284.013903163,4320087.787705287,5834191.243955409
2024-12-17,5133073.016876009,4430176.392750043,5827991.181341454
2024-12-18,5174501.163885088,4471590.852820912,5883365.229356421
2024-12-19,5197656.3624951085,4488119.630032666,5910279.988710797
2024-12-20,5190690.136029575,4483166.006348045,5866229.512554348
2024-12-21,5264541.517715192,4488569.422620523,6010658.9880307
2024-12-22,5208772.262555141,4495397.9661724605,5931708.309951744
2024-12-23,5216474.117409265,4477772.961977653,5997201.586117625
2024-12-24,5234744.061516339,4430506.716081728,5973218.409122366
2024-12-25,5218937.514420116,4464943.848522848,5931534.700845224
2024-12-26,5186198.206195655,4457749.066593122,5894130.409140232
2024-12-27,5125698.363548999,4434388.878381121,5811725.626340835
2024-12-28,5149339.525121286,4393786.163101943,5819341.927512038
2024-12-29,5047566.171389552,4327668.870393432,5752041.580088216
2024-12-30,5014253.446931373,4351846.621705422,5786731.309631164
2024-12-31,4997165.370513942,4252618.730309747,5729417.969010811
2025-01-01,4952193.9464417985,4262040.745640396,5660409.958410398
2025-01-02,4896878.210919306,4176756.179127462,5686610.893303086
2025-01-03,4820637.119493628,4117207.1216876,5613264.351598453
2025-01-04,4835466.748627681,4093158.6410246883,5539488.4033585
2025-01-05,4731754.059880611,4000037.791366716,5426237.976291733
2025-01-06,4703168.469651386,3989987.7491732673,5425558.303040343
2025-01-07,4697127.4886424355,3967592.5745623996,5365120.183960362
2025-01-08,4669046.620685885,3925391.7480237065,5406725.870047084
2025-01-09,4635872.2449076725,3934322.3950847113,5319161.416872377
2025-01-10,4586331.000292017,3854744.012467801,5311438.577776632
2025-01-11,4631645.692345957,3892184.755571799,5344767.062681104
2025-01-12,4561369.46320136,3847809.227088578,5344412.336126728
2025-01-13,4568298.92116498,3795620.717101507,5274480.956591745
2025-01-14,4598961.922097245,3881497.9419290475,5318898.552890396
2025-01-15,4607889.61121398,3895078.8226587186,5311147.658187088
2025-01-16,4611170.874656884,3895464.5540571185,5396498.038178461
2025-01-17,4596722.167134257,3871212.9509425373,5280466.657272629
2025-01-18,4675022.219127101,3926442.5838610837,5446528.4369574655
2025-01-19,4634962.898976479,3900939.783295898,5376747.991116119
2025-01-20,4668776.522135417,3946585.630379977,5343219.967241806
2025-01-21,4722534.968867081,3970431.9535647784,5439854.950720334
2025-01-22,4750429.968739732,3978066.4832410486,5508198.056748336
2025-01-23,4768332.53783243,4002423.301874833,5471669.620696364
2025-01-24,4764064.46183083,4013251.2334992015,5493466.502970391
2025-01-25,4848131.346669284,4113568.9368982096,5529153.5308806775
2025-01-26,4809568.619939357,4067911.527448717,5596222.457721976
2025-01-27,4840860.968956485,4095488.8968622778,5602416.369512167
2025-01-28,4888430.849727926,4205019.860707038,5619636.2027802225
2025-01-29,4906905.7689812295,4161918.8984967982,5579539.859814462
2025-01-30,4912662.729431815,4190349.7645828924,5652126.326474717
