PreferedOrderCat,CashbackAmount,CurrentStockLevel,SafetyStock,ReorderPoint,LeadTimeDays,Year,Month,Day,Weekday,ActualRevenue,PredictedRevenue
2,3538.64,1908,1075,860,9,2024,7,22,0,65919.4,57063.367
2,2100.71,1296,1194,955,10,2024,12,10,1,29269.39,51642.75
0,207.94,1009,1357,1086,8,2024,9,27,4,5548.24,6510.5786
0,302.91,915,1357,1086,8,2024,8,30,4,1953.13,6636.81
4,929.9,1099,1205,964,12,2023,12,11,0,15511.67,31666.225
2,3385.6,1685,2030,1624,17,2024,10,22,1,54252.35,57579.766
2,3317.04,1165,955,764,8,2024,2,13,1,72801.2,65939.42
5,32.96,527,395,316,5,2024,12,10,1,10176.96,4265.467
0,305.31,1187,1018,814,6,2024,8,8,3,7383.62,7384.381
5,69.41,546,553,443,7,2023,12,21,3,1566.65,4339.88
4,498.99,1066,1205,964,12,2024,9,25,2,37767.12,31480.45
0,358.39,1112,679,543,4,2024,3,8,4,11487.48,6886.6323
0,63.42,993,848,679,5,2022,7,27,2,6946.04,7603.3257
1,9.12,1235,418,334,1,2024,6,23,6,1074.1,5454.616
1,30.84,1129,418,334,1,2022,10,27,3,19165.6,9347.8125
5,12.22,442,237,190,3,2024,8,19,0,7858.48,4990.624
4,2102.11,849,1306,1044,13,2024,1,16,1,20620.82,34281.008
0,202.27,1185,1188,950,7,2024,6,13,3,2261.57,6630.058
1,13.94,898,836,669,2,2024,4,29,0,2562.21,7468.5137
2,3056.33,1747,2389,1911,20,2024,11,4,0,57902.3,62119.8
0,254.73,855,679,543,4,2023,1,23,0,5076.32,7002.111
5,62.76,548,633,506,8,2024,7,27,5,2487.37,4139.203
4,2593.27,769,703,562,7,2024,9,3,1,39536.21,36120.65
5,62.32,410,237,190,3,2023,9,17,6,5734.29,4091.8735
5,78.66,422,237,190,3,2024,7,15,0,948.27,4532.6006
2,2438.32,1958,836,669,7,2023,6,25,6,69787.52,46217.816
2,1641.53,1264,1433,1147,12,2024,3,1,4,28754.95,49833.77
4,1011.66,1044,1205,964,12,2024,12,21,5,34960.75,35518.79
4,1616.01,807,1004,803,10,2024,9,25,2,32667.35,31811.377
4,2505.96,908,603,482,6,2023,3,7,1,11861.53,29891.594
4,1743.87,804,502,402,5,2023,5,29,0,19996.0,30749.195
4,517.69,663,1105,884,11,2024,12,2,0,24612.08,30069.082
0,430.62,808,509,407,3,2022,12,16,4,1881.31,6497.9053
2,1204.84,1271,1672,1338,14,2023,7,1,5,68549.03,58990.074
4,611.92,1144,803,643,8,2024,3,17,6,48574.96,38728.49
2,1636.07,1516,1314,1051,11,2023,5,4,3,30110.33,50699.13
3,994.87,237,175,140,5,2022,12,29,3,61050.8,54291.598
4,1618.93,1103,603,482,6,2023,3,5,6,51201.8,32728.594
4,599.11,655,603,482,6,2024,12,20,4,42425.81,32459.494
1,38.54,775,418,334,1,2024,11,15,4,594.37,6968.967
1,31.05,803,1672,1338,4,2024,6,26,2,16858.71,7993.4365
3,2265.54,252,421,337,12,2024,7,3,2,39554.44,40739.957
4,515.78,859,803,643,8,2024,7,6,5,12513.93,26317.848
0,384.33,928,1018,814,6,2024,2,24,5,15413.52,6693.703
0,61.85,829,1018,814,6,2023,2,26,6,3759.69,6283.3516
0,423.92,1084,848,679,5,2022,9,1,3,4315.81,6750.961
4,2077.91,706,803,643,8,2024,2,29,3,24324.04,30466.062
2,1152.25,1178,1911,1529,16,2024,12,18,2,43780.45,54311.156
2,2922.0,1712,2150,1720,18,2024,12,29,6,48046.58,42700.684
1,45.04,1154,418,334,1,2024,1,5,4,13301.12,8792.385
0,131.34,1172,1527,1221,9,2024,1,31,2,10776.72,7693.6655
2,3066.58,1273,1433,1147,12,2023,5,28,6,41372.93,52118.84
2,1414.24,1794,1911,1529,16,2022,8,14,6,31560.34,44673.73
4,1961.91,672,904,723,9,2024,4,10,2,22052.11,28453.3
4,277.07,690,1004,803,10,2023,12,19,1,19164.24,24082.666
2,1791.64,1844,1553,1242,13,2020,8,9,6,38326.04,52036.645
2,3904.84,1760,2389,1911,20,2024,12,1,6,54125.31,51022.49
4,568.49,1043,904,723,9,2024,7,28,6,43576.81,39256.406
1,18.18,926,836,669,2,2024,12,12,3,9882.46,8176.391
1,41.51,965,1254,1003,3,2024,8,1,3,2177.66,8838.535
0,390.53,957,679,543,4,2024,11,17,6,2033.01,6980.7383
0,102.96,922,1527,1221,9,2023,11,30,3,4455.2,6800.353
1,40.33,1033,1254,1003,3,2023,9,5,1,17465.85,9627.9
1,38.77,748,1672,1338,4,2024,12,28,5,11619.68,7931.4
2,3827.93,1350,2269,1815,19,2024,5,23,3,72542.77,56967.496
0,446.17,792,848,679,5,2023,5,30,1,17958.96,6685.6807
4,1689.06,767,904,723,9,2024,8,18,6,25077.25,27774.656
4,2169.6,739,1004,803,10,2023,6,9,4,21810.16,26869.441
0,447.52,808,679,543,4,2024,3,27,2,6026.56,6536.6406
1,41.27,834,1254,1003,3,2023,2,25,5,5953.22,7559.012
5,78.66,422,237,190,3,2024,5,18,5,948.27,4479.83
5,81.13,583,712,569,9,2020,5,26,1,4168.05,4627.0913
3,2321.65,254,316,253,9,2024,8,17,5,14057.96,31168.723
0,318.61,1096,679,543,4,2023,6,10,5,8192.36,6896.101
2,1044.99,1297,2030,1624,17,2024,10,2,2,77377.33,61109.22
4,2042.91,911,1004,803,10,2024,5,1,2,49786.42,29621.062
2,2918.6,1302,955,764,8,2023,10,28,5,41128.4,50862.523
4,839.57,1045,904,723,9,2024,6,10,0,24421.14,33064.79
5,92.69,520,474,380,6,2024,12,17,1,3842.23,4305.752
2,2460.68,1617,2389,1911,20,2024,12,30,0,38240.91,49639.98
5,13.3,451,712,569,9,2023,10,8,6,10795.14,5954.6353
5,21.26,429,316,253,4,2023,10,31,1,9989.94,3970.7776
2,2236.61,1317,2389,1911,20,2024,1,3,2,50937.93,58534.16
3,962.78,231,351,281,10,2024,9,20,4,24031.27,28005.705
0,364.5,1054,679,543,4,2024,4,9,1,4442.92,6121.419
2,1333.32,1740,1553,1242,13,2023,10,31,1,54943.31,52699.945
0,401.81,872,509,407,3,2024,3,23,5,7120.76,6662.91
4,1574.2,768,1004,803,10,2023,8,7,0,15304.86,27534.459
2,1150.16,1735,2030,1624,17,2024,9,24,1,47643.11,53678.3
3,402.28,383,351,281,10,2024,12,31,1,10432.03,27770.594
2,723.4,1408,2030,1624,17,2024,12,29,6,37702.86,58664.26
2,645.18,1561,1314,1051,11,2024,7,10,2,54049.74,52655.91
4,1404.97,654,904,723,9,2024,12,10,1,49078.88,34803.527
0,305.29,1029,1357,1086,8,2023,12,19,1,2564.44,5738.826
2,1661.52,1248,1791,1433,15,2024,2,9,4,70698.86,54355.91
4,1664.34,830,1205,964,12,2024,9,24,1,50128.42,33660.367
5,97.39,493,553,443,7,2024,6,21,4,324.28,4213.7324
5,93.67,411,395,316,5,2023,11,23,3,2417.45,3742.0415
2,2116.87,1521,1433,1147,12,2024,12,27,4,78469.4,63837.03
2,3615.91,1311,2150,1720,18,2024,10,18,4,54729.15,51316.332
5,29.91,447,474,380,6,2023,10,31,1,383.4,4309.924
0,341.87,947,679,543,4,2024,2,27,1,9381.88,7232.96
0,434.75,1009,509,407,3,2022,8,9,1,14402.84,7223.226
1,21.65,812,418,334,1,2023,11,1,2,4515.5,7600.731
4,346.91,681,603,482,6,2023,11,16,3,29294.9,29642.516
4,2649.46,1052,904,723,9,2024,12,21,5,28930.73,30490.498
4,2510.88,1052,803,643,8,2022,11,21,0,13822.21,29323.078
0,410.16,1294,1357,1086,8,2024,12,10,1,2292.72,7261.5903
2,1185.04,1709,1791,1433,15,2024,1,23,1,57349.66,53800.723
1,13.92,1014,836,669,2,2024,12,20,4,6789.3,8297.919
2,1857.03,1775,1194,955,10,2024,8,13,1,68935.81,55460.58
2,1249.65,1677,2030,1624,17,2024,1,23,1,49621.75,53989.184
3,1074.99,302,351,281,10,2021,2,7,6,19686.34,29424.148
2,1414.24,1794,1911,1529,16,2022,4,14,3,31560.34,45048.277
2,3981.99,1406,2030,1624,17,2024,12,11,2,73646.05,67666.69
5,43.9,596,633,506,8,2023,3,12,6,11378.61,5165.415
2,3452.09,1901,1075,860,9,2024,4,12,4,58330.53,52357.914
2,2190.39,1411,1911,1529,16,2022,8,1,0,42462.49,50706.242
0,400.75,986,1357,1086,8,2024,7,20,5,2489.84,6093.1406
5,71.49,445,237,190,3,2023,11,6,0,3707.9,4576.1655
2,907.62,1203,1553,1242,13,2024,12,25,2,53878.45,60820.945
0,292.76,858,509,407,3,2024,2,23,4,1450.14,5958.7544
1,22.39,948,418,334,1,2024,12,14,5,8963.11,7819.2266
0,106.52,1067,1357,1086,8,2024,4,6,5,6614.22,6117.9634
0,384.86,856,1188,950,7,2024,11,9,5,2239.02,5472.929
4,492.9,895,1004,803,10,2024,8,17,5,49050.1,38388.906
4,2729.49,885,1105,884,11,2024,7,3,2,51844.01,37794.188
3,772.46,337,175,140,5,2024,10,28,0,30998.22,31889.34
2,3056.33,1747,2389,1911,20,2024,11,28,3,57902.3,61867.78
0,261.24,875,1357,1086,8,2024,9,7,5,6545.88,6571.642
2,2292.69,1759,955,764,8,2024,10,3,3,34252.92,50642.13
0,223.98,1134,1188,950,7,2024,4,2,1,19555.92,11125.217
4,1163.03,1066,603,482,6,2023,12,13,2,42841.04,34205.684
4,1175.82,1125,703,562,7,2024,12,12,3,26339.05,29644.42
4,2340.59,958,803,643,8,2023,11,4,5,11080.07,23515.223
3,350.73,265,210,168,6,2024,12,14,5,14883.43,20246.957
1,28.82,1207,1672,1338,4,2024,8,4,6,633.08,7351.2334
0,235.85,871,509,407,3,2024,9,14,5,16034.0,8725.927
5,27.82,376,237,190,3,2024,7,5,4,1354.76,4103.943
2,2499.57,1310,955,764,8,2023,9,21,3,41301.9,52863.016
4,1400.22,1009,603,482,6,2024,8,20,1,25938.8,30872.912
1,33.75,763,418,334,1,2023,4,26,2,667.8,7481.3867
5,51.23,527,474,380,6,2024,12,29,6,5479.05,4427.533
0,52.08,880,1018,814,6,2024,2,3,5,4272.98,7161.602
4,611.92,1144,803,643,8,2024,8,3,5,48574.96,38782.97
4,2077.91,706,803,643,8,2024,12,25,2,24324.04,30466.062
3,1758.36,235,245,196,7,2024,7,23,1,32833.37,37325.38
5,85.97,421,395,316,5,2024,12,17,1,3717.78,4587.3823
0,336.9,1196,1018,814,6,2024,12,19,3,7916.86,7365.0376
4,1519.42,780,1205,964,12,2024,8,28,2,9881.67,25402.484
0,492.75,994,509,407,3,2024,7,19,4,3829.2,7455.415
3,1977.81,392,421,337,12,2024,1,19,4,19255.42,29899.746
0,319.32,938,679,543,4,2024,9,13,4,6750.36,7287.439
1,48.47,1201,1254,1003,3,2023,10,21,5,8443.25,8199.929
1,9.04,1129,1672,1338,4,2022,9,12,0,3073.14,6163.9214
1,12.93,1045,836,669,2,2023,10,16,0,5804.2,9100.556
4,2441.1,808,703,562,7,2024,2,23,4,34005.5,33060.055
1,38.22,796,1254,1003,3,2024,9,7,5,11187.96,7571.8765
5,42.71,513,553,443,7,2024,7,24,2,1221.43,4464.1426
1,44.36,828,1254,1003,3,2024,8,28,2,966.29,7616.2637
2,2285.2,1262,955,764,8,2024,11,18,0,39199.9,47951.996
4,277.07,690,1004,803,10,2024,12,13,4,19164.24,24566.873
0,47.86,886,1527,1221,9,2023,10,13,4,6456.06,7147.9863
3,412.57,260,351,281,10,2024,12,20,4,21885.84,25962.941
1,49.34,840,836,669,2,2020,10,11,6,4274.52,7879.9834
0,226.38,784,1018,814,6,2021,6,2,2,13768.89,8138.1313
0,60.54,944,1527,1221,9,2021,12,8,2,5085.24,6906.6704
4,1136.15,1147,1306,1044,13,2024,11,26,1,39320.32,40265.617
4,483.96,1116,1205,964,12,2023,11,17,4,22579.2,24037.904
4,1413.88,730,1105,884,11,2024,12,29,6,32335.21,34763.22
4,2719.86,722,603,482,6,2024,11,17,6,53826.02,42300.582
4,493.83,1110,703,562,7,2021,5,21,4,40967.33,34250.812
5,54.48,378,316,253,4,2024,8,7,2,688.28,4217.8047
0,271.33,822,1527,1221,9,2024,6,20,3,8488.32,6783.855
4,1276.16,734,1205,964,12,2023,9,14,3,31530.98,34900.547
2,2542.02,1668,1911,1529,16,2024,12,27,4,58431.3,56312.953
2,3496.16,1307,2030,1624,17,2024,8,23,4,51154.09,54636.996
0,330.39,1270,1018,814,6,2024,9,13,4,7359.2,7064.5713
4,1834.86,874,1105,884,11,2024,3,22,4,21666.44,31269.582
2,794.46,1647,2389,1911,20,2024,12,12,3,52260.99,52988.49
1,48.78,1320,1254,1003,3,2024,3,28,3,5688.48,8225.663
2,1776.96,2052,1791,1433,15,2024,7,11,3,75041.1,60855.44
2,3980.07,1251,1433,1147,12,2024,12,16,0,68900.07,59729.855
1,31.29,820,1672,1338,4,2024,10,28,0,13168.48,7993.4365
2,2378.19,1777,1075,860,9,2024,12,16,0,28810.29,46882.63
4,1647.49,964,603,482,6,2024,3,15,4,27415.46,30887.744
4,2461.22,754,1306,1044,13,2024,9,7,5,37892.67,29702.488
2,873.24,1343,1911,1529,16,2023,7,1,5,47515.86,49219.46
2,3755.67,1488,955,764,8,2022,9,24,5,49926.99,54010.84
2,3319.88,1987,2030,1624,17,2024,12,26,3,79127.97,61214.047
2,624.33,1956,2269,1815,19,2024,11,19,1,61447.79,52257.664
2,617.32,1270,2389,1911,20,2024,8,11,6,64260.11,64237.242
2,2411.0,1369,1911,1529,16,2024,5,10,4,79408.29,57624.273
2,1053.02,1249,836,669,7,2024,6,27,3,47347.38,49919.766
4,687.34,988,1105,884,11,2024,5,27,0,20832.22,30078.203
4,402.87,1106,1306,1044,13,2024,12,26,3,36080.78,25128.215
5,36.85,522,633,506,8,2024,10,5,5,2402.49,4043.9355
1,2.68,1212,418,334,1,2024,6,9,6,5377.6,6683.9243
4,2262.96,794,1105,884,11,2024,3,24,6,30624.86,31643.361
4,2042.91,911,1004,803,10,2023,11,13,0,49786.42,29175.51
4,1915.89,795,904,723,9,2024,8,15,3,20284.07,27715.033
3,742.71,244,421,337,12,2022,6,24,4,36750.08,41862.836
2,3147.91,1471,955,764,8,2024,11,14,3,28448.92,43551.145
2,4166.81,1627,1075,860,9,2024,12,25,2,70392.09,63366.652
5,44.37,527,316,253,4,2024,9,5,3,3673.77,4866.7944
5,54.95,450,395,316,5,2024,6,28,4,6399.24,4587.3823
0,77.59,1265,1188,950,7,2023,6,10,5,8618.06,6430.2485
1,10.23,1152,836,669,2,2024,11,21,3,4787.1,7224.6777
4,1519.42,675,1306,1044,13,2024,11,12,1,8565.01,31230.28
1,18.36,1014,418,334,1,2024,5,5,6,7658.21,8760.331
2,2044.94,1673,1791,1433,15,2022,7,7,3,29405.95,50552.19
2,2179.56,1798,1194,955,10,2024,12,29,6,50356.25,42979.062
5,99.45,380,237,190,3,2022,10,9,6,1252.48,4380.8096
2,3385.18,1879,1433,1147,12,2023,9,29,4,45024.64,52492.906
4,822.59,763,603,482,6,2023,12,16,5,29809.25,32346.0
4,384.86,752,703,562,7,2024,12,21,5,29858.62,28825.527
5,13.74,534,474,380,6,2024,6,4,1,3093.29,3328.547
4,1955.74,792,1004,803,10,2024,12,14,5,19828.87,26049.465
1,22.83,788,1254,1003,3,2024,12,13,4,3421.81,7809.88
2,2017.42,1640,2030,1624,17,2023,7,31,0,32877.73,49185.582
2,2180.74,1859,1911,1529,16,2024,3,23,5,33863.1,42398.367
2,2860.55,1204,955,764,8,2024,8,28,2,63392.64,49138.566
2,775.49,1223,1911,1529,16,2024,5,21,1,49068.51,50119.492
0,215.57,968,1188,950,7,2024,11,25,0,4689.88,7293.5503
1,6.9,1133,1672,1338,4,2023,3,13,0,5088.33,5939.622
4,343.65,1128,603,482,6,2023,7,31,0,42279.86,30577.54
1,36.86,810,836,669,2,2024,9,17,1,2097.68,7645.4863
2,3974.53,1962,2269,1815,19,2024,9,20,4,42855.7,46829.02
1,2.35,1036,418,334,1,2023,10,11,2,2517.84,7241.699
2,1747.91,1190,2030,1624,17,2023,7,30,6,52309.3,55056.5
5,41.67,353,474,380,6,2023,12,13,2,7271.58,3416.4272
5,18.05,576,633,506,8,2024,12,21,5,7210.02,3744.0303
0,316.85,1035,1357,1086,8,2024,12,13,4,6200.31,6546.7603
0,413.86,1166,679,543,4,2024,9,25,2,5028.16,7808.9893
2,3720.02,1766,2150,1720,18,2023,8,31,3,32958.23,46314.496
4,2520.58,965,1306,1044,13,2023,8,3,3,37387.39,33704.723
0,361.36,1190,848,679,5,2024,6,30,6,18139.0,7831.5874
4,1775.46,1060,1105,884,11,2024,6,25,1,14289.57,27279.17
4,892.34,1034,1205,964,12,2024,12,10,1,25471.58,33947.37
2,4110.82,1325,2030,1624,17,2024,12,15,6,42315.57,57578.566
0,202.26,816,1188,950,7,2024,11,27,2,11711.22,6692.552
0,195.07,886,509,407,3,2024,9,27,4,2864.43,7128.639
0,155.97,889,1188,950,7,2024,12,21,5,6972.84,6689.3794
2,990.04,1330,1672,1338,14,2024,8,29,3,36618.13,59158.85
0,73.55,1211,848,679,5,2023,6,17,5,1746.44,7130.0493
3,617.77,379,351,281,10,2024,10,10,3,45807.16,33631.81
5,78.25,489,395,316,5,2024,10,13,6,8997.57,4406.781
2,804.0,1256,836,669,7,2024,9,27,4,42186.46,55012.3
2,1825.21,1235,2389,1911,20,2024,11,10,6,31357.1,38809.758
1,42.5,925,836,669,2,2024,6,20,3,3788.73,8352.041
2,3182.69,1346,955,764,8,2024,4,28,6,51434.83,53539.46
0,104.43,934,1188,950,7,2023,9,10,6,3372.26,7048.226
0,132.89,1112,1018,814,6,2024,2,29,3,1424.7,6680.5874
0,442.53,1088,1527,1221,9,2024,11,25,0,4041.24,6372.038
4,1211.59,777,904,723,9,2024,5,31,4,41260.4,33707.863
1,19.7,1029,1254,1003,3,2024,7,7,6,19067.16,9597.93
2,1449.46,2043,2030,1624,17,2024,8,11,6,52836.14,59102.867
0,150.87,1010,1188,950,7,2024,7,26,4,17651.16,6862.7236
1,45.72,1233,1254,1003,3,2024,2,6,1,24246.69,8211.788
4,1236.97,665,904,723,9,2022,7,31,6,36758.58,34905.46
0,221.26,811,848,679,5,2022,7,21,3,1879.62,7920.842
4,970.07,943,803,643,8,2024,3,28,3,11505.67,29811.166
4,1616.01,807,1004,803,10,2024,6,12,2,32667.35,31811.377
5,73.83,528,395,316,5,2024,5,19,6,6149.76,4707.3955
5,25.93,456,474,380,6,2023,4,26,2,1611.69,4309.924
1,48.78,1320,1254,1003,3,2024,6,26,2,5688.48,8280.141
4,1264.89,839,803,643,8,2023,12,14,3,46629.63,37197.812
2,3532.43,1509,1194,955,10,2023,7,9,6,81684.79,57966.727
1,6.97,1175,418,334,1,2024,12,31,1,2322.8,5606.2964
5,97.58,490,237,190,3,2023,12,11,0,3257.4,4407.66
2,2474.96,1568,1553,1242,13,2024,10,7,0,59077.04,54062.816
0,94.63,793,1188,950,7,2024,11,6,2,3005.06,6399.923
1,2.41,1300,1672,1338,4,2024,8,12,0,9300.0,10421.759
5,25.14,485,553,443,7,2023,1,28,5,6961.08,4099.2856
4,511.38,722,502,402,5,2023,6,28,2,17175.12,27096.332
2,3615.91,1311,2150,1720,18,2024,10,9,2,54729.15,51290.42
2,1133.4,1454,1433,1147,12,2022,12,29,3,33761.1,50873.79
2,1342.27,1577,836,669,7,2024,8,7,2,44583.06,50603.887
0,389.43,1075,1018,814,6,2024,6,12,2,5628.28,5735.5493
0,446.17,792,848,679,5,2024,1,28,6,17958.96,6605.1816
1,35.02,1140,418,334,1,2024,8,3,5,10831.77,9384.665
2,4016.73,1963,1433,1147,12,2021,12,8,2,77032.02,51890.74
1,15.01,902,836,669,2,2024,9,30,0,2501.28,7716.705
5,23.87,372,395,316,5,2024,2,23,4,4441.41,3998.3074
2,1449.58,1568,955,764,8,2023,8,30,2,28689.77,44846.78
4,676.81,973,1105,884,11,2024,11,23,5,54025.37,30633.629
4,2592.67,760,803,643,8,2024,8,5,0,28844.02,27768.012
4,2610.87,765,603,482,6,2023,10,8,6,28283.26,31656.703
1,44.93,1286,836,669,2,2024,11,19,1,15964.65,8280.141
4,298.57,853,1004,803,10,2023,8,5,5,49375.05,41405.414
4,498.22,770,603,482,6,2024,8,11,6,25775.22,29247.842
0,336.9,1196,1018,814,6,2024,8,19,0,7916.86,7365.0376
0,496.58,849,1357,1086,8,2024,8,13,1,3746.38,7055.82
4,1606.31,1059,502,402,5,2023,11,19,6,34474.89,30500.076
0,436.32,889,509,407,3,2024,3,4,0,6325.41,6839.539
5,86.86,438,395,316,5,2023,10,17,1,7652.66,4587.3823
2,2403.72,1549,1911,1529,16,2024,12,27,4,28435.43,46634.297
4,1899.39,843,502,402,5,2024,12,17,1,48055.75,35093.17
1,21.59,749,418,334,1,2024,12,19,3,11783.66,7626.669
1,5.82,1058,836,669,2,2024,12,7,5,5020.44,8784.698
1,11.35,1217,1672,1338,4,2024,9,30,0,5716.34,6703.935
2,1022.87,1315,1194,955,10,2024,8,3,5,33669.59,50872.43
2,1167.6,1364,1553,1242,13,2024,7,15,0,28326.53,56565.754
1,43.04,830,1672,1338,4,2024,5,17,4,8320.62,7487.513
4,301.09,922,803,643,8,2023,7,27,3,38323.01,31056.623
2,1753.57,1740,1075,860,9,2024,8,14,2,37804.4,45097.43
2,2132.3,2020,2150,1720,18,2024,5,21,1,53118.22,60967.492
2,1659.72,1551,1433,1147,12,2024,5,1,2,41003.75,49010.35
0,427.84,1253,1188,950,7,2024,7,3,2,8627.55,7482.733
0,292.76,858,509,407,3,2024,5,23,3,1450.14,5958.7544
2,4175.88,1342,2150,1720,18,2024,12,23,0,55191.35,53257.04
4,1818.16,1070,1105,884,11,2023,12,19,1,51996.15,29370.459
0,271.72,999,1357,1086,8,2023,9,19,1,9243.04,6652.2217
2,3603.79,1667,1911,1529,16,2024,12,21,5,56527.65,53463.066
0,231.87,1210,679,543,4,2024,9,28,5,11880.99,9011.381
4,1438.28,1008,1205,964,12,2024,7,7,6,13572.3,30804.0
4,2466.72,796,1004,803,10,2024,6,6,3,25090.26,27867.9
4,2368.23,872,904,723,9,2024,9,25,2,48533.12,33744.02
5,93.19,456,712,569,9,2024,2,22,3,11461.17,4723.374
2,3870.56,1851,1433,1147,12,2024,1,15,0,84144.39,51122.53
5,62.32,410,237,190,3,2023,7,23,6,5734.29,4094.764
2,3754.02,1769,1911,1529,16,2024,5,9,3,26131.46,41934.145
2,717.71,1779,1314,1051,11,2024,9,16,0,48258.87,53279.152
0,302.26,1245,509,407,3,2024,8,14,2,5730.06,7602.068
0,230.42,786,1018,814,6,2024,10,17,3,4482.08,7165.205
4,2716.42,911,803,643,8,2024,11,29,4,36482.21,32461.885
4,2737.38,884,803,643,8,2024,12,31,1,49427.78,37650.76
2,3541.74,1344,2030,1624,17,2023,4,3,0,38431.18,51905.613
0,47.68,1250,679,543,4,2024,9,17,1,3208.18,8662.106
4,559.17,1025,1004,803,10,2021,9,1,2,10400.72,29245.924
2,4175.88,1342,2150,1720,18,2024,9,17,1,55191.35,53257.04
4,1218.89,677,1105,884,11,2024,3,9,5,44289.17,35944.805
3,2373.3,381,210,168,6,2024,1,24,2,81701.56,74784.07
2,2167.4,1382,955,764,8,2024,12,16,0,25498.81,44016.547
0,414.76,1216,1357,1086,8,2022,8,10,2,2512.88,7139.392
0,174.89,1107,848,679,5,2024,3,16,5,9020.86,7354.7217
4,1050.21,1095,703,562,7,2024,12,16,0,10586.08,32660.889
2,4110.34,1165,836,669,7,2024,11,16,5,80036.07,77906.875
2,3985.14,1778,955,764,8,2024,9,7,5,64628.52,62271.418
4,1438.28,1008,1205,964,12,2023,5,14,6,13572.3,30573.408
4,2054.77,715,703,562,7,2024,5,7,1,16108.09,28377.81
4,1325.44,659,1306,1044,13,2024,12,26,3,22225.91,35510.336
2,726.65,1529,1314,1051,11,2024,5,12,6,77446.89,54976.137
4,1099.32,1010,904,723,9,2024,5,19,6,40483.76,32565.451
1,10.93,1285,1672,1338,4,2024,8,3,5,1911.64,6488.152
0,424.67,1118,1357,1086,8,2024,3,29,4,4300.44,6092.5146
3,326.12,323,316,253,9,2024,12,24,1,49826.36,49456.56
4,2446.89,740,904,723,9,2023,6,13,1,26640.17,31518.416
2,1612.9,1913,2150,1720,18,2024,11,22,4,40888.52,51122.293
4,2404.24,1114,904,723,9,2024,2,28,2,25928.98,27889.533
2,1977.17,1220,1194,955,10,2024,8,22,3,71285.92,49168.723
0,364.9,801,848,679,5,2024,4,24,2,12257.79,6723.267
2,1345.74,1239,1911,1529,16,2024,11,6,2,32832.73,48396.867
5,22.81,419,553,443,7,2022,12,6,1,4844.16,3831.4907
2,2182.06,1208,1672,1338,14,2024,12,27,4,59716.34,45969.95
4,1454.51,1095,904,723,9,2023,6,26,0,20853.1,32374.465
2,2428.03,1416,1553,1242,13,2024,10,26,5,43804.94,54970.832
0,254.73,855,679,543,4,2020,5,29,4,5076.32,7349.4575
1,20.69,1122,1672,1338,4,2024,12,6,4,11138.68,7866.568
1,4.44,1298,1672,1338,4,2024,11,4,0,27699.98,13156.427
2,4163.48,1471,2269,1815,19,2024,12,16,0,73026.8,58102.945
3,794.91,240,175,140,5,2024,11,23,5,49487.66,48218.875
0,183.13,1269,1018,814,6,2024,9,24,1,6173.16,6329.592
1,2.68,1212,418,334,1,2023,11,27,0,5377.6,6647.0713
1,36.82,978,1672,1338,4,2024,1,6,5,7190.22,8331.357
3,268.88,229,245,196,7,2022,5,3,1,22517.77,25508.42
2,2285.2,1262,955,764,8,2024,12,16,0,39199.9,47951.996
1,12.78,979,1254,1003,3,2024,6,26,2,21492.8,8825.051
2,4225.59,1962,1672,1338,14,2024,9,29,6,65930.71,55531.52
2,2756.86,1601,1075,860,9,2024,12,19,3,64992.07,52787.375
4,1962.13,669,904,723,9,2023,8,7,0,12606.31,27518.39
3,645.49,272,281,224,8,2023,6,7,2,30004.44,32771.406
2,3673.72,1899,1075,860,9,2024,8,24,5,46838.0,54107.055
2,4221.64,1373,1553,1242,13,2024,12,20,4,64611.67,57641.766
2,3668.18,1990,1075,860,9,2024,12,3,1,48550.13,55312.473
3,798.92,309,456,365,13,2024,1,19,4,65204.8,52538.53
1,23.18,912,836,669,2,2024,6,25,1,9591.89,8545.184
4,2128.22,1123,1306,1044,13,2024,10,5,5,47987.87,32697.744
0,220.26,761,1188,950,7,2024,11,22,4,9303.12,6426.316
3,1590.85,270,245,196,7,2024,12,11,2,38981.32,39315.92
0,250.26,1116,509,407,3,2023,10,26,3,16291.68,8581.358
2,1011.35,1489,955,764,8,2024,10,31,3,51290.47,48545.227
5,71.71,575,633,506,8,2024,11,19,1,1588.04,4157.125
2,2803.57,2045,2389,1911,20,2024,8,20,1,64994.31,58335.812
2,2785.74,1304,2389,1911,20,2024,3,2,5,71657.72,68570.71
1,33.64,965,836,669,2,2024,1,1,0,25942.15,9481.765
0,292.76,858,509,407,3,2024,10,20,6,1450.14,5901.503
1,27.05,912,1672,1338,4,2023,7,4,1,6746.18,8529.888
5,97.58,490,237,190,3,2023,9,27,2,3257.4,4407.66
2,1902.04,1184,1433,1147,12,2024,9,19,3,31615.88,46402.195
1,43.36,1000,1672,1338,4,2024,10,31,3,15938.73,8376.693
4,545.73,1066,904,723,9,2024,12,21,5,54892.23,39652.695
0,408.35,1083,848,679,5,2023,5,25,3,3279.02,6707.396
2,2184.03,1851,1791,1433,15,2024,8,16,4,48939.65,53805.777
0,134.26,1145,1188,950,7,2023,7,6,3,8590.46,7269.5225
0,219.51,819,1188,950,7,2023,3,9,3,2909.76,6555.1978
0,86.66,746,1527,1221,9,2024,7,22,0,3161.42,6308.575
2,3501.81,1264,2030,1624,17,2024,10,19,5,71626.36,60625.09
0,80.41,854,1018,814,6,2023,1,12,3,10054.77,6340.603
2,3720.02,1766,2150,1720,18,2024,11,4,0,32958.23,47482.836
2,1967.1,1804,1553,1242,13,2024,3,25,0,41655.75,50561.96
4,745.5,1130,904,723,9,2020,10,5,0,40542.38,30566.61
4,506.03,1034,1306,1044,13,2021,3,7,6,25306.97,23940.947
4,1522.19,792,1205,964,12,2024,7,4,3,40072.47,31277.154
2,3952.45,1730,1553,1242,13,2024,4,16,1,43147.16,58201.6
4,1038.25,781,603,482,6,2024,7,21,6,39044.59,33391.29
2,1817.89,1428,1433,1147,12,2021,1,22,4,57895.18,49459.094
2,3178.71,1501,2269,1815,19,2024,7,24,2,63679.67,63212.242
1,20.03,827,836,669,2,2022,9,3,5,16772.5,9649.276
0,415.59,1222,509,407,3,2024,10,15,1,8180.38,7808.9893
4,998.33,934,1306,1044,13,2024,10,17,3,36767.31,37140.66
3,798.92,309,456,365,13,2024,12,14,5,65204.8,50847.137
2,4037.62,1420,1553,1242,13,2024,6,8,5,76686.91,64603.6
0,398.23,754,1018,814,6,2023,10,5,3,2593.47,6353.0234
4,2485.35,1106,603,482,6,2022,4,24,6,8297.02,28354.508
4,859.69,937,1004,803,10,2024,1,3,2,42384.01,31713.654
0,131.34,1172,1527,1221,9,2024,4,18,3,10776.72,7693.6655
4,2698.53,658,1306,1044,13,2024,2,15,3,13971.49,19405.729
2,3730.8,1431,1791,1433,15,2024,10,22,1,84047.03,58884.523
2,3342.87,1371,836,669,7,2023,3,26,6,42667.34,48287.504
0,230.42,786,1018,814,6,2024,10,6,6,4482.08,7105.063
0,161.41,963,1527,1221,9,2024,11,17,6,11732.48,6827.185
1,3.46,779,418,334,1,2023,10,10,1,1144.9,5214.6406
4,1942.61,842,803,643,8,2024,11,5,1,16695.91,31091.531
4,938.14,986,803,643,8,2024,10,10,3,18007.49,27678.127
4,1418.08,904,603,482,6,2024,11,25,0,53738.23,32850.69
2,2105.45,1214,1194,955,10,2024,8,22,3,28838.24,50809.156
5,40.02,425,553,443,7,2024,3,22,4,7756.06,4589.083
4,2084.58,708,703,562,7,2024,11,29,4,26213.79,30062.787
5,86.07,473,316,253,4,2024,3,20,2,824.34,4400.3745
1,4.84,821,1254,1003,3,2024,8,1,3,7453.2,8011.136
5,29.57,381,237,190,3,2024,10,19,5,11089.59,5105.4175
4,1130.08,1012,1105,884,11,2024,2,17,5,21522.6,30006.717
4,295.32,706,803,643,8,2024,6,4,1,16632.77,30762.152
4,2220.39,809,803,643,8,2024,4,4,3,37429.7,32699.734
2,1257.75,1708,1911,1529,16,2024,4,18,3,34620.93,46568.945
3,1773.86,287,175,140,5,2024,10,27,6,48684.2,47977.28
2,2605.07,1656,955,764,8,2024,3,11,0,45081.41,47429.383
4,2230.06,922,502,402,5,2024,7,3,2,31562.21,31483.322
4,1923.03,928,703,562,7,2024,2,29,3,53298.03,33009.926
4,1280.92,998,904,723,9,2024,10,30,2,48071.28,32386.223
3,994.87,237,175,140,5,2023,4,30,6,61050.8,53707.312
0,353.98,913,1357,1086,8,2024,5,17,4,7044.4,6556.9814
0,133.21,874,1188,950,7,2024,1,11,3,19229.0,6692.152
5,11.81,372,553,443,7,2024,12,24,1,3318.84,4256.941
1,10.93,1285,1672,1338,4,2024,3,8,4,1911.64,6478.683
0,346.72,984,509,407,3,2024,6,6,3,1125.65,7046.014
1,42.31,1203,1672,1338,4,2024,12,11,2,15933.4,8165.8755
4,2101.3,919,1004,803,10,2024,12,4,2,48177.71,32191.879
2,3078.74,1355,1911,1529,16,2024,12,14,5,51756.98,54090.188
2,2218.62,1325,1911,1529,16,2024,11,15,4,83216.58,63075.215
0,394.34,960,679,543,4,2022,1,13,3,2979.84,6986.4014
2,1857.03,1775,1194,955,10,2024,7,23,1,68935.81,55460.58
0,189.51,1007,1357,1086,8,2023,6,12,0,3722.98,6510.5786
0,319.92,1219,1527,1221,9,2024,5,19,6,17526.0,7270.3066
4,1546.24,727,1004,803,10,2024,7,4,3,33245.14,31388.373
0,121.86,923,1527,1221,9,2024,12,14,5,5356.0,6724.9316
1,33.6,1026,836,669,2,2023,11,5,6,11916.8,9630.569
1,23.36,1157,1672,1338,4,2024,12,12,3,4257.03,7298.7827
1,15.7,994,418,334,1,2024,11,17,6,980.48,8681.576
0,39.65,1007,1018,814,6,2024,7,4,3,5989.08,7435.878
4,324.87,1144,703,562,7,2024,5,11,5,25379.86,29573.08
0,491.71,984,509,407,3,2024,1,18,3,7965.12,7103.1284
3,713.61,379,210,168,6,2024,11,25,0,31269.1,34595.613
3,392.28,296,386,309,11,2024,10,31,3,34854.95,36979.93
0,234.64,1150,1357,1086,8,2024,7,31,2,7472.18,8013.9546
2,1199.12,1959,1911,1529,16,2024,8,15,3,46710.07,52250.652
2,2786.57,1357,1791,1433,15,2024,1,13,5,43901.55,52366.297
3,326.12,323,316,253,9,2024,8,20,1,49826.36,49456.56
2,1984.64,1287,1194,955,10,2024,9,11,2,67612.69,51555.105
3,1405.88,366,351,281,10,2024,11,1,4,13686.87,31149.836
3,1771.26,366,386,309,11,2024,9,29,6,16470.93,35000.492
4,1353.66,697,904,723,9,2024,4,30,1,40774.8,34240.434
1,37.0,990,1254,1003,3,2023,5,28,6,4289.72,7857.897
0,483.41,1257,1357,1086,8,2024,1,19,4,10451.88,7066.995
2,2200.58,1820,1911,1529,16,2024,10,27,6,69849.1,58166.656
0,220.27,1002,1357,1086,8,2024,12,30,0,5526.98,6876.222
1,2.01,1278,836,669,2,2024,9,13,4,7086.42,11248.658
4,998.66,1029,803,643,8,2023,11,8,2,48838.1,36167.438
4,800.58,990,1105,884,11,2024,3,21,3,15139.13,29796.926
2,2907.32,1628,2269,1815,19,2024,6,14,4,80871.08,68939.22
4,1001.84,792,1004,803,10,2023,1,7,5,17537.73,32164.943
5,13.18,371,237,190,3,2024,10,13,6,2225.62,4091.9272
2,2249.24,1851,1075,860,9,2023,3,3,4,69215.27,62746.664
5,39.03,584,553,443,7,2024,9,21,5,9221.43,4077.4468
4,1404.97,654,904,723,9,2024,8,25,6,49078.88,34679.47
4,1447.64,972,603,482,6,2022,8,7,6,41480.59,30968.46
2,1612.9,1913,2150,1720,18,2024,5,26,6,40888.52,51100.21
2,1579.87,1342,2150,1720,18,2024,5,13,0,55153.92,54513.73
1,14.78,1316,418,334,1,2024,8,12,0,724.22,5982.194
0,261.24,875,1357,1086,8,2023,1,3,1,6545.88,6437.5586
1,43.82,928,836,669,2,2024,4,12,4,15888.32,8297.563
2,2735.49,1976,836,669,7,2023,8,7,0,51385.84,51623.836
0,464.19,1109,509,407,3,2024,9,19,3,6920.78,6930.9434
2,2932.07,1614,1194,955,10,2024,12,12,3,55670.37,53367.027
1,45.39,1218,418,334,1,2024,10,16,2,16892.98,8266.358
0,388.35,1234,1357,1086,8,2024,12,12,3,4739.22,6759.057
0,393.55,1096,679,543,4,2023,4,29,5,2200.96,6332.433
0,134.26,1145,1188,950,7,2024,8,5,0,8590.46,7269.5225
2,3834.85,1479,1075,860,9,2024,8,18,6,46515.45,48787.137
4,640.66,673,1004,803,10,2023,8,31,3,53921.79,33405.004
4,715.2,735,502,402,5,2024,4,29,0,41670.58,31973.014
5,68.83,526,712,569,9,2024,11,25,0,4963.88,4522.227
2,2686.06,1511,1194,955,10,2024,12,22,6,65422.52,52112.906
2,1236.0,1824,1553,1242,13,2023,1,4,2,47150.86,52779.94
1,36.43,1172,1672,1338,4,2024,10,26,5,25603.37,10952.907
3,1826.82,256,316,253,9,2023,9,1,4,30345.65,34833.16
5,90.83,485,712,569,9,2024,11,18,0,7398.48,4598.4336
2,2230.34,1681,1075,860,9,2024,12,20,4,33965.6,51948.246
2,1829.69,1637,1911,1529,16,2024,10,24,3,64179.42,57600.785
0,237.03,1201,509,407,3,2024,5,22,2,2143.89,7425.399
1,19.83,883,1672,1338,4,2024,12,16,0,4212.2,7847.5645
1,40.96,997,836,669,2,2024,10,16,2,1854.24,8923.48
1,45.04,1154,418,334,1,2024,2,4,6,13301.12,8785.672
0,301.59,1135,679,543,4,2024,12,28,5,6328.05,9000.912
1,37.63,1286,1672,1338,4,2024,12,26,3,821.52,6463.997
2,2128.21,1710,1075,860,9,2024,2,3,5,72358.96,57367.777
2,3757.87,2015,1433,1147,12,2024,5,19,6,82968.76,72751.98
2,4043.8,1708,2269,1815,19,2023,5,6,5,40717.04,48976.582
4,1173.41,740,603,482,6,2023,10,6,4,10384.95,33828.227
4,409.18,851,502,402,5,2023,10,27,4,41023.75,36039.105
0,251.26,1186,848,679,5,2023,8,26,5,10198.2,8543.846
2,1878.63,1757,1791,1433,15,2024,12,17,1,75924.3,58510.684
2,1489.23,1678,1791,1433,15,2023,12,6,2,76551.05,57189.79
3,478.28,260,281,224,8,2024,8,26,0,38855.48,36088.4
2,3496.16,1307,2030,1624,17,2024,9,30,0,51154.09,54636.996
1,28.43,1080,1672,1338,4,2024,8,5,0,12222.21,8462.735
4,2265.74,1126,703,562,7,2024,12,4,2,12406.33,24225.734
5,65.09,575,237,190,3,2024,9,26,3,4356.48,4205.693
2,3571.06,1329,2150,1720,18,2024,5,7,1,44803.63,53584.984
4,1956.61,1021,1004,803,10,2024,12,16,0,10876.13,28154.72
1,20.75,1113,836,669,2,2024,5,20,0,8998.99,8203.363
2,1282.27,1798,2030,1624,17,2023,10,13,4,60587.55,57357.9
3,460.53,354,175,140,5,2023,10,12,3,10444.78,18325.559
5,64.76,556,237,190,3,2024,9,22,6,708.26,4250.291
0,352.63,1259,1357,1086,8,2024,4,20,5,18265.32,7052.766
2,4042.93,2030,2269,1815,19,2024,12,23,0,37075.25,47097.023
2,2403.72,1549,1911,1529,16,2024,10,6,6,28435.43,46243.953
0,120.77,1210,848,679,5,2024,12,26,3,2375.73,7155.7163
2,627.35,1927,836,669,7,2023,4,3,0,33829.24,49623.184
1,17.17,1068,418,334,1,2024,12,28,5,17638.6,10941.708
2,885.11,1621,1911,1529,16,2021,9,8,2,59946.3,48834.812
2,3668.94,1273,1553,1242,13,2023,11,20,0,49121.72,52564.24
0,75.34,751,1188,950,7,2023,11,27,0,519.63,6693.4507
2,959.16,1744,2150,1720,18,2024,8,6,1,68558.14,63953.234
2,3693.13,1201,2389,1911,20,2023,12,24,6,71664.63,63736.95
5,78.79,406,712,569,9,2024,5,15,2,7361.66,4276.241
5,61.87,351,553,443,7,2024,12,11,2,3232.67,3178.6428
4,1395.4,1126,1205,964,12,2024,12,30,0,14552.4,27974.15
1,48.78,1320,1254,1003,3,2024,12,23,0,5688.48,8280.141
4,717.22,959,703,562,7,2024,9,24,1,42274.04,31119.85
0,77.43,1067,1357,1086,8,2024,12,26,3,11817.03,6198.1094
2,2593.07,1448,1553,1242,13,2024,10,9,2,66385.16,55838.125
0,452.58,975,679,543,4,2024,12,14,5,3052.5,7078.3247
1,21.54,851,418,334,1,2021,5,22,5,1538.04,7136.0923
4,2340.05,1152,904,723,9,2024,6,10,0,21097.63,25930.049
3,798.92,309,456,365,13,2023,5,28,6,65204.8,50621.773
2,3790.69,2043,1791,1433,15,2024,12,16,0,47762.52,48920.38
2,3093.4,1308,1672,1338,14,2023,8,7,0,51791.51,51367.465
4,1660.55,1042,603,482,6,2023,11,28,1,52285.67,33334.41
5,66.26,485,633,506,8,2023,5,15,0,9323.73,4359.0923
2,974.93,1448,1194,955,10,2024,9,14,5,79955.65,58537.95
4,1408.72,865,1004,803,10,2024,2,16,4,26158.64,28506.055
4,2739.02,982,1105,884,11,2024,4,15,0,27201.03,31223.615
4,378.29,985,1306,1044,13,2021,6,6,6,33030.03,29308.316
4,1100.74,841,1205,964,12,2024,6,17,0,40503.04,36107.055
2,2686.06,1511,1194,955,10,2024,4,20,5,65422.52,52058.426
0,371.99,1063,1018,814,6,2024,10,6,6,1429.6,5709.8823
1,21.65,812,418,334,1,2023,12,1,4,4515.5,7600.731
0,461.63,1253,1527,1221,9,2024,11,23,5,16471.52,7834.3643
1,26.2,1040,418,334,1,2024,11,21,3,14276.88,8743.386
4,466.22,769,1004,803,10,2023,6,2,4,31840.95,30724.053
1,2.09,1129,836,669,2,2024,4,25,3,6367.1,7651.6978
4,1691.29,1043,502,402,5,2024,8,14,2,25591.78,30700.188
0,214.02,1080,848,679,5,2024,8,30,4,3187.24,6874.9087
5,6.23,485,633,506,8,2024,8,3,5,652.98,3772.485
4,953.5,746,1105,884,11,2024,8,29,3,13602.86,31367.898
5,54.89,378,633,506,8,2024,1,5,4,3059.99,4114.454
5,90.97,496,316,253,4,2024,9,16,0,8317.77,4324.168
4,1658.29,949,1004,803,10,2024,9,10,1,54372.25,33372.46
0,262.07,937,1357,1086,8,2023,12,12,1,4408.96,6717.4053
1,30.74,1161,1672,1338,4,2024,5,17,4,16663.2,10752.062
4,1781.2,1098,1105,884,11,2024,11,9,5,36169.79,29263.535
5,14.2,474,712,569,9,2022,12,1,3,2636.73,3628.027
1,27.17,1096,1254,1003,3,2024,5,1,2,11386.9,8522.452
5,98.14,399,633,506,8,2024,6,23,6,3177.87,3523.4011
4,2456.33,856,904,723,9,2024,10,18,4,17079.67,26786.955
4,1834.86,874,1105,884,11,2024,1,13,5,21666.44,31200.67
4,2491.21,982,603,482,6,2023,12,6,2,47930.81,31402.191
2,803.1,1303,1075,860,9,2024,12,16,0,70968.81,56182.48
4,1674.59,986,1306,1044,13,2024,12,19,3,15630.88,32141.564
1,3.34,971,836,669,2,2023,5,7,6,8191.04,8139.268
3,404.26,301,210,168,6,2024,4,23,1,27095.77,26660.742
2,1698.08,1882,2269,1815,19,2023,7,25,1,52714.81,49161.39
0,252.24,802,509,407,3,2024,4,13,5,3979.56,6904.2534
4,2112.41,1121,603,482,6,2023,4,17,0,13373.57,28290.508
4,1573.12,977,1205,964,12,2023,12,30,5,13016.17,26583.963
4,1808.95,818,803,643,8,2024,5,10,4,30833.74,33265.273
2,1745.91,1630,1911,1529,16,2024,9,27,4,30070.69,51490.004
5,24.66,585,316,253,4,2023,11,23,3,1820.02,4014.012
1,2.01,1261,418,334,1,2024,10,12,5,5722.09,6897.855
2,3160.58,1986,2389,1911,20,2024,11,23,5,80800.35,71795.03
2,1089.25,1638,1433,1147,12,2024,11,30,5,30971.59,50931.82
0,476.05,1088,1357,1086,8,2024,9,4,2,3800.54,6013.985
2,1034.82,1238,1075,860,9,2024,9,23,0,42772.02,51259.887
2,3531.2,1178,1314,1051,11,2022,11,11,4,33544.75,42594.055
4,1678.19,1033,1004,803,10,2023,8,8,1,13601.5,28852.875
2,2915.13,1724,955,764,8,2024,3,11,0,55496.74,53700.105
5,27.08,482,712,569,9,2024,9,28,5,1351.14,4369.1724
2,1409.67,2007,2150,1720,18,2024,7,12,4,27736.16,55250.33
1,13.94,898,836,669,2,2024,6,2,6,2562.21,7462.8506
0,317.49,1268,679,543,4,2024,12,31,1,3536.2,7504.919
2,3062.47,1641,1911,1529,16,2024,10,28,0,44792.06,49082.023
4,800.32,1041,1306,1044,13,2024,9,7,5,29521.28,36474.953
2,1748.26,1489,836,669,7,2024,3,6,2,59040.41,48337.08
4,2170.98,1070,1105,884,11,2023,12,15,4,20422.8,25514.582
2,3798.2,1626,1791,1433,15,2024,11,29,4,72621.97,54137.004
4,2302.52,795,1004,803,10,2024,12,22,6,45721.48,31643.361
2,2396.78,1706,836,669,7,2024,12,28,5,40959.14,45514.77
3,2466.75,284,245,196,7,2024,11,1,4,13935.51,26126.357
2,1084.65,1564,2269,1815,19,2024,11,1,4,55724.72,56066.29
2,1342.27,1577,836,669,7,2024,5,15,2,44583.06,50732.57
0,336.9,1196,1018,814,6,2020,12,16,2,7916.86,7347.557
1,2.26,1138,836,669,2,2024,7,6,5,236.64,6692.4463
5,68.83,526,712,569,9,2024,11,2,5,4963.88,4404.046
3,1619.59,350,175,140,5,2024,4,28,6,31761.63,41580.246
2,1024.22,1278,1911,1529,16,2023,5,12,4,70157.99,62259.848
4,1426.46,810,1105,884,11,2024,11,2,5,40156.66,34454.51
2,3259.81,1674,1672,1338,14,2024,11,26,1,58077.68,55788.223
3,2450.1,372,175,140,5,2024,12,26,3,76781.92,64755.215
3,818.68,299,316,253,9,2023,8,8,1,16865.52,29141.457
0,352.35,1298,509,407,3,2024,10,4,4,4415.64,7703.072
2,2313.91,1388,1791,1433,15,2023,8,26,5,56330.05,59697.08
4,1672.46,979,603,482,6,2024,9,29,6,11984.1,27931.912
4,594.83,677,1306,1044,13,2024,4,15,0,43883.74,33632.832
3,794.91,240,175,140,5,2024,12,27,4,49487.66,47158.742
0,84.04,1114,848,679,5,2023,10,2,0,3066.22,7478.4326
2,2856.4,1961,1314,1051,11,2023,12,12,1,49317.61,49107.527
0,45.4,939,848,679,5,2024,1,21,6,14861.4,8077.022
1,15.43,968,418,334,1,2023,4,27,3,13932.7,9212.052
4,1418.08,904,603,482,6,2024,9,26,3,53738.23,32850.69
2,1610.81,1684,836,669,7,2024,12,26,3,69013.96,48105.812
2,1002.71,1655,1075,860,9,2022,11,29,1,31253.29,42665.48
2,617.32,1270,2389,1911,20,2024,3,31,6,64260.11,64396.305
4,2620.98,914,1205,964,12,2024,6,9,6,11634.76,26978.598
4,2720.86,1011,703,562,7,2024,12,13,4,24806.14,33854.19
0,252.24,802,509,407,3,2024,7,4,3,3979.56,7007.9604
0,189.22,1279,1357,1086,8,2023,12,23,5,8360.46,6792.0635
5,48.43,353,474,380,6,2024,12,16,0,958.15,3407.315
3,1220.54,323,456,365,13,2023,8,7,0,25090.94,45474.188
2,973.03,1895,1911,1529,16,2024,10,22,1,84652.18,72289.445
3,1543.69,301,175,140,5,2024,9,18,2,37019.09,35219.867
1,31.62,1225,836,669,2,2024,4,11,3,3735.7,7379.248
4,1306.54,695,1205,964,12,2024,10,12,5,34101.98,35004.184
4,2450.69,726,1004,803,10,2024,8,3,5,48841.09,35973.41
4,576.42,858,1306,1044,13,2024,8,26,0,44941.98,38745.1
4,312.22,1021,1306,1044,13,2023,11,14,1,10886.96,27811.436
4,1724.61,983,1105,884,11,2023,11,14,1,16352.07,26119.613
5,67.3,369,395,316,5,2024,12,25,2,5807.64,4174.2397
2,1120.19,1691,955,764,8,2024,12,21,5,75210.89,47763.56
0,171.38,831,679,543,4,2023,8,30,2,3375.82,6797.641
0,245.9,1254,1018,814,6,2024,9,17,1,7531.0,8357.844
4,2072.5,846,502,402,5,2024,10,30,2,27270.62,29198.52
2,1612.9,1913,2150,1720,18,2024,8,14,2,40888.52,51122.293
0,75.34,751,1188,950,7,2024,8,11,6,519.63,6575.2695
2,4060.99,1883,2030,1624,17,2024,12,3,1,78210.12,60569.05
2,2500.44,1213,1194,955,10,2024,7,31,2,43897.51,49101.086
2,4147.39,1852,1314,1051,11,2024,9,1,6,29385.69,45135.496
4,1306.1,1025,1306,1044,13,2023,4,24,0,51120.05,38812.73
2,3952.45,1730,1553,1242,13,2024,7,5,4,43147.16,60091.62
0,201.75,834,1018,814,6,2024,12,18,2,11303.08,6340.603
4,2461.22,754,1306,1044,13,2024,11,24,6,37892.67,29702.488
2,2159.58,1278,955,764,8,2022,8,3,2,49085.75,45075.0
0,446.17,792,848,679,5,2023,8,19,5,17958.96,6628.429
3,2099.61,374,351,281,10,2024,12,14,5,79268.38,60161.35
2,2593.07,1448,1553,1242,13,2024,3,28,3,66385.16,53785.82
1,40.52,1225,836,669,2,2024,7,3,2,3296.12,8266.268
0,234.64,1150,1357,1086,8,2024,7,1,0,7472.18,8057.5195
2,1791.64,1844,1553,1242,13,2021,12,10,4,38326.04,52474.83
5,77.66,464,395,316,5,2024,9,24,1,2352.7,4462.442
0,322.75,1016,679,543,4,2023,9,30,5,3242.08,6596.96
0,495.71,754,679,543,4,2024,4,9,1,14317.05,7480.572
2,4110.34,1165,836,669,7,2024,10,2,2,80036.07,78543.0
1,2.41,1300,1672,1338,4,2024,4,4,3,9300.0,10410.847
2,1782.29,1706,1791,1433,15,2024,1,5,4,54220.15,50789.594
0,438.35,861,848,679,5,2024,5,31,4,1645.2,4932.1
3,1470.46,232,245,196,7,2024,6,1,5,11482.27,21696.254
4,366.27,994,904,723,9,2024,12,13,4,18471.85,29289.902
4,1218.9,1070,803,643,8,2024,5,10,4,16787.23,34004.254
4,2305.76,861,603,482,6,2024,12,31,1,13498.84,29370.578
0,390.44,1056,679,543,4,2024,6,28,4,3388.12,6175.898
2,3952.45,1730,1553,1242,13,2024,1,27,5,43147.16,58916.688
4,1306.54,695,1205,964,12,2024,5,28,1,34101.98,35131.133
2,2203.59,1569,1553,1242,13,2024,5,30,3,59302.46,58046.516
3,1819.55,271,245,196,7,2023,5,7,6,13749.8,33252.316
0,249.84,1161,848,679,5,2024,12,11,2,12087.99,8901.406
4,1000.63,892,1306,1044,13,2024,11,17,6,52873.59,37142.92
0,118.37,893,1188,950,7,2024,8,21,2,19657.72,6754.6504
2,2338.08,1606,2150,1720,18,2024,8,24,5,81885.61,57566.844
0,134.26,1145,1188,950,7,2024,2,11,6,8590.46,7145.8115
4,1798.58,1156,703,562,7,2023,9,30,5,45799.9,34545.78
2,3551.79,1499,2389,1911,20,2023,7,22,5,76054.01,66560.84
4,2028.71,1085,603,482,6,2024,10,29,1,32454.06,30424.031
4,1218.89,677,1105,884,11,2024,8,24,5,44289.17,35848.18
2,2100.48,1616,2269,1815,19,2024,12,2,0,68878.68,64175.793
2,1878.63,1757,1791,1433,15,2024,2,23,4,75924.3,58447.047
4,1460.63,1146,1306,1044,13,2024,2,16,4,32834.96,40086.652
4,683.86,811,1105,884,11,2024,12,15,6,46501.38,37389.05
1,30.56,856,1672,1338,4,2024,1,28,6,17680.68,8593.689
5,51.75,454,553,443,7,2024,6,13,3,9421.77,4743.9707
2,4044.43,1499,2150,1720,18,2024,10,1,1,42162.41,50693.06
4,542.31,661,803,643,8,2024,11,28,3,46344.2,34216.742
2,2125.55,1301,1075,860,9,2021,2,13,5,37546.13,48059.17
2,1842.01,1264,1553,1242,13,2024,11,28,3,49787.19,55403.594
1,12.67,965,418,334,1,2024,1,15,0,8221.68,9168.294
3,711.41,374,456,365,13,2021,1,16,5,43677.54,42432.617
3,492.1,361,316,253,9,2023,3,27,0,33825.59,24577.055
2,2981.6,1431,1553,1242,13,2024,9,1,6,30136.76,53385.42
2,1091.6,1725,1433,1147,12,2024,11,4,0,70948.81,61052.957
2,2006.88,1196,2150,1720,18,2023,11,28,1,61679.18,55428.84
3,465.86,346,210,168,6,2024,2,5,0,49466.22,37984.58
4,1065.28,719,502,402,5,2023,8,25,4,22728.97,31287.38
2,2561.07,1872,1075,860,9,2024,2,12,0,64767.62,55160.582
0,127.15,770,1188,950,7,2024,11,23,5,3157.46,5677.959
4,1678.19,1033,1004,803,10,2024,9,11,2,13601.5,28898.291
4,2258.62,875,603,482,6,2024,12,31,1,33741.08,29350.814
2,2062.84,1234,1911,1529,16,2024,10,14,0,53948.98,53726.414
2,3321.01,1953,1911,1529,16,2024,8,23,4,47697.81,52801.562
2,3752.54,1704,2269,1815,19,2023,11,17,4,75278.21,63754.344
2,2785.74,1304,2389,1911,20,2023,7,28,4,71657.72,68607.83
4,366.27,994,904,723,9,2024,9,24,1,18471.85,29289.902
2,1551.59,1352,1672,1338,14,2023,1,28,5,68640.4,61000.703
1,42.48,1180,1672,1338,4,2024,12,25,2,15805.01,8165.8755
1,34.9,1248,836,669,2,2024,11,11,0,15101.32,7972.3784
4,431.45,1029,1205,964,12,2023,8,15,1,33962.0,25764.695
2,1287.43,1653,1075,860,9,2022,8,2,1,52301.58,44694.145
4,1612.69,898,1004,803,10,2024,1,6,5,25042.06,31717.541
2,2712.48,1896,1314,1051,11,2020,6,20,5,62359.13,54633.87
4,2729.49,717,603,482,6,2022,11,21,0,47483.01,42219.816
0,304.79,1067,1527,1221,9,2024,5,24,4,1998.76,6187.354
5,37.53,442,474,380,6,2024,12,22,6,1139.06,4183.029
0,289.35,943,1357,1086,8,2023,2,20,0,8800.56,6662.9263
4,1994.18,961,904,723,9,2024,12,12,3,10245.68,29179.682
2,3335.68,1273,1911,1529,16,2024,7,27,5,46846.36,52684.023
2,3094.03,1583,1433,1147,12,2023,12,14,3,34734.23,44131.555
2,1413.44,1823,1672,1338,14,2023,9,5,1,62210.59,58789.63
1,20.03,827,836,669,2,2023,5,1,0,16772.5,9405.636
4,545.73,1066,904,723,9,2024,11,7,3,54892.23,39719.035
5,41.78,438,712,569,9,2023,4,8,5,5204.16,4631.2075
2,4163.15,1398,1075,860,9,2024,11,29,4,65054.93,67476.695
2,1418.56,1689,836,669,7,2022,11,21,0,31047.7,45395.395
2,3219.47,2038,1075,860,9,2024,4,8,0,60834.38,62765.324
2,1645.49,1215,955,764,8,2024,12,28,5,56168.53,51314.117
4,2343.45,812,1306,1044,13,2024,3,15,4,10098.79,25446.842
3,524.14,254,245,196,7,2024,5,11,5,26625.05,30178.39
0,46.64,1187,848,679,5,2024,12,25,2,17614.56,8662.106
0,51.68,993,848,679,5,2024,9,8,6,1877.44,8072.7754
3,1308.79,231,316,253,9,2023,8,18,4,7958.69,22171.191
2,2331.9,1802,1433,1147,12,2024,5,3,4,38655.58,48726.66
2,559.7,1691,2389,1911,20,2024,10,28,0,73638.17,71705.57
4,2461.22,754,1306,1044,13,2024,10,3,3,37892.67,29696.562
0,168.56,810,1357,1086,8,2020,5,19,1,2832.54,6309.207
4,1821.13,846,603,482,6,2023,9,6,2,48060.31,33706.773
1,7.94,993,1254,1003,3,2024,5,27,0,22461.66,8825.051
5,73.28,567,553,443,7,2024,9,10,1,6350.74,4242.511
2,3656.77,1385,2269,1815,19,2024,6,4,1,70736.61,61615.99
1,44.36,828,1254,1003,3,2024,7,10,2,966.29,7616.2637
5,88.02,392,395,316,5,2024,7,7,6,484.54,4084.588
0,215.59,1034,1357,1086,8,2020,1,20,0,2212.08,6229.4033
2,4023.86,1770,1672,1338,14,2022,9,11,6,39400.93,48725.2
4,1686.8,1084,904,723,9,2023,9,30,5,50313.39,32707.215
0,301.35,1145,1527,1221,9,2023,2,20,0,1724.28,7103.9956
5,41.72,341,395,316,5,2024,12,31,1,509.57,4085.1516
1,30.58,1148,1672,1338,4,2024,4,25,3,11246.13,8404.071
0,459.44,1290,679,543,4,2023,6,17,5,4338.88,7909.347
2,899.8,1416,1911,1529,16,2023,10,22,6,45272.57,49797.09
0,269.33,1231,1357,1086,8,2024,9,6,4,6947.1,7350.519
0,46.64,1187,848,679,5,2024,4,29,0,17614.56,8607.627
1,4.55,1038,836,669,2,2023,10,16,0,3589.6,7830.6597
5,56.67,353,712,569,9,2024,4,21,6,497.11,3875.7969
2,1622.26,1901,2269,1815,19,2024,11,3,6,54118.97,54685.426
3,200.32,390,316,253,9,2024,5,9,3,81142.08,54388.42
2,3670.61,1164,2150,1720,18,2023,7,23,6,69765.4,61745.38
4,1741.19,696,1105,884,11,2023,12,27,2,28601.28,30570.178
4,2100.43,894,703,562,7,2024,12,7,5,8179.82,29480.027
1,46.98,1070,1254,1003,3,2023,12,12,1,5931.7,8786.942
1,12.78,979,1254,1003,3,2024,12,23,0,21492.8,8825.051
0,114.72,846,509,407,3,2020,11,5,3,9420.4,7179.944
2,2150.21,1536,1194,955,10,2023,7,24,0,59496.98,44250.86
4,885.65,1128,803,643,8,2024,12,18,2,9344.55,28340.701
4,1278.5,1013,1205,964,12,2022,12,8,3,26702.01,30500.703
3,1810.84,250,245,196,7,2024,7,20,5,33300.63,32358.818
2,3814.76,1291,1911,1529,16,2024,5,21,1,28622.48,48400.89
5,23.8,349,474,380,6,2023,5,24,2,11093.13,4135.022
3,2249.57,353,210,168,6,2024,8,16,4,13733.33,32162.477
4,365.37,1061,904,723,9,2024,1,21,6,30564.7,29545.441
4,850.98,676,1105,884,11,2024,11,16,5,46946.81,35120.312
4,1171.83,1072,1004,803,10,2023,4,27,3,31316.81,34247.14
1,13.57,1215,418,334,1,2024,11,15,4,1317.4,6059.5703
5,41.67,353,474,380,6,2024,3,25,0,7271.58,3416.4272
2,1395.73,1265,836,669,7,2024,12,12,3,49928.5,49327.75
5,22.46,398,237,190,3,2023,7,19,2,522.78,3656.7153
5,74.54,588,474,380,6,2024,11,20,2,4535.46,4410.616
5,98.43,403,316,253,4,2024,11,12,1,6057.15,3742.0415
0,65.77,1204,1357,1086,8,2024,6,26,2,7361.42,6220.899
1,41.14,807,418,334,1,2023,11,3,4,2438.4,7529.7573
0,265.31,924,1188,950,7,2024,12,12,3,7934.12,7150.6074
2,2260.15,1678,2389,1911,20,2024,7,16,1,32453.34,46556.637
5,68.22,515,712,569,9,2023,11,17,4,1037.28,4522.227
0,96.05,897,1188,950,7,2024,6,13,3,2063.53,6754.6504
2,4044.42,1296,1553,1242,13,2024,12,6,4,67914.0,61587.285
2,1332.94,1234,2389,1911,20,2024,9,11,2,38821.3,47453.56
2,3373.57,2017,2269,1815,19,2023,11,20,0,32530.13,50946.453
4,2128.22,1123,1306,1044,13,2024,12,21,5,47987.87,32862.312
0,52.62,1041,1527,1221,9,2024,6,26,2,6746.16,7161.8228
0,465.56,870,509,407,3,2024,3,9,5,2029.41,6735.832
1,37.87,1139,1672,1338,4,2023,7,15,5,4964.96,8017.3706
2,4170.2,1949,2150,1720,18,2024,12,31,1,29158.32,47276.527
0,408.35,1083,848,679,5,2023,10,14,5,3279.02,6681.729
5,42.56,433,633,506,8,2023,6,2,4,7088.02,4547.2617
1,13.57,1215,418,334,1,2024,8,17,5,1317.4,6096.424
5,52.06,477,712,569,9,2023,6,10,5,1045.04,4480.2524
4,345.39,742,1105,884,11,2024,11,22,4,47608.4,40932.875
2,2148.43,2005,1194,955,10,2024,12,13,4,39574.98,48796.74
0,59.64,1202,509,407,3,2024,9,20,4,13443.66,6952.399
5,28.71,377,237,190,3,2024,6,16,6,618.88,4004.7168
0,69.89,1116,1018,814,6,2024,12,31,1,3918.26,6735.0664
1,21.77,966,1254,1003,3,2024,12,12,3,2400.4,8723.205
1,46.45,1225,1672,1338,4,2024,1,21,6,15787.08,8088.6216
2,1860.6,1328,1194,955,10,2024,8,21,2,45977.12,52565.957
0,465.56,870,509,407,3,2021,11,29,0,2029.41,6873.7007
1,25.26,835,836,669,2,2024,12,7,5,5322.2,7664.0557
2,1255.53,1695,1672,1338,14,2024,12,28,5,30149.11,54984.535
2,3186.09,1351,1075,860,9,2024,9,18,2,55329.54,53991.004
0,468.56,795,1018,814,6,2023,12,21,3,2637.33,5482.1304
2,3767.76,1553,955,764,8,2024,5,3,4,81165.2,61511.207
2,768.75,1394,1314,1051,11,2023,11,7,1,58448.98,59497.3
4,1453.99,799,803,643,8,2024,5,20,0,47782.97,37070.348
2,2261.94,1941,2269,1815,19,2022,11,8,1,37032.79,53661.402
4,1399.14,987,1004,803,10,2023,1,6,4,11753.1,29536.094
4,1043.67,1014,803,643,8,2024,9,11,2,31545.98,31568.764
2,4016.33,1938,1791,1433,15,2024,4,11,3,37807.85,46049.21
4,1877.94,773,1004,803,10,2024,9,14,5,39184.93,34563.105
4,2416.24,690,904,723,9,2022,10,6,3,29066.87,31492.594
2,2981.6,1431,1553,1242,13,2024,7,10,2,30136.76,54416.41
5,94.96,550,553,443,7,2023,1,8,6,3561.94,4221.6987
0,479.96,792,1357,1086,8,2024,1,30,1,1977.15,5505.8696
3,413.01,230,351,281,10,2024,3,19,1,33706.55,34668.71
0,86.22,1066,509,407,3,2024,4,22,0,5264.24,7223.879
4,936.4,773,904,723,9,2024,6,1,5,28736.58,31963.99
0,55.96,1099,1357,1086,8,2024,9,22,6,2146.24,6889.737
4,2159.44,877,803,643,8,2024,12,26,3,10207.44,28090.416
1,2.09,1129,836,669,2,2024,5,19,6,6367.1,7683.4004
1,7.7,1114,1672,1338,4,2024,9,15,6,5702.1,6138.2544
4,509.96,1063,703,562,7,2023,12,6,2,51161.71,36537.633
2,1196.85,1901,2269,1815,19,2022,9,30,4,40218.16,50733.47
1,31.28,1220,836,669,2,2024,2,10,5,11150.28,7353.581
4,2060.42,1104,1105,884,11,2024,6,12,2,26793.26,30040.514
2,1899.4,1511,1911,1529,16,2024,10,15,1,70516.56,57435.33
4,1494.83,721,1105,884,11,2020,11,18,2,43821.95,34966.586
4,1743.87,804,502,402,5,2023,9,22,4,19996.0,30749.195
1,16.23,939,836,669,2,2024,12,12,3,4569.24,7961.125
0,333.06,916,848,679,5,2022,5,10,1,1583.59,7200.465
2,3935.96,1482,1553,1242,13,2024,12,20,4,31015.89,54378.598
3,846.22,314,386,309,11,2024,11,5,1,32433.21,35272.43
2,2802.12,1270,1314,1051,11,2023,8,18,4,60412.5,62053.63
2,2055.21,1549,1672,1338,14,2024,8,23,4,68313.11,55971.844
0,174.15,1048,848,679,5,2024,12,15,6,11739.99,7017.556
2,3189.19,1964,1791,1433,15,2024,8,13,1,59423.46,58236.664
2,2238.46,2008,1672,1338,14,2023,4,12,2,61160.9,59448.53
0,138.85,793,1188,950,7,2023,11,24,4,2740.52,6356.358
4,1507.08,1141,703,562,7,2023,12,1,4,47272.34,38461.027
0,455.3,1206,1018,814,6,2024,6,24,0,15155.52,7929.0957
1,14.3,1036,1672,1338,4,2024,5,28,1,6608.64,7841.43
2,2096.17,1516,955,764,8,2024,6,23,6,66094.98,62206.195
0,425.73,1197,679,543,4,2024,10,14,0,5920.46,7808.9893
2,2756.86,1601,1075,860,9,2024,11,9,5,64992.07,52663.79
4,1395.4,1126,1205,964,12,2024,3,5,1,14552.4,27963.234
4,2032.89,1016,1004,803,10,2024,12,18,2,9197.72,28140.527
1,28.43,1080,1672,1338,4,2024,12,12,3,12222.21,8419.17
3,242.7,326,386,309,11,2024,9,2,0,63500.36,47859.76
3,1405.88,366,351,281,10,2024,10,22,1,13686.87,31106.273
0,491.08,1276,1018,814,6,2023,8,8,1,9652.86,7368.5137
4,282.13,1010,603,482,6,2024,9,13,4,22521.61,31131.006
2,3907.13,1374,1314,1051,11,2023,9,26,1,46719.82,49419.96
2,4143.1,1438,2269,1815,19,2023,6,8,3,77133.23,59538.74
2,3219.47,2038,1075,860,9,2024,8,13,1,60834.38,62719.824
4,2738.42,809,502,402,5,2022,7,6,2,44992.66,38987.285
2,1150.98,1411,955,764,8,2024,12,23,0,73638.64,62095.1
5,51.07,346,553,443,7,2024,1,30,1,1272.32,3930.6863
4,1426.08,902,904,723,9,2021,9,30,3,10710.14,31179.08
0,250.76,820,1357,1086,8,2024,12,4,2,1760.98,6290.3784
2,2535.14,1836,2150,1720,18,2023,11,22,2,64504.16,57556.01
3,1204.01,298,210,168,6,2024,2,3,5,68449.3,54737.652
1,42.9,879,418,334,1,2024,9,22,6,10230.48,7852.8887
2,1905.91,1472,1911,1529,16,2023,7,21,4,68683.19,55319.617
5,19.63,406,237,190,3,2024,12,18,2,2867.32,3991.419
4,343.58,1084,703,562,7,2023,5,26,4,15362.56,30648.545
4,1398.75,1035,603,482,6,2024,11,21,3,19512.09,31342.393
2,2090.72,1486,955,764,8,2024,11,1,4,53478.94,51768.734
4,2532.58,960,502,402,5,2024,12,25,2,26858.21,33708.99
2,3638.35,1407,1075,860,9,2024,3,7,3,60608.75,54771.71
1,40.27,973,418,334,1,2022,6,13,0,2200.32,8754.891
2,3720.02,1766,2150,1720,18,2023,12,26,1,32958.23,46314.496
1,15.06,763,836,669,2,2024,12,22,6,2174.8,6821.228
4,243.6,1047,1306,1044,13,2024,7,17,2,29940.3,32484.541
5,89.25,466,316,253,4,2024,11,7,3,1943.21,4443.9395
0,322.75,1016,679,543,4,2022,2,7,0,3242.08,6671.087
2,2709.53,1561,1672,1338,14,2023,5,17,2,39032.55,51965.477
3,1074.99,302,351,281,10,2024,12,21,5,19686.34,29868.736
2,958.8,1633,1194,955,10,2024,6,20,3,78693.46,64840.43
4,2679.19,1094,904,723,9,2024,7,16,1,54223.51,36113.035
1,44.09,1206,418,334,1,2024,1,9,1,6963.3,8211.881
4,2245.37,837,1105,884,11,2024,12,4,2,35566.19,30064.326
4,422.1,918,603,482,6,2024,6,29,5,51833.38,38400.047
4,1331.79,861,904,723,9,2024,11,1,4,27226.75,28126.47
4,2548.92,927,803,643,8,2024,6,24,0,31575.36,31304.336
2,996.42,1414,1791,1433,15,2024,11,22,4,77019.77,64459.004
4,1233.93,1062,803,643,8,2024,12,21,5,29773.53,33023.863
5,78.66,422,237,190,3,2024,4,10,2,948.27,4532.6006
4,2425.88,976,904,723,9,2024,9,13,4,21321.43,27421.416
1,15.06,763,836,669,2,2023,4,24,0,2174.8,6936.5186
0,437.01,758,1018,814,6,2023,12,18,0,2622.68,5996.054
2,1181.57,1374,2030,1624,17,2023,11,20,0,60312.83,55910.594
0,92.45,1184,1527,1221,9,2024,12,13,4,835.4,6383.9604
2,1188.66,1812,1314,1051,11,2024,7,19,4,27136.47,45221.863
0,391.37,1174,509,407,3,2024,1,20,5,11443.24,7153.849
3,268.88,229,245,196,7,2024,8,11,6,22517.77,25536.39
1,2.09,1129,836,669,2,2024,6,12,2,6367.1,7706.177
4,1420.17,813,803,643,8,2024,7,4,3,47023.51,36475.125
1,9.21,878,836,669,2,2024,9,22,6,1953.25,8054.224
0,62.93,1189,1188,950,7,2024,8,5,0,7929.28,6499.4805
0,297.32,932,848,679,5,2024,5,16,3,648.63,7367.2676
2,3162.96,1943,2150,1720,18,2024,12,21,5,78881.99,58626.355
0,233.69,789,848,679,5,2024,9,19,3,18046.72,8347.328
2,3980.07,1251,1433,1147,12,2024,2,20,1,68900.07,59675.375
3,2450.36,270,281,224,8,2024,10,11,4,58957.52,52245.99
4,1344.03,762,603,482,6,2024,6,18,1,42719.05,32513.016
3,473.08,392,421,337,12,2024,8,14,2,89794.3,61637.28
4,1400.22,1009,603,482,6,2024,10,28,0,25938.8,30872.912
5,81.76,564,395,316,5,2023,12,19,1,656.73,4260.4746
1,26.31,770,836,669,2,2024,6,14,4,15368.98,9170.65
0,297.16,1029,1357,1086,8,2024,12,15,6,1305.6,5621.4316
4,270.02,751,1105,884,11,2024,4,16,1,38790.8,39055.473
4,1113.63,823,502,402,5,2023,6,10,5,53618.69,35846.695
2,1052.65,1866,1075,860,9,2024,7,21,6,37293.19,50457.773
0,52.62,1041,1527,1221,9,2024,5,21,1,6746.16,7161.8228
2,2756.35,1220,1433,1147,12,2024,1,29,0,36492.17,48934.613
0,142.43,1309,1188,950,7,2024,12,22,6,9647.2,7027.08
2,1620.11,1199,1553,1242,13,2024,9,18,2,72426.02,53801.28
2,3092.34,1333,1433,1147,12,2024,2,5,0,29400.42,46155.715
2,3656.77,1385,2269,1815,19,2024,2,5,0,70736.61,61561.508
1,36.0,1165,836,669,2,2024,8,12,0,3411.87,9226.945
0,33.72,1296,1188,950,7,2024,12,11,2,9788.52,7784.2417
0,57.78,1177,1527,1221,9,2023,8,19,5,6031.3,6361.184
2,933.82,1521,1433,1147,12,2024,11,14,3,66413.01,59490.594
2,3706.9,1563,1911,1529,16,2023,4,22,5,63983.8,56780.145
0,261.24,875,1357,1086,8,2023,8,14,0,6545.88,6448.4727
4,579.03,1104,904,723,9,2023,8,9,2,23501.01,31447.17
2,4037.36,1394,1911,1529,16,2024,1,11,3,74285.65,61876.785
4,243.58,1029,1105,884,11,2024,5,2,3,40945.77,36704.305
4,1867.26,1090,803,643,8,2021,8,22,6,51325.59,35260.332
1,19.54,1262,836,669,2,2024,7,26,4,10640.7,8302.02
0,345.33,912,1527,1221,9,2024,10,19,5,4065.2,6630.834
4,846.76,751,1306,1044,13,2024,12,14,5,13918.51,30391.191
1,41.14,807,418,334,1,2024,6,28,4,2438.4,7486.1924
2,2017.42,1640,2030,1624,17,2024,10,13,6,32877.73,49002.754
1,16.72,791,418,334,1,2024,10,16,2,3443.85,8038.778
2,3307.15,1163,1314,1051,11,2024,3,10,6,28181.42,39143.984
0,156.75,973,679,543,4,2023,9,3,6,5179.24,7599.0186
1,2.85,1055,418,334,1,2020,1,17,4,10630.02,8119.207
2,626.02,1688,1553,1242,13,2023,2,4,5,71694.98,62730.28
5,61.44,366,712,569,9,2024,12,14,5,1657.29,4192.0503
5,7.32,588,474,380,6,2023,7,6,3,6433.76,4301.883
2,1776.41,1424,2269,1815,19,2024,10,31,3,33733.51,46757.297
0,338.0,760,679,543,4,2024,12,26,3,2381.29,6420.2793
5,34.19,343,474,380,6,2024,8,9,4,6964.2,4220.893
4,277.07,690,1004,803,10,2023,7,12,2,19164.24,24082.666
1,8.06,1224,418,334,1,2022,6,26,6,1965.75,5129.368
2,4037.62,1420,1553,1242,13,2024,8,22,3,76686.91,62366.906
4,421.21,1120,1105,884,11,2023,8,21,0,16422.81,23023.523
0,215.25,1216,1188,950,7,2024,4,8,0,5436.24,7054.989
4,2482.11,952,703,562,7,2024,8,17,5,28801.34,30309.59
2,1449.58,1568,955,764,8,2024,5,28,1,28689.77,44930.734
5,73.41,536,474,380,6,2024,7,8,0,11165.28,4699.026
4,631.12,690,904,723,9,2024,10,15,1,9604.62,32366.543
4,402.11,1067,1004,803,10,2024,2,3,5,37945.24,36453.953
3,663.19,361,210,168,6,2023,3,29,2,56268.72,38495.395
0,268.5,1149,848,679,5,2024,1,12,4,4134.74,7927.839
1,28.16,1242,418,334,1,2024,8,9,4,2980.54,7180.9927
4,802.13,937,1004,803,10,2022,10,24,0,13023.06,28194.572
4,505.47,668,603,482,6,2024,8,8,3,38957.27,30942.37
4,854.72,783,1004,803,10,2024,11,18,0,26069.02,32650.453
2,4193.72,1974,2150,1720,18,2023,8,5,5,63604.42,57459.88
0,170.77,1276,1357,1086,8,2023,1,12,3,4189.56,6760.361
2,2135.88,1607,1433,1147,12,2022,3,25,4,52022.01,49517.57
2,1449.46,2043,2030,1624,17,2023,3,10,4,52836.14,56841.633
0,264.68,1204,1527,1221,9,2024,12,4,2,2450.35,7513.5806
1,10.22,786,1672,1338,4,2023,12,23,5,15005.79,7621.436
2,686.31,1466,1314,1051,11,2024,12,11,2,28648.47,49358.23
2,559.08,1541,2150,1720,18,2024,6,27,3,68083.62,59465.03
2,1702.49,1791,955,764,8,2024,10,4,4,61635.03,54383.59
2,2179.56,1798,1194,955,10,2022,10,21,4,50356.25,42738.57
5,39.88,597,395,316,5,2023,10,15,6,3875.78,4426.445
2,1539.11,1217,1075,860,9,2024,8,22,3,76368.86,58660.37
3,2450.36,270,281,224,8,2024,8,7,2,58957.52,52745.113
2,3385.18,1879,1433,1147,12,2023,6,21,2,45024.64,52492.906
0,460.06,822,509,407,3,2024,12,27,4,14083.89,7434.299
1,45.03,1208,1672,1338,4,2024,8,31,5,15519.36,8192.076
2,1019.58,1723,1553,1242,13,2024,7,2,1,54234.2,53530.61
0,394.34,960,679,543,4,2021,3,13,5,2979.84,6926.2593
5,29.96,537,712,569,9,2024,1,31,2,4447.4,4484.463
4,1490.91,918,1004,803,10,2023,7,11,1,48886.83,37863.254
2,3911.42,1667,1911,1529,16,2024,11,14,3,40731.68,48314.9
2,2125.55,1301,1075,860,9,2023,7,26,2,37546.13,47984.777
5,25.06,437,633,506,8,2023,10,7,5,6729.66,4135.949
3,1977.81,392,421,337,12,2024,8,16,4,19255.42,29899.746
4,1303.17,762,1306,1044,13,2023,9,18,0,15039.32,32664.873
2,1011.35,1489,955,764,8,2024,9,9,0,51290.47,48545.227
0,134.74,783,1527,1221,9,2024,12,25,2,17103.32,6280.611
4,435.35,1042,1205,964,12,2023,4,26,2,21013.78,24403.635
4,1072.45,1077,703,562,7,2024,1,11,3,40466.98,35194.355
1,36.0,1165,836,669,2,2024,10,11,4,3411.87,9226.945
2,2413.08,1254,1433,1147,12,2024,1,16,1,34693.48,48115.914
4,2001.38,751,904,723,9,2024,12,24,1,36848.88,29182.477
0,271.72,999,1357,1086,8,2024,10,11,4,9243.04,6835.533
4,1649.55,1113,502,402,5,2023,12,27,2,44790.4,31655.129
2,775.17,1548,2269,1815,19,2023,10,20,4,44246.82,47464.54
0,407.41,746,1357,1086,8,2024,7,27,5,11674.86,8288.246
5,72.26,489,553,443,7,2024,12,16,0,1042.2,4444.4785
0,497.62,1141,1188,950,7,2024,12,15,6,7625.04,7002.9375
0,94.63,793,1188,950,7,2023,8,1,1,3005.06,6399.923
3,460.53,354,175,140,5,2024,12,22,6,10444.78,16709.37
4,2678.84,738,1004,803,10,2024,11,8,4,44213.76,40082.44
0,488.15,859,848,679,5,2024,11,5,1,2902.11,5676.4077
4,559.17,1025,1004,803,10,2024,12,14,5,10400.72,31558.152
0,238.48,1016,1188,950,7,2024,8,20,1,12931.92,7583.0376
2,4058.3,1639,1553,1242,13,2023,3,24,4,29175.84,50588.96
0,308.77,1272,679,543,4,2023,11,9,3,15285.56,7862.824
0,215.89,1272,509,407,3,2024,9,9,0,13110.96,8224.984
2,1345.74,1239,1911,1529,16,2024,8,8,3,32832.73,48372.65
3,2146.27,328,245,196,7,2023,4,9,6,13873.44,31927.936
0,291.62,1204,509,407,3,2024,12,20,4,12277.28,7602.068
1,6.9,1133,1672,1338,4,2022,12,10,5,5088.33,5968.434
1,42.9,879,418,334,1,2024,11,6,2,10230.48,7891.185
5,81.13,583,712,569,9,2023,9,8,4,4168.05,4646.4346
0,178.37,774,509,407,3,2024,11,9,5,3633.88,6131.8047
2,886.8,1859,2389,1911,20,2024,10,24,3,36277.24,41757.34
0,117.62,1205,1188,950,7,2024,11,22,4,7527.24,6455.9155
2,2480.63,1579,1791,1433,15,2024,9,24,1,28988.23,49915.46
2,2722.51,1296,1672,1338,14,2024,12,31,1,39521.67,53319.34
5,95.58,570,395,316,5,2024,5,11,5,6040.92,4561.0156
2,2078.61,1320,1791,1433,15,2023,5,26,4,55135.29,54823.008
5,38.87,441,474,380,6,2022,12,17,5,1959.64,4199.497
2,1867.32,1601,1194,955,10,2024,10,3,3,52666.09,52241.438
4,2716.42,911,803,643,8,2024,10,5,5,36482.21,33333.84
0,120.77,1210,848,679,5,2023,3,10,4,2375.73,7101.2373
1,38.22,796,1254,1003,3,2024,12,13,4,11187.96,7632.0186
2,3126.94,1973,1314,1051,11,2024,4,9,1,77192.46,59399.297
4,1015.24,1012,703,562,7,2024,6,25,1,42959.61,31766.908
3,313.93,230,281,224,8,2024,12,18,2,39061.15,37948.348
4,2192.71,807,703,562,7,2024,10,6,6,45411.09,30460.627
4,2144.8,809,1105,884,11,2020,10,19,0,27293.48,29645.496
0,469.53,839,1018,814,6,2024,1,15,0,3573.92,6009.2344
4,2118.7,906,1205,964,12,2024,12,4,2,28285.73,28546.326
2,2269.09,1426,1791,1433,15,2023,8,9,2,76601.17,61212.74
0,59.64,1202,509,407,3,2024,3,7,3,13443.66,6941.485
3,1644.0,234,351,281,10,2024,4,29,0,16192.3,24012.676
0,178.27,899,1188,950,7,2023,3,2,3,11714.52,7010.48
5,96.0,357,474,380,6,2024,6,15,5,1478.4,4016.9995
1,20.13,1222,1254,1003,3,2024,7,6,5,1674.52,7369.463
4,466.22,769,1004,803,10,2023,7,29,5,31840.95,30465.678
3,460.95,290,386,309,11,2024,10,20,6,90128.2,67928.07
5,68.63,392,553,443,7,2024,12,28,5,1194.3,4006.995
0,371.99,1063,1018,814,6,2024,7,17,2,1429.6,5735.5493
4,384.61,728,1306,1044,13,2024,9,8,6,46186.56,40138.74
2,1977.13,1751,1314,1051,11,2024,4,21,6,25765.35,45511.24
0,410.11,1041,1357,1086,8,2023,2,3,4,3905.22,6157.5684
2,2783.02,1562,2030,1624,17,2024,12,3,1,43293.81,46579.285
1,34.9,1248,836,669,2,2024,10,22,1,15101.32,7972.3784
2,3200.89,1742,955,764,8,2024,12,17,1,45430.34,54836.76
2,1057.74,1605,836,669,7,2024,6,18,1,41296.81,49840.76
2,2535.14,1836,2150,1720,18,2024,3,14,3,64504.16,57618.113
0,28.88,910,1188,950,7,2024,8,16,4,12133.05,7922.214
0,212.98,952,1018,814,6,2024,6,21,4,11930.55,7293.5503
1,23.18,912,836,669,2,2024,7,14,6,9591.89,8485.041
3,1068.71,301,386,309,11,2024,12,19,3,37690.98,31654.537
2,992.95,1554,1075,860,9,2024,10,29,1,67102.51,57265.035
2,1130.96,1650,1791,1433,15,2024,9,10,1,56198.66,51312.9
4,2502.17,1087,703,562,7,2024,10,3,3,31545.31,28775.225
4,2206.49,766,1205,964,12,2024,10,9,2,50559.83,31307.314
4,1319.8,785,1004,803,10,2022,2,23,2,29233.68,33985.258
5,23.8,349,474,380,6,2023,1,28,5,11093.13,4678.2217
3,1948.43,356,175,140,5,2020,1,8,2,37693.31,43621.11
1,45.04,1154,418,334,1,2024,8,2,4,13301.12,8846.862
2,2262.91,1192,1911,1529,16,2019,12,7,5,63688.03,59302.52
1,27.05,912,1672,1338,4,2023,2,19,6,6746.18,8374.592
2,3370.09,1577,955,764,8,2022,10,29,5,58008.28,53141.81
1,3.24,1127,418,334,1,2023,8,14,0,1232.0,5508.5254
4,2184.91,870,1004,803,10,2024,5,30,3,38043.72,27490.025
1,15.44,1076,418,334,1,2024,12,10,1,5979.03,8972.312
1,2.85,1055,418,334,1,2022,2,26,5,10630.02,8158.9507
2,1467.51,1685,1553,1242,13,2024,12,16,0,64194.06,56357.41
2,3494.3,1601,1433,1147,12,2024,12,31,1,75194.14,66064.49
2,2044.61,1465,1433,1147,12,2024,10,13,6,49803.53,51225.945
1,26.11,1282,418,334,1,2024,12,19,3,9489.7,7667.4937
2,1547.24,1557,2030,1624,17,2024,6,6,3,51177.93,56427.42
2,4221.64,1373,1553,1242,13,2024,3,25,0,64611.67,57587.285
1,21.93,1170,836,669,2,2024,12,15,6,1628.56,7062.065
2,3254.72,1589,2030,1624,17,2024,9,1,6,77395.55,56233.746
4,281.65,701,502,402,5,2024,7,4,3,44978.06,30494.365
1,31.45,881,418,334,1,2023,12,23,5,3499.12,7907.6543
1,5.19,1202,418,334,1,2024,2,9,4,10929.45,7490.545
4,423.53,732,1105,884,11,2024,10,4,4,47326.39,38318.06
2,3614.54,1758,1194,955,10,2023,4,1,5,39197.15,56443.1
4,2633.2,1128,904,723,9,2023,12,24,6,24644.22,26304.047
1,23.06,887,418,334,1,2024,10,17,3,2014.6,6952.5747
4,323.98,768,1205,964,12,2024,9,11,2,25048.75,30911.412
2,1579.87,1342,2150,1720,18,2024,7,28,6,55153.92,54692.836
4,1099.32,1010,904,723,9,2024,10,8,1,40483.76,32650.816
5,49.28,522,633,506,8,2023,6,22,3,2427.03,4327.2676
4,662.56,681,1004,803,10,2024,1,24,2,34651.33,33535.4
5,76.76,476,237,190,3,2023,5,31,2,2148.78,4407.66
2,3010.68,1623,1433,1147,12,2023,7,7,4,69046.48,58431.066
0,237.55,1151,509,407,3,2024,3,30,5,2998.36,7397.122
5,62.34,536,395,316,5,2024,10,26,5,6923.26,4707.3955
1,44.64,1072,1254,1003,3,2024,1,17,2,1140.76,8732.465
0,332.77,1156,1527,1221,9,2024,9,4,2,3010.5,7336.648
5,29.91,447,474,380,6,2024,1,14,6,383.4,4254.2627
4,2505.96,908,603,482,6,2024,5,12,6,11861.53,30491.87
5,44.21,438,395,316,5,2023,12,24,6,9861.99,5861.3584
4,2651.08,864,1306,1044,13,2024,12,12,3,43400.72,38498.06
1,34.21,948,1672,1338,4,2022,9,26,0,6380.25,9094.898
0,210.3,1065,679,543,4,2024,3,3,6,2594.54,7169.9097
0,120.77,1210,848,679,5,2023,12,17,6,2375.73,7130.0493
4,2582.1,871,904,723,9,2024,3,27,2,12597.21,23333.531
2,1375.91,1707,955,764,8,2024,1,6,5,28101.27,40117.234
0,207.94,1009,1357,1086,8,2023,8,7,0,5548.24,6554.1436
0,377.71,834,509,407,3,2024,10,26,5,10368.6,6751.7705
5,14.26,485,316,253,4,2023,5,8,0,1086.22,3322.7415
2,1652.37,1329,1314,1051,11,2024,12,11,2,81799.77,56012.105
3,2014.2,246,351,281,10,2024,12,12,3,62973.36,46651.793
4,2034.23,1056,904,723,9,2023,1,8,6,14985.64,28585.078
4,1775.46,1060,1105,884,11,2024,3,31,6,14289.57,27403.795
2,3993.0,1343,2389,1911,20,2024,11,15,4,53337.4,56865.137
2,2465.54,1951,1314,1051,11,2024,10,18,4,63449.97,51512.19
1,26.24,1076,418,334,1,2023,11,27,0,26631.92,8950.638
2,3008.13,1327,1672,1338,14,2024,11,14,3,43999.21,52431.46
4,2371.62,903,803,643,8,2024,5,6,0,36643.44,35373.42
0,39.65,1007,1018,814,6,2024,5,31,4,5989.08,7392.313
3,1299.74,370,456,365,13,2024,11,30,5,98607.14,69651.75
0,388.35,1234,1357,1086,8,2024,1,17,2,4739.22,6704.578
2,3614.54,1758,1194,955,10,2024,4,13,5,39197.15,56025.44
5,14.74,361,237,190,3,2024,9,4,2,2175.75,3417.9187
1,31.76,968,1672,1338,4,2023,10,18,2,1939.7,8573.296
4,915.4,921,603,482,6,2024,12,8,6,19929.47,30146.055
2,3163.32,1549,955,764,8,2024,1,13,5,72879.72,58853.484
4,650.15,902,603,482,6,2022,9,29,3,45793.96,33230.016
3,2054.82,346,421,337,12,2024,6,29,5,41871.9,36400.895
2,4043.8,1708,2269,1815,19,2024,5,15,2,40717.04,48502.656
5,87.46,470,237,190,3,2024,12,18,2,3476.57,4407.66
2,1748.26,1489,836,669,7,2024,7,29,0,59040.41,48520.242
2,2541.56,1461,955,764,8,2024,2,23,4,74971.44,56445.883
0,370.26,889,509,407,3,2023,10,18,2,4458.62,6816.8003
2,2526.68,1918,1194,955,10,2024,12,12,3,43932.19,50186.69
2,1698.3,1886,1075,860,9,2024,12,13,4,69849.71,45689.79
0,55.96,1099,1357,1086,8,2024,3,14,3,2146.24,6858.034
1,49.65,1177,1672,1338,4,2024,12,27,4,4385.16,8165.8755
2,3427.93,1861,1791,1433,15,2024,1,9,1,48075.31,49215.094
1,21.15,1116,836,669,2,2023,4,19,2,11839.52,8148.8877
4,1923.03,928,703,562,7,2023,11,24,4,53298.03,33023.395
3,672.38,355,281,224,8,2023,6,6,1,13395.08,31695.986
3,2022.32,294,351,281,10,2024,11,22,4,53851.7,48985.633
4,1282.94,739,1205,964,12,2024,10,30,2,54036.11,35131.133
1,3.09,1056,1254,1003,3,2024,9,25,2,2973.82,8636.655
5,10.64,588,553,443,7,2024,8,31,5,6394.59,4787.2114
5,12.22,442,237,190,3,2024,11,2,5,7858.48,4934.963
2,3305.31,1639,836,669,7,2024,1,8,0,35671.15,44271.49
2,3263.44,1906,836,669,7,2024,10,23,2,83961.83,64942.375
1,43.15,952,836,669,2,2020,9,4,4,7806.72,8669.712
5,6.43,358,553,443,7,2023,10,1,6,6562.35,4817.4277
2,1667.79,1517,1553,1242,13,2024,7,30,1,48818.82,52761.176
2,1719.39,1496,1553,1242,13,2024,8,1,3,71245.32,52777.83
4,2749.9,959,1205,964,12,2024,9,26,3,8601.22,31528.62
1,16.48,1105,1254,1003,3,2023,2,12,6,2375.52,8331.903
0,437.2,1134,1018,814,6,2024,2,5,0,16919.72,9405.232
0,373.26,955,1018,814,6,2020,11,12,3,8119.54,6566.228
4,568.58,879,703,562,7,2023,12,14,3,14523.22,36108.715
0,300.67,1104,1188,950,7,2024,8,31,5,5620.56,6587.4507
4,852.34,824,1105,884,11,2023,12,23,5,50700.39,32660.32
2,929.42,1220,955,764,8,2024,6,21,4,64213.2,59224.527
4,2174.29,980,904,723,9,2024,6,27,3,34574.33,27625.22
1,16.53,1282,836,669,2,2023,12,8,4,10595.34,9161.828
4,2356.03,740,603,482,6,2023,11,1,2,23685.12,25669.695
5,63.87,547,553,443,7,2023,9,28,3,699.01,4339.88
2,3130.65,1718,2269,1815,19,2023,12,17,6,65876.76,58003.246
2,1257.75,1708,1911,1529,16,2022,12,5,0,34620.93,47117.977
4,1255.28,759,1306,1044,13,2024,10,12,5,27647.63,32768.51
2,2878.45,1845,955,764,8,2024,12,12,3,54672.78,49615.797
5,16.76,347,474,380,6,2024,10,20,6,2201.64,3694.795
2,2631.52,1767,2030,1624,17,2024,6,4,1,63839.91,49929.223
4,1671.45,819,603,482,6,2024,10,19,5,23871.53,32816.12
2,3289.89,1792,1672,1338,14,2024,12,23,0,52003.94,60797.43
2,2271.61,1802,2150,1720,18,2024,6,2,6,74404.37,65495.06
3,756.17,289,456,365,13,2024,11,16,5,57289.46,45032.977
1,30.21,760,1254,1003,3,2022,3,19,5,5143.92,7551.0
4,1166.06,1106,1205,964,12,2024,9,8,6,44833.93,33235.406
4,1130.08,1012,1105,884,11,2024,10,14,0,21522.6,30659.414
1,48.77,747,1672,1338,4,2024,10,14,0,1082.2,8046.6904
1,31.75,1313,1672,1338,4,2024,12,21,5,10769.13,7603.2114
2,2667.18,1612,1553,1242,13,2023,11,7,1,73454.89,59162.418
3,1601.67,311,175,140,5,2024,1,5,4,98469.88,68301.35
4,1848.26,754,1105,884,11,2023,10,27,4,39890.38,34023.86
0,171.31,993,1357,1086,8,2024,4,17,2,8005.42,6496.9004
2,1984.64,1287,1194,955,10,2024,8,12,0,67612.69,51555.105
2,2134.71,1596,1791,1433,15,2024,12,23,0,38453.63,49225.53
3,1556.83,262,281,224,8,2024,7,19,4,29829.04,37045.855
3,2104.57,297,456,365,13,2024,10,9,2,48553.7,45153.105
5,93.39,354,474,380,6,2024,3,17,6,7257.4,4415.206
1,38.4,1071,836,669,2,2022,11,22,1,472.22,8980.637
2,1776.12,1538,836,669,7,2024,12,22,6,49542.71,47870.21
2,3422.66,1682,955,764,8,2024,10,3,3,37007.58,51855.883
2,2737.49,1688,2150,1720,18,2022,3,27,6,26400.37,45130.926
4,1011.1,1121,1306,1044,13,2023,12,21,3,51028.02,38323.43
4,2272.01,866,603,482,6,2024,9,15,6,29584.3,27720.969
4,1052.2,826,1004,803,10,2024,5,24,4,47936.1,33894.277
0,41.1,793,1357,1086,8,2022,7,21,3,1401.6,6840.9185
3,1316.1,300,210,168,6,2022,7,4,0,7581.16,30151.379
2,2998.24,1239,836,669,7,2024,2,9,4,26709.56,51059.645
1,8.27,1143,1254,1003,3,2024,12,29,6,251.8,6741.9326
2,1100.13,1603,1672,1338,14,2024,12,20,4,50155.48,52376.25
5,39.36,567,395,316,5,2024,12,21,5,5651.13,4429.3354
5,62.36,454,237,190,3,2024,9,25,2,667.34,4532.6006
1,16.78,844,836,669,2,2024,7,28,6,3115.8,7604.26
2,2238.46,2008,1672,1338,14,2024,12,14,5,61160.9,60306.844
2,2078.61,1320,1791,1433,15,2023,12,20,2,55135.29,54823.008
1,42.16,948,1254,1003,3,2024,2,4,6,3349.36,8680.35
2,786.91,1830,2269,1815,19,2024,6,2,6,33391.56,44360.668
4,2391.56,722,502,402,5,2024,10,20,6,30227.67,33908.03
2,2316.37,1374,955,764,8,2024,12,16,0,30430.92,50658.418
1,31.62,1225,836,669,2,2024,6,6,3,3735.7,7477.292
0,46.11,852,1527,1221,9,2024,10,19,5,3807.5,6737.197
2,1923.66,1952,1075,860,9,2024,10,14,0,36234.24,43760.133
2,2162.51,1743,2269,1815,19,2023,11,24,4,25605.37,34711.066
5,24.06,551,712,569,9,2023,5,23,1,4912.0,4451.5356
4,2592.67,760,803,643,8,2024,3,21,3,28844.02,27248.088
5,54.38,463,395,316,5,2024,12,21,5,2960.61,4584.223
0,274.32,810,1357,1086,8,2024,5,13,0,1971.36,6106.355
1,34.9,1248,836,669,2,2024,12,21,5,15101.32,7949.602
5,54.74,372,553,443,7,2023,9,4,0,1463.71,4199.8413
0,402.8,1168,1188,950,7,2024,1,11,3,8173.41,7368.709
5,62.43,421,395,316,5,2024,8,2,4,1503.94,4630.9473
0,290.24,1279,679,543,4,2024,12,14,5,13774.36,8014.09
5,26.6,586,633,506,8,2021,5,9,6,1956.3,4043.9355
2,2557.34,1340,2030,1624,17,2023,5,26,4,30398.83,50417.098
2,969.49,1166,1911,1529,16,2024,7,22,0,82487.75,80061.734
4,1550.84,1147,1306,1044,13,2024,9,3,1,50656.03,43726.355
5,62.36,454,237,190,3,2024,12,22,6,667.34,4479.83
3,768.47,380,316,253,9,2024,11,3,6,11409.29,31775.414
2,626.02,1688,1553,1242,13,2023,6,22,3,71694.98,62852.26
5,81.25,369,474,380,6,2023,3,18,5,1505.69,4040.985
4,874.87,1038,603,482,6,2024,11,16,5,33934.08,32759.154
4,715.2,735,502,402,5,2024,2,18,6,41670.58,32007.557
4,1482.58,933,803,643,8,2023,1,2,0,50144.01,37632.156
2,2677.34,1693,1314,1051,11,2023,3,29,2,43231.12,51536.293
1,40.33,1033,1254,1003,3,2024,4,8,0,17465.85,9549.201
2,591.29,1753,1433,1147,12,2024,3,25,0,84978.1,62487.24
4,304.9,1128,703,562,7,2024,10,27,6,42781.65,32275.121
4,2028.02,731,603,482,6,2022,4,12,1,13220.03,26551.832
2,2390.5,1362,2150,1720,18,2021,11,14,6,60643.82,57769.55
4,2047.49,1058,502,402,5,2024,8,31,5,8630.82,28392.188
4,939.93,897,502,402,5,2024,11,12,1,28913.68,28331.84
0,231.87,1210,679,543,4,2024,9,5,3,11880.99,9028.745
3,1204.97,315,421,337,12,2023,6,16,4,53404.48,44896.84
5,81.13,583,712,569,9,2020,1,27,0,4168.05,4627.0913
2,3916.62,1487,2269,1815,19,2023,5,23,1,44020.73,56156.01
4,483.96,1116,1205,964,12,2024,4,11,3,22579.2,25928.55
1,44.32,1029,836,669,2,2024,12,9,0,10829.76,9654.275
1,7.08,1217,836,669,2,2023,4,7,4,7968.0,8029.5205
2,1371.48,1878,1553,1242,13,2024,3,6,2,60132.75,53525.223
4,1478.02,745,1306,1044,13,2024,9,15,6,43208.89,34229.402
0,46.88,1090,509,407,3,2023,9,25,0,6193.89,8302.25
5,63.22,493,633,506,8,2021,4,1,3,3437.74,4326.4507
2,3005.71,1871,1791,1433,15,2023,2,9,3,49978.03,48987.93
2,4079.31,1858,2389,1911,20,2024,12,17,1,70369.95,53991.254
1,39.61,854,1672,1338,4,2024,3,26,1,8528.94,7487.513
2,3754.02,1769,1911,1529,16,2024,12,2,0,26131.46,42722.547
4,671.44,1000,803,643,8,2024,12,25,2,19869.25,29209.328
4,2173.71,1030,1105,884,11,2024,10,24,3,38013.31,31091.762
2,2156.1,1253,1911,1529,16,2024,9,12,3,32400.6,48257.977
2,1840.36,1784,1314,1051,11,2024,4,20,5,60270.08,56317.047
2,3791.79,1800,2150,1720,18,2024,4,28,6,52105.7,51522.54
0,63.42,993,848,679,5,2024,12,13,4,6946.04,7603.3257
4,2541.39,697,603,482,6,2024,1,13,5,30605.51,34369.953
2,1500.48,1299,1075,860,9,2023,5,22,0,43560.76,57088.492
0,413.42,1197,1018,814,6,2023,1,30,0,3581.34,7319.9297
2,3093.68,1690,1911,1529,16,2024,9,11,2,74098.87,60325.66
2,2756.89,1275,1911,1529,16,2024,12,7,5,47222.11,54536.758
2,2129.15,1243,2150,1720,18,2024,11,15,4,33203.4,48939.473
2,2936.32,1795,1314,1051,11,2024,5,7,1,69002.79,57388.465
2,3783.26,1790,1314,1051,11,2023,11,17,4,37392.93,49567.05
4,1973.86,807,603,482,6,2024,2,13,1,36052.14,31092.89
4,1690.37,848,1105,884,11,2023,11,5,6,29263.02,31139.307
3,2089.16,268,421,337,12,2024,10,29,1,83377.48,64957.582
4,2042.91,911,1004,803,10,2023,7,23,6,49786.42,29271.162
4,2106.16,870,803,643,8,2024,12,21,5,36033.36,29270.35
4,1810.36,1081,1004,803,10,2024,9,14,5,24932.19,29342.807
0,89.08,758,509,407,3,2024,12,29,6,12583.23,6592.3496
4,850.98,676,1105,884,11,2024,11,23,5,46946.81,35023.688
5,11.24,492,553,443,7,2024,12,27,4,5235.06,4902.502
0,336.9,1196,1018,814,6,2023,8,19,5,7916.86,7324.781
3,392.28,296,386,309,11,2024,6,23,6,34854.95,36657.117
2,2230.34,1681,1075,860,9,2024,12,2,0,33965.6,51819.562
2,2292.48,1838,1911,1529,16,2023,12,13,2,80434.02,70814.25
2,1575.1,1333,1911,1529,16,2024,5,20,0,73311.74,54896.223
2,2522.43,1853,1433,1147,12,2024,7,3,2,63682.81,53749.453
1,6.91,1026,418,334,1,2024,12,16,0,16956.36,10698.545
4,2424.09,1116,904,723,9,2023,9,21,3,29286.22,28477.732
0,92.41,977,1188,950,7,2023,1,5,3,13407.21,6892.6104
4,795.94,926,904,723,9,2024,11,17,6,47961.25,31984.117
0,390.44,1056,679,543,4,2024,8,22,3,3388.12,6175.898
0,81.62,1073,1188,950,7,2023,12,17,6,660.32,6524.5874
2,1896.53,1704,955,764,8,2023,11,21,1,57309.15,53263.297
4,1157.36,1016,1205,964,12,2024,12,19,3,33754.84,30707.068
4,270.02,751,1105,884,11,2023,8,5,5,38790.8,38165.195
1,39.29,975,1672,1338,4,2024,11,18,0,3885.33,8441.877
4,882.67,963,1306,1044,13,2024,8,7,2,37624.96,35342.71
2,3028.53,1382,2030,1624,17,2023,6,14,2,69397.36,57993.89
4,243.6,1047,1306,1044,13,2021,5,7,4,29940.3,33535.668
4,1507.08,1141,703,562,7,2023,9,29,4,47272.34,38417.465
0,484.96,932,848,679,5,2024,9,24,1,9121.46,7213.4424
2,2480.63,1579,1791,1433,15,2024,2,6,1,28988.23,49550.293
4,2375.83,704,1105,884,11,2023,12,12,1,49577.82,37582.363
5,14.26,485,316,253,4,2022,5,20,4,1086.22,3303.3982
0,264.49,1155,1527,1221,9,2024,2,21,2,14081.07,7415.5366
1,9.04,1129,1672,1338,4,2023,12,22,4,3073.14,6163.9214
5,7.36,596,237,190,3,2024,12,16,0,3183.26,4923.8467
1,16.52,1064,418,334,1,2024,11,1,4,19339.3,11132.509
4,1860.77,1015,1004,803,10,2024,10,22,1,44578.79,32698.12
0,479.74,865,509,407,3,2024,12,15,6,14764.12,5179.9395
1,6.55,771,1672,1338,4,2024,9,18,2,4432.04,6755.3486
0,233.69,789,848,679,5,2024,4,8,0,18046.72,8366.672
2,3366.26,1707,1553,1242,13,2023,2,5,6,60706.75,62976.117
0,299.27,813,1018,814,6,2024,3,3,6,16175.92,6599.9717
0,461.02,1241,1018,814,6,2024,11,25,0,8721.12,7929.0957
4,244.43,666,1205,964,12,2023,9,25,0,37432.31,40502.52
4,2036.57,716,803,643,8,2024,6,25,1,22720.04,29779.236
2,2436.14,1659,1433,1147,12,2024,7,20,5,25547.46,47027.426
4,2145.61,1062,703,562,7,2023,10,3,1,17692.29,24274.475
2,1011.35,1489,955,764,8,2024,9,1,6,51290.47,48454.39
2,3689.03,1373,2030,1624,17,2024,7,4,3,26542.61,49486.76
4,2623.58,896,502,402,5,2024,12,9,0,52780.68,31686.016
2,2779.23,1764,1553,1242,13,2020,12,23,2,49858.92,56618.33
4,1365.38,960,1205,964,12,2024,12,27,4,24837.24,32870.906
4,378.29,985,1306,1044,13,2024,12,27,4,33030.03,28544.217
2,4181.91,1611,1553,1242,13,2024,7,29,0,70115.05,63531.03
0,45.4,939,848,679,5,2022,12,1,3,14861.4,8232.315
5,98.83,513,474,380,6,2024,12,20,4,2806.71,4151.2124
1,28.16,1242,418,334,1,2024,3,23,5,2980.54,7166.2573
5,56.69,548,316,253,4,2024,5,21,1,2897.86,4295.776
2,1698.08,1882,2269,1815,19,2024,5,26,6,52714.81,50225.668
1,30.23,1210,1672,1338,4,2022,11,6,6,10905.76,7351.2334
4,1400.22,1009,603,482,6,2024,12,10,1,25938.8,30872.912
0,410.28,1074,1357,1086,8,2024,8,16,4,2266.1,5962.1816
3,2121.97,244,456,365,13,2024,1,13,5,55668.92,50467.125
4,2592.14,1079,904,723,9,2019,12,14,5,53324.49,32819.06
2,973.03,1895,1911,1529,16,2024,1,5,4,84652.18,72237.81
1,15.43,968,418,334,1,2023,9,24,6,13932.7,9271.796
0,314.44,830,1188,950,7,2023,12,29,4,4333.8,6045.025
4,1601.49,964,904,723,9,2023,6,2,4,16209.51,29923.258
4,1811.48,744,1004,803,10,2024,11,20,2,17393.92,30807.96
4,717.22,959,703,562,7,2023,5,31,2,42274.04,30991.107
2,1237.24,1708,1075,860,9,2024,2,28,2,28405.21,45189.086
3,1270.94,336,316,253,9,2023,11,20,0,38375.8,38802.387
4,1103.3,667,603,482,6,2024,3,23,5,12955.08,34304.777
1,44.82,1109,836,669,2,2024,12,31,1,2783.43,8687.26
0,424.6,1179,1527,1221,9,2024,7,16,1,4930.94,7367.213
1,37.85,1157,418,334,1,2024,12,4,2,2619.61,8665.96
0,407.52,896,679,543,4,2024,8,8,3,1993.62,6815.833
2,3747.79,1289,1553,1242,13,2023,3,14,1,74293.6,62162.277
4,1325.81,868,803,643,8,2024,12,3,1,38224.38,29524.25
4,1469.19,1142,1004,803,10,2024,12,19,3,11637.57,31770.355
4,402.12,1004,703,562,7,2024,9,1,6,49138.62,37953.934
2,2023.23,1340,1314,1051,11,2024,2,25,6,78415.83,57134.043
2,4221.64,1373,1553,1242,13,2024,11,25,0,64611.67,57641.766
1,32.3,1302,1672,1338,4,2024,3,10,6,4348.52,7545.842
2,3981.0,1566,2150,1720,18,2024,3,30,5,34311.22,48990.484
3,897.27,250,386,309,11,2024,11,9,5,38679.58,36261.613
0,371.57,737,848,679,5,2024,3,13,2,11730.27,8634.406
4,1319.8,785,1004,803,10,2020,1,14,1,29233.68,33483.695
0,319.45,1182,1188,950,7,2024,12,30,0,17811.36,7365.0376
0,305.52,1150,848,679,5,2024,12,6,4,891.45,7848.95
4,829.65,1076,1306,1044,13,2024,11,11,0,40440.08,36974.344
2,2457.1,1955,2030,1624,17,2023,12,14,3,25226.48,46545.316
4,2431.47,1115,1306,1044,13,2023,11,14,1,53704.48,34444.94
4,2080.49,1076,703,562,7,2024,8,2,4,40741.25,32000.951
2,1631.13,1307,1672,1338,14,2024,12,20,4,31772.04,55545.25
3,672.38,355,281,224,8,2023,3,17,4,13395.08,31676.643
0,135.29,1030,848,679,5,2024,11,12,1,13427.2,8402.003
4,1407.1,1154,1004,803,10,2020,8,29,5,47495.16,35588.2
2,555.01,1663,1911,1529,16,2020,11,4,2,47883.83,48073.184
2,2479.52,1601,836,669,7,2024,8,4,6,66340.51,51386.496
3,2265.54,252,421,337,12,2023,8,18,4,39554.44,40893.43
2,2126.52,1221,2030,1624,17,2024,12,14,5,46930.41,48432.53
4,2220.39,809,803,643,8,2023,11,22,2,37429.7,32216.148
3,821.61,249,281,224,8,2024,12,12,3,25417.74,35496.934
4,1142.42,875,1105,884,11,2024,11,7,3,42154.27,34161.727
4,569.12,1003,803,643,8,2024,11,27,2,46385.87,37163.098
4,725.18,954,803,643,8,2024,1,22,0,28351.42,30979.982
4,2670.19,801,1105,884,11,2023,12,24,6,25876.04,28203.398
2,2147.14,1200,2030,1624,17,2024,10,14,0,63992.95,56115.594
1,7.94,993,1254,1003,3,2024,12,26,3,22461.66,8825.051
1,41.27,881,1254,1003,3,2023,12,23,5,21616.66,8043.9575
2,1559.32,1302,1553,1242,13,2024,7,25,3,65020.68,58882.39
1,44.36,828,1254,1003,3,2024,8,12,0,966.29,7616.2637
3,1815.07,296,175,140,5,2024,12,14,5,51184.22,59925.484
5,74.69,477,553,443,7,2023,9,12,1,5778.69,4444.4785
3,2492.99,244,316,253,9,2024,8,26,0,12247.83,22633.332
4,2191.56,1119,703,562,7,2024,12,19,3,54146.38,23947.334
4,1063.47,716,1105,884,11,2023,8,9,2,44608.8,37085.75
2,726.65,1529,1314,1051,11,2023,6,2,4,77446.89,55816.617
2,3142.28,1502,1194,955,10,2024,12,20,4,25213.66,45379.74
2,729.9,1495,836,669,7,2024,9,2,0,80037.66,56668.22
2,2687.97,1463,1433,1147,12,2024,5,4,5,76956.8,50855.32
5,54.26,495,237,190,3,2024,11,8,4,3004.15,4525.3486
4,485.29,700,1306,1044,13,2024,8,8,3,38747.27,36589.42
2,1507.67,1869,1553,1242,13,2024,12,31,1,37394.38,57188.14
0,250.76,820,1357,1086,8,2024,12,13,4,1760.98,6246.8135
4,435.35,1042,1205,964,12,2020,10,23,4,21013.78,23278.307
2,1641.53,1264,1433,1147,12,2024,6,29,5,28754.95,50023.793
0,307.99,778,1188,950,7,2024,3,6,2,1479.22,5732.855
4,717.22,959,703,562,7,2024,2,18,6,42274.04,31095.432
4,1038.51,791,1205,964,12,2024,7,31,2,32251.33,32589.852
0,271.79,903,679,543,4,2024,12,22,6,19994.12,7399.9746
2,3917.38,1894,2030,1624,17,2023,11,28,1,26708.3,46929.727
3,302.9,322,386,309,11,2024,8,14,2,35826.16,40129.508
2,3849.62,1611,1314,1051,11,2024,10,27,6,84796.97,57373.363
0,106.76,1270,1188,950,7,2023,3,23,3,3208.82,6100.97
3,1115.75,301,456,365,13,2023,11,1,2,74124.02,55149.883
3,1962.93,326,175,140,5,2024,6,18,1,49523.9,40174.902
2,1480.73,1279,2389,1911,20,2024,12,21,5,67606.53,66714.875
4,1973.86,807,603,482,6,2024,10,19,5,36052.14,31026.871
2,2557.34,1340,2030,1624,17,2024,3,9,5,30398.83,50663.434
1,32.41,1219,1254,1003,3,2024,5,31,4,1455.72,7433.727
2,646.88,1676,1194,955,10,2024,8,17,5,51773.11,50857.02
5,84.33,538,316,253,4,2024,5,13,0,4198.08,4426.9688
4,581.27,1147,904,723,9,2024,7,5,4,35845.15,32774.73
1,37.14,1265,1672,1338,4,2023,12,19,1,2509.15,6406.5586
4,2560.47,1114,1205,964,12,2023,12,9,5,18035.55,27229.795
2,1205.91,1366,1433,1147,12,2024,8,27,1,68336.41,54709.258
2,3996.95,1665,1911,1529,16,2024,12,20,4,46862.7,51526.344
4,1574.95,872,603,482,6,2024,2,23,4,26276.07,28434.79
0,475.26,1047,1188,950,7,2021,10,19,1,2634.67,6344.053
3,1241.26,351,316,253,9,2024,12,5,3,38321.43,44124.754
4,1345.12,1060,502,402,5,2022,4,29,4,40777.12,31840.72
5,35.13,542,633,506,8,2023,12,28,3,2934.78,4162.117
2,2101.95,1548,1791,1433,15,2024,11,19,1,80706.44,64242.03
2,3842.66,1176,1791,1433,15,2023,1,4,2,45075.35,49822.39
1,37.14,1265,1672,1338,4,2023,11,23,3,2509.15,6406.5586
2,2637.55,1373,1433,1147,12,2024,7,21,6,43911.85,51761.227
2,2598.68,1513,1433,1147,12,2022,7,8,4,28731.86,50819.277
4,811.22,1062,703,562,7,2024,12,21,5,9975.76,31923.846
4,1618.93,1103,603,482,6,2024,10,19,5,51201.8,32655.572
2,1433.57,1575,2389,1911,20,2024,11,22,4,80216.82,54702.45
2,3532.27,1199,836,669,7,2024,3,25,0,51359.22,52857.25
3,1545.76,337,456,365,13,2024,5,9,3,19568.02,33732.98
4,2054.77,715,703,562,7,2024,6,13,3,16108.09,28334.246
4,594.81,1152,703,562,7,2024,10,15,1,29085.46,37210.438
4,2255.42,850,603,482,6,2024,11,23,5,45562.56,31615.008
4,1072.45,1077,703,562,7,2024,10,16,2,40466.98,35248.836
0,117.69,1055,1527,1221,9,2023,12,27,2,1883.74,6361.171
1,49.91,1065,1254,1003,3,2022,3,17,3,1867.14,8732.465
1,4.97,1230,1254,1003,3,2023,7,8,5,2978.3,7043.58
4,2347.55,1156,1205,964,12,2022,2,9,2,50735.56,39321.27
4,622.93,1102,904,723,9,2020,5,13,2,48972.19,36789.484
0,143.79,812,1188,950,7,2024,12,15,6,3228.88,6632.4097
3,892.93,355,175,140,5,2024,9,11,2,21581.38,32032.541
0,40.62,1119,1018,814,6,2024,4,25,3,2219.12,7210.177
4,1280.98,889,904,723,9,2024,8,7,2,12066.83,30621.4
4,1724.61,983,1105,884,11,2024,1,10,2,16352.07,26295.725
2,1059.79,1531,2030,1624,17,2024,3,8,4,66750.3,61978.12
4,2502.17,1087,703,562,7,2024,11,12,1,31545.31,28375.623
5,62.36,454,237,190,3,2024,5,17,4,667.34,4532.6006
4,1371.21,883,1004,803,10,2023,10,3,1,41437.13,30814.953
0,317.74,977,1527,1221,9,2024,7,14,6,6753.48,6510.0737
5,18.05,576,633,506,8,2022,9,12,0,7210.02,3958.2932
1,40.26,794,1254,1003,3,2024,10,9,2,9899.76,7632.0186
2,3423.41,1576,1911,1529,16,2023,11,29,2,33797.53,52212.99
2,1417.05,1871,1672,1338,14,2023,9,22,4,67352.39,52586.094
2,4142.75,1873,1075,860,9,2024,12,12,3,52789.2,57342.11
4,402.1,1106,1205,964,12,2021,3,24,2,9221.82,21688.223
2,689.63,1621,1075,860,9,2024,2,4,6,71894.73,61347.758
0,252.24,802,509,407,3,2023,9,23,5,3979.56,6907.144
1,20.75,1113,836,669,2,2024,4,5,4,8998.99,8192.451
1,35.82,917,418,334,1,2024,1,28,6,2484.3,8573.383
2,4042.32,1992,1791,1433,15,2024,2,21,2,28561.43,47878.566
4,2517.27,769,1004,803,10,2024,7,26,4,37033.04,31032.72
2,3755.67,1488,955,764,8,2024,4,19,4,49926.99,53517.062
2,991.62,1767,836,669,7,2024,6,19,2,81531.85,57788.207
1,40.52,1225,836,669,2,2024,6,17,0,3296.12,8222.702
2,3916.62,1487,2269,1815,19,2024,2,7,2,44020.73,56948.992
2,1480.73,1279,2389,1911,20,2023,8,11,4,67606.53,66388.71
5,42.31,363,474,380,6,2023,12,24,6,1176.21,4075.817
4,1316.97,735,803,643,8,2024,5,19,6,35894.94,34535.855
2,3485.06,1653,2030,1624,17,2024,9,28,5,45042.15,53669.754
0,53.85,948,509,407,3,2024,4,5,4,18314.6,8515.631
0,181.65,894,1527,1221,9,2024,6,20,3,4114.14,6626.4136
4,1316.84,804,904,723,9,2024,10,27,6,24662.96,33660.484
4,1486.37,653,1306,1044,13,2023,4,13,3,29705.27,34679.9
4,791.55,938,603,482,6,2024,11,3,6,12215.08,30919.37
2,1417.05,1871,1672,1338,14,2024,3,30,5,67352.39,54056.406
2,4112.96,1978,955,764,8,2024,10,18,4,70003.6,59705.086
4,1418.24,988,803,643,8,2024,10,10,3,17795.28,29777.602
4,1591.81,1046,1205,964,12,2024,11,8,4,52016.69,35082.418
1,8.97,758,1672,1338,4,2022,12,15,3,7015.68,7541.0557
3,2197.8,351,351,281,10,2024,2,29,3,28504.99,32656.39
5,42.86,578,395,316,5,2024,6,26,2,3567.84,4482.106
0,390.53,957,679,543,4,2024,12,2,0,2033.01,7084.4453
1,9.43,948,418,334,1,2024,4,25,3,779.12,6398.9995
2,1832.92,1734,2269,1815,19,2023,2,1,2,48407.32,48086.695
1,38.41,1153,836,669,2,2024,11,30,5,11054.25,8785.842
2,689.63,1621,1075,860,9,2024,4,16,1,71894.73,61183.664
0,218.7,808,679,543,4,2024,3,11,0,2151.04,6638.4663
4,1775.46,1060,1105,884,11,2024,12,15,6,14289.57,27186.758
0,304.6,1252,1018,814,6,2024,12,17,1,4583.74,7365.0376
1,37.43,1174,1254,1003,3,2023,8,11,4,4463.37,7037.6245
4,1050.34,873,904,723,9,2024,3,15,4,37805.67,30751.557
4,698.72,850,1205,964,12,2024,8,9,4,37990.46,35318.2
2,640.66,1185,1672,1338,14,2024,10,24,3,79245.42,63087.984
2,1899.4,1511,1911,1529,16,2024,12,4,2,70516.56,57581.04
1,13.94,898,836,669,2,2024,7,23,1,2562.21,7522.9927
0,52.62,1041,1527,1221,9,2023,9,9,5,6746.16,6947.119
0,78.8,1288,1018,814,6,2024,12,24,1,12203.36,6875.714
5,73.83,528,395,316,5,2023,7,27,3,6149.76,4760.166
4,1236.97,665,904,723,9,2022,12,2,4,36758.58,35073.082
5,59.35,566,237,190,3,2023,12,3,6,1237.13,4150.0317
1,31.21,947,836,669,2,2024,6,22,5,5696.46,8700.3125
2,1011.35,1489,955,764,8,2024,11,8,4,51290.47,48392.324
1,39.56,984,1672,1338,4,2023,5,21,6,12965.54,8179.7803
1,34.32,1121,836,669,2,2024,10,19,5,7433.8,8873.427
0,193.78,889,848,679,5,2021,3,8,0,14164.02,7102.1123
5,90.97,496,316,253,4,2023,11,27,0,8317.77,4324.168
4,2473.21,1034,1205,964,12,2022,12,2,4,52008.87,31804.428
0,79.88,1000,1018,814,6,2020,6,23,1,8450.62,7043.1846
2,2285.2,1262,955,764,8,2024,10,28,0,39199.9,47951.996
2,2010.43,1623,2150,1720,18,2024,7,26,4,40990.23,54446.516
2,3262.4,2034,836,669,7,2024,10,5,5,74508.89,71982.93
5,14.74,361,237,190,3,2024,9,28,5,2175.75,3301.3193
4,2045.76,663,1306,1044,13,2023,3,29,2,29636.65,31450.754
4,1680.47,979,603,482,6,2024,4,6,5,31184.66,27195.889
4,1929.01,709,703,562,7,2022,10,4,1,17448.49,31820.61
0,371.57,737,848,679,5,2023,10,26,3,11730.27,8634.406
3,2353.92,262,175,140,5,2024,4,24,2,41073.09,34726.91
1,43.97,1049,1672,1338,4,2023,3,25,5,2465.19,7942.512
1,42.48,1180,1672,1338,4,2024,12,19,3,15805.01,8165.8755
0,233.69,789,848,679,5,2023,12,7,3,18046.72,8390.894
1,15.7,994,418,334,1,2024,12,1,6,980.48,8681.576
1,43.81,1030,1254,1003,3,2024,1,27,5,9608.9,9717.718
1,9.66,1075,1254,1003,3,2024,1,16,1,18913.9,11244.143
5,46.56,356,237,190,3,2024,11,4,0,2098.74,4383.7505
4,1353.23,926,603,482,6,2024,9,15,6,53169.19,33388.82
4,1459.4,862,502,402,5,2024,6,28,4,40002.38,27919.363
5,65.72,505,316,253,4,2024,1,15,0,2484.78,4324.168
2,2579.29,1332,1194,955,10,2024,5,10,4,75439.66,53387.547
5,47.28,595,633,506,8,2021,8,30,0,3414.74,4737.9688
2,2271.61,1802,2150,1720,18,2023,12,22,4,74404.37,65625.82
4,2439.95,854,1205,964,12,2024,12,1,6,45922.73,33059.883
0,33.27,1191,1357,1086,8,2024,10,25,4,8657.18,7300.1367
4,323.98,768,1205,964,12,2024,1,26,4,25048.75,30911.412
0,377.55,1103,1018,814,6,2024,12,23,0,4792.05,5920.3613
2,3353.44,2039,1672,1338,14,2024,8,24,5,38998.76,49576.35
2,2390.5,1362,2150,1720,18,2020,1,9,3,60643.82,56867.09
0,476.83,1131,1527,1221,9,2024,8,26,0,3961.78,6011.732
1,45.03,1208,1672,1338,4,2024,8,22,3,15519.36,8165.8755
4,889.42,673,603,482,6,2024,11,27,2,30461.46,30648.988
4,1721.51,872,1306,1044,13,2024,11,11,0,34350.19,35632.08
4,676.81,973,1105,884,11,2024,10,24,3,54025.37,30283.047
4,2047.41,959,1105,884,11,2023,7,9,6,43624.34,29263.076
1,21.77,966,1254,1003,3,2024,7,15,0,2400.4,8723.205
3,1736.0,297,421,337,12,2024,4,5,4,29162.46,31685.266
0,465.56,870,509,407,3,2023,6,6,1,2029.41,6917.2656
0,209.17,1060,1188,950,7,2024,1,19,4,9875.64,6495.7754
0,324.87,1115,509,407,3,2024,10,20,6,2774.36,6827.9844
2,1196.79,1983,2269,1815,19,2024,11,17,6,46145.69,53379.504
0,425.73,1197,679,543,4,2024,4,5,4,5920.46,7798.075
4,308.58,1074,904,723,9,2024,12,21,5,19698.53,30550.61
2,1989.02,1403,1911,1529,16,2023,12,31,6,72441.35,57412.668
1,25.87,1258,418,334,1,2023,4,6,3,3723.66,7599.1406
0,125.08,909,1188,950,7,2024,5,3,4,7260.78,7064.959
0,102.72,835,848,679,5,2024,3,28,3,7902.63,6797.641
0,492.89,884,679,543,4,2024,10,5,5,10705.08,7491.0547
4,1131.33,805,1306,1044,13,2024,3,16,5,27429.21,33266.605
0,276.56,1204,1188,950,7,2024,12,26,3,15630.32,7541.97
0,389.37,849,1357,1086,8,2024,11,8,4,2895.56,6284.2437
3,1511.71,347,281,224,8,2024,1,25,3,67361.34,47446.742
2,2993.28,1772,1075,860,9,2023,9,28,3,35030.54,49259.25
3,711.41,374,456,365,13,2021,8,8,6,43677.54,42432.617
0,234.64,1150,1357,1086,8,2024,6,1,5,7472.18,7988.2876
4,363.76,907,1205,964,12,2024,9,9,0,22304.79,32493.52
0,239.98,1274,1018,814,6,2024,5,7,1,14748.96,9281.978
2,810.88,2028,836,669,7,2024,10,31,3,73082.04,65926.945
5,66.76,482,553,443,7,2024,8,13,1,6192.84,4444.4785
2,581.5,1876,1672,1338,14,2024,10,13,6,27928.84,38722.684
4,1169.93,657,703,562,7,2024,12,12,3,36506.21,35274.383
1,9.02,1113,418,334,1,2024,9,27,4,24835.02,13155.822
5,20.51,505,474,380,6,2023,11,10,4,3232.6,3882.187
4,2224.29,836,904,723,9,2023,10,9,0,31620.61,29227.324
2,2861.5,1984,1553,1242,13,2024,1,20,5,53141.74,53659.777
0,458.77,973,1188,950,7,2024,5,22,2,12537.76,6917.6533
1,4.0,1229,1254,1003,3,2024,10,21,0,20091.94,10344.424
1,41.47,865,1254,1003,3,2024,12,17,1,3379.86,6846.9375
1,9.97,1316,1254,1003,3,2024,11,10,6,6579.2,6544.9785
4,1955.74,792,1004,803,10,2023,11,20,0,19828.87,25139.898
2,3485.63,1487,1672,1338,14,2023,7,14,4,51310.61,54582.867
2,2673.56,1268,1314,1051,11,2023,6,26,0,75674.06,62733.367
2,1470.99,1264,1553,1242,13,2024,10,13,6,66676.52,60024.11
4,1103.3,667,603,482,6,2024,6,1,5,12955.08,34301.887
0,436.45,1225,848,679,5,2024,3,17,6,12265.98,8218.767
4,2174.29,980,904,723,9,2023,4,19,2,34574.33,27130.719
4,2698.53,658,1306,1044,13,2024,10,12,5,13971.49,18094.049
3,1063.21,305,386,309,11,2024,3,1,4,24998.04,31673.88
0,399.37,1281,1018,814,6,2022,8,3,2,7913.5,7077.597
2,2830.8,1999,1553,1242,13,2022,9,10,5,32482.47,54035.324
5,22.81,419,553,443,7,2024,12,25,2,4844.16,3787.9258
0,189.58,808,679,543,4,2024,12,16,0,3553.17,6775.8203
3,1713.35,264,351,281,10,2024,7,9,1,52030.74,44251.47
0,317.74,977,1527,1221,9,2023,7,25,1,6753.48,6386.9043
5,81.19,548,395,316,5,2023,4,21,4,1937.3,4357.8433
2,2835.41,1948,1791,1433,15,2024,7,23,1,29753.82,47020.75
4,1701.83,811,603,482,6,2024,11,4,0,23934.25,28702.854
2,2158.8,1954,1314,1051,11,2024,12,10,1,56649.26,47239.426
1,48.47,1201,1254,1003,3,2023,12,14,3,8443.25,8222.702
0,305.31,1187,1018,814,6,2022,10,3,0,7383.62,7391.122
2,2697.92,1450,955,764,8,2023,9,14,3,61416.82,52404.8
0,221.26,811,848,679,5,2024,12,12,3,1879.62,7573.495
0,358.39,998,509,407,3,2023,10,31,1,9121.26,7300.257
4,2729.49,717,603,482,6,2022,9,12,0,47483.01,42219.816
4,624.73,903,1306,1044,13,2024,2,25,6,41641.92,36437.47
4,602.92,755,703,562,7,2023,9,28,3,39706.47,32464.184
5,90.83,485,712,569,9,2024,12,18,2,7398.48,4598.4336
2,1957.52,1826,2269,1815,19,2023,1,29,6,51081.76,55661.72
0,223.98,1134,1188,950,7,2023,5,13,5,19555.92,11110.462
1,28.43,1080,1672,1338,4,2023,3,10,4,12222.21,8364.691
5,74.54,588,474,380,6,2024,11,29,4,4535.46,4410.616
1,15.7,994,418,334,1,2024,11,11,0,980.48,8679.199
2,1418.56,1689,836,669,7,2022,8,29,0,31047.7,45395.395
2,2668.24,2000,1672,1338,14,2023,11,17,4,67257.08,56212.64
4,763.31,721,1306,1044,13,2024,5,17,4,40610.79,30859.676
4,888.69,1150,904,723,9,2023,8,29,1,14413.11,29803.783
5,87.8,459,316,253,4,2024,12,10,1,1083.81,4525.315
1,12.9,1171,1672,1338,4,2024,7,14,6,7486.44,7237.604
2,1620.11,1199,1553,1242,13,2024,6,20,3,72426.02,53801.28
4,2359.46,1155,1004,803,10,2023,6,28,2,12554.98,30128.11
5,42.56,433,633,506,8,2023,9,13,2,7088.02,4503.697
0,172.61,1291,1018,814,6,2024,7,30,1,4740.76,7049.8564
0,127.15,770,1188,950,7,2024,9,16,0,3157.46,5793.2495
2,1698.08,1882,2269,1815,19,2024,6,29,5,52714.81,52192.56
3,2417.65,239,245,196,7,2024,12,14,5,36761.71,34276.902
2,1093.98,1197,1194,955,10,2024,12,16,0,72054.32,52027.2
2,1699.62,1885,1433,1147,12,2024,12,20,4,29247.19,43849.004
4,2587.68,653,803,643,8,2024,11,21,3,36495.06,32964.996
0,436.94,969,509,407,3,2024,7,17,2,5075.42,7138.467
1,44.36,828,1254,1003,3,2024,11,1,4,966.29,7659.8286
0,369.41,892,1527,1221,9,2024,10,11,4,4349.48,6425.733
3,2205.14,380,245,196,7,2024,4,10,2,91193.18,59049.43
4,1514.05,1022,703,562,7,2024,12,10,1,47246.56,31541.342
5,76.91,506,712,569,9,2023,7,21,4,2544.2,4522.227
2,1710.73,1384,1911,1529,16,2024,11,27,2,28378.13,46826.305
5,73.14,574,316,253,4,2024,11,4,0,2253.2,4241.972
0,366.0,1086,679,543,4,2024,3,2,5,2114.64,6095.752
2,1002.71,1655,1075,860,9,2023,3,16,3,31253.29,42965.457
0,210.3,1065,679,543,4,2024,9,14,5,2594.54,7224.3887
0,158.32,801,679,543,4,2024,3,16,5,1590.57,6715.678
2,1745.91,1630,1911,1529,16,2024,6,29,5,30070.69,51574.88
5,76.76,476,237,190,3,2024,5,7,1,2148.78,4451.225
4,2729.49,885,1105,884,11,2024,12,30,0,51844.01,37542.168
5,92.39,563,474,380,6,2024,6,18,1,3897.26,4277.36
1,19.53,1097,1672,1338,4,2024,12,21,5,1330.86,7800.2266
2,1977.13,1751,1314,1051,11,2024,10,18,4,25765.35,45596.957
3,1058.7,374,456,365,13,2022,11,14,0,41308.15,48147.992
2,2105.45,1214,1194,955,10,2024,11,6,2,28838.24,50852.72
1,37.85,1157,418,334,1,2024,10,25,4,2619.61,8622.395
1,37.69,875,418,334,1,2024,10,25,4,8115.3,7828.261
0,364.71,982,1188,950,7,2024,11,23,5,1288.36,6014.7983
4,1961.18,858,1306,1044,13,2024,12,24,1,12050.0,32342.406
5,54.48,378,316,253,4,2024,5,28,1,688.28,4174.2397
2,3639.92,1248,1075,860,9,2024,5,17,4,28818.37,46193.734
2,665.21,1165,1672,1338,14,2023,4,17,0,78330.47,72847.95
2,1194.75,1170,2030,1624,17,2024,3,26,1,67018.42,58446.414
0,126.15,990,1527,1221,9,2023,6,30,4,3865.38,6682.4834
1,10.93,1285,1672,1338,4,2024,11,9,5,1911.64,6488.152
0,299.27,813,1018,814,6,2024,9,1,6,16175.92,6599.9717
4,2679.7,856,603,482,6,2024,12,5,3,53825.74,44938.953
5,97.39,493,553,443,7,2023,8,9,2,324.28,4213.7324
4,449.5,1078,603,482,6,2023,11,22,2,44526.56,34469.21
3,850.02,224,421,337,12,2024,5,18,5,34309.68,32620.607
2,2480.63,1579,1791,1433,15,2024,7,9,1,28988.23,49915.46
4,1897.07,705,703,562,7,2024,12,20,4,50730.37,37472.457
2,3527.78,1507,2389,1911,20,2023,6,7,2,83287.38,67411.72
4,579.6,729,1205,964,12,2023,4,10,0,26271.79,31153.545
2,4175.88,1342,2150,1720,18,2024,8,15,3,55191.35,53257.04
1,31.59,849,836,669,2,2023,12,30,5,8168.16,7666.9463
4,1867.26,1090,803,643,8,2024,2,26,0,51325.59,35360.133
2,3996.84,1521,836,669,7,2023,3,20,0,36791.13,49254.734
2,917.87,1702,2389,1911,20,2024,3,2,5,81743.31,73539.055
4,485.29,700,1306,1044,13,2023,11,12,6,38747.27,34212.152
4,1973.86,807,603,482,6,2024,1,16,1,36052.14,31092.89
5,98.43,403,316,253,4,2024,11,19,1,6057.15,3742.0415
2,2783.02,1562,2030,1624,17,2024,12,17,1,43293.81,46327.266
5,7.1,421,553,443,7,2024,6,30,6,7131.72,4768.0483
2,2462.66,1581,1791,1433,15,2024,7,12,4,55887.09,49775.703
2,1249.65,1677,2030,1624,17,2024,6,21,4,49621.75,54029.098
1,41.96,932,1254,1003,3,2024,10,9,2,1018.74,8305.599
4,669.12,854,904,723,9,2024,10,30,2,45654.52,37990.703
0,285.62,1183,679,543,4,2024,11,29,4,16460.96,7982.318
0,246.48,1223,679,543,4,2024,9,19,3,8493.18,8901.406
2,2593.07,1448,1553,1242,13,2024,1,10,2,66385.16,54540.04
4,497.65,693,703,562,7,2024,12,16,0,25003.83,30559.484
2,2354.96,1800,1553,1242,13,2023,9,6,2,66259.05,53665.84
1,8.06,1224,418,334,1,2023,4,22,5,1965.75,5074.889
2,876.21,1723,1314,1051,11,2024,1,18,3,62001.18,56613.83
4,2012.08,987,1306,1044,13,2024,9,21,5,23759.1,31864.88
1,37.14,1265,1672,1338,4,2024,11,21,3,2509.15,6406.5586
4,790.84,924,1105,884,11,2024,10,27,6,26054.61,31451.256
2,1333.94,1880,1433,1147,12,2024,1,7,6,49650.08,50391.867
1,37.87,1139,1672,1338,4,2022,12,2,4,4964.96,8086.6025
4,730.86,776,803,643,8,2024,3,31,6,50404.12,31934.592
2,2384.6,1191,1075,860,9,2023,11,4,5,61368.8,54426.57
4,725.18,954,803,643,8,2024,5,2,3,28351.42,31078.027
0,281.96,1166,1188,950,7,2023,10,13,4,6484.32,7524.4897
2,1412.91,1752,1791,1433,15,2024,5,13,0,46107.43,50473.016
4,811.22,1062,703,562,7,2020,9,4,4,9975.76,30067.951
4,2700.08,949,1205,964,12,2024,12,17,1,41289.13,34640.176
4,1249.55,814,904,723,9,2023,8,30,2,54079.21,34489.05
4,2674.3,1023,904,723,9,2023,2,9,3,24715.62,27761.807
4,1816.87,682,1105,884,11,2024,12,28,5,17686.46,31244.527
4,874.87,1038,603,482,6,2023,10,5,3,33934.08,32740.447
0,96.58,1174,679,543,4,2024,10,23,2,4726.28,7155.7163
4,1719.4,1110,603,482,6,2024,1,18,3,51202.59,34641.42
4,2670.19,801,1105,884,11,2024,4,22,0,25876.04,28803.857
0,87.66,802,1188,950,7,2024,1,15,0,9809.79,6318.782
0,215.57,968,1188,950,7,2024,11,28,3,4689.88,7293.5503
0,211.0,1086,1188,950,7,2024,7,31,2,5812.38,6550.2544
2,3221.12,1933,955,764,8,2024,10,28,0,76423.82,59841.62
2,2617.42,1632,2389,1911,20,2024,11,2,5,44060.32,58262.914
4,2145.81,750,803,643,8,2024,12,25,2,24469.05,27729.424
4,2060.42,1104,1105,884,11,2023,12,8,4,26793.26,29823.701
4,2740.86,1036,703,562,7,2024,5,29,2,40422.51,33478.91
5,91.64,573,395,316,5,2024,9,27,4,1858.15,4260.4746
2,2005.29,1819,1672,1338,14,2024,12,29,6,64079.86,63516.863
2,3802.85,1993,2030,1624,17,2024,1,17,2,36856.07,51440.785
2,2599.67,1763,836,669,7,2024,7,18,3,31408.09,52011.664
4,2261.81,660,803,643,8,2024,3,10,6,52953.52,37067.168
0,212.98,952,1018,814,6,2024,9,19,3,11930.55,7293.5503
1,43.81,1245,418,334,1,2024,3,6,2,11548.88,8255.446
4,1130.08,1012,1105,884,11,2023,12,19,1,21522.6,29670.95
2,974.93,1448,1194,955,10,2023,12,19,1,79955.65,58564.027
2,1235.23,1869,2030,1624,17,2021,4,30,4,39535.27,50280.125
2,2787.98,1475,1075,860,9,2024,11,3,6,37396.68,48456.652
0,284.85,1305,1357,1086,8,2024,12,16,0,11579.48,7364.393
4,1781.44,921,502,402,5,2024,11,12,1,15745.1,27133.762
4,1699.69,999,1205,964,12,2024,1,26,4,29600.76,28401.953
4,2014.63,957,904,723,9,2023,9,24,6,52342.72,29044.191
0,262.07,937,1357,1086,8,2024,4,4,3,4408.96,6889.8027
4,2262.96,794,1105,884,11,2024,6,22,5,30624.86,31643.361
0,212.07,1038,848,679,5,2024,6,18,1,4787.46,7521.1157
5,60.26,486,474,380,6,2022,11,10,3,3078.93,4381.9585
2,3366.26,1707,1553,1242,13,2024,12,26,3,60706.75,62457.543
1,32.61,1119,836,669,2,2024,12,12,3,4427.34,8672.581
4,839.57,1045,904,723,9,2024,10,23,2,24421.14,33064.79
0,221.53,852,1018,814,6,2024,7,3,2,3462.12,6888.556
2,1589.6,1388,836,669,7,2022,12,12,0,37896.81,52234.9
2,1787.62,1996,1433,1147,12,2020,6,5,4,61435.21,58319.637
2,662.06,1681,836,669,7,2023,7,31,0,27514.51,47849.9
4,1142.42,875,1105,884,11,2024,12,14,5,42154.27,34049.254
4,1315.75,685,803,643,8,2024,12,16,0,52437.86,34659.914
2,2090.85,1967,1433,1147,12,2023,11,10,4,30199.82,49428.785
2,1990.87,1631,955,764,8,2021,11,10,2,48319.36,48291.754
0,345.95,969,509,407,3,2024,5,19,6,1844.55,7001.0327
1,30.11,1155,836,669,2,2024,9,6,4,19899.88,9406.698
5,38.63,364,712,569,9,2023,9,5,1,6805.59,4339.1006
2,1306.47,1566,1553,1242,13,2024,9,7,5,42832.2,51217.953
4,2586.7,836,1004,803,10,2024,10,15,1,23970.45,27063.12
4,1376.28,935,603,482,6,2024,3,21,3,16198.52,32439.76
3,2353.92,262,175,140,5,2024,10,29,1,41073.09,34726.91
4,2033.54,862,703,562,7,2024,12,2,0,12709.62,25361.973
1,35.27,1007,418,334,1,2024,9,13,4,16120.72,8713.0205
1,3.57,1013,1254,1003,3,2024,12,11,2,2506.9,6905.642
1,37.18,883,1672,1338,4,2024,12,20,4,3702.0,7620.7275
2,1082.45,1525,1194,955,10,2024,10,15,1,35752.69,51213.15
4,506.03,1034,1306,1044,13,2023,1,28,5,25306.97,25655.3
2,1417.97,2017,2150,1720,18,2024,8,3,5,79649.9,60593.125
5,90.53,339,316,253,4,2023,4,5,2,3159.16,3991.4697
4,2623.27,741,1205,964,12,2022,11,17,3,41565.88,34087.293
4,1163.03,1066,603,482,6,2023,3,8,2,42841.04,34170.547
1,18.36,1014,418,334,1,2024,9,20,4,7658.21,8673.596
2,3585.65,1539,1075,860,9,2024,8,23,4,49451.48,55085.492
2,1600.15,1861,1553,1242,13,2024,9,20,4,33920.17,48646.312
0,473.8,1178,679,543,4,2024,8,1,3,4337.4,7625.4473
4,1314.05,892,803,643,8,2024,12,9,0,54792.39,32565.414
2,1229.52,1427,1075,860,9,2024,10,22,1,27321.68,52396.133
4,1399.14,987,1004,803,10,2023,10,12,3,11753.1,29547.01
5,58.76,494,237,190,3,2024,12,13,4,1274.92,4331.4536
5,31.77,381,712,569,9,2024,12,31,1,10658.43,5369.8984
3,1130.61,369,421,337,12,2024,11,5,1,20710.9,38020.65
5,15.97,382,712,569,9,2024,1,24,2,7805.66,5725.0825
2,2273.21,1948,1194,955,10,2024,12,15,6,80817.65,58611.117
4,1255.25,903,904,723,9,2024,2,24,5,35951.51,32644.799
1,28.05,845,1254,1003,3,2024,6,23,6,4549.72,7690.431
0,163.81,1266,509,407,3,2024,12,16,0,5010.7,7126.5415
0,220.26,761,1188,950,7,2024,7,17,2,9303.12,6426.316
2,3023.34,1327,1433,1147,12,2024,12,21,5,36545.31,54875.33
0,61.19,1181,848,679,5,2024,12,29,6,2148.92,7181.9185
0,384.86,856,1188,950,7,2024,5,1,2,2239.02,5576.636
2,2183.67,1429,1075,860,9,2024,1,11,3,44935.99,44498.477
2,2268.37,1170,1314,1051,11,2023,12,25,0,64322.01,55432.023
4,1689.72,1153,904,723,9,2023,7,30,6,22252.56,34587.4
1,8.77,1021,1254,1003,3,2021,6,9,2,20660.2,11798.369
0,250.76,820,1357,1086,8,2024,11,22,4,1760.98,6246.8135
4,1993.27,840,703,562,7,2024,2,15,3,14331.94,29361.55
2,958.8,1633,1194,955,10,2024,3,9,5,78693.46,64695.113
0,320.44,1059,1357,1086,8,2023,10,26,3,4000.01,5926.9834
0,56.27,924,1018,814,6,2024,4,18,3,7639.88,7481.225
0,25.87,1019,1018,814,6,2024,9,30,0,1948.69,7383.245
3,438.8,229,175,140,5,2023,10,29,6,32672.46,34550.293
0,354.28,1037,1357,1086,8,2024,12,26,3,3996.92,6356.902
4,312.22,1021,1306,1044,13,2024,2,24,5,10886.96,25834.006
2,591.81,1908,955,764,8,2024,6,6,3,62148.88,54052.715
1,33.75,763,418,334,1,2024,5,30,3,667.8,7481.3867
4,1808.95,818,803,643,8,2024,1,16,1,30833.74,33265.273
1,38.53,1313,1672,1338,4,2024,12,26,3,5892.5,7573.012
0,422.08,741,848,679,5,2024,10,4,4,4966.29,6564.4893
2,973.03,1895,1911,1529,16,2023,11,2,3,84652.18,72213.9
0,341.87,947,679,543,4,2024,3,22,4,9381.88,7232.96
0,228.83,1057,1188,950,7,2023,10,28,5,2934.27,6843.053
0,488.15,859,848,679,5,2024,12,31,1,2902.11,5632.843
2,3615.91,1311,2150,1720,18,2024,12,3,1,54729.15,51542.44
2,3266.52,1238,2150,1720,18,2023,11,29,2,78824.59,61087.094
5,23.8,349,474,380,6,2020,11,12,3,11093.13,5692.7236
3,2417.11,230,456,365,13,2023,5,29,0,99795.38,89875.51
2,2861.36,1262,955,764,8,2024,3,5,1,29591.74,43245.926
5,35.13,542,633,506,8,2023,7,1,5,2934.78,4043.9355
2,2055.66,1701,1911,1529,16,2024,4,1,0,71137.63,61158.44
2,3577.37,1365,1314,1051,11,2024,3,23,5,72875.88,58631.926
5,25.93,456,474,380,6,2024,4,28,6,1611.69,4257.1533
4,2084.58,708,703,562,7,2024,12,13,4,26213.79,30062.787
2,1971.0,2042,1194,955,10,2024,9,29,6,30023.31,38800.297
5,73.78,514,553,443,7,2023,3,25,5,4290.3,4252.9814
4,1170.47,840,603,482,6,2023,6,24,5,53595.08,37563.81
5,99.69,537,633,506,8,2024,10,14,0,3389.52,4656.8164
1,29.14,1061,836,669,2,2024,12,13,4,8758.68,8965.958
0,324.06,871,848,679,5,2023,1,8,6,1097.84,6726.657
4,1282.94,739,1205,964,12,2024,11,25,0,54036.11,35131.133
3,2169.62,291,316,253,9,2023,5,9,1,49764.52,49262.613
2,2003.34,2028,2269,1815,19,2023,9,23,5,84950.95,70533.57
1,19.42,1093,836,669,2,2024,12,12,3,13613.52,9345.674
3,1332.93,273,351,281,10,2024,10,31,3,28630.7,33571.176
4,1917.95,735,703,562,7,2024,8,17,5,41110.24,31763.797
2,4014.59,1197,2389,1911,20,2024,10,18,4,71749.84,61532.42
2,3247.02,1274,2150,1720,18,2023,10,20,4,48310.85,53951.676
0,231.6,1039,509,407,3,2024,10,29,1,4718.66,7480.6387
1,11.35,1217,1672,1338,4,2024,7,8,0,5716.34,6723.2783
2,1842.01,1264,1553,1242,13,2024,11,17,6,49787.19,55311.18
2,1579.87,1342,2150,1720,18,2023,6,6,1,55153.92,54594.684
5,85.04,511,395,316,5,2024,5,28,1,507.98,4386.2354
3,994.87,237,175,140,5,2024,4,30,1,61050.8,54281.77
2,2280.14,1698,1433,1147,12,2024,12,23,0,67704.43,60466.566
0,410.28,1074,1357,1086,8,2024,12,14,5,2266.1,5936.5146
4,2133.53,667,1105,884,11,2024,12,7,5,15276.85,30229.256
2,710.88,1659,1194,955,10,2022,1,2,6,40252.44,47128.664
3,1619.59,350,175,140,5,2024,6,21,4,31761.63,39895.195
5,29.57,381,237,190,3,2024,12,14,5,11089.59,5102.527
2,1893.08,1650,1791,1433,15,2023,12,27,2,63316.84,53768.465
0,435.56,1173,509,407,3,2023,8,20,6,18519.12,7854.799
4,457.46,918,1004,803,10,2024,11,7,3,36799.62,32911.008
0,178.37,774,509,407,3,2024,11,17,6,3633.88,6131.8047
2,792.82,1614,2150,1720,18,2024,11,2,5,30742.67,47344.785
4,1626.13,787,703,562,7,2024,3,18,0,35134.82,32633.957
1,28.6,1094,1254,1003,3,2024,2,24,5,23643.75,8401.632
2,2257.25,1367,1791,1433,15,2023,10,23,0,41100.48,55824.34
0,275.39,755,1357,1086,8,2024,12,21,5,7151.25,6081.564
2,1320.09,1764,2030,1624,17,2024,2,27,1,83806.77,50905.824
0,69.89,1116,1018,814,6,2024,11,7,3,3918.26,6778.6313
4,739.91,883,603,482,6,2024,12,22,6,41356.95,29705.854
0,223.5,1245,1357,1086,8,2022,9,27,1,5474.4,7869.219
1,12.98,950,1254,1003,3,2024,11,26,1,15077.4,8825.051
4,924.44,1034,904,723,9,2024,4,8,0,31609.97,33221.688
3,1668.37,372,210,168,6,2024,10,3,3,98982.68,77437.52
4,1959.78,783,1306,1044,13,2023,12,7,3,37302.13,27320.434
2,1946.81,1195,1194,955,10,2024,2,15,3,50261.09,49114.242
2,2292.48,1838,1911,1529,16,2023,10,10,1,80434.02,70814.25
2,1817.89,1428,1433,1147,12,2023,12,3,6,57895.18,49075.39
0,237.64,1111,848,679,5,2024,9,14,5,11705.67,9190.959
2,2268.37,1170,1314,1051,11,2024,10,8,1,64322.01,55725.562
5,37.9,578,395,316,5,2024,12,10,1,341.14,4210.701
4,1509.2,1079,603,482,6,2023,11,19,6,49397.55,38649.16
0,341.87,947,679,543,4,2024,10,24,3,9381.88,7287.439
2,3297.62,1421,836,669,7,2024,6,24,0,81533.39,51825.05
2,3981.99,1406,2030,1624,17,2023,12,12,1,73646.05,67392.5
2,2441.25,1608,955,764,8,2024,10,27,6,49381.41,49026.73
2,3468.31,1626,1075,860,9,2023,9,26,1,69532.77,52812.78
2,1262.78,1246,1194,955,10,2024,7,9,1,47510.33,50571.457
1,20.75,1113,836,669,2,2024,10,2,2,8998.99,8246.929
2,3603.79,1667,1911,1529,16,2023,1,31,1,56527.65,53996.527
5,90.97,496,316,253,4,2024,7,29,0,8317.77,4324.168
4,1844.34,768,1004,803,10,2024,12,22,6,12824.07,29967.25
0,436.32,889,509,407,3,2023,4,3,0,6325.41,6862.7866
2,2061.77,1348,2030,1624,17,2024,4,14,6,74695.61,59461.566
4,2090.36,1147,803,643,8,2024,4,22,0,39556.55,34836.746
2,550.46,1225,2150,1720,18,2024,12,17,1,37810.19,43939.656
5,7.21,459,474,380,6,2024,10,18,4,7937.13,5230.9023
2,3415.52,1254,2389,1911,20,2024,12,17,1,60730.75,58129.42
3,2249.57,353,210,168,6,2024,2,3,5,13733.33,35798.617
2,557.12,1847,2269,1815,19,2023,3,1,2,74500.84,70568.4
2,2460.68,1617,2389,1911,20,2024,10,11,4,38240.91,49639.98
2,1150.98,1411,955,764,8,2024,7,11,3,73638.64,62095.1
5,95.53,537,633,506,8,2024,6,25,1,5634.03,4656.8164
4,2491.21,982,603,482,6,2024,12,15,6,47930.81,31947.986
2,4042.32,1992,1791,1433,15,2024,11,17,6,28561.43,49300.574
1,2.01,1278,836,669,2,2024,11,24,6,7086.42,11225.881
4,1282.94,739,1205,964,12,2024,12,21,5,54036.11,34907.56
2,2593.07,1448,1553,1242,13,2024,8,31,5,66385.16,55290.523
0,291.88,1185,1357,1086,8,2024,1,4,3,6990.54,7119.1074
2,1079.73,2032,1553,1242,13,2023,7,24,0,58156.72,55204.17
4,574.35,822,703,562,7,2024,3,30,5,44212.21,37323.58
0,284.07,1288,848,679,5,2024,12,19,3,10408.86,8039.757
4,1178.76,1111,904,723,9,2023,2,19,6,18311.28,33032.562
2,922.41,1167,1314,1051,11,2024,12,23,0,57069.78,54140.97
0,448.9,857,848,679,5,2024,4,17,2,1229.99,5802.097
4,2439.95,854,1205,964,12,2024,10,2,2,45922.73,33758.145
0,122.22,853,679,543,4,2023,9,25,0,1537.66,6797.641
2,2100.82,1279,1433,1147,12,2024,9,4,2,77574.72,54654.066
5,13.56,495,316,253,4,2023,8,13,6,3116.88,4802.737
3,2162.09,272,281,224,8,2024,5,13,0,29616.36,35961.848
5,72.05,492,395,316,5,2024,8,1,3,5630.5,4506.007
5,56.16,594,237,190,3,2024,5,18,5,2206.92,4383.5474
1,12.2,904,1672,1338,4,2023,10,27,4,2883.3,8309.232
2,4082.86,1941,2269,1815,19,2022,12,5,0,43846.36,47731.61
2,3066.58,1273,1433,1147,12,2024,7,28,6,41372.93,52393.035
2,3692.73,1631,1075,860,9,2024,10,30,2,53951.8,56266.902
2,886.97,1420,2150,1720,18,2024,12,11,2,28144.19,41792.418
2,2132.7,1421,1194,955,10,2024,8,20,1,27077.12,49723.754
2,4023.86,1770,1672,1338,14,2020,9,21,0,39400.93,48918.58
2,2147.9,1491,1553,1242,13,2023,11,22,2,30073.97,48740.453
2,3444.78,1221,1314,1051,11,2024,12,28,5,27136.79,47815.492
2,3639.92,1248,1075,860,9,2024,9,3,1,28818.37,46419.844
2,1735.68,1412,1553,1242,13,2023,5,28,6,82295.27,55630.746
1,29.7,780,1672,1338,4,2024,7,17,2,7956.06,7992.2246
2,2317.21,1843,2150,1720,18,2024,4,20,5,54763.46,60652.0
3,479.45,256,421,337,12,2024,12,17,1,27043.29,63238.734
2,2918.6,1302,955,764,8,2024,1,26,4,41128.4,50306.08
4,1734.19,1013,603,482,6,2024,12,22,6,8208.72,19652.139
4,2340.51,1146,1306,1044,13,2024,3,13,2,48451.22,41651.17
2,1612.14,1331,2150,1720,18,2024,8,30,4,36113.95,54793.953
1,20.04,842,836,669,2,2024,8,2,4,14911.96,9405.636
1,44.14,871,1254,1003,3,2024,10,8,1,7466.75,7975.214
4,2105.87,1034,703,562,7,2024,10,13,6,54077.45,35682.707
0,319.32,938,679,543,4,2023,8,4,4,6750.36,7331.004
2,791.46,1832,2030,1624,17,2024,12,11,2,62838.77,52221.668
0,405.23,1185,1527,1221,9,2024,4,3,2,6199.84,7356.299
2,1072.87,2029,1672,1338,14,2024,2,21,2,40161.26,51581.28
4,874.87,1038,603,482,6,2024,7,3,2,33934.08,32869.184
0,342.64,1094,1357,1086,8,2024,11,10,6,7501.88,6103.609
2,3312.63,1936,1553,1242,13,2024,12,3,1,72848.43,63688.12
1,29.1,1203,1672,1338,4,2024,12,15,6,17079.6,7351.2334
0,491.04,1051,1527,1221,9,2023,9,26,1,4321.77,6197.4424
2,959.16,1744,2150,1720,18,2024,4,1,0,68558.14,63889.598
2,2315.65,1431,2030,1624,17,2023,6,20,1,32702.44,52101.363
4,1092.3,1011,502,402,5,2023,4,24,0,18519.3,25885.611
0,256.7,795,509,407,3,2024,9,12,3,2912.24,7001.971
4,2187.25,966,1105,884,11,2024,11,6,2,24832.41,26557.797
4,1304.23,768,502,402,5,2024,9,11,2,33865.7,33041.805
4,244.43,666,1205,964,12,2024,9,19,3,37432.31,40803.41
3,2437.77,370,175,140,5,2024,2,11,6,29644.48,36693.27
1,9.77,891,1672,1338,4,2022,9,3,5,11548.08,7897.9272
2,3811.79,1513,836,669,7,2022,11,12,5,45296.45,50710.125
0,350.59,846,509,407,3,2024,3,17,6,9971.88,6837.2925
2,3747.79,1289,1553,1242,13,2023,6,16,4,74293.6,62216.758
0,53.85,948,509,407,3,2024,10,7,0,18314.6,8570.108
1,27.13,894,1254,1003,3,2024,12,14,5,9049.92,8180.505
0,228.26,958,1527,1221,9,2024,8,2,4,3543.48,7582.4727
1,5.96,755,836,669,2,2024,6,13,3,3274.76,7690.4766
5,77.83,515,237,190,3,2023,8,7,0,3897.86,4375.0186
1,31.95,849,1254,1003,3,2024,9,18,2,1774.4,7747.6826
0,194.28,1125,1527,1221,9,2024,12,15,6,3249.04,6520.316
1,4.0,1229,1254,1003,3,2024,10,7,0,20091.94,10387.989
0,317.75,1164,1357,1086,8,2023,8,18,4,1337.47,7112.541
0,165.4,838,1527,1221,9,2024,12,26,3,1295.71,6264.856
0,70.43,874,1188,950,7,2024,2,24,5,1520.02,6634.9004
1,32.76,910,418,334,1,2024,9,29,6,13099.8,8627.86
5,86.24,432,316,253,4,2022,2,4,4,7173.81,4568.88
4,584.34,671,502,402,5,2023,10,2,0,9829.06,19462.387
0,491.12,1239,679,543,4,2024,6,10,0,4380.2,7726.312
2,4185.93,1378,1553,1242,13,2023,10,12,3,41683.61,56421.445
2,1554.87,1484,1075,860,9,2023,12,3,6,54124.01,51363.723
4,1460.05,1046,502,402,5,2024,5,12,6,33493.4,32636.8
2,1753.82,1971,1672,1338,14,2024,7,29,0,54746.88,58749.223
2,2158.8,1954,1314,1051,11,2020,11,1,6,56649.26,53668.38
4,2592.14,1079,904,723,9,2024,12,17,1,53324.49,30269.76
0,341.94,840,679,543,4,2024,10,7,0,5658.72,6545.2363
2,3392.35,1886,2150,1720,18,2022,9,6,1,63694.8,53937.453
1,28.43,1080,1672,1338,4,2023,7,16,6,12222.21,8393.502
4,1849.43,999,502,402,5,2024,10,26,5,53444.23,34689.4
0,407.37,1155,1018,814,6,2024,10,4,4,11870.12,7482.733
0,268.5,1149,848,679,5,2022,11,18,4,4134.74,7982.318
4,1971.27,904,1004,803,10,2024,10,11,4,32784.58,28570.85
0,131.34,1172,1527,1221,9,2023,12,22,4,10776.72,7748.1445
2,3712.66,1376,2150,1720,18,2024,12,21,5,67870.65,58024.81
4,1955.74,792,1004,803,10,2023,9,3,6,19828.87,25070.986
4,255.44,821,703,562,7,2024,4,29,0,52672.55,39470.344
2,2579.29,1332,1194,955,10,2023,6,10,5,75439.66,51345.68
0,333.06,916,848,679,5,2021,9,12,6,1583.59,7140.3228
4,1420.17,813,803,643,8,2024,9,2,0,47023.51,36475.125
4,2595.08,1019,803,643,8,2024,6,26,2,34383.39,29988.781
1,13.94,898,836,669,2,2024,7,6,5,2562.21,7462.8506
2,1084.65,1564,2269,1815,19,2024,12,14,5,55724.72,55829.742
1,31.95,1000,418,334,1,2024,11,3,6,750.2,8895.858
4,1102.37,751,1105,884,11,2024,10,28,0,21106.21,35694.12
1,22.98,915,418,334,1,2023,11,2,3,4617.54,7716.3506
5,8.13,419,553,443,7,2024,5,7,1,2766.81,4272.6616
0,370.0,1015,1188,950,7,2024,8,21,2,8128.48,5737.3247
0,394.71,898,509,407,3,2022,10,3,0,3379.89,7504.824
1,49.32,810,836,669,2,2024,4,7,6,15674.31,7884.5854
4,2069.3,697,703,562,7,2024,10,17,3,23396.73,30062.787
2,2271.15,1896,1553,1242,13,2024,5,20,0,64530.51,62633.06
0,262.33,879,1527,1221,9,2024,12,27,4,13130.04,6762.888
0,274.47,968,1357,1086,8,2023,10,28,5,13334.4,6660.154
0,468.29,769,1018,814,6,2024,9,10,1,2768.2,5522.1265
0,424.67,1118,1357,1086,8,2024,5,1,2,4300.44,6190.5586
5,43.14,424,553,443,7,2023,8,29,1,11923.59,5896.1655
1,2.46,1206,836,669,2,2024,11,16,5,15445.6,10823.049
0,297.16,1029,1357,1086,8,2024,6,3,0,1305.6,5879.7
4,2091.88,1113,904,723,9,2020,11,10,1,30845.59,31707.738
1,13.57,1215,418,334,1,2024,9,16,0,1317.4,6059.5703
2,2779.23,1764,1553,1242,13,2021,8,24,1,49858.92,56618.33
5,41.7,395,316,253,4,2023,2,8,2,401.4,4179.257
2,2022.24,1990,1791,1433,15,2024,10,16,2,28063.26,53959.3
1,24.77,1036,836,669,2,2021,4,29,3,26061.0,10526.707
0,284.25,786,848,679,5,2023,6,30,4,3184.09,6774.1875
1,36.17,928,836,669,2,2024,8,2,4,8990.58,8604.551
0,421.32,1039,1357,1086,8,2024,10,15,1,2409.8,6374.6196
4,888.69,1150,904,723,9,2024,8,5,0,14413.11,29912.107
5,85.38,361,712,569,9,2024,2,27,1,5350.38,4565.1787
0,262.07,937,1357,1086,8,2023,11,4,5,4408.96,6657.263
0,160.16,865,679,543,4,2024,12,27,4,6790.76,5218.895
0,492.09,1125,509,407,3,2024,12,12,3,1554.56,7005.919
1,14.35,1094,1672,1338,4,2023,1,28,5,772.54,6151.0737
5,32.24,339,395,316,5,2024,5,12,6,3917.74,4075.1836
4,1592.7,675,803,643,8,2024,12,18,2,45738.83,32321.637
2,2535.14,1836,2150,1720,18,2024,7,6,5,64504.16,58586.684
2,2148.43,2005,1194,955,10,2024,8,8,3,39574.98,48643.84
2,2078.99,1630,1791,1433,15,2024,12,29,6,66472.06,50155.176
0,106.56,982,1527,1221,9,2023,7,5,2,2296.8,6726.0483
4,1282.49,1131,1306,1044,13,2024,9,20,4,54874.48,39185.367
5,70.68,432,633,506,8,2020,5,27,2,624.72,4484.0327
0,370.26,889,509,407,3,2024,11,22,4,4458.62,6816.8003
3,2000.45,284,245,196,7,2024,9,15,6,11248.43,27050.51
5,23.74,579,712,569,9,2023,6,14,2,5254.44,4530.9053
0,371.99,1063,1018,814,6,2024,11,7,3,1429.6,5779.1143
2,3234.29,1822,955,764,8,2022,12,13,1,69788.75,67086.125
4,2204.18,734,1004,803,10,2024,10,29,1,53523.93,37371.28
2,1413.44,1823,1672,1338,14,2022,1,24,0,62210.59,59482.6
4,739.67,780,803,643,8,2022,10,1,5,36298.21,31339.797
2,3986.61,1891,2030,1624,17,2023,11,13,0,64338.71,53860.703
2,4141.74,1747,2389,1911,20,2024,5,22,2,54329.61,53769.582
4,1896.82,954,703,562,7,2023,4,28,4,27268.65,34565.023
0,318.61,1096,679,543,4,2024,5,25,5,8192.36,6898.9917
2,1539.11,1217,1075,860,9,2024,1,25,3,76368.86,58605.89
2,3993.16,2039,1791,1433,15,2024,5,3,4,63270.25,57250.594
1,31.21,947,836,669,2,2024,4,23,1,5696.46,8703.088
4,2688.11,1076,803,643,8,2024,8,6,1,11439.78,34118.105
4,1331.79,861,904,723,9,2024,10,9,2,27226.75,28082.906
2,1209.77,1944,1314,1051,11,2024,9,14,5,70379.67,52816.93
4,2560.47,1114,1205,964,12,2024,12,21,5,18035.55,27503.984
4,715.2,735,502,402,5,2024,11,27,2,41670.58,31973.014
4,2084.21,750,603,482,6,2023,11,7,1,9780.66,28142.057
1,39.67,807,1254,1003,3,2024,11,4,0,3448.5,7487.937
4,683.45,828,803,643,8,2023,11,3,4,53017.31,36412.582
1,9.43,948,418,334,1,2024,6,24,0,779.12,6453.479
2,2779.23,1764,1553,1242,13,2022,8,25,3,49858.92,56531.074
4,849.99,930,1105,884,11,2024,2,21,2,35675.58,32633.576
1,20.13,1222,1254,1003,3,2024,1,24,2,1674.52,7340.651
1,10.17,1277,1254,1003,3,2023,6,1,3,3014.9,6614.2104
2,2586.65,1435,2389,1911,20,2024,11,14,3,75040.2,67609.38
4,824.83,758,603,482,6,2022,7,1,4,37142.94,31228.229
2,1645.13,1643,2030,1624,17,2023,10,11,2,59075.03,52125.81
5,88.08,488,633,506,8,2024,11,10,6,3385.98,4240.911
2,1930.41,2003,2030,1624,17,2024,4,24,2,75096.83,60845.832
1,41.04,838,836,669,2,2024,10,11,4,3373.26,7592.779
1,38.5,1078,418,334,1,2024,1,29,0,20970.07,8841.395
4,531.33,907,1105,884,11,2024,1,3,2,49536.23,35860.797
4,1961.91,672,904,723,9,2024,8,13,1,22052.11,28453.3
2,2438.32,1958,836,669,7,2024,12,16,0,69787.52,49832.273
1,36.6,851,418,334,1,2024,5,1,2,17875.44,7606.3438
4,2067.52,806,1004,803,10,2024,8,8,3,48981.55,30925.658
2,2400.37,1452,1791,1433,15,2023,10,10,1,34448.93,46790.62
1,43.82,928,836,669,2,2024,5,14,1,15888.32,8352.041
4,2677.49,791,1205,964,12,2020,1,23,3,23751.25,30140.904
0,494.62,1159,1018,814,6,2024,1,17,2,3231.17,6974.1255
2,2268.37,1170,1314,1051,11,2024,6,10,0,64322.01,55706.22
0,168.56,810,1357,1086,8,2021,1,14,3,2832.54,6309.207
5,41.16,537,474,380,6,2024,5,21,1,5985.78,4401.6226
4,846.63,1042,502,402,5,2024,6,2,6,22927.97,31660.264
2,2499.57,1310,955,764,8,2024,10,31,3,41301.9,53137.21
4,1546.24,727,1004,803,10,2023,7,10,0,33245.14,31114.217
4,1178.76,1111,904,723,9,2024,9,13,4,18311.28,33183.355
2,2059.44,1540,1791,1433,15,2024,5,5,6,83652.35,58323.4
5,86.07,473,316,253,4,2023,6,21,2,824.34,4400.3745
0,245.9,1254,1018,814,6,2024,5,20,0,7531.0,8357.844
3,1771.26,366,386,309,11,2024,10,17,3,16470.93,35161.543
2,1813.16,1890,1553,1242,13,2024,12,23,0,63490.18,48812.85
0,407.37,1155,1018,814,6,2024,5,31,4,11870.12,7439.168
5,57.12,371,474,380,6,2024,6,20,3,8586.45,4093.7556
4,822.66,823,703,562,7,2024,11,1,4,25480.01,34223.797
0,67.61,1293,1018,814,6,2024,10,16,2,9438.36,6875.714
1,16.48,1105,1254,1003,3,2023,4,16,6,2375.52,8331.903
5,34.52,349,712,569,9,2021,6,18,4,1121.84,3553.2874
4,2375.19,983,904,723,9,2024,6,25,1,44135.6,36090.008
4,1955.32,1069,1004,803,10,2024,3,12,1,21369.39,33237.508
4,1254.24,729,703,562,7,2023,12,26,1,32395.03,35081.15
1,37.51,1235,1672,1338,4,2024,4,6,5,3476.22,6768.8857
0,60.54,944,1527,1221,9,2020,12,7,0,5085.24,6930.892
0,459.82,875,1357,1086,8,2023,1,16,0,14737.12,6169.6543
2,624.31,1451,1433,1147,12,2024,12,29,6,74344.98,55036.613
4,2036.87,1045,904,723,9,2024,8,28,2,53948.91,30746.139
4,2649.26,985,1105,884,11,2024,11,14,3,25628.27,29189.092
3,1771.26,366,386,309,11,2024,3,15,4,16470.93,35161.543
0,122.22,853,679,543,4,2024,3,23,5,1537.66,6740.3896
4,1674.41,749,1004,803,10,2024,4,16,1,23015.75,32400.832
1,28.19,1025,836,669,2,2022,11,25,4,1065.05,8923.996
2,2788.08,1307,1911,1529,16,2024,10,1,1,65992.05,53571.36
4,1398.75,1035,603,482,6,2024,11,19,1,19512.09,31342.393
0,124.88,860,509,407,3,2024,5,22,2,1430.26,5210.286
0,73.44,1058,509,407,3,2024,11,28,3,6895.46,7278.358
4,1460.05,1046,502,402,5,2024,9,5,3,33493.4,32684.318
4,372.72,1066,1004,803,10,2023,5,21,6,52518.46,44397.363
4,2340.51,1146,1306,1044,13,2023,1,3,1,48451.22,41420.54
2,2638.89,1632,2150,1720,18,2024,3,9,5,29371.0,48068.2
1,28.43,1080,1672,1338,4,2022,11,1,1,12222.21,8462.735
0,151.95,851,509,407,3,2024,1,13,5,3774.52,6728.89
3,990.2,372,456,365,13,2023,8,3,3,45875.34,48228.93
2,1364.5,2012,1553,1242,13,2024,6,8,5,48189.88,53733.766
3,835.02,333,175,140,5,2023,9,7,3,28616.13,33310.37
4,1217.54,760,904,723,9,2024,9,30,0,23121.68,32712.902
4,2112.49,736,904,723,9,2024,5,30,3,38064.03,31248.287
2,1347.54,1437,1672,1338,14,2023,7,4,1,38172.76,49840.18
0,146.98,1256,679,543,4,2023,9,8,4,1963.92,7349.202
4,2567.51,735,904,723,9,2023,3,12,6,38932.68,32286.072
4,2739.02,982,1105,884,11,2023,8,9,2,27201.03,30838.074
2,3585.65,1539,1075,860,9,2024,7,9,1,49451.48,56406.656
2,2031.64,1786,1075,860,9,2024,6,30,6,29358.18,46062.34
2,2993.28,1772,1075,860,9,2023,11,30,3,35030.54,49259.25
2,2582.16,1791,1075,860,9,2024,2,9,4,72176.42,57194.113
2,1576.97,1315,1672,1338,14,2024,7,26,4,68601.3,54896.223
4,2173.71,1030,1105,884,11,2023,11,2,3,38013.31,30861.137
3,216.22,282,386,309,11,2024,12,27,4,25375.91,28592.195
4,1050.34,873,904,723,9,2023,10,27,4,37805.67,30575.445
0,497.17,924,1527,1221,9,2024,6,24,0,2073.56,6127.149
0,471.54,826,679,543,4,2024,12,19,3,14066.43,7877.9385
2,3798.2,1626,1791,1433,15,2024,8,16,4,72621.97,54137.004
2,3377.33,1683,1194,955,10,2024,12,14,5,76328.32,54276.88
0,291.16,783,679,543,4,2024,7,30,1,4584.33,6597.255
1,31.62,1225,836,669,2,2024,10,23,2,3735.7,7433.727
2,1465.52,1799,955,764,8,2022,11,25,4,37600.24,44682.562
3,1377.95,230,281,224,8,2024,2,25,6,10639.64,22381.465
4,2725.67,774,1105,884,11,2024,9,23,0,38370.19,37685.203
4,744.3,953,703,562,7,2023,11,17,4,10786.48,30991.107
0,364.9,801,848,679,5,2024,11,16,5,12257.79,6663.125
5,25.45,402,316,253,4,2024,11,18,0,499.16,4006.9912
3,1405.88,366,351,281,10,2024,11,11,0,13686.87,31106.273
0,324.87,1115,509,407,3,2024,7,22,0,2774.36,6850.7607
3,794.91,240,175,140,5,2024,7,10,2,49487.66,47158.742
3,711.41,374,456,365,13,2024,12,10,1,43677.54,42238.277
4,406.94,810,1004,803,10,2024,11,4,0,44029.34,39436.688
2,4037.62,1420,1553,1242,13,2024,1,10,2,76686.91,62312.426
0,350.59,846,509,407,3,2024,9,4,2,9971.88,6940.9995
5,95.58,570,395,316,5,2024,4,9,1,6040.92,4616.677
4,2017.84,1099,1205,964,12,2024,8,8,3,36786.42,30828.008
5,27.08,482,712,569,9,2024,3,27,2,1351.14,4484.463
2,3934.83,2031,1553,1242,13,2024,8,5,0,60471.66,61668.434
0,195.1,810,1188,950,7,2024,7,10,2,7404.42,6692.552
4,1280.98,889,904,723,9,2023,12,13,2,12066.83,30347.244
2,1163.01,1869,1433,1147,12,2024,12,15,6,35077.72,51405.816
4,732.36,663,1306,1044,13,2024,12,20,4,37197.01,35395.586
4,1777.65,1050,603,482,6,2024,12,16,0,29232.83,28557.002
4,1507.08,1141,703,562,7,2024,2,2,4,47272.34,38276.156
4,707.92,893,904,723,9,2021,1,19,1,12000.2,26897.84
2,3319.88,1987,2030,1624,17,2021,4,27,1,79127.97,62537.75
0,465.11,1151,1527,1221,9,2024,4,18,3,6322.48,7802.6616
5,69.44,499,633,506,8,2024,7,7,6,1555.56,4164.7046
0,413.62,1039,509,407,3,2024,10,1,1,8557.36,7140.1514
4,1494.83,721,1105,884,11,2024,8,12,0,43821.95,35861.52
5,20.51,505,474,380,6,2024,10,3,3,3232.6,3925.752
4,401.78,776,502,402,5,2023,8,25,4,44714.43,33854.695
2,4030.98,1202,955,764,8,2022,11,10,3,50213.22,53367.82
2,941.31,1407,2269,1815,19,2024,12,23,0,66470.18,65589.76
0,139.82,1022,1188,950,7,2024,10,11,4,6902.34,6410.652
0,492.48,774,509,407,3,2024,1,31,2,8666.04,6672.5435
5,91.56,386,712,569,9,2024,6,18,1,3473.07,4435.424
0,135.29,1030,848,679,5,2024,4,1,0,13427.2,8391.09
0,430.62,808,509,407,3,2022,6,16,3,1881.31,6497.9053
4,529.25,1016,1306,1044,13,2024,10,22,1,31469.15,24864.168
1,28.82,1207,1672,1338,4,2023,8,7,0,633.08,7420.4653
4,2332.86,994,502,402,5,2024,5,12,6,45406.73,31519.49
4,2073.23,811,1306,1044,13,2024,12,12,3,16043.92,27972.76
2,1135.19,1685,1194,955,10,2023,5,21,6,49473.94,47577.332
4,1813.72,1079,603,482,6,2024,3,26,1,10512.84,28880.559
0,131.99,924,509,407,3,2024,4,5,4,7569.6,7537.3843
4,1519.42,675,1306,1044,13,2024,11,25,0,8565.01,31230.28
2,1937.52,1296,1672,1338,14,2024,7,30,1,66895.54,55205.15
0,307.99,778,1188,950,7,2023,10,12,3,1479.22,5505.9785
1,20.28,762,418,334,1,2024,12,25,2,7166.94,7352.637
0,25.87,1019,1018,814,6,2024,1,16,1,1948.69,7328.766
5,90.97,496,316,253,4,2024,1,15,0,8317.77,4324.168
2,2460.68,1617,2389,1911,20,2024,3,25,0,38240.91,49585.5
1,42.31,1203,1672,1338,4,2024,10,25,4,15933.4,8165.8755
2,1513.41,1935,1553,1242,13,2024,9,21,5,71268.77,58613.535
2,2507.6,1487,1433,1147,12,2024,12,25,2,43695.99,46745.043
4,877.56,1033,803,643,8,2024,1,31,2,53481.5,36964.617
4,594.81,1152,703,562,7,2024,11,22,4,29085.46,37210.438
1,7.67,943,836,669,2,2024,12,25,2,22274.28,8805.236
4,829.65,1076,1306,1044,13,2024,12,30,0,40440.08,36974.344
5,22.75,400,474,380,6,2023,8,2,2,5838.63,3768.9707
2,3877.31,1887,1314,1051,11,2023,12,23,5,31289.9,45998.25
1,42.31,1203,1672,1338,4,2024,7,24,2,15933.4,8165.8755
1,25.3,1020,418,334,1,2024,12,26,3,14626.64,8980.666
4,1436.63,796,502,402,5,2024,10,11,4,14412.11,33237.176
1,21.81,990,836,669,2,2024,4,18,3,8903.18,8657.578
2,744.98,1598,2389,1911,20,2023,8,2,2,76804.43,65713.71
5,38.87,441,474,380,6,2023,5,30,1,1959.64,4255.158
5,47.28,595,633,506,8,2022,12,23,4,3414.74,4737.9688
2,2582.63,1479,1075,860,9,2024,5,26,6,49180.28,50923.98
1,37.71,1252,1254,1003,3,2024,11,8,4,3770.13,7591.7437
2,1023.57,1717,1791,1433,15,2024,12,6,4,40784.06,54077.312
2,3121.8,1309,1433,1147,12,2024,9,17,1,28873.17,45958.176
0,136.48,1177,1188,950,7,2024,9,12,3,4907.2,6630.058
4,261.44,1078,1205,964,12,2024,5,11,5,51006.59,41075.254
0,382.57,1296,848,679,5,2024,10,11,4,4902.56,7491.861
4,257.18,769,502,402,5,2024,12,18,2,43165.92,40295.14
4,2587.68,653,803,643,8,2024,7,24,2,36495.06,32964.996
3,742.71,244,421,337,12,2024,3,27,2,36750.08,39435.45
5,36.67,495,712,569,9,2024,2,22,3,1999.11,4210.9727
2,2037.41,1622,1075,860,9,2024,2,25,6,34011.53,46813.82
0,310.76,1011,509,407,3,2021,3,25,3,3752.53,6401.5454
3,1819.55,271,245,196,7,2020,1,23,3,13749.8,30135.28
2,2282.85,1941,2150,1720,18,2024,12,13,4,60546.75,58368.742
4,1085.0,751,1105,884,11,2024,2,24,5,31732.77,36432.62
0,268.06,1003,1188,950,7,2023,6,4,6,6716.61,6763.7627
4,2340.59,958,803,643,8,2024,12,24,1,11080.07,24070.549
1,4.0,1229,1254,1003,3,2024,11,4,0,20091.94,10387.989
4,2473.21,1034,1205,964,12,2024,10,24,3,52008.87,32698.312
3,1092.08,385,281,224,8,2023,9,2,5,44437.6,42064.4
0,244.94,1104,1527,1221,9,2024,12,2,0,14499.15,7647.1206
4,898.95,911,1004,803,10,2024,12,23,0,51980.22,33438.273
1,18.18,926,836,669,2,2024,2,16,4,9882.46,8121.9136
2,2352.67,1464,1075,860,9,2023,9,10,6,34793.7,42892.6
2,2745.39,1258,1672,1338,14,2024,6,6,3,58394.64,53201.324
2,4051.76,1407,2269,1815,19,2024,10,6,6,68945.11,62796.406
4,914.48,858,1306,1044,13,2023,4,26,2,48210.57,39154.37
4,2077.55,1109,603,482,6,2021,6,18,4,38771.44,31494.94
2,676.47,1538,1553,1242,13,2024,12,22,6,35149.07,53964.395
2,3004.58,1403,1911,1529,16,2021,9,17,4,32933.36,55843.52
4,2072.15,682,1306,1044,13,2023,7,31,0,32356.19,29645.02
2,3028.53,1382,2030,1624,17,2024,12,19,3,69397.36,58268.086
4,2749.9,959,1205,964,12,2024,4,11,3,8601.22,31474.139
2,1079.59,1921,1553,1242,13,2023,9,9,5,68925.31,57767.785
1,15.7,994,418,334,1,2024,10,28,0,980.48,8679.199
5,80.91,512,395,316,5,2022,10,31,0,809.07,4386.2354
4,1612.69,898,1004,803,10,2024,5,20,0,25042.06,31840.934
4,1395.4,1126,1205,964,12,2024,9,1,6,14552.4,27881.738
5,42.21,521,553,443,7,2024,11,8,4,6589.77,4483.486
3,302.9,322,386,309,11,2024,11,6,2,35826.16,40148.85
2,3385.18,1879,1433,1147,12,2024,2,26,0,45024.64,52885.234
2,2209.99,1921,1075,860,9,2024,12,25,2,44642.76,53376.03
3,1973.12,222,245,196,7,2022,8,11,3,14673.97,19994.885
3,1048.29,228,456,365,13,2024,12,30,0,44505.62,48881.797
2,2712.48,1896,1314,1051,11,2020,12,1,1,62359.13,53275.297
1,15.34,1057,418,334,1,2024,12,16,0,10034.82,8972.312
5,86.24,432,316,253,4,2022,12,1,3,7173.81,4568.88
5,46.56,356,237,190,3,2024,6,19,2,2098.74,4364.407
2,2436.72,1581,2269,1815,19,2023,9,21,3,34142.08,43296.44
4,2574.79,826,1205,964,12,2023,8,19,5,34972.53,28728.11
2,3041.88,1588,1553,1242,13,2024,12,28,5,48453.9,56086.504
0,75.34,751,1188,950,7,2024,9,13,4,519.63,6693.4507
2,1742.78,1529,2389,1911,20,2023,5,17,2,29576.02,40660.26
3,412.32,357,281,224,8,2024,5,15,2,27786.68,23560.094
0,220.26,761,1188,950,7,2024,1,7,6,9303.12,6308.135
2,1027.29,1615,2269,1815,19,2024,1,15,0,71811.29,62082.055
4,821.45,665,904,723,9,2024,12,9,0,53884.68,37242.688
2,1794.95,1268,1672,1338,14,2024,7,23,1,73924.58,57943.73
4,1178.76,1111,904,723,9,2024,10,27,6,18311.28,33151.805
4,402.11,1067,1004,803,10,2024,8,13,1,37945.24,36534.1
3,216.22,282,386,309,11,2024,10,6,6,25375.91,28366.0
2,3528.6,1548,1433,1147,12,2024,2,7,2,33528.05,52552.83
2,2488.4,1206,2389,1911,20,2024,12,28,5,48460.88,49738.457
2,724.18,1636,1791,1433,15,2024,11,13,2,34375.03,52855.926
5,53.86,403,553,443,7,2023,8,1,1,10991.55,4340.403
1,18.25,1011,418,334,1,2023,4,16,6,12947.68,8074.815
0,431.8,934,679,543,4,2019,12,18,2,15895.64,6485.4575
4,586.69,881,1004,803,10,2024,10,1,1,48790.27,37923.555
4,2272.01,866,603,482,6,2024,11,14,3,29584.3,27870.068
4,1961.91,672,904,723,9,2023,4,1,5,22052.11,26946.537
2,2083.38,1580,1672,1338,14,2024,9,4,2,28703.35,47168.016
1,43.15,952,836,669,2,2022,7,11,0,7806.72,8626.146
5,96.24,428,553,443,7,2024,8,3,5,6641.02,4451.238
1,35.27,1007,418,334,1,2024,11,23,5,16120.72,8718.287
4,2369.88,766,1205,964,12,2024,4,17,2,41871.16,37093.75
2,3603.79,1667,1911,1529,16,2024,5,5,6,56527.65,53180.66
1,28.85,949,418,334,1,2024,10,17,3,1012.96,8596.147
1,8.52,1314,1254,1003,3,2024,9,1,6,671.1,6544.9785
5,20.51,505,474,380,6,2022,12,18,6,3232.6,3829.4165
5,14.84,551,553,443,7,2024,7,24,2,875.07,3541.2148
5,48.42,383,633,506,8,2023,8,2,2,3879.02,4873.955
4,1173.41,740,603,482,6,2023,4,13,3,10384.95,33784.664
4,2464.42,763,1004,803,10,2024,8,27,1,21444.28,26738.377
2,1923.66,1952,1075,860,9,2024,2,26,0,36234.24,43206.207
5,14.74,361,237,190,3,2024,12,21,5,2175.75,3301.3193
0,178.37,774,509,407,3,2024,12,7,5,3633.88,6131.8047
1,21.15,1116,836,669,2,2024,12,12,3,11839.52,8203.363
0,384.33,928,1018,814,6,2023,11,4,5,15413.52,6561.98
4,2080.49,1076,703,562,7,2024,2,2,4,40741.25,31946.47
2,1740.44,1930,2389,1911,20,2024,12,15,6,59179.01,54516.8
0,374.83,762,848,679,5,2023,8,16,2,4591.76,6331.8667
3,1865.37,350,456,365,13,2023,7,2,6,50481.36,44898.46
2,1765.73,1454,836,669,7,2024,2,5,0,26923.25,47573.9
3,846.22,314,386,309,11,2024,9,2,0,32433.21,35272.43
0,211.0,1086,1188,950,7,2024,10,8,1,5812.38,6569.5977
4,863.32,1017,703,562,7,2023,6,27,1,25544.04,29504.404
2,4060.61,1556,1194,955,10,2022,11,18,4,70435.5,61989.734
1,34.32,1121,836,669,2,2024,11,18,0,7433.8,8896.204
0,210.63,983,509,407,3,2024,11,18,0,12985.95,7631.628
2,710.88,1659,1194,955,10,2024,5,25,5,40252.44,47663.234
5,23.87,372,395,316,5,2024,6,29,5,4441.41,3945.5369
1,41.86,1228,1672,1338,4,2024,12,13,4,10996.44,8165.8755
1,38.23,1228,1254,1003,3,2024,4,21,6,9105.6,7707.729
2,1133.56,1922,1911,1529,16,2023,10,11,2,72607.89,58966.723
2,2023.23,1340,1314,1051,11,2023,10,16,0,78415.83,56880.215
4,847.91,1124,904,723,9,2024,9,22,6,25193.12,27135.264
4,1972.77,1081,603,482,6,2023,2,8,2,52231.17,30362.078
0,139.95,839,679,543,4,2024,9,29,6,6026.2,6740.3896
5,78.66,422,237,190,3,2024,8,4,6,948.27,4476.9395
1,6.91,1026,418,334,1,2024,12,25,2,16956.36,10698.545
0,33.83,937,848,679,5,2024,10,11,4,18750.64,11472.827
5,56.16,594,237,190,3,2023,10,4,2,2206.92,4479.883
4,244.43,666,1205,964,12,2024,11,3,6,37432.31,40685.23
4,406.94,810,1004,803,10,2024,12,17,1,44029.34,39393.125
0,202.14,1261,848,679,5,2024,11,29,4,2939.38,7329.859
4,918.55,1003,1306,1044,13,2024,10,28,0,40736.1,34944.168
2,2418.17,1218,1672,1338,14,2024,4,14,6,45450.97,50458.344
1,16.45,1058,418,334,1,2024,10,6,6,17953.7,11125.796
0,167.93,904,1527,1221,9,2024,3,27,2,10594.68,6745.874
3,1775.69,339,281,224,8,2019,12,27,4,43449.04,34571.477
4,1541.12,1142,703,562,7,2023,10,24,1,16190.81,31100.213
4,410.07,1061,904,723,9,2024,9,17,1,52673.47,38721.344
2,3933.79,1925,836,669,7,2024,2,5,0,30374.04,42144.934
4,1701.83,811,603,482,6,2024,3,29,4,23934.25,28659.29
3,1787.58,289,175,140,5,2024,2,12,0,82658.02,67353.22
5,18.77,466,237,190,3,2024,10,5,5,3344.59,4132.1655
0,262.77,885,1018,814,6,2024,1,25,3,1652.84,6836.646
2,2457.1,1955,2030,1624,17,2024,5,8,2,25226.48,45606.746
5,98.43,403,316,253,4,2024,11,4,0,6057.15,3785.6064
5,16.14,436,474,380,6,2024,12,27,4,1959.46,4007.128
4,2425.18,1053,1306,1044,13,2024,12,6,4,26547.01,37955.617
4,2619.43,748,703,562,7,2022,12,31,5,45931.28,35102.83
4,853.19,888,904,723,9,2020,4,26,6,31175.03,28571.25
3,1396.03,275,281,224,8,2023,7,19,2,24473.25,40903.746
2,2037.41,1622,1075,860,9,2022,7,25,0,34011.53,46796.7
4,950.25,686,1004,803,10,2024,10,13,6,36494.72,31577.885
2,2981.6,1431,1553,1242,13,2024,10,23,2,30136.76,53530.348
2,3427.93,1861,1791,1433,15,2023,9,3,6,48075.31,48799.152
4,594.81,1152,703,562,7,2024,11,1,4,29085.46,37254.0
4,2203.01,759,1105,884,11,2022,8,25,3,14427.0,22575.428
4,1857.13,843,603,482,6,2024,6,9,6,32499.79,35706.74
4,889.42,673,603,482,6,2024,4,16,1,30461.46,30648.988
2,2441.25,1608,955,764,8,2024,2,8,3,49381.41,49669.797
5,14.2,474,712,569,9,2023,4,4,1,2636.73,3628.027
1,43.65,1297,1672,1338,4,2024,11,20,2,7727.61,8223.313
1,49.28,1066,418,334,1,2019,12,18,2,19220.08,8539.137
0,337.18,987,1357,1086,8,2024,5,4,5,4666.88,6378.9697
4,1015.24,1012,703,562,7,2024,7,20,5,42959.61,31673.098
4,662.56,681,1004,803,10,2023,11,20,0,34651.33,33304.812
4,946.91,1078,1205,964,12,2023,6,3,5,40237.08,33753.066
1,46.7,852,836,669,2,2024,8,8,3,7507.84,7612.122
4,1129.61,1089,703,562,7,2024,11,23,5,45750.48,33961.84
4,1418.24,988,803,643,8,2024,7,29,0,17795.28,29777.602
0,442.26,771,1357,1086,8,2024,11,21,3,5547.44,5562.139
2,3603.79,1667,1911,1529,16,2023,5,26,4,56527.65,53696.55
3,617.77,379,351,281,10,2024,12,17,1,45807.16,33631.81
4,264.97,695,703,562,7,2023,4,20,3,45170.74,30604.83
5,65.72,505,316,253,4,2023,5,29,0,2484.78,4324.168
0,286.79,1090,679,543,4,2023,6,1,3,4654.82,7222.094
3,2151.33,224,421,337,12,2024,6,27,3,17093.89,27330.467
4,1172.94,806,1105,884,11,2024,9,11,2,21116.49,34097.508
1,12.65,1288,1254,1003,3,2024,5,25,5,3124.65,6789.5503
5,10.64,588,553,443,7,2024,11,25,0,6394.59,4902.502
0,292.76,858,509,407,3,2024,11,19,1,1450.14,5958.7544
5,20.8,493,553,443,7,2024,4,18,3,3152.87,4046.4004
2,1355.81,1546,2389,1911,20,2024,11,20,2,80496.51,59591.875
2,3579.87,1674,1433,1147,12,2023,6,23,4,52219.74,54918.74
4,1877.94,773,1004,803,10,2024,8,11,6,39184.93,34563.105
0,496.58,849,1357,1086,8,2024,9,23,0,3746.38,7055.82
2,3904.84,1760,2389,1911,20,2024,12,11,2,54125.31,50859.74
3,798.16,226,456,365,13,2024,12,30,0,79952.08,47828.36
1,3.12,1004,1254,1003,3,2023,1,17,1,13472.0,8481.821
2,1890.53,1919,2030,1624,17,2023,8,23,2,52167.27,51655.81
4,2627.88,816,1205,964,12,2024,10,5,5,30422.85,28704.145
2,1834.96,1728,1553,1242,13,2024,6,3,0,83187.92,64066.19
4,2158.43,858,703,562,7,2023,10,16,0,25794.73,28510.408
5,29.96,537,712,569,9,2024,5,8,2,4447.4,4503.806
4,2700.73,877,803,643,8,2024,9,17,1,49207.55,39781.16
0,410.28,1074,1357,1086,8,2024,9,15,6,2266.1,5936.5146
1,16.38,786,836,669,2,2024,7,8,0,11506.82,8219.538
3,1518.12,261,175,140,5,2024,6,20,3,18959.04,32521.594
2,1973.84,1267,2150,1720,18,2024,12,21,5,49032.02,56634.79
0,435.56,1173,509,407,3,2023,3,11,5,18519.12,7797.429
2,1148.73,1386,2389,1911,20,2024,7,31,2,33086.21,45987.652
3,713.61,379,210,168,6,2024,5,3,4,31269.1,34614.957
1,6.55,771,1672,1338,4,2023,6,16,4,4432.04,6755.3486
1,48.47,1201,1254,1003,3,2023,5,13,5,8443.25,8197.038
0,402.61,1290,1188,950,7,2024,3,22,4,9302.98,7426.148
2,1012.97,2004,1314,1051,11,2023,10,19,3,26665.59,39356.848
2,3614.54,1758,1194,955,10,2024,8,17,5,39197.15,56228.33
4,2034.23,1056,904,723,9,2022,9,29,3,14985.64,28731.97
0,258.84,1108,1527,1221,9,2024,12,27,4,927.42,6310.582
0,163.1,946,1527,1221,9,2024,12,12,3,9030.38,6887.327
0,393.55,1096,679,543,4,2022,11,6,6,2200.96,6335.043
1,9.74,1235,836,669,2,2021,11,3,2,1657.92,7006.571
4,2743.81,996,502,402,5,2024,5,11,5,22109.0,35105.87
4,650.15,902,603,482,6,2020,12,14,0,45793.96,33230.016
0,151.0,1035,679,543,4,2023,5,13,5,12276.6,7895.945
4,854.36,1118,502,402,5,2024,5,16,3,35984.61,27212.596
0,84.13,1223,1018,814,6,2024,2,22,3,5052.28,6401.4365
0,292.76,858,509,407,3,2024,1,24,2,1450.14,5958.7544
5,63.05,538,316,253,4,2024,12,21,5,2369.05,4374.198
0,94.17,858,1188,950,7,2024,12,28,5,2142.5,5676.5005
0,297.38,1145,1527,1221,9,2024,4,26,4,949.3,7121.476
4,1597.27,962,1105,884,11,2024,9,11,2,37393.47,32960.0
5,6.23,485,633,506,8,2024,3,31,6,652.98,3775.3757
5,94.47,382,712,569,9,2020,6,14,6,3257.52,4446.9956
5,18.77,466,237,190,3,2022,9,3,5,3344.59,4132.1655
2,4237.54,1420,1075,860,9,2023,11,11,5,40684.88,49191.492
2,3907.13,1374,1314,1051,11,2022,12,30,4,46719.82,48801.22
2,3906.51,2023,1672,1338,14,2024,11,9,5,71067.84,58813.684
4,2319.67,1024,904,723,9,2023,7,9,6,15343.78,24327.408
4,2437.36,692,603,482,6,2023,12,13,2,19305.19,32403.064
1,36.75,1166,418,334,1,2023,12,3,6,18726.1,9818.211
2,1906.72,1825,1433,1147,12,2023,8,27,6,46538.16,50735.215
0,497.17,924,1527,1221,9,2024,7,19,4,2073.56,6127.149
2,2479.52,1601,836,669,7,2024,2,25,6,66340.51,51332.016
1,18.02,1279,836,669,2,2024,6,27,3,11220.84,8359.458
1,31.05,803,1672,1338,4,2024,12,23,0,16858.71,7993.4365
4,547.18,977,1306,1044,13,2022,1,24,0,31221.38,30886.982
0,437.61,857,679,543,4,2024,10,2,2,6897.66,6284.867
5,90.83,485,712,569,9,2024,3,23,5,7398.48,4483.143
1,37.14,1265,1672,1338,4,2024,9,30,0,2509.15,6406.5586
4,346.91,681,603,482,6,2024,9,3,1,29294.9,29767.543
5,32.24,339,395,316,5,2024,8,17,5,3917.74,4075.1836
5,21.37,544,237,190,3,2023,12,14,3,1444.49,3853.1223
4,2670.19,801,1105,884,11,2024,12,18,2,25876.04,28803.857
2,1262.78,1246,1194,955,10,2024,12,28,5,47510.33,50750.562
4,1000.63,892,1306,1044,13,2024,10,7,0,52873.59,37255.395
2,992.95,1554,1075,860,9,2023,4,16,6,67102.51,57035.766
5,65.87,359,237,190,3,2021,12,19,6,935.46,4371.266
4,1840.72,748,1105,884,11,2024,1,23,1,54260.92,33591.145
0,269.1,1066,1357,1086,8,2024,4,19,4,1814.76,6146.746
0,40.54,1281,1527,1221,9,2024,12,17,1,3152.61,7326.8896
5,71.16,418,474,380,6,2024,11,13,2,1088.91,4059.7654
4,244.43,666,1205,964,12,2024,5,7,1,37432.31,40846.973
4,2250.33,715,1004,803,10,2024,9,24,1,22241.73,34401.996
3,613.61,377,210,168,6,2023,12,9,5,30072.16,36181.223
2,1791.64,1844,1553,1242,13,2021,8,10,1,38326.04,52474.83
0,214.02,1080,848,679,5,2024,5,10,4,3187.24,6874.9087
0,186.42,1164,509,407,3,2024,12,19,3,18558.72,9710.845
4,385.66,1028,603,482,6,2023,8,16,2,23185.61,27600.023
1,35.82,917,418,334,1,2024,9,24,1,2484.3,8622.594
2,2273.46,2045,1194,955,10,2024,12,28,5,71671.57,71251.88
4,624.64,774,803,643,8,2022,3,3,3,12548.94,30531.168
2,907.62,1203,1553,1242,13,2021,5,4,1,53878.45,60799.75
2,3744.31,1765,2389,1911,20,2024,7,29,0,39780.56,48751.246
4,1574.95,872,603,482,6,2024,12,2,0,26276.07,28532.834
4,2047.41,959,1105,884,11,2024,5,24,4,43624.34,29733.977
2,3247.02,1274,2150,1720,18,2024,4,30,1,48310.85,54171.39
5,36.85,522,633,506,8,2023,11,10,4,2402.49,4162.117
2,3137.4,1268,2269,1815,19,2024,12,15,6,36211.76,49387.227
0,65.29,962,1527,1221,9,2024,12,11,2,12907.41,6887.327
4,1232.7,1031,603,482,6,2024,6,3,0,31995.57,34989.684
0,437.11,750,1357,1086,8,2024,9,12,3,13085.88,8621.279
4,1277.39,891,1205,964,12,2023,8,17,3,52822.51,32628.172
2,1994.48,2033,955,764,8,2023,2,18,5,49631.69,54062.117
2,1525.84,1955,2269,1815,19,2024,11,15,4,64122.79,57586.91
4,2047.49,1058,502,402,5,2023,8,26,5,8630.82,27790.984
4,1955.32,1069,1004,803,10,2024,2,6,1,21369.39,33281.07
2,1135.19,1685,1194,955,10,2024,3,4,0,49473.94,47456.793
4,2169.68,1028,1004,803,10,2023,11,22,2,35909.35,28019.309
5,49.71,560,474,380,6,2024,11,11,0,1271.81,4189.187
2,3415.84,1608,955,764,8,2023,3,30,3,54874.26,55398.273
4,1319.8,785,1004,803,10,2023,3,16,3,29233.68,34148.043
2,2148.82,1383,1314,1051,11,2024,9,17,1,40608.61,47759.625
4,1170.47,840,603,482,6,2022,9,27,1,53595.08,37467.043
5,70.29,342,553,443,7,2024,3,8,4,3500.04,3910.9863
0,244.94,1104,1527,1221,9,2024,11,26,1,14499.15,7603.5557
4,1955.74,792,1004,803,10,2024,9,27,4,19828.87,26118.377
2,1946.81,1195,1194,955,10,2024,4,10,2,50261.09,49114.242
0,56.22,1052,509,407,3,2022,12,10,5,7239.28,7575.4497
4,2340.75,1069,603,482,6,2024,9,9,0,9727.24,22797.89
2,1672.04,1571,2389,1911,20,2024,8,2,4,37166.06,43316.594
1,43.89,1050,1672,1338,4,2024,3,20,2,11563.16,8172.12
4,716.93,975,603,482,6,2024,12,26,3,12303.84,29622.188
2,2016.55,1592,836,669,7,2024,3,23,5,49959.99,49360.18
4,2145.81,750,803,643,8,2024,2,25,6,24469.05,26723.977
2,1620.11,1199,1553,1242,13,2024,5,6,0,72426.02,53844.844
3,1518.12,261,175,140,5,2023,10,5,3,18959.04,33096.93
5,13.76,411,237,190,3,2024,1,23,1,2930.8,3114.2766
2,907.62,1203,1553,1242,13,2021,10,17,6,53878.45,60721.75
5,21.37,544,237,190,3,2024,9,22,6,1444.49,3800.3518
5,90.44,356,712,569,9,2024,10,1,1,9303.42,4751.1704
4,2610.79,887,1205,964,12,2024,10,24,3,29241.88,27030.092
4,1218.9,1070,803,643,8,2024,12,21,5,16787.23,33972.707
4,2538.13,1015,1306,1044,13,2024,11,16,5,44894.53,33939.69
2,2090.72,1486,955,764,8,2024,6,29,5,53478.94,52208.363
2,3712.66,1376,2150,1720,18,2024,7,18,3,67870.65,57780.695
5,91.88,475,633,506,8,2024,11,5,1,3919.56,4402.657
4,1029.76,808,1306,1044,13,2024,12,18,2,26428.0,31910.531
3,539.2,387,421,337,12,2024,8,18,6,23718.46,29722.666
4,2473.21,1034,1205,964,12,2024,1,9,1,52008.87,32643.832
0,53.85,948,509,407,3,2023,11,9,3,18314.6,8526.543
2,992.95,1554,1075,860,9,2024,2,22,3,67102.51,57210.555
4,857.93,1118,904,723,9,2023,6,1,3,11305.21,27526.512
1,36.6,851,418,334,1,2022,1,12,2,17875.44,7910.1255
2,2037.41,1622,1075,860,9,2024,12,11,2,34011.53,47052.055
4,1021.38,829,1004,803,10,2021,5,18,1,19610.7,30193.451
1,17.64,780,418,334,1,2024,7,11,3,14267.8,8396.314
4,2224.29,836,904,723,9,2024,7,23,1,31620.61,29667.344
5,30.25,493,237,190,3,2022,11,7,0,6001.12,4254.25
2,1065.52,1986,1911,1529,16,2024,4,27,5,69158.58,64757.773
0,142.43,1309,1188,950,7,2023,7,23,6,9647.2,7027.08
4,1229.39,997,803,643,8,2023,11,21,1,16229.81,31062.707
0,123.38,1016,1357,1086,8,2023,8,3,3,3771.78,6102.072
4,2090.27,1066,502,402,5,2024,3,11,0,42975.5,31522.656
2,3211.61,1252,1911,1529,16,2024,1,28,6,81859.13,64262.586
2,990.04,1330,1672,1338,14,2024,11,9,5,36618.13,59124.414
0,107.38,991,848,679,5,2024,2,21,2,1525.04,7548.8467
0,412.01,1214,1018,814,6,2024,3,5,1,2773.76,7428.254
0,181.01,1189,679,543,4,2020,10,3,5,3654.69,7304.192
2,1761.4,1628,2150,1720,18,2022,11,13,6,77350.41,50805.438
0,83.94,1129,1018,814,6,2024,5,9,3,8361.96,8802.134
2,4151.05,1172,1911,1529,16,2023,9,18,0,68046.52,56410.35
2,1102.81,1731,1672,1338,14,2024,5,28,1,77603.75,62689.734
2,2697.92,1450,955,764,8,2024,3,19,1,61416.82,51380.91
4,1667.33,733,1306,1044,13,2022,8,2,1,36953.91,32273.428
4,1516.37,1128,603,482,6,2023,10,1,6,16767.94,29009.64
2,2271.61,1802,2150,1720,18,2024,2,1,3,74404.37,66001.27
4,818.14,888,703,562,7,2024,4,7,6,20747.58,29648.482
4,550.05,984,1205,964,12,2023,3,25,5,12929.62,28284.254
4,1701.61,708,1105,884,11,2024,4,5,4,32032.54,30930.848
5,35.8,583,237,190,3,2024,10,16,2,1532.45,4210.685
2,727.94,1396,1791,1433,15,2024,8,22,3,59262.25,60218.34
1,25.26,816,1254,1003,3,2024,11,25,0,17225.76,7575.791
4,1557.64,1001,904,723,9,2024,1,27,5,20157.99,28921.182
5,93.67,411,395,316,5,2024,8,19,0,2417.45,3742.0415
1,31.75,1313,1672,1338,4,2023,10,23,0,10769.13,7625.988
3,257.7,259,456,365,13,2020,11,14,5,31153.87,38003.35
2,3911.42,1667,1911,1529,16,2024,11,9,5,40731.68,46682.31
4,2600.19,1132,703,562,7,2023,1,9,0,23970.65,25088.664
0,57.78,1177,1527,1221,9,2024,10,7,0,6031.3,6427.5254
5,27.14,457,316,253,4,2023,9,19,1,5408.88,4328.34
2,1144.09,1994,1314,1051,11,2023,7,25,1,33746.62,47736.035
1,37.51,1235,1672,1338,4,2023,6,17,5,3476.22,6823.3647
2,3501.81,1264,2030,1624,17,2024,11,28,3,71626.36,60858.973
2,3018.87,1909,1553,1242,13,2024,12,21,5,47508.98,56026.57
1,32.35,1187,836,669,2,2024,10,10,3,2019.96,7433.727
0,189.51,1007,1357,1086,8,2024,10,4,4,3722.98,6554.1436
2,873.24,1343,1911,1529,16,2023,2,19,6,47515.86,49329.543
0,60.97,1084,509,407,3,2024,10,11,4,4896.41,7278.358
2,3319.88,1987,2030,1624,17,2022,11,22,1,79127.97,61646.727
1,43.89,1050,1672,1338,4,2024,5,30,3,11563.16,8226.598
5,37.9,578,395,316,5,2023,7,14,4,341.14,4210.701
2,1972.37,1315,1314,1051,11,2024,12,14,5,40375.8,52971.176
1,4.0,1229,1254,1003,3,2024,7,16,1,20091.94,10344.424
2,3483.86,1705,1911,1529,16,2024,11,28,3,33084.94,47448.383
0,264.8,813,848,679,5,2024,9,29,6,1691.4,7053.13
1,15.44,1076,418,334,1,2024,12,14,5,5979.03,9009.164
4,918.49,1112,904,723,9,2024,7,2,1,28705.11,32018.232
4,616.78,1061,1004,803,10,2024,7,8,0,50520.77,37639.79
2,2712.48,1896,1314,1051,11,2020,1,9,3,62359.13,52825.934
2,1035.76,1508,1911,1529,16,2023,8,9,2,66683.78,58203.254
4,1955.32,1069,1004,803,10,2023,10,25,2,21369.39,33055.83
2,929.42,1220,955,764,8,2024,4,19,4,64213.2,59170.047
4,2046.29,659,1306,1044,13,2024,7,5,4,49793.36,32472.803
2,3501.81,1264,2030,1624,17,2024,12,18,2,71626.36,60858.973
4,2202.1,1064,1105,884,11,2024,11,21,3,23576.1,23445.525
0,394.34,960,679,543,4,2022,6,15,2,2979.84,7040.8804
0,314.63,795,509,407,3,2024,12,15,6,2730.52,6521.2183
0,46.88,1090,509,407,3,2024,4,19,4,6193.89,8247.772
2,1174.27,1995,2030,1624,17,2024,4,15,0,32371.03,51262.37
4,2490.63,653,803,643,8,2024,10,1,1,45224.11,36976.11
2,1673.77,1256,1672,1338,14,2024,6,12,2,46612.84,52691.332
1,37.49,846,1672,1338,4,2024,4,20,5,4352.39,7131.0205
2,1239.0,1698,2269,1815,19,2024,12,5,3,31397.51,55730.266
5,42.31,363,474,380,6,2023,8,1,1,1176.21,4192.4165
1,8.52,1314,1254,1003,3,2024,10,31,3,671.1,6570.6455
0,385.6,1211,1188,950,7,2024,6,6,3,5983.72,7037.6387
0,435.14,911,848,679,5,2021,9,13,0,3806.16,7232.8877
0,99.74,787,848,679,5,2023,8,8,1,1028.85,6832.7393
4,1705.17,672,1105,884,11,2024,6,25,1,34334.94,31157.586
4,662.56,681,1004,803,10,2024,12,14,5,34651.33,33417.22
5,68.0,586,712,569,9,2024,4,18,3,2019.92,4627.0913
2,876.21,1723,1314,1051,11,2024,3,27,2,62001.18,56613.83
2,881.89,1287,955,764,8,2024,10,9,2,38589.0,46554.285
2,1994.48,2033,955,764,8,2024,9,20,4,49631.69,52750.58
4,920.07,835,1004,803,10,2024,8,31,5,13011.79,32267.895
2,1941.64,1575,836,669,7,2024,12,29,6,30471.71,49189.1
2,1937.6,1479,2389,1911,20,2024,12,20,4,59845.71,51995.7
4,810.06,1048,502,402,5,2024,1,20,5,53173.86,36348.582
4,839.57,1045,904,723,9,2024,12,30,0,24421.14,33064.79
2,702.52,1462,1075,860,9,2024,9,26,3,47142.73,52233.15
2,2638.89,1632,2150,1720,18,2023,7,22,5,29371.0,47829.29
0,341.44,1190,1188,950,7,2024,9,22,6,6108.42,7342.261
4,812.29,935,1306,1044,13,2024,6,12,2,35996.23,35429.543
3,434.1,247,210,168,6,2024,6,24,0,98811.84,93389.67
2,2877.68,1771,2030,1624,17,2023,2,5,6,30614.76,43796.62
2,3404.8,1670,1194,955,10,2024,12,21,5,30661.32,47340.53
1,17.16,945,418,334,1,2024,6,6,3,1973.24,8332.643
2,2418.17,1218,1672,1338,14,2020,5,5,1,45450.97,50598.99
0,341.44,1190,1188,950,7,2023,12,17,6,6108.42,7321.89
0,324.26,1185,1527,1221,9,2024,10,29,1,3677.71,7293.083
4,2102.6,820,1306,1044,13,2023,9,21,3,30812.32,33682.004
0,210.15,1055,1527,1221,9,2024,12,17,1,6238.06,6361.171
0,247.99,850,1018,814,6,2024,3,14,3,2851.06,6960.34
4,1514.1,1090,1105,884,11,2022,1,15,5,25461.8,32869.453
2,4147.39,1852,1314,1051,11,2024,11,6,2,29385.69,44994.82
0,107.38,991,848,679,5,2024,10,9,2,1525.04,7603.3257
5,37.2,426,316,253,4,2024,3,17,6,6491.1,4198.554
4,1468.69,728,603,482,6,2024,12,21,5,21570.96,33678.355
2,1862.65,1616,1791,1433,15,2024,4,22,0,46035.09,56204.707
4,2700.73,877,803,643,8,2024,8,3,5,49207.55,40653.113
3,1948.43,356,175,140,5,2024,12,12,3,37693.31,45339.43
1,4.84,821,1254,1003,3,2023,11,9,3,7453.2,7967.5713
0,79.88,1000,1018,814,6,2023,12,26,1,8450.62,7043.1846
4,2537.91,723,703,562,7,2024,11,2,5,53831.81,40953.16
4,1198.14,753,1105,884,11,2024,10,25,4,53395.22,35411.613
2,2037.41,1622,1075,860,9,2023,12,29,4,34011.53,49496.523
0,465.56,870,509,407,3,2022,9,2,4,2029.41,6917.2656
2,2500.92,1416,1314,1051,11,2024,5,8,2,49235.58,54845.06
2,1490.74,1858,1672,1338,14,2024,12,20,4,49206.46,53581.85
1,25.37,1012,836,669,2,2023,1,21,5,9142.74,8483.672
4,1845.25,1021,1205,964,12,2023,11,27,0,30903.42,31046.352
1,46.69,881,1254,1003,3,2024,12,14,5,1731.9,8041.067
5,76.4,522,395,316,5,2024,10,3,3,7778.88,4429.8003
3,1204.01,298,210,168,6,2023,9,10,6,68449.3,54174.49
2,1092.13,1556,1791,1433,15,2023,11,16,3,50232.25,53294.73
5,78.25,489,395,316,5,2024,6,15,5,8997.57,4406.781
2,1867.32,1601,1194,955,10,2024,7,15,0,52666.09,52370.12
4,2520.58,965,1306,1044,13,2023,5,3,2,37387.39,33704.723
4,2067.52,806,1004,803,10,2024,5,18,5,48981.55,31001.965
4,1373.67,727,502,402,5,2024,1,26,4,31333.26,31890.068
4,2365.27,1144,1306,1044,13,2024,12,18,2,24823.34,32590.342
0,391.58,892,679,543,4,2023,11,5,6,5949.38,6700.7437
1,20.03,827,836,669,2,2023,1,1,6,16772.5,9301.929
0,337.18,987,1357,1086,8,2024,7,15,0,4666.88,6439.112
4,1516.37,1128,603,482,6,2023,12,15,4,16767.94,29102.053
2,709.19,1705,1911,1529,16,2024,12,17,1,49478.43,56309.395
1,17.64,780,418,334,1,2024,9,15,6,14267.8,8398.691
4,1142.42,875,1105,884,11,2024,11,21,3,42154.27,34118.164
0,378.3,1114,848,679,5,2023,7,24,0,2345.18,6360.71
4,870.63,1079,904,723,9,2024,12,8,6,33197.15,32585.697
2,3452.09,1901,1075,860,9,2024,12,29,6,58330.53,55220.062
1,4.75,1181,1672,1338,4,2024,5,21,1,20718.24,12712.92
4,2586.7,836,1004,803,10,2024,3,31,6,23970.45,26380.469
2,1480.73,1279,2389,1911,20,2022,10,5,2,67606.53,66723.664
1,30.58,1148,1672,1338,4,2023,12,27,2,11246.13,8458.55
1,20.97,912,1254,1003,3,2023,12,5,1,6935.37,8757.572
1,15.82,778,418,334,1,2023,5,6,5,1058.12,7428.3154
4,569.12,1003,803,643,8,2024,11,17,6,46385.87,37102.957
2,3262.4,2034,836,669,7,2024,9,15,6,74508.89,72047.72
3,871.89,266,281,224,8,2024,12,10,1,13277.99,36364.977
2,2228.93,2042,955,764,8,2024,11,30,5,81171.15,77700.445
0,233.69,789,848,679,5,2024,12,10,1,18046.72,8347.328
2,577.8,1687,1194,955,10,2024,5,13,0,38074.61,44281.777
2,1540.43,1685,1314,1051,11,2023,11,23,3,27762.4,49700.965
4,1276.16,734,1205,964,12,2024,7,25,3,31530.98,35131.133
2,1904.8,1985,1194,955,10,2024,11,16,5,25727.23,41595.9
4,2405.72,1088,703,562,7,2024,8,13,1,20454.01,29055.2
2,3720.02,1766,2150,1720,18,2024,9,26,3,32958.23,46749.324
4,1628.12,941,603,482,6,2024,8,31,5,11741.27,31967.191
4,870.63,1079,904,723,9,2024,10,29,1,33197.15,32620.133
4,2582.86,989,803,643,8,2024,11,23,5,32190.47,27847.879
0,390.28,1065,509,407,3,2024,10,30,2,5210.28,6104.8906
0,430.62,808,509,407,3,2023,12,17,6,1881.31,6437.763
4,2677.49,791,1205,964,12,2021,6,20,6,23751.25,29094.51
2,3313.91,1774,2269,1815,19,2024,6,22,5,77025.72,55436.887
2,1989.02,1403,1911,1529,16,2024,4,11,3,72441.35,57509.473
2,2411.4,1380,1911,1529,16,2023,12,30,5,78361.98,57482.793
0,187.57,1078,1018,814,6,2024,12,24,1,4251.72,6550.2544
2,827.49,1761,1553,1242,13,2024,5,14,1,57080.23,57613.027
2,645.18,1561,1314,1051,11,2020,11,15,6,54049.74,51866.027
4,509.06,659,1306,1044,13,2023,12,13,2,16713.02,23057.219
2,2847.28,1834,1553,1242,13,2024,7,31,2,33548.61,59582.758
2,1853.45,1640,1672,1338,14,2024,8,14,2,34875.7,54114.883
2,2390.5,1362,2150,1720,18,2020,8,21,4,60643.82,56921.57
4,1574.95,872,603,482,6,2024,6,5,2,26276.07,28532.834
4,946.91,1078,1205,964,12,2024,11,4,0,40237.08,33895.824
2,2203.59,1569,1553,1242,13,2023,6,10,5,59302.46,57328.98
5,28.71,377,237,190,3,2024,9,14,5,618.88,4004.7168
2,1174.27,1995,2030,1624,17,2024,1,21,6,32371.03,51907.793
4,270.02,751,1105,884,11,2023,11,15,2,38790.8,38283.375
3,2022.32,294,351,281,10,2024,12,16,0,53851.7,48985.633
2,3614.54,1758,1194,955,10,2024,12,21,5,39197.15,56228.33
3,460.95,290,386,309,11,2023,10,26,3,90128.2,65993.33
1,30.38,923,1254,1003,3,2022,6,28,1,6234.13,8652.283
4,2045.76,663,1306,1044,13,2024,3,10,6,29636.65,31900.94
5,28.35,591,712,569,9,2023,9,1,4,3435.32,4528.028
4,1376.28,935,603,482,6,2024,1,10,2,16198.52,32439.76
0,269.1,1066,1357,1086,8,2024,7,12,4,1814.76,6201.225
3,567.35,240,386,309,11,2024,5,19,6,34439.92,35628.08
4,2649.26,985,1105,884,11,2024,12,14,5,25628.27,28238.54
0,339.31,1122,1357,1086,8,2023,1,10,1,19074.68,6057.3164
2,1495.22,1887,955,764,8,2023,6,25,6,40622.83,47982.63
5,84.34,577,553,443,7,2024,1,27,5,8778.72,4357.8457
5,86.07,473,316,253,4,2024,7,7,6,824.34,4344.7134
3,1422.66,320,316,253,9,2024,9,19,3,65482.64,42114.29
3,1590.85,270,245,196,7,2024,12,9,0,38981.32,39315.92
3,2073.38,306,245,196,7,2024,9,8,6,64995.78,38506.098
4,2073.23,811,1306,1044,13,2023,3,23,3,16043.92,26994.283
1,7.59,983,836,669,2,2024,9,11,2,1341.2,9018.745
4,1282.17,893,1105,884,11,2023,7,30,6,8942.22,32723.824
3,2146.27,328,245,196,7,2024,2,15,3,13873.44,33021.637
0,290.24,1279,679,543,4,2024,9,27,4,13774.36,8039.757
1,47.47,893,1672,1338,4,2024,9,25,2,9121.8,7927.9883
0,166.42,1273,679,543,4,2023,12,14,3,2627.34,7749.657
2,1024.22,1278,1911,1529,16,2023,3,8,2,70157.99,62326.86
2,3679.99,1583,2389,1911,20,2023,8,16,2,57089.61,54504.008
0,39.65,1007,1018,814,6,2024,12,23,0,5989.08,7392.313
1,40.33,1033,1254,1003,3,2023,12,22,4,17465.85,9584.335
4,1438.82,1075,603,482,6,2023,9,7,3,46875.2,33721.098
4,551.88,1109,502,402,5,2024,1,25,3,43879.12,38211.31
2,640.66,1185,1672,1338,14,2024,12,15,6,79245.42,63062.316
0,142.64,810,1188,950,7,2024,12,26,3,9093.24,6692.552
2,1285.64,1429,1314,1051,11,2024,9,13,4,29213.67,48796.11
2,1310.21,1723,1553,1242,13,2023,5,2,1,37615.71,55867.18
4,1931.05,774,703,562,7,2022,11,10,3,36725.17,30389.018
2,2012.93,1592,836,669,7,2024,11,16,5,39715.45,49160.23
2,3585.35,1785,1433,1147,12,2023,12,31,6,40882.8,54679.1
5,79.19,387,316,253,4,2024,11,24,6,745.59,4246.6616
0,315.35,938,1357,1086,8,2024,10,12,5,18068.16,6583.8135
2,3777.4,1651,955,764,8,2023,12,26,1,53518.26,48658.703
2,2488.4,1206,2389,1911,20,2024,9,14,5,48460.88,49631.5
0,194.74,922,848,679,5,2024,9,29,6,2547.24,7514.935
4,1895.59,791,603,482,6,2022,8,9,1,51037.81,38331.918
1,4.96,876,836,669,2,2024,3,15,4,25625.6,8056.9966
5,6.23,485,633,506,8,2024,8,28,2,652.98,3890.6665
0,353.98,913,1357,1086,8,2023,8,26,5,7044.4,6316.4185
1,43.65,1297,1672,1338,4,2024,9,27,4,7727.61,8223.313
2,1762.74,1169,955,764,8,2023,1,29,6,81051.01,64370.188
2,1612.9,1913,2150,1720,18,2024,4,16,1,40888.52,50623.066
5,69.41,546,553,443,7,2024,10,4,4,1566.65,4383.445
0,202.26,816,1188,950,7,2024,11,14,3,11711.22,6692.552
1,12.93,1045,836,669,2,2024,5,22,2,5804.2,9100.556
4,1955.91,752,1105,884,11,2024,10,10,3,13980.99,28584.785
0,233.69,789,848,679,5,2024,6,29,5,18046.72,8290.075
0,152.18,1090,679,543,4,2024,2,14,2,4625.67,7380.3887
3,412.58,369,316,253,9,2023,2,28,1,10241.95,23769.84
0,420.0,1038,1527,1221,9,2023,12,5,1,3181.54,6516.487
5,54.94,385,316,253,4,2024,5,5,6,8633.67,4771.731
4,836.77,686,1306,1044,13,2024,4,21,6,30568.52,30954.709
4,2233.06,1056,904,723,9,2023,7,27,3,30346.04,29416.902
2,1575.06,1228,1911,1529,16,2024,12,1,6,35471.93,51421.027
2,3003.71,1164,2269,1815,19,2022,9,16,4,75609.94,73543.03
4,2080.49,1076,703,562,7,2024,8,28,2,40741.25,31957.387
2,1830.81,1598,1314,1051,11,2024,1,6,5,29813.3,50806.203
3,2030.36,318,351,281,10,2023,5,4,3,49343.23,35654.227
4,496.23,849,502,402,5,2024,12,31,1,30232.58,32189.617
3,1220.54,323,456,365,13,2024,8,27,1,25090.94,45583.582
2,4174.33,2032,2269,1815,19,2024,5,16,3,31262.48,41664.027
2,3494.3,1601,1433,1147,12,2023,2,12,6,75194.14,64673.008
1,26.88,1129,836,669,2,2024,3,6,2,20068.1,9352.221
0,233.69,789,848,679,5,2024,2,27,1,18046.72,8347.328
5,53.51,463,712,569,9,2024,10,27,6,3477.34,4483.143
3,1865.37,350,456,365,13,2024,8,10,5,50481.36,44768.07
4,2364.76,1132,1205,964,12,2023,8,3,3,13976.62,24259.834
2,855.26,1836,955,764,8,2024,1,18,3,31652.61,40656.473
0,165.4,838,1527,1221,9,2024,1,31,2,1295.71,6264.856
2,4079.31,1858,2389,1911,20,2024,11,28,3,70369.95,53900.426
0,63.46,948,1018,814,6,2023,2,25,5,2232.14,6996.6377
1,9.04,1129,1672,1338,4,2023,9,20,2,3073.14,6163.9214
0,25.87,1019,1018,814,6,2023,7,27,3,1948.69,7383.245
3,1948.43,356,175,140,5,2023,4,22,5,37693.31,43787.51
4,1667.33,733,1306,1044,13,2024,6,28,4,36953.91,32623.238
2,2120.77,1208,2030,1624,17,2024,11,4,0,57686.35,50521.05
1,39.61,1239,1254,1003,3,2024,2,17,5,15929.4,8142.56
2,3746.63,1477,1194,955,10,2022,9,6,1,29565.19,51158.027
4,1592.7,675,803,643,8,2024,1,13,5,45738.83,32194.686
0,41.1,793,1357,1086,8,2021,5,10,0,1401.6,6840.9185
2,1525.84,1955,2269,1815,19,2024,12,29,6,64122.79,58413.184
5,87.55,582,237,190,3,2024,12,16,0,6696.03,4436.318
2,2936.32,1795,1314,1051,11,2024,12,18,2,69002.79,57136.445
0,341.44,1190,1188,950,7,2024,7,4,3,6108.42,7408.6025
4,1550.84,1147,1306,1044,13,2023,7,27,3,50656.03,43618.035
2,2066.55,1789,2389,1911,20,2023,5,6,5,34258.82,43781.258
2,3001.5,1521,1194,955,10,2024,6,4,1,83786.09,53296.055
1,11.23,866,418,334,1,2024,9,3,1,4035.25,5175.5967
2,1092.13,1556,1791,1433,15,2024,6,13,3,50232.25,53378.684
4,531.33,907,1105,884,11,2023,8,12,5,49536.23,35319.19
5,70.28,560,712,569,9,2024,4,5,4,2349.66,4537.4
2,3618.44,2013,955,764,8,2024,3,18,0,52881.7,57467.766
4,2591.44,1120,1004,803,10,2024,12,17,1,13898.41,22860.139
3,1054.35,337,281,224,8,2023,7,8,5,22678.41,37233.043
4,1667.33,733,1306,1044,13,2023,7,16,6,36953.91,32265.695
2,3160.58,1986,2389,1911,20,2024,9,1,6,80800.35,73382.85
0,269.83,979,1018,814,6,2024,8,3,5,1153.31,6987.875
5,78.25,489,395,316,5,2024,5,16,3,8997.57,4462.442
2,2667.18,1612,1553,1242,13,2023,8,16,2,73454.89,58910.4
2,3860.2,1735,2030,1624,17,2023,7,28,4,62136.37,53735.074
4,423.53,732,1105,884,11,2024,3,23,5,47326.39,38059.69
0,99.74,787,848,679,5,2024,12,18,2,1028.85,6813.396
3,1304.84,390,210,168,6,2024,11,28,3,45666.79,49798.18
0,318.61,1096,679,543,4,2023,8,19,5,8192.36,6898.9917
4,2450.69,726,1004,803,10,2024,12,23,0,48841.09,36278.168
2,2861.1,2025,1791,1433,15,2024,9,27,4,41317.12,46313.363
1,12.65,1288,1254,1003,3,2023,10,31,1,3124.65,6812.3267
0,353.98,913,1357,1086,8,2024,2,1,3,7044.4,6546.0674
4,480.67,1126,1004,803,10,2023,11,13,0,28741.58,29998.604
4,1920.28,805,1205,964,12,2024,12,22,6,13806.13,32774.742
1,31.95,849,1254,1003,3,2024,8,21,2,1774.4,7747.6826
5,65.71,579,712,569,9,2024,5,23,3,1368.89,4627.0913
5,6.04,437,553,443,7,2024,6,9,6,3459.76,4170.5806
2,2384.77,1553,1791,1433,15,2023,4,23,6,52847.89,50898.496
5,52.44,467,474,380,6,2024,12,26,3,2247.72,4556.5103
2,2017.42,1640,2030,1624,17,2023,10,13,4,32877.73,49185.582
1,18.75,1230,1254,1003,3,2024,10,4,4,11669.94,7438.695
2,1400.57,1253,1911,1529,16,2023,11,27,0,30960.89,50869.83
2,4082.86,1941,2269,1815,19,2020,11,15,6,43846.36,47994.3
0,151.95,851,509,407,3,2023,10,5,3,3774.52,6832.597
2,4193.5,1821,836,669,7,2024,9,6,4,61794.23,60889.586
2,2790.12,1221,1075,860,9,2022,10,20,3,84533.76,52333.816
1,22.68,1292,1672,1338,4,2023,6,24,5,20926.73,8025.306
4,2471.38,841,803,643,8,2024,11,1,4,37967.67,31194.396
4,490.12,870,904,723,9,2023,11,1,2,35857.67,32886.207
0,195.41,1005,1188,950,7,2024,12,28,5,7575.08,6805.472
4,1588.42,871,502,402,5,2024,8,23,4,8047.54,25661.385
2,2055.66,1701,1911,1529,16,2024,6,4,1,71137.63,61198.355
0,483.02,880,1527,1221,9,2023,10,23,0,16232.4,7055.9795
4,1255.28,759,1306,1044,13,2024,12,26,3,27647.63,32895.46
2,591.29,1753,1433,1147,12,2024,5,18,5,84978.1,62595.54
4,514.74,901,1004,803,10,2024,5,2,3,24640.74,31228.006
1,13.7,1162,836,669,2,2024,12,30,0,5323.0,7313.784
2,4221.64,1373,1553,1242,13,2024,9,12,3,64611.67,57641.766
0,430.62,808,509,407,3,2020,6,14,6,1881.31,6437.763
4,545.73,1066,904,723,9,2023,3,2,3,54892.23,39599.797
1,40.27,973,418,334,1,2020,4,19,6,2200.32,8705.68
4,2496.69,853,803,643,8,2024,11,21,3,54364.97,31505.082
4,2277.78,1106,1306,1044,13,2024,12,27,4,9175.62,31270.803
4,551.88,1109,502,402,5,2024,3,31,6,43879.12,38300.035
2,2273.46,2045,1194,955,10,2023,11,19,6,71671.57,70918.016
3,404.26,301,210,168,6,2023,11,5,6,27095.77,26573.346
1,35.43,1071,836,669,2,2024,8,26,0,12555.62,9189.581
0,224.88,975,1357,1086,8,2022,11,8,1,18793.96,8784.513
2,4112.96,1978,955,764,8,2024,12,17,1,70003.6,58773.035
2,2687.97,1463,1433,1147,12,2023,2,9,3,76956.8,51449.105
0,33.51,1083,848,679,5,2024,9,9,0,19040.08,11406.557
4,401.79,921,1306,1044,13,2021,10,27,2,23281.5,25356.256
1,4.92,1025,1254,1003,3,2024,12,27,4,899.18,9650.316
2,3332.08,1238,1314,1051,11,2024,1,13,5,65910.83,53580.508
0,440.99,858,1357,1086,8,2024,7,15,0,7574.96,6703.1
0,435.14,911,848,679,5,2022,5,11,2,3806.16,7232.8877
2,3811.79,1513,836,669,7,2024,8,16,4,45296.45,51974.555
5,80.54,593,395,316,5,2023,1,1,6,6023.82,4435.4385
1,5.12,993,1254,1003,3,2024,5,8,2,13596.31,8493.049
0,274.32,810,1357,1086,8,2024,2,7,2,1971.36,6149.92
5,54.94,385,316,253,4,2024,11,1,4,8633.67,4870.957
4,936.4,773,904,723,9,2024,4,2,1,28736.58,32134.504
4,616.78,1061,1004,803,10,2024,3,27,2,50520.77,37565.965
5,36.85,522,633,506,8,2023,7,1,5,2402.49,4043.9355
5,83.1,447,553,443,7,2024,2,18,6,3197.69,4454.1284
0,494.62,1159,1018,814,6,2024,3,5,1,3231.17,7017.6904
4,1438.82,1075,603,482,6,2024,5,30,3,46875.2,33547.145
2,1375.91,1707,955,764,8,2024,12,11,2,28101.27,40132.156
2,921.0,1411,1075,860,9,2024,6,14,4,84238.25,69128.336
2,1972.37,1315,1314,1051,11,2024,9,20,4,40375.8,53063.59
0,271.33,822,1527,1221,9,2023,1,15,6,8488.32,6540.4014
5,69.8,407,237,190,3,2024,6,18,1,11393.37,4147.535
2,3332.08,1238,1314,1051,11,2024,5,5,6,65910.83,54292.62
2,1168.09,1855,2150,1720,18,2024,12,3,1,34820.02,51266.242
2,588.82,1636,2030,1624,17,2024,12,23,0,37460.7,49551.41
2,1551.98,1423,1433,1147,12,2024,7,2,1,63358.53,54645.258
5,86.86,438,395,316,5,2024,4,20,5,7652.66,4534.612
0,410.11,1041,1357,1086,8,2021,7,6,1,3905.22,6212.0474
4,415.49,826,1105,884,11,2023,12,21,3,16898.09,24038.863
1,27.14,1199,836,669,2,2024,1,12,4,1957.45,7379.248
5,91.18,598,237,190,3,2024,12,11,2,413.0,4175.4736
0,106.56,982,1527,1221,9,2024,5,15,2,2296.8,6682.4834
4,2488.79,876,1306,1044,13,2023,3,6,0,34346.42,33445.254
4,856.82,1031,703,562,7,2024,12,8,6,27950.76,31725.64
4,1860.77,1015,1004,803,10,2024,12,13,4,44578.79,32698.12
5,51.25,530,237,190,3,2023,12,15,4,7295.36,4608.806
4,2664.46,671,1205,964,12,2024,12,20,4,27571.53,28385.242
0,127.15,770,1188,950,7,2024,8,30,4,3157.46,5793.2495
2,973.94,1172,2269,1815,19,2024,12,22,6,83594.81,76834.58
2,830.64,1619,1075,860,9,2024,8,22,3,75362.96,66795.75
4,2057.55,897,904,723,9,2024,1,1,0,17110.36,28998.096
2,4167.67,1661,1314,1051,11,2024,2,20,1,40141.75,48866.63
4,2688.11,1076,803,643,8,2024,12,18,2,11439.78,33866.086
5,51.07,346,553,443,7,2024,9,4,2,1272.32,3950.0295
4,424.14,967,1306,1044,13,2024,12,27,4,9859.01,25987.908
1,19.15,965,1254,1003,3,2019,12,24,1,3478.15,8287.396
4,2272.13,947,803,643,8,2024,5,3,4,23664.95,29497.08
2,3502.44,1279,1075,860,9,2022,9,14,2,46800.69,58352.58
4,630.4,761,1205,964,12,2024,10,29,1,41821.27,32759.01
4,1867.76,1000,803,643,8,2023,5,29,0,45367.22,34842.56
1,31.28,1220,836,669,2,2024,5,27,0,11150.28,7433.727
2,2885.49,1721,1672,1338,14,2023,4,17,0,64963.43,57784.81
0,65.77,1204,1357,1086,8,2024,11,8,4,7361.42,6240.242
5,46.56,356,237,190,3,2024,2,29,3,2098.74,4364.407
0,324.26,1185,1527,1221,9,2023,9,5,1,3677.71,7319.1675
2,1465.52,1799,955,764,8,2020,10,21,2,37600.24,44682.562
4,953.5,746,1105,884,11,2024,7,4,3,13602.86,31411.463
4,461.14,749,1205,964,12,2024,10,31,3,51708.49,40150.438
0,439.59,737,1357,1086,8,2023,10,31,1,10728.66,8097.142
2,3661.97,1498,1314,1051,11,2024,11,22,4,70393.44,55926.668
2,1024.22,1278,1911,1529,16,2023,11,25,5,70157.99,62389.973
3,524.14,254,245,196,7,2023,9,30,5,26625.05,30387.387
0,47.68,1250,679,543,4,2024,7,29,0,3208.18,8662.106
4,1808.95,818,803,643,8,2024,10,29,1,30833.74,33265.273
4,1955.32,1069,1004,803,10,2024,10,5,5,21369.39,33199.574
2,1135.19,1685,1194,955,10,2022,12,28,2,49473.94,47541.438
1,21.12,1313,1672,1338,4,2024,11,13,2,6624.87,8048.0825
4,2436.56,1026,803,643,8,2024,12,20,4,16078.17,28489.24
2,950.42,1517,1553,1242,13,2024,11,3,6,53858.81,61016.6
0,452.58,975,679,543,4,2023,4,24,0,3052.5,7107.2354
0,492.09,920,1357,1086,8,2024,11,10,6,6207.66,6651.5156
0,271.72,999,1357,1086,8,2023,11,23,3,9243.04,6652.2217
2,1294.23,1701,2030,1624,17,2024,10,16,2,71246.25,55846.613
3,1543.69,301,175,140,5,2024,12,27,4,37019.09,35219.867
2,4185.49,1297,1194,955,10,2020,1,14,1,33941.41,39797.086
4,1895.53,771,1306,1044,13,2024,10,8,1,39227.08,35721.844
4,856.63,698,803,643,8,2024,7,3,2,29685.74,33003.43
2,1409.56,1977,1553,1242,13,2022,6,1,2,40963.46,54768.918
1,2.13,1112,836,669,2,2023,12,8,4,7258.4,7725.52
2,1817.89,1428,1433,1147,12,2024,12,30,0,57895.18,49578.332
0,151.0,1035,679,543,4,2024,6,4,1,12276.6,7754.539
2,2170.1,1759,1433,1147,12,2022,6,18,5,73576.12,49638.66
4,1556.4,653,1004,803,10,2023,9,14,3,9992.24,25426.773
2,2709.53,1561,1672,1338,14,2024,8,21,2,39032.55,52258.867
4,763.31,721,1306,1044,13,2023,7,10,0,40610.79,30629.084
2,3193.07,1904,1433,1147,12,2024,12,11,2,83064.07,66781.625
4,2038.62,970,703,562,7,2024,5,9,3,42671.79,27967.719
5,43.24,387,237,190,3,2024,5,5,6,5911.26,4344.2056
4,1569.06,977,803,643,8,2024,12,12,3,10634.61,26718.902
5,16.02,457,237,190,3,2024,7,3,2,831.46,4356.332
4,2566.52,886,803,643,8,2024,10,25,4,18685.35,27846.738
0,239.98,1274,1018,814,6,2023,12,5,1,14748.96,9281.978
4,877.27,982,603,482,6,2024,7,31,2,44989.46,30955.336
0,168.97,1224,509,407,3,2024,4,26,4,3589.19,7072.0625
5,70.37,577,237,190,3,2024,10,26,5,3467.61,4383.5474
5,74.69,477,553,443,7,2024,4,2,1,5778.69,4488.0435
2,3909.54,1852,1791,1433,15,2024,12,21,5,51417.48,56706.035
0,324.26,1185,1527,1221,9,2024,1,3,2,3677.71,7282.169
3,1865.37,350,456,365,13,2024,6,26,2,50481.36,44876.168
1,19.33,1024,418,334,1,2024,2,9,4,11027.76,8785.524
4,2128.22,1123,1306,1044,13,2023,9,19,1,47987.87,32521.266
1,12.98,950,1254,1003,3,2024,10,27,6,15077.4,8767.798
5,85.72,414,553,443,7,2024,5,10,4,971.81,4122.286
2,2044.94,1673,1791,1433,15,2024,12,23,0,29405.95,50936.23
0,353.98,913,1357,1086,8,2023,12,10,6,7044.4,6313.528
0,79.7,1265,679,543,4,2023,11,21,1,4698.74,7155.7163
2,1539.11,1217,1075,860,9,2023,12,26,1,76368.86,58595.613
5,95.58,497,474,380,6,2024,4,8,0,2201.04,4170.5557
2,1840.36,1784,1314,1051,11,2024,10,17,3,60270.08,56402.766
0,217.53,951,848,679,5,2024,12,27,4,6571.64,7844.342
1,19.19,1215,1672,1338,4,2022,12,4,6,9405.0,7312.636
0,292.96,871,679,543,4,2024,8,7,2,2609.95,6964.672
2,3464.4,1311,836,669,7,2024,12,12,3,60793.97,52789.53
0,309.72,1076,679,543,4,2024,7,13,5,4217.32,6711.289
2,1089.25,1638,1433,1147,12,2024,6,3,0,30971.59,50718.26
2,1503.92,1184,1911,1529,16,2024,8,23,4,63077.79,61105.17
2,1728.56,2005,2030,1624,17,2022,2,4,4,78657.34,67305.83
2,1901.58,1293,2030,1624,17,2024,5,25,5,38797.96,52575.027
4,2643.0,770,703,562,7,2024,9,13,4,39364.92,35600.727
2,551.28,1966,2269,1815,19,2023,9,12,1,35715.82,38264.215
2,929.42,1220,955,764,8,2024,12,30,0,64213.2,59224.527
5,43.14,424,553,443,7,2024,3,19,1,11923.59,5896.1655
2,3656.77,1385,2269,1815,19,2024,11,1,4,70736.61,61328.285
1,25.26,816,1254,1003,3,2024,11,13,2,17225.76,7575.791
2,3272.15,1973,1672,1338,14,2024,10,28,0,78555.84,59143.152
0,261.24,875,1357,1086,8,2024,11,2,5,6545.88,6571.642
1,26.31,770,836,669,2,2024,8,13,1,15368.98,9170.65
1,5.07,1128,418,334,1,2024,9,27,4,862.42,5976.5186
3,1773.86,287,175,140,5,2024,6,14,4,48684.2,47946.734
2,1066.34,1436,2269,1815,19,2024,12,26,3,68837.18,59658.223
3,2030.36,318,351,281,10,2023,12,30,5,49343.23,33465.3
2,1957.52,1826,2269,1815,19,2024,5,3,4,51081.76,54598.848
4,1306.79,752,502,402,5,2024,2,23,4,47019.16,34110.918
4,1771.75,1055,1205,964,12,2023,8,6,6,27131.21,27121.998
0,364.3,1243,1018,814,6,2024,6,20,3,4362.58,6994.0737
2,2254.63,1539,2030,1624,17,2023,7,19,2,54461.27,55909.434
0,436.94,969,509,407,3,2023,7,15,5,5075.42,7101.5723
0,63.42,993,848,679,5,2024,9,7,5,6946.04,7543.1836
2,3860.2,1735,2030,1624,17,2023,5,26,4,62136.37,53735.074
4,1197.57,785,904,723,9,2024,2,5,0,19491.81,34091.754
0,383.25,1209,679,543,4,2024,10,8,1,19924.52,7453.765
5,84.33,538,316,253,4,2023,3,16,3,4198.08,4426.9688
1,37.63,1286,1672,1338,4,2022,7,10,6,821.52,6438.33
2,1150.98,1411,955,764,8,2024,1,28,6,73638.64,61963.824
1,26.88,1129,836,669,2,2023,12,25,0,20068.1,9363.133
2,2860.55,1204,955,764,8,2023,11,11,5,63392.64,48740.785
5,16.02,457,237,190,3,2022,12,21,2,831.46,4312.767
4,1610.32,978,1004,803,10,2024,3,30,5,16537.04,27626.645
4,2233.06,1056,904,723,9,2024,12,28,5,30346.04,29628.336
4,739.38,902,1004,803,10,2023,12,10,6,9388.21,31071.379
2,1899.4,1511,1911,1529,16,2024,9,25,2,70516.56,57435.33
2,2262.91,1192,1911,1529,16,2021,3,8,0,63688.03,61668.9
2,3716.13,1995,1672,1338,14,2024,12,20,4,76246.37,60538.91
1,17.64,780,418,334,1,2024,2,8,3,14267.8,8415.658
1,41.25,1056,836,669,2,2024,12,18,2,15467.7,8980.637
0,245.93,1028,1527,1221,9,2024,12,15,6,7986.9,5471.338
2,3186.09,1351,1075,860,9,2022,7,1,4,55329.54,53791.902
4,2678.84,738,1004,803,10,2023,4,29,5,44213.76,40041.71
4,822.66,823,703,562,7,2024,7,24,2,25480.01,34180.234
5,79.94,565,633,506,8,2024,12,11,2,495.22,4157.125
2,1710.73,1384,1911,1529,16,2024,12,5,3,28378.13,46972.016
4,366.27,994,904,723,9,2024,8,22,3,18471.85,29289.902
1,4.43,1084,1254,1003,3,2021,4,14,2,17693.76,10690.352
2,3204.51,1276,1553,1242,13,2023,9,24,6,67447.2,64294.55
4,511.38,722,502,402,5,2024,3,24,6,17175.12,27020.31
1,7.54,1074,836,669,2,2024,1,1,0,13556.1,10383.765
2,3312.63,1936,1553,1242,13,2024,7,31,2,72848.43,59981.81
2,2273.21,1948,1194,955,10,2024,1,20,5,80817.65,58172.098
2,899.8,1416,1911,1529,16,2022,8,31,2,45272.57,49761.195
4,2306.32,1001,803,643,8,2023,5,11,3,25674.79,29914.969
5,87.55,582,237,190,3,2024,11,30,5,6696.03,4383.5474
2,4186.75,1644,1791,1433,15,2024,8,28,2,42984.72,44657.38
0,271.79,903,679,543,4,2024,5,2,3,19994.12,7500.791
2,1994.01,1986,955,764,8,2024,9,3,1,36547.37,46709.19
1,8.97,758,1672,1338,4,2023,4,6,3,7015.68,7584.6206
0,270.73,1042,1527,1221,9,2022,11,8,1,2694.26,6637.2095
4,517.69,663,1105,884,11,2024,10,19,5,24612.08,29810.707
3,1178.08,314,386,309,11,2024,5,28,1,73222.9,43588.918
2,2993.35,1278,1194,955,10,2024,8,12,0,61492.45,54499.33
4,2036.57,716,803,643,8,2023,5,21,6,22720.04,28275.361
2,1645.49,1215,955,764,8,2023,12,10,6,56168.53,51139.51
2,559.7,1691,2389,1911,20,2024,10,19,5,73638.17,71939.484
2,3524.28,2029,955,764,8,2023,8,29,1,76799.25,70304.83
0,264.8,813,848,679,5,2024,9,20,4,1691.4,7110.3813
2,3907.13,1374,1314,1051,11,2024,9,20,4,46719.82,50033.793
1,38.93,887,1672,1338,4,2024,2,2,4,7329.05,7909.0547
4,2398.45,852,502,402,5,2024,2,26,0,32785.41,35857.527
1,11.91,790,1254,1003,3,2024,5,27,0,2732.66,7807.438
1,3.04,1252,1254,1003,3,2023,7,25,1,16066.89,11191.219
0,218.31,751,1527,1221,9,2023,8,13,6,10410.16,6666.6274
1,3.46,779,418,334,1,2023,11,22,2,1144.9,5214.6406
4,2106.16,870,803,643,8,2024,8,3,5,36033.36,29267.459
0,157.66,942,1357,1086,8,2023,9,20,2,4245.36,6756.223
3,1270.94,336,316,253,9,2023,8,14,0,38375.8,38802.387
3,2014.2,246,351,281,10,2024,11,29,4,62973.36,46651.793
1,38.62,777,1254,1003,3,2023,11,20,0,690.1,7077.2173
5,91.52,432,237,190,3,2020,11,22,6,7011.99,4479.83
1,42.9,879,418,334,1,2024,10,7,0,10230.48,7891.185
2,2209.96,1719,1791,1433,15,2024,12,31,1,82105.13,66030.76
0,92.45,1184,1527,1221,9,2024,11,10,6,835.4,6358.2935
4,1848.26,754,1105,884,11,2024,4,4,3,39890.38,34298.01
4,1270.24,1056,502,402,5,2024,8,20,1,50331.6,32329.062
2,1681.95,1831,2269,1815,19,2023,7,17,0,84081.16,71798.45
0,157.66,942,1357,1086,8,2024,12,11,2,4245.36,6756.223
0,209.17,1060,1188,950,7,2024,12,19,3,9875.64,6550.2544
4,1468.77,793,603,482,6,2024,8,13,1,46714.12,36809.355
4,2431.47,1115,1306,1044,13,2024,1,9,1,53704.48,34664.656
4,2277.78,1106,1306,1044,13,2024,7,10,2,9175.62,31270.803
0,431.8,934,679,543,4,2024,4,3,2,15895.64,7065.57
1,37.85,1157,418,334,1,2024,11,29,4,2619.61,8622.395
3,1308.79,231,316,253,9,2024,1,2,1,7958.69,22067.402
5,31.22,597,316,253,4,2024,12,24,1,2467.77,4203.3994
0,45.84,838,679,543,4,2024,10,20,6,1318.7,7269.9805
1,24.16,914,836,669,2,2024,12,14,5,5389.5,8405.671
1,24.93,1206,1672,1338,4,2024,11,11,0,3279.12,7342.137
2,3767.76,1553,955,764,8,2024,6,23,6,81165.2,61094.32
2,3347.42,1791,1194,955,10,2024,10,28,0,75978.8,65272.133
2,2453.96,1753,1075,860,9,2024,11,30,5,53063.93,50420.227
5,20.19,483,316,253,4,2020,10,18,6,2550.17,3847.8325
5,12.46,434,395,316,5,2024,12,18,2,2346.5,5045.406
3,976.21,259,210,168,6,2024,2,11,6,26073.64,47951.152
2,2605.07,1656,955,764,8,2024,8,2,4,45081.41,47320.582
4,286.35,1103,502,402,5,2024,12,25,2,32617.16,30909.51
0,177.5,1272,1188,950,7,2022,6,28,1,13287.96,7049.8564
1,6.55,771,1672,1338,4,2023,5,1,0,4432.04,6798.9136
1,42.31,1299,836,669,2,2024,11,23,5,2195.5,8257.363
5,30.51,344,474,380,6,2024,3,23,5,2735.79,3997.5903
2,2500.2,1785,1433,1147,12,2023,11,28,1,56978.99,53478.3
2,1605.04,1660,2269,1815,19,2024,8,19,0,71358.55,58514.477
2,3147.91,1471,955,764,8,2024,12,1,6,28448.92,43406.22
5,43.75,405,237,190,3,2024,12,25,2,1420.35,3901.093
0,423.43,1278,1527,1221,9,2024,9,13,4,5040.0,7424.652
0,424.67,1118,1357,1086,8,2024,6,3,0,4300.44,6190.5586
2,2224.93,1408,1791,1433,15,2023,10,7,5,58743.27,60115.68
1,4.32,1049,1672,1338,4,2024,3,9,5,5706.3,7403.3506
4,1859.93,973,904,723,9,2024,12,15,6,24610.06,32832.863
5,97.16,479,316,253,4,2023,12,11,0,11399.01,4400.3745
2,3755.67,1488,955,764,8,2022,7,5,1,49926.99,54573.242
4,1731.59,721,603,482,6,2022,10,4,1,54867.5,34039.125
1,32.25,1313,836,669,2,2023,12,17,6,6631.26,7657.1475
3,524.14,254,245,196,7,2023,2,18,5,26625.05,30387.387
2,2756.35,1220,1433,1147,12,2023,8,22,1,36492.17,48714.9
2,1495.22,1887,955,764,8,2023,11,30,3,40622.83,49285.68
4,2189.85,949,803,643,8,2024,11,14,3,19613.58,26365.225
0,491.04,1051,1527,1221,9,2024,9,2,0,4321.77,6305.7666
2,3668.94,1273,1553,1242,13,2023,10,12,3,49121.72,52564.24
1,6.98,1115,1254,1003,3,2023,10,31,1,622.02,6885.551
0,103.86,1007,848,679,5,2024,7,6,5,5136.87,7502.383
2,3942.03,1389,2030,1624,17,2021,9,15,2,80220.73,67446.4
0,46.11,852,1527,1221,9,2024,11,16,5,3807.5,6734.306
2,559.08,1541,2150,1720,18,2023,7,3,0,68083.62,59825.043
5,86.47,339,395,316,5,2024,12,29,6,1293.3,3748.8245
0,122.22,853,679,543,4,2024,9,19,3,1537.66,6797.641
0,46.01,796,848,679,5,2024,1,28,6,17622.8,7285.7354
0,358.39,1112,679,543,4,2024,11,18,0,11487.48,6921.768
2,861.22,1173,1314,1051,11,2024,7,19,4,44498.32,41354.17
2,2313.91,1388,1791,1433,15,2022,1,3,0,56330.05,59846.016
2,1582.28,1253,836,669,7,2023,11,3,4,70833.52,52155.87
1,49.25,933,836,669,2,2024,7,15,0,3111.18,8136.7773
0,134.26,1145,1188,950,7,2024,9,18,2,8590.46,7225.9575
4,1162.52,928,904,723,9,2024,7,17,2,45889.8,33987.78
4,301.09,922,803,643,8,2021,1,20,2,38323.01,31002.143
2,2437.58,1921,955,764,8,2023,5,7,6,30029.8,45840.293
0,231.6,1039,509,407,3,2024,12,18,2,4718.66,7480.6387
5,95.53,537,633,506,8,2024,8,9,4,5634.03,4656.8164
0,203.82,1079,1527,1221,9,2024,4,27,5,7849.38,6283.9155
4,1954.97,919,603,482,6,2023,7,5,2,24802.38,31678.07
4,1490.91,918,1004,803,10,2024,1,23,1,48886.83,38039.36
5,47.28,595,633,506,8,2020,9,4,4,3414.74,4781.5337
2,4248.03,1485,1433,1147,12,2023,5,31,2,44418.38,46118.57
3,2466.75,284,245,196,7,2023,9,1,4,13935.51,26757.592
4,1418.24,988,803,643,8,2024,3,5,1,17795.28,29766.686
0,300.67,1104,1188,950,7,2024,9,20,4,5620.56,6561.2485
0,314.44,830,1188,950,7,2024,6,3,0,4333.8,6271.9014
2,2346.56,1296,1433,1147,12,2023,6,26,0,51189.84,53662.766
0,333.06,916,848,679,5,2024,8,27,1,1583.59,7200.465
2,4051.76,1407,2269,1815,19,2023,8,22,1,68945.11,64570.1
2,1603.75,1695,2150,1720,18,2024,3,2,5,75819.62,55641.32
4,2623.27,741,1205,964,12,2021,10,30,5,41565.88,33460.695
2,3941.79,1691,1911,1529,16,2022,9,12,0,76164.78,57068.355
4,1897.0,683,803,643,8,2020,1,25,5,48776.42,36047.832
4,568.49,1043,904,723,9,2024,9,16,0,43576.81,39468.22
4,1438.05,796,1004,803,10,2024,9,14,5,35144.4,34309.72
1,20.85,1090,1672,1338,4,2020,11,4,2,2716.0,7700.145
1,10.93,1285,1672,1338,4,2023,3,29,2,1911.64,6459.34
0,290.24,1279,679,543,4,2024,8,7,2,13774.36,8083.322
3,1801.44,375,281,224,8,2023,12,7,3,10498.58,40812.88
5,43.19,549,712,569,9,2024,1,27,5,3511.55,4731.4463
0,426.28,940,1188,950,7,2024,1,14,6,7339.36,6741.0493
4,400.65,1114,603,482,6,2023,12,16,5,16844.24,28006.809
2,2480.01,2043,1553,1242,13,2021,11,25,3,46374.63,54550.53
0,492.89,884,679,543,4,2023,9,26,1,10705.08,7574.4443
5,69.18,413,237,190,3,2024,12,16,0,2220.75,4147.535
0,106.73,1141,1357,1086,8,2022,8,23,1,3085.08,6699.67
0,300.6,796,848,679,5,2024,4,18,3,5681.64,6597.255
2,1612.69,1830,836,669,7,2023,10,22,6,34039.36,46972.01
1,46.28,810,836,669,2,2024,3,26,1,13896.09,7944.7275
4,1563.57,820,1306,1044,13,2023,12,31,6,41859.46,37322.418
5,86.99,521,395,316,5,2023,3,25,5,2265.48,4333.465
4,1426.08,902,904,723,9,2021,6,4,4,10710.14,31222.645
1,34.21,948,1672,1338,4,2024,7,19,4,6380.25,9094.898
2,1967.1,1804,1553,1242,13,2023,12,11,0,41655.75,50370.242
4,2704.2,860,1105,884,11,2024,9,19,3,53132.62,43763.043
2,1906.55,1830,1194,955,10,2024,1,2,1,47965.48,48648.86
0,270.71,1176,509,407,3,2024,1,7,6,6091.76,7698.8545
1,32.02,920,1672,1338,4,2022,2,24,3,19242.72,9182.118
3,994.87,237,175,140,5,2022,8,29,0,61050.8,54291.598
2,1294.23,1701,2030,1624,17,2024,12,25,2,71246.25,55846.613
5,29.57,585,553,443,7,2023,9,17,6,6169.04,4129.3223
2,3107.86,1996,1075,860,9,2024,2,17,5,28178.67,52506.02
4,2654.66,1074,1205,964,12,2024,12,29,6,23139.54,28786.254
0,266.92,1051,509,407,3,2024,9,2,0,3567.9,6886.4463
4,2118.7,906,1205,964,12,2024,7,5,4,28285.73,28546.326
0,452.99,1227,509,407,3,2023,12,29,4,9658.8,7877.575
4,1103.3,667,603,482,6,2024,10,19,5,12955.08,34304.777
3,1393.47,292,316,253,9,2024,6,26,2,74669.9,48048.098
0,256.45,989,848,679,5,2024,12,17,1,14397.09,8054.579
5,19.63,406,237,190,3,2023,8,2,2,2867.32,4034.984
1,33.85,836,1254,1003,3,2023,6,29,3,2952.04,7254.8013
4,1628.12,941,603,482,6,2024,5,18,5,11741.27,31967.191
4,1229.39,997,803,643,8,2024,10,20,6,16229.81,31227.277
2,3003.71,1164,2269,1815,19,2021,2,4,3,75609.94,73827.82
4,2078.17,701,502,402,5,2024,12,16,0,32501.67,28773.771
2,1931.85,1846,1672,1338,14,2023,11,8,2,77893.42,61332.043
0,117.2,1158,1527,1221,9,2024,9,7,5,5440.12,6649.086
4,2595.08,1019,803,643,8,2024,12,15,6,34383.39,30581.496
5,12.52,387,553,443,7,2023,1,22,6,1752.78,4266.843
5,22.29,432,316,253,4,2023,10,30,0,3319.42,3970.7776
1,29.57,1091,418,334,1,2024,8,21,2,9357.28,8657.261
2,692.23,1702,1433,1147,12,2024,8,27,1,45981.9,52661.695
4,1494.83,721,1105,884,11,2021,4,3,5,43821.95,34839.637
2,3571.93,1397,2150,1720,18,2024,12,31,1,74045.49,61359.004
5,90.64,474,395,316,5,2024,9,18,2,3122.27,4462.442
2,2825.21,1323,955,764,8,2024,5,7,1,45614.02,52438.555
0,100.79,1073,1357,1086,8,2022,3,16,2,5814.88,6143.6304
0,182.43,1073,1018,814,6,2024,12,19,3,4850.84,6550.2544
4,1988.16,839,703,562,7,2023,11,4,5,54326.79,28675.145
2,2262.91,1192,1911,1529,16,2023,1,23,0,63688.03,61395.586
1,38.62,777,1254,1003,3,2024,12,14,5,690.1,6959.036
5,13.3,451,712,569,9,2024,2,21,2,10795.14,6072.8164
4,870.63,1079,904,723,9,2024,11,10,6,33197.15,32585.697
4,2357.7,654,904,723,9,2024,12,2,0,17217.5,27117.71
1,30.84,1129,418,334,1,2024,4,2,1,19165.6,9336.9
0,332.77,1156,1527,1221,9,2024,4,3,2,3010.5,7282.169
2,3001.5,1521,1194,955,10,2024,6,23,6,83786.09,53620.094
4,1805.93,911,703,562,7,2023,3,8,2,17886.5,28499.037
2,3689.1,1485,1791,1433,15,2023,12,13,2,72045.16,58292.91
4,672.03,1087,1306,1044,13,2024,2,25,6,36942.41,35160.387
5,96.0,357,474,380,6,2024,5,27,0,1478.4,4117.146
2,1614.84,1608,1911,1529,16,2024,1,22,0,26998.26,54860.785
5,6.04,437,553,443,7,2024,5,19,6,3459.76,4173.471
2,1794.95,1268,1672,1338,14,2024,5,5,6,73924.58,57851.316
3,1029.21,247,175,140,5,2022,12,7,2,71481.76,54927.727
4,1569.06,977,803,643,8,2024,10,15,1,10634.61,26718.902
4,2011.12,880,603,482,6,2024,9,12,3,24354.12,27253.85
4,538.46,721,1205,964,12,2024,3,26,1,39301.0,34800.035
3,772.46,337,175,140,5,2022,12,15,3,30998.22,31319.709
2,2129.15,1243,2150,1720,18,2024,10,1,1,33203.4,49085.184
4,2047.49,1058,502,402,5,2024,3,25,0,8630.82,28257.756
2,2078.61,1320,1791,1433,15,2024,7,15,0,55135.29,55059.168
0,256.45,989,848,679,5,2024,1,16,1,14397.09,8000.1
1,31.76,968,1672,1338,4,2023,3,18,5,1939.7,8461.565
5,37.23,555,553,443,7,2024,10,16,2,3779.61,4173.379
4,445.62,971,1205,964,12,2023,9,28,3,51538.29,27170.363
4,509.06,659,1306,1044,13,2024,10,26,5,16713.02,22783.172
1,30.91,994,1672,1338,4,2023,6,11,6,16806.2,8447.97
4,1173.94,929,904,723,9,2023,4,6,3,9462.12,33416.105
2,2129.24,1501,1911,1529,16,2024,8,17,5,60719.88,50784.49
3,1426.74,283,351,281,10,2024,2,14,2,22533.98,35249.754
4,1233.93,1062,803,643,8,2024,1,5,4,29773.53,33044.492
3,1962.93,326,175,140,5,2023,7,12,2,49523.9,39057.555
5,41.44,437,712,569,9,2024,12,21,5,2741.22,4634.098
2,1979.21,1890,1194,955,10,2024,12,1,6,28428.62,40696.53
4,1654.98,716,1105,884,11,2024,6,4,1,16612.13,33104.543
1,29.92,1050,1254,1003,3,2024,10,27,6,5765.16,8335.402
0,358.39,1112,679,543,4,2024,12,25,2,11487.48,6921.768
4,859.69,937,1004,803,10,2023,10,5,3,42384.01,31537.543
2,3319.88,1987,2030,1624,17,2020,10,18,6,79127.97,64152.906
1,37.75,957,1254,1003,3,2024,7,3,2,1508.4,8838.535
2,4051.76,1407,2269,1815,19,2024,5,22,2,68945.11,64844.297
4,258.94,1153,603,482,6,2023,7,17,0,8630.76,19415.785
4,1734.19,1013,603,482,6,2023,10,1,6,8208.72,19779.637
4,802.13,937,1004,803,10,2023,12,18,0,13023.06,30480.623
0,324.26,1185,1527,1221,9,2023,11,4,5,3677.71,7249.9355
4,1686.8,1084,904,723,9,2022,11,23,2,50313.39,32689.783
2,1413.44,1823,1672,1338,14,2021,2,5,4,62210.59,59353.918
0,186.72,1294,848,679,5,2024,12,23,0,3669.77,7749.657
4,1551.3,1114,603,482,6,2023,6,14,2,38261.72,31661.748
0,150.04,1042,1188,950,7,2024,3,24,6,6643.89,6954.697
2,3486.8,1525,2389,1911,20,2024,9,24,1,80598.43,60290.137
4,2084.6,895,1004,803,10,2024,2,26,0,46945.25,30056.654
3,663.94,348,175,140,5,2024,11,11,0,11609.67,33717.242
4,1877.94,773,1004,803,10,2023,10,10,1,39184.93,34459.465
3,524.14,254,245,196,7,2024,1,20,5,26625.05,30181.281
4,635.54,778,1105,884,11,2024,5,2,3,8334.01,29144.893
4,1883.28,1065,904,723,9,2023,5,28,6,27449.96,33911.375
1,4.0,1229,1254,1003,3,2024,12,2,0,20091.94,10387.989
2,1497.26,1463,955,764,8,2023,8,4,4,68823.27,52915.426
4,812.29,935,1306,1044,13,2024,9,12,3,35996.23,35429.543
2,1890.62,1821,1553,1242,13,2024,2,13,1,83056.81,68140.65
2,1672.04,1571,2389,1911,20,2024,12,16,0,37166.06,42981.64
1,16.83,825,836,669,2,2022,5,21,5,17302.5,9070.867
2,4193.72,1974,2150,1720,18,2024,5,19,6,63604.42,58691.957
1,28.9,1320,1254,1003,3,2021,11,26,4,6207.39,7682.8145
2,1239.0,1698,2269,1815,19,2024,9,21,5,31397.51,55620.45
0,56.27,924,1018,814,6,2024,9,25,2,7639.88,7535.704
2,3756.09,1401,1791,1433,15,2024,12,15,6,72875.92,60421.945
4,2626.3,694,1105,884,11,2024,7,11,3,25559.24,27510.975
4,2151.12,666,1306,1044,13,2024,10,26,5,51528.37,35083.246
0,364.71,982,1188,950,7,2024,11,5,1,1288.36,6115.6147
4,1971.27,904,1004,803,10,2024,12,16,0,32784.58,28570.85
2,1753.57,1740,1075,860,9,2024,5,6,0,37804.4,44968.746
2,3263.44,1906,836,669,7,2024,11,27,2,83961.83,64942.375
4,1490.91,918,1004,803,10,2024,8,7,2,48886.83,38137.402
5,99.37,582,553,443,7,2024,12,11,2,9745.26,4936.0664
2,4181.91,1611,1553,1242,13,2024,10,6,6,70115.05,64370.082
2,3802.85,1993,2030,1624,17,2024,4,11,3,36856.07,51138.902
2,3656.77,1385,2269,1815,19,2023,12,7,3,70736.61,61341.793
0,413.62,1039,509,407,3,2024,11,7,3,8557.36,7140.1514
5,16.02,457,237,190,3,2023,8,18,4,831.46,4312.767
4,2537.91,723,703,562,7,2024,8,10,5,53831.81,40953.16
3,1580.5,288,351,281,10,2024,12,16,0,15028.48,32099.03
0,126.15,990,1527,1221,9,2024,3,26,1,3865.38,6628.0044
0,271.79,903,679,543,4,2024,6,10,0,19994.12,7457.226
5,33.17,546,395,316,5,2024,8,7,2,2484.48,4309.0317
2,3977.2,1817,2030,1624,17,2024,5,30,3,53373.04,55388.188
0,332.67,762,509,407,3,2024,7,20,5,6570.2,6368.923
4,2105.87,1034,703,562,7,2024,8,7,2,54077.45,35683.594
0,491.71,984,509,407,3,2024,7,8,0,7965.12,7176.9507
0,189.51,1007,1357,1086,8,2024,7,16,1,3722.98,6510.5786
4,708.61,1096,703,562,7,2024,6,29,5,36461.47,31535.184
4,1044.45,796,1105,884,11,2024,12,14,5,49843.94,33680.574
2,803.1,1303,1075,860,9,2022,9,28,2,70968.81,54728.34
4,2696.52,1146,703,562,7,2024,5,24,4,51467.15,36739.77
2,848.9,1810,2030,1624,17,2024,2,20,1,55821.85,55727.91
2,1495.94,1694,1553,1242,13,2024,11,8,4,78486.1,59939.805
2,1248.46,1231,2389,1911,20,2024,6,8,5,52622.93,52885.68
4,498.99,1066,1205,964,12,2024,3,19,1,37767.12,31425.969
3,1736.0,297,421,337,12,2024,10,26,5,29162.46,31380.504
4,2012.08,987,1306,1044,13,2024,6,23,6,23759.1,31864.88
2,745.94,2008,2269,1815,19,2023,11,24,4,51407.67,44243.953
2,2315.65,1431,2030,1624,17,2024,12,17,1,32702.44,51879.434
4,2716.42,911,803,643,8,2024,11,18,0,36482.21,32461.885
4,1483.56,900,603,482,6,2023,12,30,5,52449.04,38294.477
2,595.46,1271,955,764,8,2023,9,30,5,38572.52,50646.363
0,262.33,879,1527,1221,9,2024,10,16,2,13130.04,6762.888
1,3.57,1013,1254,1003,3,2024,11,28,3,2506.9,6905.642
2,3219.47,2038,1075,860,9,2024,2,4,6,60834.38,62821.613
2,1939.89,1183,1791,1433,15,2020,1,27,0,40791.86,52741.16
4,493.83,1110,703,562,7,2020,1,17,4,40967.33,34196.332
1,13.02,881,836,669,2,2024,11,22,4,7779.66,8111.4756
0,231.87,1210,679,543,4,2024,11,25,0,11880.99,8985.18
1,33.88,824,1254,1003,3,2024,8,27,1,1098.34,7082.9097
1,37.85,1157,418,334,1,2024,11,19,1,2619.61,8622.395
0,101.02,1266,1357,1086,8,2024,2,1,3,800.28,6209.985
4,1960.88,837,502,402,5,2022,12,1,3,15452.93,26849.486
0,315.96,1196,1357,1086,8,2023,5,30,1,2906.92,7112.541
0,384.33,928,1018,814,6,2024,11,30,5,15413.52,6748.182
5,80.54,593,395,316,5,2024,6,24,0,6023.82,4491.0996
4,1848.26,754,1105,884,11,2024,9,11,2,39890.38,34254.45
2,3247.02,1274,2150,1720,18,2024,3,23,5,48310.85,54319.402
3,1832.8,366,456,365,13,2024,12,18,2,80021.22,67153.91
1,25.46,822,1672,1338,4,2023,3,6,0,1320.8,7120.528
4,2739.02,982,1105,884,11,2023,4,6,3,27201.03,31035.615
4,1276.16,734,1205,964,12,2024,11,7,3,31530.98,35174.695
1,5.69,806,1254,1003,3,2024,8,15,3,8592.76,7864.1763
4,245.29,1013,1105,884,11,2024,5,26,6,29571.52,33488.918
4,351.49,1103,1205,964,12,2024,12,19,3,41760.46,36827.92
4,2456.33,856,904,723,9,2024,11,21,3,17079.67,26786.955
0,376.63,983,848,679,5,2024,8,27,1,5331.57,6512.3984
5,69.45,407,553,443,7,2024,3,21,3,3702.71,4122.286
0,360.84,1074,1527,1221,9,2024,12,25,2,8196.81,6107.5254
0,178.27,899,1188,950,7,2023,7,12,2,11714.52,7021.394
0,281.4,1112,1527,1221,9,2024,11,11,0,1370.58,6549.0986
4,1765.28,741,904,723,9,2024,2,29,3,25145.49,30054.412
2,3262.4,2034,836,669,7,2024,12,24,1,74508.89,70841.06
2,2261.94,1941,2269,1815,19,2024,12,27,4,37032.79,53593.777
4,1444.97,1145,502,402,5,2024,3,19,1,39128.57,30528.787
2,1089.25,1638,1433,1147,12,2024,12,30,0,30971.59,50846.945
2,2050.4,1550,1791,1433,15,2024,10,31,3,36697.66,55971.844
0,106.73,1141,1357,1086,8,2023,5,30,1,3085.08,6699.67
5,26.98,584,474,380,6,2023,7,25,1,4600.71,4184.9834
2,2109.25,1442,2269,1815,19,2022,10,6,3,81686.52,70364.67
2,2572.65,1245,1911,1529,16,2024,2,4,6,52779.99,53952.55
5,20.32,580,712,569,9,2023,9,21,3,5754.8,4839.647
4,1366.75,1051,904,723,9,2024,3,16,5,48025.82,35295.426
2,3152.95,1457,955,764,8,2024,11,10,6,37333.8,42655.81
2,573.06,1157,2030,1624,17,2023,5,7,6,25328.51,34689.406
5,46.56,348,395,316,5,2023,11,20,0,2980.64,4065.2898
5,18.05,576,633,506,8,2024,8,4,6,7210.02,3741.1396
5,92.12,596,237,190,3,2023,1,25,2,2256.35,4175.4736
2,3600.6,1204,2389,1911,20,2024,10,22,1,38078.77,48964.996
5,38.53,565,633,506,8,2022,12,29,3,2215.68,4107.3516
1,21.54,851,418,334,1,2021,11,26,4,1538.04,7130.8237
2,3692.73,1631,1075,860,9,2024,12,29,6,53951.8,57482.895
5,48.43,353,474,380,6,2024,11,16,5,958.15,3947.6238
0,165.04,769,679,543,4,2021,3,25,3,18472.32,8244.094
1,43.62,1109,418,334,1,2020,10,14,2,4713.28,8783.397
5,81.76,564,395,316,5,2022,10,25,1,656.73,4260.4746
0,86.8,800,509,407,3,2024,1,7,6,4647.6,6707.0693
5,46.2,455,237,190,3,2024,5,21,1,6855.99,4955.4556
2,3746.63,1477,1194,955,10,2023,4,4,1,29565.19,51837.79
1,9.66,1075,1254,1003,3,2023,9,14,3,18913.9,11298.62
1,30.23,1210,1672,1338,4,2024,4,11,3,10905.76,7322.4214
2,3613.64,1709,1672,1338,14,2024,12,12,3,73138.02,58738.492
0,435.4,1272,679,543,4,2023,8,24,3,4405.35,7935.014
2,2677.34,1693,1314,1051,11,2024,2,4,6,43231.12,51706.098
0,83.94,1129,1018,814,6,2023,12,31,6,8361.96,8828.335
4,965.61,1051,1306,1044,13,2024,10,28,0,54649.3,39340.395
3,1756.92,323,175,140,5,2024,1,27,5,21711.22,37473.977
3,850.02,224,421,337,12,2024,2,18,6,34309.68,32620.607
1,22.83,788,1254,1003,3,2024,11,23,5,3421.81,7752.6284
4,2224.97,780,1205,964,12,2024,5,3,4,18360.59,27499.717
2,2783.02,1562,2030,1624,17,2024,11,29,4,43293.81,46327.266
4,243.6,1047,1306,1044,13,2022,9,19,0,29940.3,33767.668
0,314.09,1297,1357,1086,8,2024,5,10,4,3373.14,7187.4604
0,353.29,1262,1527,1221,9,2024,9,8,6,3073.37,7267.416
2,2125.55,1301,1075,860,9,2021,6,21,0,37546.13,49145.492
0,448.9,857,848,679,5,2024,11,27,2,1229.99,5802.097
0,384.69,816,848,679,5,2024,4,28,6,1871.91,7039.785
2,2313.91,1388,1791,1433,15,2021,1,8,4,56330.05,59821.797
2,2265.69,1405,1314,1051,11,2023,6,22,3,84651.52,65392.035
4,2510.21,685,1205,964,12,2020,9,13,6,24897.06,31118.273
5,68.37,398,553,443,7,2024,2,15,3,2527.9,4122.286
1,23.69,997,418,334,1,2022,1,15,5,4032.52,7891.5728
4,2534.03,977,603,482,6,2024,5,5,6,36474.18,33579.285
4,2073.23,811,1306,1044,13,2023,10,19,3,16043.92,26994.283
0,493.63,1257,509,407,3,2024,12,18,2,1311.8,7398.426
0,29.06,909,679,543,4,2024,8,28,2,2690.6,8473.004
1,38.23,1228,1254,1003,3,2024,5,16,3,9105.6,7784.9844
4,811.94,1101,803,643,8,2023,9,8,4,16719.0,31164.195
4,2224.97,780,1205,964,12,2023,11,1,2,18360.59,27059.695
2,3204.51,1276,1553,1242,13,2023,2,7,1,67447.2,64872.215
2,3649.72,1359,1553,1242,13,2024,11,21,3,58413.95,49940.906
4,2587.68,653,803,643,8,2024,12,11,2,36495.06,32964.996
2,1990.87,1631,955,764,8,2024,12,11,2,48319.36,48547.11
1,16.48,1105,1254,1003,3,2023,10,20,4,2375.52,8412.048
2,4079.31,1858,2389,1911,20,2024,11,17,6,70369.95,53885.13
0,420.37,764,679,543,4,2020,10,13,1,4511.54,6390.7188
4,1564.32,1055,603,482,6,2024,12,13,4,17185.85,30929.697
1,2.98,1069,836,669,2,2023,10,13,4,1405.25,8258.962
2,981.39,1705,1075,860,9,2024,12,25,2,53646.82,53105.18
0,308.76,1120,1018,814,6,2023,8,18,4,7405.8,6463.9395
1,4.0,1229,1254,1003,3,2024,12,30,0,20091.94,10344.424
0,299.27,813,1018,814,6,2024,7,27,5,16175.92,6602.8623
4,707.92,893,904,723,9,2022,3,2,2,12000.2,26941.404
0,499.83,1250,679,543,4,2024,7,23,1,5687.25,7398.426
3,1393.47,292,316,253,9,2024,8,23,4,74669.9,48048.098
4,854.72,783,1004,803,10,2024,12,18,2,26069.02,32650.453
0,189.22,1279,1357,1086,8,2022,12,28,2,8360.46,6814.84
4,1962.13,669,904,723,9,2023,5,16,1,12606.31,27474.826
4,1075.88,829,904,723,9,2020,11,12,3,20413.15,34190.68
5,25.03,426,553,443,7,2024,7,14,6,1251.11,4221.3354
2,3063.52,1561,1314,1051,11,2024,10,9,2,78003.54,60113.23
2,1784.01,1689,1911,1529,16,2024,12,8,6,74148.8,52418.402
5,87.74,347,633,506,8,2024,8,23,4,3161.92,3670.747
4,432.59,667,1205,964,12,2024,3,10,6,52018.23,41007.19
1,33.88,824,1254,1003,3,2023,10,8,6,1098.34,7022.7676
2,2304.82,1748,2030,1624,17,2024,3,19,1,84503.95,69554.13
2,3502.44,1279,1075,860,9,2024,1,18,3,46800.69,58420.473
5,95.64,479,712,569,9,2024,2,25,6,5670.32,4483.143
4,2091.88,1113,904,723,9,2021,11,20,5,30845.59,32314.61
0,223.5,1245,1357,1086,8,2024,1,26,4,5474.4,7814.74
0,99.89,1097,1527,1221,9,2024,8,24,5,2163.16,6523.2065
2,1205.91,1366,1433,1147,12,2024,9,11,2,68336.41,54709.258
4,415.49,826,1105,884,11,2022,12,18,6,16898.09,23762.404
0,374.83,762,848,679,5,2023,3,27,0,4591.76,6331.8667
4,1628.12,941,603,482,6,2024,12,14,5,11741.27,31964.3
2,3789.08,1291,2030,1624,17,2024,8,14,2,56715.51,49556.547
5,63.87,547,553,443,7,2024,9,15,6,699.01,4221.6987
5,23.74,579,712,569,9,2024,8,27,1,5254.44,4530.9053
4,1451.09,1065,703,562,7,2024,9,22,6,27376.84,32508.78
1,19.99,1069,1672,1338,4,2024,4,20,5,2825.4,8039.122
2,1641.53,1264,1433,1147,12,2023,11,2,3,28754.95,49823.492
4,851.8,769,904,723,9,2024,3,15,4,51101.22,35564.33
3,1789.43,314,175,140,5,2022,9,2,4,71938.72,53289.203
4,2404.24,1114,904,723,9,2024,11,3,6,25928.98,28402.566
4,2072.19,826,904,723,9,2024,5,30,3,39919.98,30483.166
2,1294.23,1701,2030,1624,17,2024,3,20,2,71246.25,55806.7
2,2147.14,1200,2030,1624,17,2024,12,7,5,63992.95,56017.883
2,2257.25,1367,1791,1433,15,2023,1,8,6,41100.48,55597.26
0,171.38,831,679,543,4,2024,7,15,0,3375.82,6797.641
2,1659.72,1551,1433,1147,12,2024,12,25,2,41003.75,49139.035
2,1065.52,1986,1911,1529,16,2024,3,20,2,69158.58,65301.457
2,1053.02,1249,836,669,7,2024,2,28,2,47347.38,49865.285
2,1064.01,1935,2389,1911,20,2024,3,8,4,79217.06,62623.473
4,1556.4,653,1004,803,10,2024,10,6,6,9992.24,25530.414
4,2623.27,741,1205,964,12,2024,4,10,2,41565.88,34538.28
3,2166.32,315,175,140,5,2024,12,24,1,22176.34,36915.35
0,78.8,1288,1018,814,6,2024,8,21,2,12203.36,6875.714
0,251.75,827,509,407,3,2024,12,21,5,8239.16,6928.965
4,965.15,912,1105,884,11,2024,7,29,0,19562.8,30670.13
2,1181.57,1374,2030,1624,17,2024,8,3,5,60312.83,55940.914
1,45.04,1154,418,334,1,2024,7,3,2,13301.12,8846.862
2,1575.1,1333,1911,1529,16,2024,6,14,4,73311.74,54896.223
1,4.32,1049,1672,1338,4,2024,12,21,5,5706.3,7460.72
2,3917.38,1894,2030,1624,17,2024,7,16,1,26708.3,49063.508
3,968.65,248,281,224,8,2024,5,17,4,30014.04,32938.055
0,37.08,921,679,543,4,2023,10,31,1,969.25,7426.799
2,3312.63,1936,1553,1242,13,2024,12,17,1,72848.43,62735.312
2,3752.54,1704,2269,1815,19,2023,5,1,0,75278.21,65153.188
4,847.91,1124,904,723,9,2024,6,24,0,25193.12,27166.809
2,3698.5,1630,1433,1147,12,2024,8,29,3,67782.14,59997.902
4,2265.74,1126,703,562,7,2024,12,7,5,12406.33,24009.57
3,1615.98,259,351,281,10,2023,8,22,1,26545.32,31319.664
0,268.5,1149,848,679,5,2024,5,31,4,4134.74,7982.318
2,2719.85,1890,1433,1147,12,2023,9,17,6,83804.59,52794.28
1,38.23,1228,1254,1003,3,2024,12,23,0,9105.6,7784.9844
1,25.33,1206,836,669,2,2024,10,1,1,982.86,7477.292
4,1109.11,996,803,643,8,2024,6,17,0,39526.16,31893.059
1,3.09,1056,1254,1003,3,2024,9,8,6,2973.82,8610.988
0,221.53,852,1018,814,6,2023,8,5,5,3462.12,6784.849
0,52.62,1041,1527,1221,9,2023,8,4,4,6746.16,7205.3877
3,2318.51,285,421,337,12,2024,7,25,3,98475.62,64286.203
1,45.96,747,418,334,1,2020,10,13,1,8848.65,8110.366
2,3780.58,1455,2150,1720,18,2024,9,10,1,56629.14,50971.977
5,59.28,444,395,316,5,2024,12,18,2,11174.94,4587.3823
1,31.95,1000,418,334,1,2024,6,4,1,750.2,8937.047
5,79.19,387,316,253,4,2024,1,1,0,745.59,4342.997
1,3.09,1056,1254,1003,3,2024,11,7,3,2973.82,8680.221
2,3048.18,1157,1672,1338,14,2024,9,16,0,47655.05,49852.984
2,702.52,1462,1075,860,9,2024,7,13,5,47142.73,52748.582
2,1612.9,1913,2150,1720,18,2024,5,6,0,40888.52,51268.004
4,1303.17,762,1306,1044,13,2024,7,20,5,15039.32,32671.885
1,17.72,1061,836,669,2,2024,12,19,3,2415.12,9639.051
0,250.26,1116,509,407,3,2024,5,23,3,16291.68,8581.358
2,2418.17,1218,1672,1338,14,2020,9,2,2,45450.97,50598.99
1,36.17,928,836,669,2,2024,10,22,1,8990.58,8560.985
1,18.58,953,836,669,2,2024,1,24,2,10693.55,8396.018
2,1745.29,1519,1911,1529,16,2024,12,25,2,44655.41,51324.547
4,763.31,721,1306,1044,13,2023,3,28,1,40610.79,30629.084
4,2227.4,940,803,643,8,2023,5,1,0,37024.96,29759.236
2,2528.75,1423,1672,1338,14,2023,10,22,6,31164.24,51587.18
2,1620.11,1199,1553,1242,13,2024,11,2,5,72426.02,53708.867
0,83.1,1221,848,679,5,2023,2,9,3,4780.84,7101.2373
0,319.34,1128,1527,1221,9,2024,5,5,6,17335.68,8669.543
4,1954.97,919,603,482,6,2024,3,31,6,24802.38,31555.014
1,5.82,1058,836,669,2,2024,11,12,1,5020.44,8810.365
4,1931.05,774,703,562,7,2024,5,23,3,36725.17,31169.297
1,14.79,1188,418,334,1,2023,10,6,4,4312.16,6476.2876
5,58.97,497,474,380,6,2024,12,20,4,3776.04,4305.752
3,2300.4,391,386,309,11,2024,9,24,1,91057.9,56044.633
3,1692.57,340,245,196,7,2024,12,21,5,17008.6,42279.867
2,4023.86,1770,1672,1338,14,2020,1,25,5,39400.93,48609.566
3,1042.77,275,245,196,7,2024,6,3,0,35132.26,41647.73
2,2003.91,1396,1194,955,10,2023,11,8,2,42319.3,55656.21
3,478.28,260,281,224,8,2024,5,28,1,38855.48,36088.4
2,3262.4,2034,836,669,7,2024,11,14,3,74508.89,72280.664
2,3571.93,1397,2150,1720,18,2024,5,13,0,74045.49,61359.004
3,524.14,254,245,196,7,2024,10,26,5,26625.05,30181.281
0,447.74,1038,1188,950,7,2024,8,29,3,19857.2,6788.747
0,248.52,978,1357,1086,8,2024,2,9,4,3059.93,7439.173
4,1895.53,771,1306,1044,13,2024,9,14,5,39227.08,35575.55
5,15.37,431,316,253,4,2024,4,8,0,4000.3,3641.3953
4,2482.11,952,703,562,7,2024,9,26,3,28801.34,30614.35
1,31.95,1257,836,669,2,2024,1,1,0,9793.1,7614.462
0,83.91,1088,509,407,3,2024,7,27,5,12443.72,7440.3936
4,1817.82,994,904,723,9,2024,12,17,1,48811.72,29387.133
1,19.7,1029,1254,1003,3,2024,1,17,2,19067.16,9358.481
4,1277.39,891,1205,964,12,2024,12,22,6,52822.51,32954.418
5,84.33,538,316,253,4,2023,12,6,2,4198.08,4470.5337
3,1038.79,257,281,224,8,2022,6,27,0,82028.56,41145.324
4,1782.07,827,1306,1044,13,2023,10,16,0,54197.19,38639.45
1,41.78,963,1672,1338,4,2024,5,15,2,4450.5,8441.877
4,1651.99,914,502,402,5,2024,9,4,2,27826.51,30305.814
0,469.81,904,848,679,5,2023,1,17,1,14817.75,7486.39
2,2783.02,1562,2030,1624,17,2024,11,25,0,43293.81,46327.266
4,1782.07,827,1306,1044,13,2022,10,13,3,54197.19,38476.668
2,1336.07,1862,1672,1338,14,2024,12,5,3,51433.78,51990.707
1,31.01,834,418,334,1,2023,3,10,4,2076.66,7562.779
3,1058.7,374,456,365,13,2024,12,17,1,41308.15,48439.516
2,2029.66,1553,836,669,7,2024,10,4,4,47982.05,50156.848
0,42.73,1181,1188,950,7,2023,10,14,5,4537.2,7315.7393
2,4200.95,1464,2030,1624,17,2024,9,15,6,66311.15,59683.74
5,39.88,597,395,316,5,2024,1,9,1,3875.78,4482.106
2,2214.82,1813,1553,1242,13,2024,7,1,0,69400.85,69424.32
1,4.35,843,1254,1003,3,2024,5,1,2,11385.72,8183.028
1,25.21,1193,1672,1338,4,2024,11,28,3,5349.51,7376.9004
4,1055.06,954,1306,1044,13,2024,12,14,5,48481.79,38301.613
2,3897.01,1590,1075,860,9,2024,12,10,1,62227.13,53456.152
2,1862.65,1616,1791,1433,15,2024,9,9,0,46035.09,56259.188
2,3640.19,1993,836,669,7,2020,10,5,0,36510.64,48956.79
0,56.23,930,1188,950,7,2023,6,14,2,4623.79,7535.704
0,170.77,1276,1357,1086,8,2023,8,13,6,4189.56,6789.173
5,24.32,476,553,443,7,2023,4,16,6,7239.9,4096.3945
0,166.57,1082,509,407,3,2024,1,23,1,6889.42,7223.879
4,2302.52,795,1004,803,10,2024,11,27,2,45721.48,31627.896
3,1035.39,221,245,196,7,2024,12,18,2,47167.08,40818.902
5,50.93,400,474,380,6,2023,9,20,2,11574.84,4234.318
2,2840.45,1625,2389,1911,20,2024,5,1,2,79108.41,68941.31
5,69.44,499,633,506,8,2024,12,18,2,1555.56,4282.8857
2,1517.25,1436,1791,1433,15,2024,1,3,2,41157.72,54703.973
4,996.12,995,1004,803,10,2024,2,21,2,46250.8,31225.912
4,707.92,893,904,723,9,2023,4,13,3,12000.2,28803.012
1,11.91,790,1254,1003,3,2024,7,14,6,2732.66,7747.296
2,3522.54,1885,1672,1338,14,2024,7,15,0,42233.3,53721.02
2,1035.76,1508,1911,1529,16,2024,2,22,3,66683.78,58232.727
0,152.63,1128,679,543,4,2024,4,28,6,12598.83,9083.93
4,811.94,1101,803,643,8,2023,10,21,5,16719.0,31746.66
3,1819.55,271,245,196,7,2024,3,2,5,13749.8,32787.086
4,1270.83,710,1004,803,10,2024,12,11,2,49487.14,34807.92
1,45.04,1154,418,334,1,2024,4,4,3,13301.12,8792.385
3,1724.63,377,210,168,6,2023,1,22,6,46831.48,54738.555
0,231.92,878,1527,1221,9,2024,8,10,5,18210.92,8565.887
0,410.11,1041,1357,1086,8,2024,12,27,4,3905.22,6233.2417
0,476.59,956,1188,950,7,2024,3,3,6,8223.44,6564.4756
4,2191.56,1119,703,562,7,2023,10,26,3,54146.38,23868.293
1,43.15,952,836,669,2,2024,12,27,4,7806.72,8626.146
4,2704.2,860,1105,884,11,2024,4,5,4,53132.62,43686.316
5,74.14,441,237,190,3,2024,5,15,2,3503.58,4532.6006
5,73.78,514,553,443,7,2022,12,10,5,4290.3,4250.091
2,2357.36,1175,1194,955,10,2023,3,27,0,34329.54,43902.6
1,4.62,809,418,334,1,2024,2,21,2,1664.25,5752.1196
0,299.91,811,1018,814,6,2024,6,8,5,4138.56,6599.9717
5,91.56,386,712,569,9,2024,3,14,3,3473.07,4435.424
0,402.61,1290,1188,950,7,2024,12,26,3,9302.98,7480.627
4,1866.23,883,502,402,5,2024,12,12,3,15822.46,31155.88
2,3266.52,1238,2150,1720,18,2023,1,10,1,78824.59,61032.613
2,1931.85,1846,1672,1338,14,2024,4,30,1,77893.42,61509.01
1,17.16,945,418,334,1,2024,10,15,1,1973.24,8289.077
2,1765.73,1454,836,669,7,2024,7,10,2,26923.25,47757.062
5,43.9,596,633,506,8,2024,3,31,6,11378.61,5168.3057
5,73.41,536,474,380,6,2024,5,30,3,11165.28,4679.6826
3,994.87,237,175,140,5,2021,8,28,5,61050.8,52329.137
0,107.38,991,848,679,5,2024,8,4,6,1525.04,7543.1836
0,407.52,896,679,543,4,2023,6,30,4,1993.62,6819.7373
4,2340.05,1152,904,723,9,2023,12,3,6,21097.63,25517.055
4,1834.86,874,1105,884,11,2024,5,30,3,21666.44,31324.062
3,742.71,244,421,337,12,2024,12,10,1,36750.08,39435.45
4,1816.87,682,1105,884,11,2024,11,13,2,17686.46,31468.105
4,545.73,1066,904,723,9,2023,10,8,6,54892.23,39585.047
0,420.37,764,679,543,4,2021,3,1,0,4511.54,6434.2837
4,1867.26,1090,803,643,8,2024,6,7,4,51325.59,35458.176
3,669.5,273,316,253,9,2020,10,18,6,17397.48,32654.377
3,2347.19,334,421,337,12,2023,7,28,4,15354.49,28905.707
4,924.44,1034,904,723,9,2024,8,18,6,31609.97,33193.242
2,1984.64,1287,1194,955,10,2024,10,11,4,67612.69,51555.105
4,1011.1,1121,1306,1044,13,2023,6,16,4,51028.02,38323.43
2,676.47,1538,1553,1242,13,2023,10,24,1,35149.07,53589.617
1,4.62,809,418,334,1,2023,11,16,3,1664.25,5752.1196
1,15.27,1279,1254,1003,3,2024,2,14,2,18946.92,12508.982
2,1135.19,1685,1194,955,10,2024,1,16,1,49473.94,47585.477
4,1055.06,954,1306,1044,13,2024,11,16,5,48481.79,38301.613
2,2184.03,1851,1791,1433,15,2024,4,9,1,48939.65,54370.066
5,40.41,434,395,316,5,2024,8,14,2,3593.04,4607.0464
3,567.35,240,386,309,11,2023,12,25,0,34439.92,36363.844
4,1327.05,1127,1306,1044,13,2024,5,16,3,23299.97,36003.76
4,1387.63,1102,1205,964,12,2022,10,2,6,19432.09,32038.37
2,3575.11,1728,1075,860,9,2024,12,23,0,83305.68,64759.24
4,2594.38,1132,803,643,8,2024,6,20,3,16968.36,24176.9
2,3837.52,1764,2030,1624,17,2024,6,20,3,32300.39,51118.1
2,1794.95,1268,1672,1338,14,2023,10,22,6,73924.58,57951.12
1,7.59,1217,1254,1003,3,2024,10,5,5,13336.18,7933.2188
0,322.75,1016,679,543,4,2020,11,14,5,3242.08,6594.0693
0,77.82,1115,1018,814,6,2023,9,21,3,1934.01,6735.0664
3,623.65,355,175,140,5,2020,1,20,0,60451.62,34209.203
2,1342.27,1577,836,669,7,2024,12,11,2,44583.06,50732.57
4,2648.92,797,1205,964,12,2024,8,7,2,12924.63,27284.27
5,24.91,412,553,443,7,2023,1,20,4,3191.46,3956.1006
4,2425.18,1053,1306,1044,13,2024,12,25,2,26547.01,37912.055
2,1525.84,1955,2269,1815,19,2024,12,17,1,64122.79,57586.91
4,1736.59,824,1205,964,12,2024,11,30,5,54462.8,33750.22
5,62.34,536,395,316,5,2024,9,11,2,6923.26,4760.166
4,1469.19,1142,1004,803,10,2024,12,10,1,11637.57,31770.355
0,56.27,924,1018,814,6,2024,12,14,5,7639.88,7475.562
0,256.7,795,509,407,3,2024,12,26,3,2912.24,7001.971
0,491.04,1051,1527,1221,9,2024,12,25,2,4321.77,6262.2017
2,1735.68,1412,1553,1242,13,2024,3,6,2,82295.27,55599.71
0,383.25,1209,679,543,4,2024,9,4,2,19924.52,7477.987
5,98.19,539,474,380,6,2024,4,2,1,9579.99,4723.2476
4,795.94,926,904,723,9,2024,1,25,3,47961.25,32967.79
2,3830.4,1722,2389,1911,20,2023,9,30,5,84670.39,64809.8
3,268.88,229,245,196,7,2022,9,19,0,22517.77,25665.072
0,425.67,1107,679,543,4,2024,7,22,0,2281.81,6868.9604
1,37.06,1116,1672,1338,4,2024,6,28,4,5499.48,7465.499
4,1736.59,824,1205,964,12,2024,12,27,4,54462.8,33654.57
2,2224.93,1408,1791,1433,15,2024,2,20,1,58743.27,60759.54
5,78.91,405,395,316,5,2024,12,18,2,3801.88,4140.2495
4,2524.21,814,1205,964,12,2024,12,17,1,8344.96,29853.67
3,1948.43,356,175,140,5,2021,5,2,6,37693.31,43164.305
0,254.83,1041,1357,1086,8,2022,9,24,5,2514.79,6660.641
4,2118.7,906,1205,964,12,2024,8,25,6,28285.73,28707.562
2,2811.33,1239,1911,1529,16,2022,8,12,4,49534.75,52064.633
1,40.34,1144,418,334,1,2023,10,22,6,7312.3,8662.137
0,54.83,1308,679,543,4,2024,4,16,1,14107.02,9292.53
1,43.62,1109,418,334,1,2023,10,11,2,4713.28,8783.397
2,1174.27,1995,2030,1624,17,2024,7,10,2,32371.03,51761.598
0,314.44,830,1188,950,7,2024,12,17,1,4333.8,6228.3364
4,2620.98,914,1205,964,12,2024,2,4,6,11634.76,26924.117
1,2.09,1129,836,669,2,2024,1,20,5,6367.1,7628.9214
0,344.65,1127,1357,1086,8,2024,11,15,4,9338.34,8532.149
2,4043.8,1708,2269,1815,19,2023,10,3,1,40717.04,48540.24
2,2066.55,1789,2389,1911,20,2022,10,18,1,34258.82,44030.2
3,1185.61,311,386,309,11,2022,9,7,2,34796.31,42227.152
2,1320.09,1764,2030,1624,17,2024,9,14,5,83806.77,49688.977
2,2574.36,2022,955,764,8,2023,1,23,0,68979.42,68137.266
2,1200.87,1372,1553,1242,13,2024,5,26,6,62871.96,56695.88
2,656.69,2017,1075,860,9,2022,2,2,2,47438.46,47643.95
5,32.96,527,395,316,5,2023,12,16,5,10176.96,4209.8057
2,2396.78,1706,836,669,7,2024,4,20,5,40959.14,45831.074
2,2271.15,1896,1553,1242,13,2024,12,11,2,64530.51,62867.16
4,2425.18,1053,1306,1044,13,2024,12,28,5,26547.01,38170.23
4,1909.96,1041,803,643,8,2024,9,25,2,37621.5,33300.527
3,2499.61,263,386,309,11,2023,8,9,2,39916.78,36771.066
1,2.46,1206,836,669,2,2024,11,1,4,15445.6,10892.281
2,869.69,1843,955,764,8,2024,12,5,3,29567.47,36307.543
4,2072.5,846,502,402,5,2024,9,5,3,27270.62,29242.084
3,2149.64,386,456,365,13,2024,9,16,0,13234.35,38252.004
1,45.21,1265,1672,1338,4,2024,12,20,4,5211.5,8165.8755
1,22.79,1197,1254,1003,3,2024,12,6,4,2416.36,7272.272
2,2750.6,1237,955,764,8,2023,1,3,1,67743.61,50620.367
2,1422.4,1963,836,669,7,2023,3,28,1,37360.33,49117.266
1,46.58,1014,836,669,2,2024,11,11,0,12027.18,9010.665
4,244.45,926,1306,1044,13,2023,6,5,0,37496.39,36588.03
5,23.0,525,712,569,9,2024,9,22,6,10463.07,4415.6147
5,78.47,436,633,506,8,2024,10,10,3,2908.57,4484.0327
5,46.76,468,712,569,9,2024,10,2,2,2996.31,4817.6655
4,1826.87,731,904,723,9,2024,9,8,6,19526.42,33377.984
1,5.69,806,1254,1003,3,2024,5,25,5,8592.76,7806.925
2,803.1,1303,1075,860,9,2023,7,28,4,70968.81,56117.723
4,2272.01,866,603,482,6,2024,12,14,5,29584.3,27720.969
1,26.53,1034,1254,1003,3,2023,12,29,4,3844.8,8900.967
3,451.61,353,421,337,12,2024,4,22,0,29156.97,40211.633
1,36.75,1166,418,334,1,2023,9,16,5,18726.1,9818.211
0,300.6,796,848,679,5,2024,6,25,1,5681.64,6597.255
0,155.88,1159,848,679,5,2021,11,24,2,18449.12,9914.162
2,2271.61,1802,2150,1720,18,2024,3,13,2,74404.37,65855.56
4,1452.95,910,1306,1044,13,2024,7,13,5,19828.01,37983.645
2,3204.97,1972,1314,1051,11,2024,12,17,1,44930.77,54020.66
5,40.75,452,395,316,5,2024,10,30,2,6649.62,4607.0464
2,3842.66,1176,1791,1433,15,2024,5,16,3,45075.35,49975.555
4,1460.05,1046,502,402,5,2023,5,31,2,33493.4,33196.746
4,2460.78,697,502,402,5,2024,12,1,6,29903.61,32346.639
4,2151.12,666,1306,1044,13,2024,11,25,0,51528.37,35254.08
0,100.46,973,848,679,5,2024,12,23,0,9698.73,7659.1606
4,2714.5,1048,1205,964,12,2024,12,22,6,48170.68,32713.191
2,4060.99,1883,2030,1624,17,2024,6,10,0,78210.12,60108.44
2,1517.25,1436,1791,1433,15,2023,11,21,1,41157.72,54471.04
4,2269.66,1081,703,562,7,2024,12,10,1,15406.62,28180.857
4,2648.92,797,1205,964,12,2024,10,8,1,12924.63,27260.049
2,2861.5,1984,1553,1242,13,2023,8,8,1,53141.74,54765.902
2,3780.58,1455,2150,1720,18,2024,4,19,4,56629.14,51029.508
3,1074.99,302,351,281,10,2022,1,26,2,19686.34,29143.785
5,90.64,474,395,316,5,2024,1,5,4,3122.27,4506.007
4,331.01,840,1205,964,12,2024,12,15,6,29571.91,31824.264
5,46.22,491,633,506,8,2024,12,16,0,3879.39,4781.9473
4,2112.49,736,904,723,9,2024,8,20,1,38064.03,31248.287
5,74.91,503,237,190,3,2024,8,23,4,3134.94,4331.4536
1,44.64,1072,1254,1003,3,2024,7,5,4,1140.76,8830.508
2,2023.23,1340,1314,1051,11,2024,12,28,5,78415.83,57295.48
0,64.08,1245,679,543,4,2024,11,27,2,5309.64,7155.7163
4,324.87,1144,703,562,7,2024,12,13,4,25379.86,29598.748
4,367.65,671,1306,1044,13,2024,6,19,2,38602.64,36442.543
0,168.87,744,1357,1086,8,2024,7,20,5,12042.16,7320.2183
2,3385.6,1685,2030,1624,17,2024,12,21,5,54252.35,58294.85
2,3092.34,1333,1433,1147,12,2023,11,7,1,29400.42,45936.0
4,1551.3,1114,603,482,6,2024,3,15,4,38261.72,31476.879
4,1575.73,928,803,643,8,2023,1,25,2,31725.04,31432.596
2,1134.33,1856,1911,1529,16,2024,10,14,0,73010.89,58570.246
2,564.32,1267,1672,1338,14,2022,9,2,4,80840.16,59543.504
0,150.87,1010,1188,950,7,2023,11,24,4,17651.16,6862.7236
2,3160.58,1986,2389,1911,20,2024,7,7,6,80800.35,73382.85
0,436.32,889,509,407,3,2024,7,26,4,6325.41,6850.453
2,3978.35,1982,2389,1911,20,2024,12,10,1,41730.08,52936.78
3,915.29,360,210,168,6,2024,12,10,1,38099.86,41167.582
2,2346.56,1296,1433,1147,12,2023,9,11,0,51189.84,53662.766
4,1131.99,719,1205,964,12,2024,4,24,2,42726.15,36354.26
2,1673.77,1256,1672,1338,14,2024,8,26,0,46612.84,52691.332
2,969.49,1166,1911,1529,16,2023,4,29,5,82487.75,80121.61
5,98.34,473,237,190,3,2024,6,3,0,6100.94,4451.225
3,798.92,309,456,365,13,2023,4,11,1,65204.8,52409.793
2,2596.17,1546,1672,1338,14,2024,12,8,6,56219.99,52001.285
2,891.16,1855,2269,1815,19,2024,2,3,5,38532.53,38324.277
4,1306.54,695,1205,964,12,2024,8,4,6,34101.98,35004.184
4,1128.4,1107,502,402,5,2024,4,2,1,12667.63,32452.95
4,1834.86,874,1105,884,11,2024,10,15,1,21666.44,31324.062
2,1524.96,1417,1791,1433,15,2024,11,8,4,41119.39,58410.508
2,1931.85,1846,1672,1338,14,2024,8,24,5,77893.42,60922.64
4,1103.3,667,603,482,6,2023,6,17,5,12955.08,34173.15
3,2259.93,368,386,309,11,2024,5,19,6,47073.95,42844.426
2,2848.42,1768,836,669,7,2024,1,15,0,70062.93,56902.31
2,1034.82,1238,1075,860,9,2023,12,2,5,42772.02,51160.69
1,9.97,1316,1254,1003,3,2024,4,24,2,6579.2,6516.1665
2,1971.0,2042,1194,955,10,2024,4,6,5,30023.31,38709.047
2,2304.82,1748,2030,1624,17,2024,5,15,2,84503.95,69617.766
5,7.75,399,553,443,7,2024,12,11,2,848.24,4078.8464
2,4081.99,1503,1314,1051,11,2023,12,10,6,65678.53,59165.39
5,63.16,404,316,253,4,2024,9,12,3,2517.92,4140.2495
4,2725.67,774,1105,884,11,2024,11,2,5,38370.19,38557.156
0,94.17,858,1188,950,7,2024,12,4,2,2142.5,5777.317
1,36.62,1219,1672,1338,4,2024,7,28,6,9831.51,7941.754
2,3668.94,1273,1553,1242,13,2023,7,26,2,49121.72,52564.24
5,13.18,371,237,190,3,2024,12,26,3,2225.62,4147.5884
1,28.9,1320,1254,1003,3,2024,6,20,3,6207.39,7682.8145
0,476.59,956,1188,950,7,2024,7,1,0,8223.44,6722.6616
2,2746.67,1461,2030,1624,17,2023,12,20,2,33403.63,48105.008
2,3674.65,1942,1194,955,10,2024,12,24,1,56798.58,51941.332
0,324.87,1115,509,407,3,2024,5,23,3,2774.36,6850.7607
4,409.18,851,502,402,5,2023,12,13,2,41023.75,36039.105
4,1453.99,799,803,643,8,2024,7,19,4,47782.97,37070.348
4,2547.49,968,1105,884,11,2020,11,8,6,35081.37,30842.29
2,1610.03,1559,1672,1338,14,2024,12,13,4,45942.41,53344.4
5,58.48,429,633,506,8,2024,12,1,6,1100.41,4365.8516
1,43.97,1049,1672,1338,4,2023,7,31,0,2465.19,8226.598
2,3764.2,2007,1314,1051,11,2023,6,1,3,56443.87,56980.656
2,2347.13,1391,1672,1338,14,2024,12,28,5,52835.05,56854.78
4,847.91,1124,904,723,9,2024,11,21,3,25193.12,27166.809
5,58.34,450,712,569,9,2024,12,18,2,3475.26,4723.374
0,332.67,762,509,407,3,2024,12,15,6,6570.2,6366.032
5,13.18,371,237,190,3,2024,4,11,3,2225.62,4147.5884
2,1168.09,1855,2150,1720,18,2024,12,8,6,34820.02,50740.324
5,13.56,495,316,253,4,2024,2,23,4,3116.88,4858.398
2,1092.13,1556,1791,1433,15,2024,9,11,2,50232.25,53378.684
2,4030.98,1202,955,764,8,2024,4,7,6,50213.22,54476.04
5,27.32,506,395,316,5,2024,12,19,3,4332.52,4265.467
2,1681.95,1831,2269,1815,19,2024,2,8,3,84081.16,72622.33
2,1023.57,1717,1791,1433,15,2024,10,10,3,40784.06,54205.996
0,134.74,783,1527,1221,9,2024,5,23,3,17103.32,6280.611
0,473.8,1178,679,543,4,2024,10,5,5,4337.4,7556.2153
2,3297.62,1421,836,669,7,2024,12,21,5,81533.39,58193.26
2,2096.17,1516,955,764,8,2024,11,18,0,66094.98,62186.57
2,1409.56,1977,1553,1242,13,2021,5,22,5,40963.46,54875.516
2,1205.91,1366,1433,1147,12,2024,7,28,6,68336.41,54888.363
0,491.04,1051,1527,1221,9,2023,6,4,6,4321.77,5982.739
2,1235.23,1869,2030,1624,17,2022,9,12,0,39535.27,51295.242
2,717.53,1821,1553,1242,13,2024,2,13,1,76601.87,70906.766
3,1358.95,362,175,140,5,2024,9,14,5,21528.74,33976.42
4,652.02,1062,1105,884,11,2024,2,25,6,19446.74,36849.016
4,2332.86,994,502,402,5,2024,8,17,5,45406.73,31519.49
5,58.48,429,633,506,8,2024,5,3,4,1100.41,4527.5977
2,1673.77,1256,1672,1338,14,2024,10,3,3,46612.84,52734.895
4,1124.87,869,1306,1044,13,2023,1,4,2,34614.34,37045.754
2,2055.21,1549,1672,1338,14,2024,10,3,3,68313.11,55843.16
4,1172.94,806,1105,884,11,2024,12,5,3,21116.49,34141.07
5,74.69,477,553,443,7,2023,11,19,6,5778.69,4329.188
2,990.04,1330,1672,1338,14,2024,12,3,1,36618.13,59202.414
0,451.41,968,1357,1086,8,2024,10,26,5,2728.45,6508.2573
1,46.7,852,836,669,2,2024,12,21,5,7507.84,7535.5273
2,3877.31,1887,1314,1051,11,2024,7,14,6,31289.9,48021.594
2,2871.53,1539,1911,1529,16,2024,4,7,6,53266.71,52641.992
4,2643.1,1022,703,562,7,2024,12,19,3,41393.71,32109.01
2,3062.47,1641,1911,1529,16,2024,11,23,5,44792.06,48267.473
2,2062.84,1234,1911,1529,16,2024,1,18,3,53948.98,53671.934
4,723.76,987,803,643,8,2024,12,14,5,21389.7,29508.137
3,647.59,290,316,253,9,2024,5,12,6,26007.1,32779.043
4,244.45,926,1306,1044,13,2022,11,30,2,37496.39,36163.594
1,4.96,876,836,669,2,2022,12,8,3,25625.6,8130.819
2,4150.23,1974,955,764,8,2023,11,30,3,53087.33,54358.836
0,394.46,972,1527,1221,9,2024,1,20,5,5315.48,5944.122
5,44.78,449,474,380,6,2024,12,18,2,7335.06,5335.039
0,297.16,1029,1357,1086,8,2024,3,17,6,1305.6,5566.9526
2,3825.08,1646,1075,860,9,2023,11,22,2,34000.83,45100.65
0,269.1,1066,1357,1086,8,2024,10,4,4,1814.76,6244.79
4,517.69,663,1105,884,11,2024,7,2,1,24612.08,30069.082
2,1899.4,1511,1911,1529,16,2024,11,4,0,70516.56,57581.04
4,2592.67,760,803,643,8,2024,5,29,2,28844.02,27248.088
4,449.5,1078,603,482,6,2022,10,13,3,44526.56,34469.21
2,3531.2,1178,1314,1051,11,2024,7,15,0,33544.75,42716.43
4,2729.49,717,603,482,6,2024,1,15,0,47483.01,42309.83
5,18.85,559,633,506,8,2024,2,12,0,1371.56,3958.2932
2,2313.91,1388,1791,1433,15,2022,8,31,2,56330.05,59856.934
5,76.4,522,395,316,5,2024,9,26,3,7778.88,4386.2354
5,68.15,444,395,316,5,2024,9,22,6,1081.68,4534.612
0,40.59,800,1527,1221,9,2024,7,5,4,9888.34,7212.5176
4,1667.33,733,1306,1044,13,2022,11,26,5,36953.91,32006.285
2,3092.34,1333,1433,1147,12,2023,12,22,4,29400.42,45683.98
0,401.82,800,1188,950,7,2024,3,31,6,5363.84,6350.5205
4,2725.67,774,1105,884,11,2024,12,12,3,38370.19,37685.203
4,2507.89,1130,1306,1044,13,2024,2,26,0,8704.76,29982.332
4,490.12,870,904,723,9,2024,4,9,1,35857.67,33018.758
2,3305.31,1639,836,669,7,2023,7,22,5,35671.15,44195.645
4,1608.07,940,1004,803,10,2024,11,18,0,53389.72,31769.76
2,588.33,1791,1075,860,9,2024,2,29,3,29148.93,33379.223
0,97.89,1043,509,407,3,2024,2,25,6,12600.78,7682.8003
2,2678.83,1244,1791,1433,15,2024,8,28,2,46599.98,50871.594
0,269.83,979,1018,814,6,2023,7,25,1,1153.31,6864.7056
2,771.57,1942,2030,1624,17,2024,7,29,0,27016.66,37168.773
2,3118.56,1899,2389,1911,20,2022,12,26,0,75108.72,65409.64
0,81.47,1009,679,543,4,2024,12,11,2,1248.22,7562.525
5,40.63,427,474,380,6,2024,12,27,4,1413.69,4526.563
3,812.13,334,386,309,11,2023,7,20,3,25747.9,34072.57
2,646.88,1676,1194,955,10,2024,7,27,5,51773.11,50983.75
0,352.31,1050,848,679,5,2024,2,11,6,4239.74,6449.9775
4,2170.98,1070,1105,884,11,2022,6,14,1,20422.8,25666.4
4,2132.67,997,904,723,9,2024,12,26,3,18419.18,28069.365
1,39.29,975,1672,1338,4,2024,12,28,5,3885.33,8384.624
1,44.32,1029,836,669,2,2024,12,21,5,10829.76,9842.136
1,19.16,1302,1254,1003,3,2024,6,27,3,950.82,6759.056
4,1344.03,762,603,482,6,2024,10,31,3,42719.05,32513.016
3,1511.71,347,281,224,8,2024,6,14,4,67361.34,47446.742
2,3607.5,1345,2389,1911,20,2024,9,30,0,33167.81,47036.723
1,2.09,1129,836,669,2,2024,2,13,1,6367.1,7651.6978
4,2434.14,665,803,643,8,2024,4,17,2,40588.2,36125.605
3,1989.25,259,351,281,10,2024,12,19,3,10366.36,27152.611
5,24.91,412,553,443,7,2024,10,17,3,3191.46,3956.1006
2,3307.15,1163,1314,1051,11,2024,8,4,6,28181.42,39802.28
5,63.05,538,316,253,4,2020,9,30,2,2369.05,4426.9688
2,3031.88,1425,1075,860,9,2021,5,18,1,67564.1,59398.83
4,2414.68,1074,1306,1044,13,2024,1,3,2,45613.51,36188.67
5,12.22,442,237,190,3,2023,9,17,6,7858.48,4934.963
4,791.55,938,603,482,6,2024,7,10,2,12215.08,30354.928
2,1064.01,1935,2389,1911,20,2024,12,13,4,79217.06,62811.965
4,723.76,987,803,643,8,2024,6,17,0,21389.7,30539.332
2,2262.91,1192,1911,1529,16,2021,10,23,5,63688.03,61983.27
0,212.98,952,1018,814,6,2023,12,24,6,11930.55,7236.299
2,3752.54,1704,2269,1815,19,2024,7,14,6,75278.21,64743.625
2,2697.79,1499,1433,1147,12,2023,4,4,1,28395.9,52127.69
0,376.41,1290,848,679,5,2024,12,27,4,4249.54,7491.861
2,1395.73,1265,836,669,7,2024,11,14,3,49928.5,49327.75
3,530.28,322,210,168,6,2024,12,13,4,70932.8,38401.957
4,918.98,1143,1105,884,11,2024,11,5,1,11832.47,28708.318
0,302.8,882,509,407,3,2023,8,21,0,4985.9,6905.2124
4,2712.47,1043,904,723,9,2024,5,10,4,45234.48,32470.67
4,2332.86,994,502,402,5,2024,11,2,5,45406.73,31519.49
0,189.22,1279,1357,1086,8,2024,8,19,0,8360.46,6814.84
4,298.57,853,1004,803,10,2024,4,16,1,49375.05,42237.652
1,37.49,846,1672,1338,4,2024,3,10,6,4352.39,7128.13
2,689.63,1621,1075,860,9,2024,12,24,1,71894.73,60617.48
2,3731.18,1686,1314,1051,11,2023,12,17,6,63778.16,56891.81
3,1745.52,249,386,309,11,2024,7,13,5,31638.58,33970.78
1,48.77,747,1672,1338,4,2024,10,31,3,1082.2,8046.6904
0,155.6,906,1527,1221,9,2024,9,15,6,5178.04,6740.211
0,341.44,1190,1188,950,7,2023,8,19,5,6108.42,7324.781
0,377.55,1103,1018,814,6,2022,8,6,5,4792.05,5877.214
2,623.02,1340,955,764,8,2024,4,29,0,33452.3,54394.184
0,209.28,1137,1188,950,7,2024,10,11,4,7557.87,8632.313
1,7.61,876,1254,1003,3,2024,7,14,6,5788.44,8071.148
0,382.57,1296,848,679,5,2024,6,13,3,4902.56,7491.861
1,30.56,856,1672,1338,4,2024,2,29,3,17680.68,8650.942
2,1277.93,1223,836,669,7,2024,3,17,6,72394.45,55094.715
3,374.09,344,281,224,8,2024,9,17,1,19828.62,27163.168
0,320.44,1059,1357,1086,8,2020,10,13,1,4000.01,5926.9834
4,2017.84,1099,1205,964,12,2024,7,21,6,36786.42,30880.816
1,11.89,1089,836,669,2,2023,1,28,5,10916.75,9554.873
2,4185.49,1297,1194,955,10,2024,8,1,3,33941.41,43442.316
2,2538.49,1562,2269,1815,19,2022,6,17,4,30171.09,50415.914
2,2907.32,1628,2269,1815,19,2024,3,12,1,80871.08,68884.74
1,13.94,898,836,669,2,2024,9,30,0,2562.21,7522.9927
2,3012.85,1842,1075,860,9,2023,3,9,3,57774.59,57317.246
2,3545.04,1496,2389,1911,20,2024,9,23,0,65061.69,66112.734
4,2549.38,913,703,562,7,2024,7,18,3,30152.27,33894.89
4,1406.68,922,1306,1044,13,2024,3,6,2,43087.25,38041.637
3,915.29,360,210,168,6,2023,5,27,5,38099.86,36144.715
1,27.73,1289,1672,1338,4,2023,10,7,5,18249.66,7600.321
0,339.31,1122,1357,1086,8,2024,2,19,0,19074.68,6074.797
4,1211.88,812,502,402,5,2024,6,27,3,38170.16,35547.33
0,205.52,1087,1357,1086,8,2023,11,19,6,829.04,6360.145
2,1027.29,1615,2269,1815,19,2024,6,28,4,71811.29,62136.535
3,1865.37,350,456,365,13,2023,12,29,4,50481.36,45006.56
2,993.28,1606,1911,1529,16,2023,10,22,6,78928.95,67319.66
2,3692.73,1631,1075,860,9,2024,12,19,3,53951.8,56266.902
4,2626.3,694,1105,884,11,2024,10,24,3,25559.24,27510.975
0,46.64,1187,848,679,5,2024,2,29,3,17614.56,8607.627
1,16.72,791,418,334,1,2024,9,22,6,3443.85,8044.0464
0,316.92,1121,1357,1086,8,2024,12,28,5,2687.19,6155.478
0,223.5,1245,1357,1086,8,2024,12,15,6,5474.4,7843.5522
4,1516.37,1128,603,482,6,2023,7,18,1,16767.94,29102.053
5,43.14,424,553,443,7,2024,1,11,3,11923.59,5896.1655
2,2910.28,1869,1672,1338,14,2023,7,30,6,47662.43,51242.555
1,17.63,940,1254,1003,3,2023,3,3,4,9704.07,8123.31
1,17.63,940,1254,1003,3,2024,9,3,1,9704.07,8177.7896
2,2537.79,1734,1553,1242,13,2024,12,28,5,29304.45,60300.668
5,38.87,441,474,380,6,2023,11,9,3,1959.64,4255.158
5,71.71,575,633,506,8,2024,12,24,1,1588.04,4157.125
2,3317.04,1165,955,764,8,2024,6,28,4,72801.2,65993.9
4,2664.46,671,1205,964,12,2022,7,4,0,27571.53,28247.566
3,1472.15,332,456,365,13,2024,6,3,0,41710.86,40771.453
1,13.57,1215,418,334,1,2024,2,19,0,1317.4,6005.0913
5,51.23,527,474,380,6,2024,11,19,1,5479.05,4480.3037
3,2246.91,296,316,253,9,2024,1,9,1,85847.94,63442.48
4,877.56,1033,803,643,8,2024,6,23,6,53481.5,36463.1
0,168.56,810,1357,1086,8,2023,12,30,5,2832.54,5904.609
1,31.05,803,1672,1338,4,2024,11,23,5,16858.71,7936.185
2,2754.79,1356,836,669,7,2024,12,2,0,44210.74,51831.31
4,1956.61,1021,1004,803,10,2023,3,7,1,10876.13,26983.943
4,421.21,1120,1105,884,11,2023,4,23,6,16422.81,23107.94
1,10.08,1058,1254,1003,3,2024,1,4,3,3253.5,8957.104
2,3063.52,1561,1314,1051,11,2024,6,17,0,78003.54,60113.23
2,2992.2,1399,1075,860,9,2024,1,23,1,84740.34,56101.926
0,305.31,1187,1018,814,6,2023,2,15,2,7383.62,7293.078
4,802.13,937,1004,803,10,2024,12,12,3,13023.06,30711.215
1,22.39,948,418,334,1,2024,7,12,4,8963.11,7816.849
3,2294.3,374,175,140,5,2021,8,16,0,17021.48,52005.07
0,420.37,764,679,543,4,2023,10,26,3,4511.54,6390.7188
2,2582.63,1479,1075,860,9,2024,4,30,1,49180.28,49970.965
3,1421.79,348,386,309,11,2024,8,18,6,38565.2,41691.027
0,215.89,1272,509,407,3,2024,10,3,3,13110.96,8268.55
2,1245.35,1566,2030,1624,17,2024,8,5,0,57286.06,53352.18
2,794.46,1647,2389,1911,20,2024,2,11,6,52260.99,53586.16
0,237.55,1151,509,407,3,2023,7,19,2,2998.36,7425.399
0,25.87,1019,1018,814,6,2024,7,6,5,1948.69,7407.4614
0,336.01,977,1527,1221,9,2024,9,19,3,5866.0,6570.216
0,411.77,822,1018,814,6,2023,9,3,6,2629.34,6111.366
4,1855.28,1031,1205,964,12,2023,7,2,6,31630.46,36005.88
2,1285.64,1429,1314,1051,11,2023,2,6,0,29213.67,48720.434
0,218.7,808,679,543,4,2024,8,2,4,2151.04,6682.0312
2,2308.08,1639,1553,1242,13,2023,2,27,0,80274.05,62106.516
3,2437.77,370,175,140,5,2024,11,1,4,29644.48,37611.332
2,2381.83,1600,2269,1815,19,2024,1,14,6,64101.79,54973.414
4,312.22,1021,1306,1044,13,2024,9,15,6,10886.96,26242.814
2,2078.99,1630,1791,1433,15,2023,5,9,1,66472.06,49611.566
3,2268.65,326,175,140,5,2024,8,13,1,30854.27,35054.156
4,1915.89,795,904,723,9,2024,4,15,0,20284.07,27715.033
3,2473.89,368,175,140,5,2024,5,3,4,57982.8,52570.867
2,4081.99,1503,1314,1051,11,2023,8,5,5,65678.53,60664.227
2,1525.84,1955,2269,1815,19,2024,12,1,6,64122.79,57148.727
2,1199.12,1959,1911,1529,16,2023,9,25,0,46710.07,50949.12
0,156.75,973,679,543,4,2023,12,5,1,5179.24,7702.7256
2,2818.9,1380,2389,1911,20,2023,12,1,4,63911.55,68626.59
4,1218.89,677,1105,884,11,2024,11,28,3,44289.17,36071.754
0,447.15,1276,848,679,5,2024,5,7,1,15949.32,8399.918
4,2340.75,1069,603,482,6,2024,8,29,3,9727.24,22797.89
1,19.42,1093,836,669,2,2024,10,24,3,13613.52,9345.674
2,1757.32,1495,2269,1815,19,2024,12,13,4,72089.72,52105.758
0,448.9,857,848,679,5,2024,12,13,4,1229.99,5802.097
2,1433.57,1575,2389,1911,20,2024,9,29,6,80216.82,54976.566
5,14.26,485,316,253,4,2023,1,10,1,1086.22,3303.3982
3,2249.57,353,210,168,6,2024,4,21,6,13733.33,35801.508
0,437.2,1134,1018,814,6,2023,12,13,2,16919.72,9351.386
0,494.62,1159,1018,814,6,2023,10,13,4,3231.17,6963.845
5,24.32,476,553,443,7,2021,8,14,5,7239.9,4096.3945
2,709.19,1705,1911,1529,16,2023,6,26,0,49478.43,55724.613
4,1174.28,1110,1205,964,12,2024,11,5,1,43349.1,32983.234
4,244.43,666,1205,964,12,2024,3,23,5,37432.31,40588.605
5,7.32,588,474,380,6,2022,10,9,6,6433.76,4202.6567
2,1417.05,1871,1672,1338,14,2023,12,7,3,67352.39,52457.406
5,48.5,446,712,569,9,2023,10,28,5,9030.75,5189.0356
2,665.66,1461,2150,1720,18,2024,12,13,4,72029.26,62279.93
5,87.15,557,316,253,4,2024,12,24,1,7616.02,4295.776
5,7.32,588,474,380,6,2024,12,27,4,6433.76,4857.66
3,798.92,309,456,365,13,2023,10,16,0,65204.8,52409.793
5,49.71,560,474,380,6,2024,8,29,3,1271.81,4189.187
2,3313.81,1732,1791,1433,15,2024,5,30,3,53277.9,60235.2
4,1415.67,752,1004,803,10,2024,10,20,6,50691.07,34103.08
0,321.48,1039,1018,814,6,2023,11,23,3,9773.92,6691.5654
4,2206.49,766,1205,964,12,2024,7,19,4,50559.83,31307.314
0,357.82,891,509,407,3,2023,6,24,5,6934.3,7141.252
1,45.03,1208,1672,1338,4,2024,12,12,3,15519.36,8165.8755
2,1073.52,1605,1314,1051,11,2024,5,8,2,35114.72,48455.75
2,1003.94,1236,1553,1242,13,2024,8,3,5,35466.25,47911.94
2,1920.18,1575,1791,1433,15,2024,10,21,0,44924.46,51528.418
4,1447.64,972,603,482,6,2023,2,16,3,41480.59,30982.893
2,1585.95,2026,1194,955,10,2024,5,18,5,48642.72,49837.41
5,68.63,392,553,443,7,2024,10,12,5,1194.3,4004.1045
4,2272.13,947,803,643,8,2024,12,29,6,23664.95,29307.307
2,1761.4,1628,2150,1720,18,2022,8,9,1,77350.41,51243.62
0,302.91,915,1357,1086,8,2024,6,14,4,1953.13,6636.81
4,1896.82,954,703,562,7,2024,12,18,2,27268.65,34489.117
0,181.65,894,1527,1221,9,2024,10,15,1,4114.14,6626.4136
4,1934.85,928,803,643,8,2024,3,26,1,43281.53,33009.926
4,687.34,988,1105,884,11,2022,12,9,4,20832.22,28297.824
5,90.64,474,395,316,5,2024,12,13,4,3122.27,4462.442
2,2308.08,1639,1553,1242,13,2023,10,20,4,80274.05,61806.54
3,1316.1,300,210,168,6,2021,6,17,3,7581.16,30635.832
0,385.6,1211,1188,950,7,2024,5,3,4,5983.72,7037.6387
4,1459.65,1092,803,643,8,2024,8,8,3,17600.39,32696.43
5,29.54,525,712,569,9,2022,10,25,1,3363.12,4484.463
2,1240.01,1810,1911,1529,16,2024,7,12,4,67953.0,60410.14
1,32.14,947,1254,1003,3,2024,7,13,5,14501.44,9616.52
4,2532.01,844,703,562,7,2022,4,18,0,46632.93,36153.164
4,2460.78,697,502,402,5,2024,12,10,1,29903.61,32913.88
4,1519.42,780,1205,964,12,2024,4,5,4,9881.67,25446.049
3,1035.39,221,245,196,7,2023,10,1,6,47167.08,40424.41
5,58.76,494,237,190,3,2024,7,11,3,1274.92,4331.4536
4,2387.31,1024,803,643,8,2024,3,5,1,34147.27,31928.15
2,848.9,1810,2030,1624,17,2024,8,18,6,55821.85,55199.516
5,68.37,398,553,443,7,2024,8,23,4,2527.9,4122.286
2,628.77,1587,2389,1911,20,2024,6,20,3,72999.27,60809.35
0,369.41,892,1527,1221,9,2024,11,30,5,4349.48,6368.4814
2,2852.02,1691,1911,1529,16,2024,7,31,2,71230.19,54580.605
2,1248.46,1231,2389,1911,20,2024,10,25,4,52622.93,52730.875
5,43.26,439,553,443,7,2023,5,24,2,10768.14,5896.1655
2,4164.15,1571,2389,1911,20,2023,3,14,1,38946.92,48721.117
0,396.65,802,1188,950,7,2023,11,22,2,12161.8,6266.619
4,1556.4,653,1004,803,10,2024,1,21,6,9992.24,25433.787
1,27.84,889,1672,1338,4,2024,12,28,5,4832.67,7994.136
2,614.36,1896,1314,1051,11,2024,7,25,3,62753.72,55576.723
1,19.16,1302,1254,1003,3,2023,7,30,6,950.82,6785.2583
2,1784.01,1689,1911,1529,16,2024,9,27,4,74148.8,52856.586
4,2411.94,957,502,402,5,2023,2,26,6,23535.2,31335.197
1,29.03,1264,418,334,1,2024,12,29,6,4543.36,7698.777
2,3974.53,1962,2269,1815,19,2024,5,11,5,42855.7,47811.2
2,1333.94,1880,1433,1147,12,2024,2,16,4,49650.08,50830.05
4,2184.29,738,1205,964,12,2024,4,25,3,20776.89,26619.24
1,3.24,1127,418,334,1,2024,10,28,0,1232.0,5508.5254
3,1472.15,332,456,365,13,2023,11,12,6,41710.86,40693.71
4,813.78,1047,1306,1044,13,2024,4,29,0,43003.91,36427.855
5,81.81,566,553,443,7,2024,7,29,0,3329.82,4242.511
4,1978.94,1040,703,562,7,2024,5,31,4,10164.2,30484.69
2,557.12,1847,2269,1815,19,2023,10,5,3,74500.84,70004.11
2,1395.73,1265,836,669,7,2024,11,20,2,49928.5,49327.75
4,511.38,722,502,402,5,2024,6,22,5,17175.12,27020.31
2,2055.66,1701,1911,1529,16,2023,12,27,2,71137.63,60797.29
2,1576.97,1315,1672,1338,14,2024,5,16,3,68601.3,54896.223
3,1835.96,225,386,309,11,2024,12,22,6,84288.42,44272.992
3,2169.62,291,316,253,9,2021,9,16,3,49764.52,48508.07
0,442.81,1091,1188,950,7,2024,11,27,2,6081.8,6561.121
2,4163.68,1411,1672,1338,14,2024,8,3,5,39879.51,53672.844
1,45.03,1208,1672,1338,4,2024,11,24,6,15519.36,8143.0986
1,26.2,1040,418,334,1,2024,7,12,4,14276.88,8743.386
4,1112.69,829,1105,884,11,2023,4,12,2,22600.35,33841.082
5,43.24,387,237,190,3,2023,9,19,1,5911.26,4399.8667
2,2236.04,1718,1075,860,9,2024,4,12,4,54768.01,54664.59
2,1120.19,1691,955,764,8,2022,8,4,3,75210.89,47676.7
3,2197.8,351,351,281,10,2024,12,31,1,28504.99,32656.39
1,7.45,915,836,669,2,2020,10,23,4,11682.66,8546.411
0,488.15,859,848,679,5,2024,12,13,4,2902.11,5632.843
5,66.76,482,553,443,7,2024,12,14,5,6192.84,4326.2974
5,38.53,565,633,506,8,2024,5,19,6,2215.68,3992.0603
2,3878.03,1163,1075,860,9,2024,8,11,6,32887.38,43225.73
4,1879.2,978,502,402,5,2024,7,27,5,28806.85,31808.125
4,1309.85,784,1004,803,10,2024,1,23,1,51359.8,34378.63
4,1211.59,777,904,723,9,2024,11,13,2,41260.4,33707.863
0,83.94,1129,1018,814,6,2024,9,17,1,8361.96,8802.134
4,506.03,1034,1306,1044,13,2021,10,24,6,25306.97,24159.992
0,314.44,830,1188,950,7,2023,11,20,0,4333.8,6045.025
4,1506.3,943,1105,884,11,2024,11,24,6,20527.28,36777.57
2,917.87,1702,2389,1911,20,2024,10,19,5,81743.31,73705.695
1,6.91,1026,418,334,1,2024,11,28,3,16956.36,10099.203
2,3117.22,1342,2030,1624,17,2021,9,12,6,36977.38,51087.74
4,1356.05,738,1004,803,10,2024,12,27,4,49462.56,34663.582
2,1011.35,1489,955,764,8,2024,9,18,2,51290.47,48545.227
4,1460.63,1146,1306,1044,13,2023,12,18,0,32834.96,40076.375
4,1280.98,889,904,723,9,2024,9,10,1,12066.83,30577.836
2,1284.27,1804,2150,1720,18,2024,11,13,2,72828.8,57279.17
3,238.02,328,210,168,6,2024,9,22,6,41902.52,41655.645
2,3639.92,1248,1075,860,9,2022,8,4,3,28818.37,46297.47
4,2404.34,1051,1306,1044,13,2024,12,28,5,49086.54,38398.57
4,1178.76,1111,904,723,9,2024,5,4,5,18311.28,33148.914
0,473.87,784,509,407,3,2023,6,24,5,5166.54,6756.267
4,1280.92,998,904,723,9,2024,10,8,1,48071.28,32405.566
1,38.93,887,1672,1338,4,2023,3,24,4,7329.05,7865.4897
4,1802.01,954,1004,803,10,2024,4,25,3,44769.89,28654.791
5,42.14,454,553,443,7,2024,8,25,6,2815.86,4473.7925
3,581.47,333,175,140,5,2024,10,8,1,29805.7,28967.738
1,17.64,780,418,334,1,2024,3,1,4,14267.8,8439.88
1,39.67,807,1254,1003,3,2024,9,29,6,3448.5,7387.1206
2,3575.11,1728,1075,860,9,2024,5,18,5,83305.68,65474.324
2,1600.15,1861,1553,1242,13,2024,6,2,6,33920.17,48208.13
0,193.26,1179,679,543,4,2023,5,4,3,3176.69,7373.424
5,43.24,387,237,190,3,2024,10,24,3,5911.26,4399.8667
2,3819.82,1623,1194,955,10,2023,11,1,2,27528.47,43225.867
1,10.22,786,1672,1338,4,2020,1,13,0,15005.79,7840.507
0,40.08,1049,1018,814,6,2024,12,17,1,2813.92,7079.8438
4,2112.64,1091,1105,884,11,2024,8,9,4,29443.59,30939.363
0,494.79,944,679,543,4,2024,3,24,6,6714.98,7101.712
4,1452.95,910,1306,1044,13,2024,11,28,3,19828.01,38052.555
2,2146.67,1709,1433,1147,12,2023,12,11,0,52279.45,49748.65
4,2688.11,1076,803,643,8,2024,1,19,4,11439.78,33811.605
4,1400.22,1009,603,482,6,2024,8,12,0,25938.8,30872.912
1,42.31,1203,1672,1338,4,2024,6,8,5,15933.4,8140.209
1,30.74,1161,1672,1338,4,2024,11,26,1,16663.2,10752.062
4,1085.0,751,1105,884,11,2024,9,4,2,31732.77,36699.758
1,38.93,887,1672,1338,4,2022,8,26,4,7329.05,7919.9688
2,926.62,1946,1314,1051,11,2023,9,2,5,56929.01,55192.28
2,1023.57,1717,1791,1433,15,2024,11,20,2,40784.06,54205.996
0,305.52,1150,848,679,5,2024,11,26,1,891.45,7805.3853
2,2722.51,1296,1672,1338,14,2024,9,22,6,39521.67,52396.88
3,2334.22,247,386,309,11,2024,2,11,6,40772.58,36312.92
2,3764.2,2007,1314,1051,11,2024,12,28,5,56443.87,57466.137
2,1135.19,1685,1194,955,10,2023,10,12,3,49473.94,47541.438
3,672.38,355,281,224,8,2024,10,4,4,13395.08,31572.865
3,1775.69,339,281,224,8,2020,5,27,2,43449.04,36749.44
4,1162.78,984,603,482,6,2024,11,22,4,49707.05,31325.658
4,1664.34,830,1205,964,12,2024,2,6,1,50128.42,33703.93
4,2145.61,1062,703,562,7,2024,3,11,0,17692.29,24255.47
2,1823.69,1261,1791,1433,15,2024,12,28,5,28835.92,49756.72
2,3974.5,1441,1433,1147,12,2023,10,6,4,53050.49,53097.137
1,6.9,1133,1672,1338,4,2024,6,22,5,5088.33,5971.3247
1,46.06,1070,1254,1003,3,2023,4,23,6,11504.88,8709.6875
4,2175.66,1111,1306,1044,13,2023,8,25,4,18445.13,27336.146
4,579.6,729,1205,964,12,2022,2,27,6,26271.79,28667.201
0,83.21,1180,1188,950,7,2024,11,18,0,1237.56,6455.9155
4,2720.86,1011,703,562,7,2023,4,13,3,24806.14,32722.31
2,4112.0,1165,1194,955,10,2024,11,7,3,80198.3,70665.84
2,4248.03,1485,1433,1147,12,2024,3,11,0,44418.38,48038.63
1,25.3,1020,418,334,1,2024,7,29,0,14626.64,8980.666
5,36.45,387,395,316,5,2024,5,1,2,11359.77,4666.5073
5,63.87,425,553,443,7,2023,8,1,1,10015.2,4612.984
5,95.53,537,633,506,8,2024,5,11,5,5634.03,4538.6353
2,3415.52,1254,2389,1911,20,2023,9,3,6,60730.75,56945.37
3,405.67,314,421,337,12,2023,5,1,0,36533.28,41465.06
4,1702.3,863,1306,1044,13,2023,5,31,2,51852.65,40868.598
1,9.77,891,1672,1338,4,2021,11,29,0,11548.08,7958.0693
4,1141.73,687,904,723,9,2024,12,19,3,53244.48,38772.26
2,1817.89,1428,1433,1147,12,2022,6,29,2,57895.18,49513.574
2,744.98,1598,2389,1911,20,2023,12,30,5,76804.43,63964.977
5,59.28,444,395,316,5,2023,11,2,3,11174.94,4630.9473
2,1830.81,1598,1314,1051,11,2023,8,12,5,29813.3,50776.73
2,1130.96,1650,1791,1433,15,2024,5,18,5,56198.66,51348.793
5,39.27,516,712,569,9,2024,1,5,4,454.34,4396.609
4,2425.18,1053,1306,1044,13,2024,12,22,6,26547.01,38170.23
3,850.02,224,421,337,12,2024,12,14,5,34309.68,32717.234
4,1135.02,917,803,643,8,2020,10,7,2,45273.8,34758.32
1,46.48,1113,418,334,1,2024,7,14,6,7045.43,8820.25
5,95.58,497,474,380,6,2023,8,5,5,2201.04,4095.5505
2,3752.54,1704,2269,1815,19,2024,8,23,4,75278.21,64028.54
5,54.94,385,316,253,4,2024,4,17,2,8633.67,4827.392
2,2737.49,1688,2150,1720,18,2020,11,12,3,26400.37,46521.008
4,1169.93,657,703,562,7,2024,7,21,6,36506.21,35150.324
2,2459.14,1731,2389,1911,20,2024,1,9,1,60801.7,52409.746
4,559.17,1025,1004,803,10,2024,5,28,1,10400.72,32628.87
1,9.07,958,1672,1338,4,2023,5,18,3,1073.1,8103.426
4,1309.85,784,1004,803,10,2024,3,9,5,51359.8,34309.72
4,1993.04,857,1306,1044,13,2024,12,29,6,29706.04,33594.562
4,1173.41,740,603,482,6,2023,2,28,1,10384.95,33784.664
4,2170.98,1070,1105,884,11,2019,12,12,3,20422.8,23619.26
2,4237.54,1420,1075,860,9,2022,10,2,6,40684.88,50842.145
2,4037.62,1420,1553,1242,13,2024,9,29,6,76686.91,64625.28
4,1556.4,653,1004,803,10,2024,12,10,1,9992.24,25657.365
0,55.13,965,679,543,4,2024,4,5,4,7522.16,8177.839
1,8.12,1127,1672,1338,4,2024,12,3,1,3607.31,6207.4863
2,1196.79,1983,2269,1815,19,2024,5,31,4,46145.69,50629.727
2,3731.18,1686,1314,1051,11,2024,6,19,2,63778.16,56611.547
2,3163.32,1549,955,764,8,2024,3,21,3,72879.72,58277.426
2,1899.4,1511,1911,1529,16,2024,7,27,5,70516.56,57413.246
1,36.17,928,836,669,2,2024,7,22,0,8990.58,8560.985
4,1276.84,846,904,723,9,2024,10,20,6,25203.99,33698.445
2,3674.65,1942,1194,955,10,2024,11,9,5,56798.58,52241.625
4,1304.23,768,502,402,5,2024,10,11,4,33865.7,33041.805
5,59.35,566,237,190,3,2024,8,1,3,1237.13,4249.258
0,217.53,951,848,679,5,2024,9,28,5,6571.64,7787.0903
5,95.54,409,553,443,7,2024,2,25,6,1827.38,3608.7878
2,4039.12,1296,1433,1147,12,2024,4,4,3,74881.01,61318.51
0,362.02,1215,1357,1086,8,2023,11,19,6,7717.54,6718.8003
1,5.69,806,1254,1003,3,2024,4,14,6,8592.76,7804.034
3,1724.63,377,210,168,6,2023,11,8,2,46831.48,54129.598
4,1020.51,807,803,643,8,2024,12,6,4,36600.48,35266.23
3,539.2,387,421,337,12,2024,11,30,5,23718.46,29722.666
0,117.2,1158,1527,1221,9,2024,7,29,0,5440.12,6674.753
2,1931.85,1846,1672,1338,14,2023,9,11,0,77893.42,61484.945
5,8.4,475,395,316,5,2024,12,20,4,1252.74,5186.4453
5,94.75,447,316,253,4,2022,7,6,2,3266.32,4568.88
2,3359.27,1209,1075,860,9,2024,9,23,0,47239.0,52904.984
2,614.36,1896,1314,1051,11,2024,9,9,0,62753.72,55576.723
3,1054.35,337,281,224,8,2024,11,3,6,22678.41,37109.918
0,106.18,875,679,543,4,2023,10,22,6,4425.99,7079.9966
4,2072.19,826,904,723,9,2024,8,14,2,39919.98,30483.166
4,1029.43,707,502,402,5,2024,9,24,1,21126.03,30536.184
5,62.34,536,395,316,5,2024,10,11,4,6923.26,4760.166
3,1204.97,315,421,337,12,2022,9,8,3,53404.48,43411.95
2,4016.33,1938,1791,1433,15,2023,10,26,3,37807.85,44403.55
4,384.86,752,703,562,7,2024,3,10,6,29858.62,28822.637
2,2140.89,1971,1672,1338,14,2023,10,16,0,46837.92,49585.32
1,14.03,1096,836,669,2,2024,3,1,4,10659.88,8509.179
2,588.33,1791,1075,860,9,2022,11,25,4,29148.93,33358.906
0,424.67,1118,1357,1086,8,2024,2,25,6,4300.44,6069.7383
1,43.4,1129,1254,1003,3,2023,7,29,5,4714.68,9112.732
1,32.02,890,418,334,1,2024,12,27,4,4858.0,7902.3857
0,223.98,1134,1188,950,7,2023,3,9,3,19555.92,11081.651
4,853.19,888,904,723,9,2019,12,18,2,31175.03,27613.686
4,1811.48,744,1004,803,10,2024,9,30,0,17393.92,30807.96
4,651.57,796,904,723,9,2024,10,28,0,47446.51,34183.22
2,2055.21,1549,1672,1338,14,2024,7,13,5,68313.11,55533.66
1,46.61,1115,418,334,1,2024,10,23,2,3539.4,8783.397
2,1952.1,1754,1314,1051,11,2024,3,14,3,36277.53,47230.668
4,856.82,1031,703,562,7,2024,12,1,6,27950.76,31725.64
2,3706.9,1563,1911,1529,16,2023,10,19,3,63983.8,56779.715
2,1893.08,1650,1791,1433,15,2024,12,21,5,63316.84,53830.336
1,11.91,790,1254,1003,3,2024,11,11,0,2732.66,7807.438
4,1426.08,902,904,723,9,2023,5,11,3,10710.14,31915.344
4,2450.69,726,1004,803,10,2024,5,24,4,48841.09,36278.168
2,1946.26,1679,2030,1624,17,2021,11,28,6,57399.33,53762.598
4,2748.82,884,502,402,5,2024,12,17,1,33144.79,36705.77
2,2066.55,1789,2389,1911,20,2021,9,13,0,34258.82,44030.2
2,665.21,1165,1672,1338,14,2024,12,25,2,78330.47,72967.19
2,2528.75,1423,1672,1338,14,2023,5,4,3,31164.24,51143.93
1,11.91,790,1254,1003,3,2024,9,24,1,2732.66,7807.438
5,62.34,536,395,316,5,2024,6,28,4,6923.26,4760.166
0,383.25,1209,679,543,4,2024,6,10,0,19924.52,7434.422
3,1472.15,332,456,365,13,2024,11,3,6,41710.86,40563.32
4,2191.56,1119,703,562,7,2023,3,30,3,54146.38,23813.812
2,1940.95,1438,836,669,7,2024,12,18,2,63675.07,50212.062
4,880.03,879,603,482,6,2024,8,2,4,28958.26,30683.479
2,2923.59,1500,955,764,8,2023,9,3,6,57226.69,51914.758
0,63.92,1219,1527,1221,9,2024,10,6,6,3635.74,6358.2935
0,168.56,810,1357,1086,8,2020,1,20,0,2832.54,6309.207
0,317.49,1268,679,543,4,2024,11,5,1,3536.2,7548.484
2,3063.52,1561,1314,1051,11,2024,2,23,4,78003.54,60058.746
0,193.26,1179,679,543,4,2022,11,23,2,3176.69,7329.859
2,2833.37,1235,1075,860,9,2024,3,21,3,61143.24,52401.71
2,2146.67,1709,1433,1147,12,2024,9,3,1,52279.45,49913.355
5,83.1,447,553,443,7,2024,12,29,6,3197.69,4454.1284
4,2520.58,965,1306,1044,13,2024,3,20,2,37387.39,34151.492
4,1936.48,1004,1105,884,11,2024,12,30,0,49048.33,32732.137
1,45.03,838,1254,1003,3,2024,12,23,0,11885.68,7616.2637
2,3041.88,1588,1553,1242,13,2023,6,23,4,48453.9,54586.727
1,30.81,1305,1254,1003,3,2023,10,27,4,7908.12,7682.8145
1,20.68,1250,836,669,2,2022,12,18,6,468.66,7877.9194
5,42.24,361,712,569,9,2024,7,26,4,1039.38,4395.899
5,47.28,595,633,506,8,2023,8,20,6,3414.74,4622.678
2,1905.91,1472,1911,1529,16,2023,10,3,1,68683.19,53223.42
5,20.8,493,553,443,7,2024,12,10,1,3152.87,4046.4004
4,550.05,984,1205,964,12,2023,5,9,1,12929.62,28234.314
4,255.44,821,703,562,7,2024,12,25,2,52672.55,39470.344
4,2364.46,1084,1306,1044,13,2024,12,28,5,38588.96,33387.09
4,739.67,780,803,643,8,2023,9,13,2,36298.21,32644.314
2,2871.53,1539,1911,1529,16,2024,5,29,2,53266.71,53618.934
1,43.36,1000,1672,1338,4,2024,12,18,2,15938.73,8376.693
5,97.39,493,553,443,7,2024,10,25,4,324.28,4213.7324
0,421.49,1026,1188,950,7,2024,11,25,0,7879.8,6316.1016
4,2102.6,820,1306,1044,13,2023,11,18,5,30812.32,34474.047
1,36.93,1187,836,669,2,2024,3,21,3,6481.25,6983.1455
0,269.33,1231,1357,1086,8,2024,10,3,3,6947.1,7350.519
4,1543.01,802,603,482,6,2024,10,12,5,41338.26,33222.504
2,1188.75,1873,1791,1433,15,2024,11,2,5,70290.97,54304.438
4,2053.01,840,502,402,5,2024,1,10,2,11080.44,28664.883
0,390.44,1056,679,543,4,2024,8,8,3,3388.12,6195.241
0,155.88,1159,848,679,5,2023,1,6,4,18449.12,9903.25
2,2269.16,1472,2269,1815,19,2024,12,11,2,50403.36,54250.793
1,2.46,1206,836,669,2,2024,7,4,3,15445.6,10892.281
2,924.89,1831,836,669,7,2024,8,27,1,26363.74,41634.02
2,3647.54,1240,1791,1433,15,2024,3,4,0,31670.51,47207.67
1,20.69,1122,1672,1338,4,2024,11,8,4,11138.68,7842.346
5,86.99,521,395,316,5,2022,1,20,3,2265.48,4386.2354
4,1398.75,1035,603,482,6,2024,12,7,5,19512.09,31275.922
0,219.51,819,1188,950,7,2024,8,10,5,2909.76,6495.0557
0,370.27,783,1188,950,7,2024,10,12,5,1153.02,6095.535
4,2688.11,1076,803,643,8,2024,6,1,5,11439.78,33742.5
4,2455.31,923,603,482,6,2024,11,15,4,20275.71,29448.867
2,4016.73,1963,1433,1147,12,2023,12,10,6,77032.02,51109.15
0,292.96,871,679,543,4,2023,5,6,5,2609.95,6860.965
4,2133.53,667,1105,884,11,2024,10,26,5,15276.85,30132.629
4,1055.06,954,1306,1044,13,2024,11,18,0,48481.79,38370.523
4,2206.49,766,1205,964,12,2024,2,5,0,50559.83,31350.879
1,32.68,783,836,669,2,2023,10,29,6,2310.21,8432.969
2,1199.12,1959,1911,1529,16,2023,5,18,3,46710.07,50949.12
3,1299.74,370,456,365,13,2024,11,24,6,98607.14,69651.75
2,3977.2,1817,2030,1624,17,2024,9,10,1,53373.04,55388.188
1,38.62,777,1254,1003,3,2024,6,15,5,690.1,6959.036
2,2074.95,1173,2269,1815,19,2024,7,4,3,65511.68,59725.945
1,41.23,939,1254,1003,3,2024,10,6,6,5370.19,8245.456
4,1917.95,735,703,562,7,2024,7,22,0,41110.24,32292.086
2,709.83,1855,1553,1242,13,2024,10,14,0,70811.32,61863.066
4,1702.3,863,1306,1044,13,2024,3,7,3,51852.65,41142.746
2,1973.84,1267,2150,1720,18,2023,9,28,3,49032.02,56326.48
5,91.26,460,633,506,8,2024,7,18,3,2888.93,4484.0327
0,427.84,1253,1188,950,7,2024,6,17,0,8627.55,7439.168
1,21.12,1313,1672,1338,4,2024,8,30,4,6624.87,8048.0825
3,2492.99,244,316,253,9,2024,8,12,0,12247.83,22633.332
4,395.24,808,803,643,8,2024,2,15,3,24156.11,28896.457
2,2613.21,1857,2389,1911,20,2023,8,27,6,27247.64,39698.645
2,3656.77,1385,2269,1815,19,2023,11,7,1,70736.61,61341.793
4,1928.84,783,502,402,5,2024,12,13,4,54693.07,32271.178
0,56.25,1182,1188,950,7,2024,7,7,6,12000.64,8564.105
2,4045.18,1794,955,764,8,2024,1,8,0,76348.55,69640.47
4,1418.24,988,803,643,8,2024,12,22,6,17795.28,29711.58
4,2135.66,846,904,723,9,2024,12,23,0,21273.11,28780.002
1,7.61,876,1254,1003,3,2022,9,18,6,5788.44,8074.0386
0,339.92,904,1357,1086,8,2024,4,9,1,4451.88,6502.5024
5,54.26,495,237,190,3,2024,12,14,5,3004.15,4450.344
2,3431.58,1589,2150,1720,18,2024,10,2,2,62996.6,53554.723
2,3649.72,1359,1553,1242,13,2024,12,6,4,58413.95,53557.77
2,4109.05,1252,1911,1529,16,2024,9,22,6,38611.54,59586.72
3,1963.53,268,351,281,10,2024,8,25,6,41505.72,32946.418
0,171.38,831,679,543,4,2024,10,19,5,3375.82,6740.3896
0,245.9,1254,1018,814,6,2024,4,20,5,7531.0,8280.589
4,669.0,710,803,643,8,2024,12,16,0,50336.15,32179.89
3,669.5,273,316,253,9,2023,3,11,5,17397.48,33315.83
2,2132.7,1421,1194,955,10,2023,8,26,5,27077.12,49516.41
2,1600.15,1861,1553,1242,13,2024,2,12,0,33920.17,48448.97
1,20.03,827,836,669,2,2022,5,6,4,16772.5,9752.983
1,49.53,1302,1672,1338,4,2024,11,6,2,4349.25,8266.879
2,2053.34,1223,1075,860,9,2022,3,27,6,49907.72,50714.605
4,1665.98,891,1004,803,10,2021,12,9,3,47798.26,31286.54
4,294.53,911,904,723,9,2024,12,19,3,26547.69,31009.557
2,2203.59,1569,1553,1242,13,2023,11,9,3,59302.46,57753.125
2,2268.37,1170,1314,1051,11,2024,11,1,4,64322.01,55749.78
4,884.55,775,1105,884,11,2024,12,30,0,15371.57,29110.098
2,1791.64,1844,1553,1242,13,2024,12,12,3,38326.04,52632.117
2,2686.06,1511,1194,955,10,2022,12,16,4,65422.52,52094.92
2,2605.95,1766,1791,1433,15,2024,4,29,0,48667.86,51387.18
5,99.41,464,553,443,7,2024,12,12,3,1490.18,4444.4785
1,2.35,1036,418,334,1,2024,12,22,6,2517.84,7841.628
2,1500.68,1194,1075,860,9,2024,12,8,6,82862.27,65959.52
3,238.02,328,210,168,6,2024,10,5,5,41902.52,41652.754
1,46.06,1070,1254,1003,3,2024,1,14,6,11504.88,8706.798
0,403.02,1009,1357,1086,8,2024,12,21,5,3790.4,6210.4873
1,6.55,771,1672,1338,4,2023,9,16,5,4432.04,6637.1675
2,1745.91,1630,1911,1529,16,2024,12,26,3,30070.69,51490.004
5,15.86,549,316,253,4,2024,4,10,2,700.86,3900.6035
3,1787.58,289,175,140,5,2023,6,3,5,82658.02,67058.03
4,764.45,1067,803,643,8,2022,12,10,5,28413.74,31671.406
3,1308.79,231,316,253,9,2023,10,25,2,7958.69,22171.191
0,341.87,947,679,543,4,2024,11,17,6,9381.88,7227.297
2,950.42,1517,1553,1242,13,2024,12,29,6,53858.81,61192.312
5,20.19,483,316,253,4,2022,7,17,6,2550.17,3844.942
0,139.95,839,679,543,4,2022,10,10,0,6026.2,7144.988
4,1233.93,1062,803,643,8,2024,6,28,4,29773.53,33055.41
5,87.89,353,395,316,5,2024,2,13,1,3775.64,3259.1262
1,14.11,1322,1672,1338,4,2024,12,8,6,15869.84,11246.365
1,40.96,997,836,669,2,2024,4,19,4,1854.24,8869.003
5,57.13,435,553,443,7,2022,8,8,0,713.44,4588.762
2,3492.86,1550,1075,860,9,2022,6,30,3,84896.65,64405.043
2,1228.59,1949,2389,1911,20,2024,8,1,3,65233.21,55949.33
4,1904.11,1067,904,723,9,2024,11,2,5,48906.88,33437.293
0,54.21,1207,1188,950,7,2022,11,25,4,3115.8,8589.772
2,1414.79,1532,955,764,8,2023,1,5,3,58425.24,48636.504
0,98.94,800,1188,950,7,2024,1,25,3,4715.36,6318.782
2,4143.1,1438,2269,1815,19,2023,8,10,3,77133.23,58754.07
2,4143.1,1438,2269,1815,19,2023,10,11,2,77133.23,58754.07
4,609.67,971,803,643,8,2024,1,21,6,25483.03,32424.406
2,1059.79,1531,2030,1624,17,2023,12,25,0,66750.3,61827.156
2,3394.95,2043,1194,955,10,2024,12,10,1,41579.47,47245.17
2,2993.35,1278,1194,955,10,2023,12,1,4,61492.45,53412.402
2,4058.86,1316,1911,1529,16,2024,4,17,2,34338.06,55562.383
0,388.2,1068,679,543,4,2024,12,30,0,9532.6,6175.898
4,492.9,895,1004,803,10,2024,12,27,4,49050.1,38449.047
2,2985.57,1868,1194,955,10,2024,11,28,3,25654.06,48168.645
3,2121.97,244,456,365,13,2024,8,5,0,55668.92,51856.223
2,702.52,1462,1075,860,9,2024,11,2,5,47142.73,52397.242
1,32.68,783,836,669,2,2024,1,22,0,2310.21,8490.222
2,1862.65,1616,1791,1433,15,2024,11,18,0,46035.09,56259.188
2,727.94,1396,1791,1433,15,2024,9,27,4,59262.25,60218.34
2,2840.45,1625,2389,1911,20,2024,10,10,3,79108.41,68689.3
0,275.52,806,1357,1086,8,2023,10,8,6,12413.55,5862.9014
3,326.12,323,316,253,9,2023,12,12,1,49826.36,49512.38
5,88.1,484,316,253,4,2024,7,28,6,7997.08,4347.604
5,35.31,522,474,380,6,2024,12,12,3,1868.69,4184.9834
2,3849.62,1611,1314,1051,11,2024,5,30,3,84796.97,57318.457
2,2788.08,1307,1911,1529,16,2024,12,28,5,65992.05,53090.926
2,4016.73,1963,1433,1147,12,2019,12,7,5,77032.02,48300.695
5,25.03,426,553,443,7,2024,4,4,3,1251.11,4383.0815
2,2331.9,1802,1433,1147,12,2024,6,22,5,38655.58,48881.098
0,437.44,1015,1357,1086,8,2024,10,12,5,3870.94,6050.1562
1,7.61,876,1254,1003,3,2023,3,3,4,5788.44,8120.376
1,8.86,1097,1672,1338,4,2024,2,17,5,2287.66,6083.7754
1,34.8,1203,1254,1003,3,2024,12,17,1,6143.28,7972.3784
0,64.42,1140,1357,1086,8,2024,3,18,0,4381.86,6645.191
0,448.9,857,848,679,5,2024,9,8,6,1229.99,5741.955
0,444.86,742,509,407,3,2024,12,22,6,15342.36,5169.712
1,6.01,998,1254,1003,3,2023,3,27,0,2605.38,8558.888
2,1332.94,1234,2389,1911,20,2024,5,29,2,38821.3,47453.56
4,1660.55,1042,603,482,6,2024,11,2,5,52285.67,33137.547
2,926.62,1946,1314,1051,11,2023,3,6,0,56929.01,54655.207
2,4061.42,1173,2389,1911,20,2024,6,15,5,41076.0,47005.566
1,22.85,1083,1672,1338,4,2024,11,15,4,4556.6,7656.58
2,1245.35,1566,2030,1624,17,2024,12,12,3,57286.06,53206.47
2,3704.59,1273,955,764,8,2023,9,15,4,36674.83,49100.17
0,376.08,1275,848,679,5,2024,8,11,6,9019.29,7466.194
2,595.46,1271,955,764,8,2020,10,28,2,38572.52,49230.777
1,31.41,1281,1254,1003,3,2024,9,26,3,2125.4,7682.8145
4,1436.63,796,502,402,5,2024,2,14,2,14412.11,33237.176
4,2391.56,722,502,402,5,2024,5,29,2,30227.67,34282.914
4,628.95,732,1105,884,11,2024,8,25,6,11647.82,32712.857
2,3272.15,1973,1672,1338,14,2024,10,22,1,78555.84,59143.152
2,3178.71,1501,2269,1815,19,2022,9,18,6,63679.67,64194.062
5,13.56,495,316,253,4,2024,9,4,2,3116.88,4901.963
4,2356.03,740,603,482,6,2022,11,16,2,23685.12,25615.166
1,25.21,1193,1672,1338,4,2024,12,14,5,5349.51,7351.2334
0,476.05,1088,1357,1086,8,2024,12,27,4,3800.54,5970.42
5,67.3,369,395,316,5,2024,12,8,6,5807.64,4118.5786
2,2204.2,1239,1791,1433,15,2023,4,30,6,40312.54,54200.36
1,11.5,1048,1254,1003,3,2024,8,11,6,7848.9,8528.265
3,2382.13,331,245,196,7,2024,12,30,0,32462.94,36113.746
4,1592.7,675,803,643,8,2024,8,26,0,45738.83,32321.637
4,2189.91,956,502,402,5,2023,12,6,2,17678.54,25665.314
5,68.0,586,712,569,9,2024,12,26,3,2019.92,4627.0913
0,315.08,995,1527,1221,9,2024,5,24,4,4699.08,6709.876
2,3464.4,1311,836,669,7,2024,10,22,1,60793.97,52789.53
4,1459.65,1092,803,643,8,2024,7,16,1,17600.39,32677.086
4,775.7,890,703,562,7,2024,12,30,0,12879.55,29138.521
4,811.94,1101,803,643,8,2024,8,22,3,16719.0,31209.611
5,42.21,521,553,443,7,2024,9,28,5,6589.77,4348.852
2,2076.42,1482,2150,1720,18,2024,8,23,4,26411.22,49872.15
3,2246.91,296,316,253,9,2023,2,6,0,85847.94,63634.64
0,443.94,1073,1018,814,6,2024,11,4,0,2301.4,6419.874
2,3959.15,1922,2030,1624,17,2023,8,8,1,50064.02,53802.152
0,170.77,1276,1357,1086,8,2023,6,3,5,4189.56,6789.173
2,3575.11,1728,1075,860,9,2024,10,11,4,83305.68,64759.24
2,595.46,1271,955,764,8,2019,12,28,5,38572.52,50787.918
2,1417.05,1871,1672,1338,14,2024,5,7,1,67352.39,54059.793
4,1704.45,996,502,402,5,2023,6,12,0,27852.24,27653.29
2,1059.79,1531,2030,1624,17,2024,12,28,5,66750.3,61995.984
0,94.17,858,1188,950,7,2024,10,17,3,2142.5,5733.752
0,410.16,1294,1357,1086,8,2024,10,23,2,2292.72,7261.5903
3,1862.98,349,245,196,7,2024,12,31,1,33625.26,41750.71
4,1971.51,901,803,643,8,2024,12,23,0,18971.48,28421.842
2,1236.0,1824,1553,1242,13,2023,5,28,6,47150.86,52429.21
1,41.32,1159,418,334,1,2024,6,18,1,5216.4,8328.337
5,47.07,580,395,316,5,2024,3,26,1,8002.02,4841.3184
2,1380.38,1537,2030,1624,17,2019,12,25,2,62484.25,57939.574
2,2985.57,1868,1194,955,10,2024,9,7,5,25654.06,48952.24
4,2090.27,1066,502,402,5,2023,4,7,4,42975.5,31071.97
0,344.65,1127,1357,1086,8,2024,7,18,3,9338.34,8532.149
2,926.62,1946,1314,1051,11,2023,7,4,1,56929.01,55154.434
4,1971.51,901,803,643,8,2021,10,13,2,18971.48,26707.102
2,3084.82,1184,1433,1147,12,2024,12,16,0,58612.61,49028.2
5,92.21,478,553,443,7,2024,2,21,2,2128.53,4444.4785
4,2047.41,959,1105,884,11,2023,9,27,2,43624.34,29331.988
0,432.46,924,1357,1086,8,2019,12,24,1,4037.17,5609.578
0,389.43,1075,1018,814,6,2024,12,27,4,5628.28,5735.5493
2,1794.95,1268,1672,1338,14,2024,8,31,5,73924.58,58122.836
0,213.58,792,1188,950,7,2024,12,23,0,3719.04,6219.004
4,277.07,690,1004,803,10,2024,8,15,3,19164.24,24566.873
1,22.85,1083,1672,1338,4,2024,12,1,6,4556.6,7630.913
1,20.68,1250,836,669,2,2020,12,16,2,468.66,7900.696
2,2437.58,1921,955,764,8,2024,10,24,3,30029.8,48139.188
5,36.02,363,633,506,8,2024,12,29,6,2898.76,3969.0527
4,1701.61,708,1105,884,11,2024,12,31,1,32032.54,30887.283
3,524.14,254,245,196,7,2023,11,25,5,26625.05,30387.387
5,69.18,413,237,190,3,2024,10,30,2,2220.75,4147.535
4,302.27,658,1004,803,10,2024,12,9,0,26400.49,28832.535
0,260.91,1203,679,543,4,2023,3,11,5,3021.95,7902.172
3,1947.88,252,456,365,13,2024,4,8,0,40457.28,45495.797
3,1668.37,372,210,168,6,2023,8,5,5,98982.68,72482.17
4,2558.81,760,1004,803,10,2024,1,5,4,13424.0,26547.852
2,4051.76,1407,2269,1815,19,2024,6,25,1,68945.11,64844.297
2,3301.58,1301,1672,1338,14,2023,5,9,1,55556.53,55288.42
4,2002.68,827,803,643,8,2024,10,9,2,37223.45,30298.66
2,1698.08,1882,2269,1815,19,2024,3,19,1,52714.81,49748.523
2,3668.94,1273,1553,1242,13,2023,12,29,4,49121.72,52564.24
1,16.45,1058,418,334,1,2024,11,7,3,17953.7,11132.509
4,358.96,1119,703,562,7,2023,6,20,1,21538.74,30648.545
1,4.16,1269,836,669,2,2024,10,6,6,11234.4,11081.292
5,26.85,598,474,380,6,2022,7,27,2,2280.15,4184.9834
0,106.76,1270,1188,950,7,2023,6,3,5,3208.82,6129.782
4,2510.88,1052,803,643,8,2023,7,31,0,13822.21,29171.26
2,2858.46,1517,1194,955,10,2024,2,22,3,49517.98,50714.26
0,423.92,1084,848,679,5,2024,12,19,3,4315.81,6684.1484
4,856.82,1031,703,562,7,2024,12,14,5,27950.76,31725.64
5,48.5,446,712,569,9,2023,6,11,6,9030.75,5186.145
4,1250.33,778,603,482,6,2024,7,9,1,13310.63,33652.32
0,265.31,924,1188,950,7,2022,1,17,0,7934.12,6912.817
2,2557.34,1340,2030,1624,17,2023,7,13,3,30398.83,50417.098
2,3906.51,2023,1672,1338,14,2024,12,27,4,71067.84,58575.61
2,3072.43,1166,2269,1815,19,2022,12,14,2,53734.73,58849.082
5,93.67,411,395,316,5,2024,10,18,4,2417.45,3742.0415
1,38.73,824,836,669,2,2023,4,12,2,7653.96,7944.7275
3,1692.57,340,245,196,7,2024,10,8,1,17008.6,43161.742
0,208.08,976,1188,950,7,2023,4,4,1,1316.88,6892.6104
4,2090.27,1066,502,402,5,2024,4,28,6,42975.5,31711.756
1,31.12,796,1254,1003,3,2024,1,23,1,3523.34,7763.4375
5,38.53,565,633,506,8,2023,12,26,1,2215.68,4107.3516
2,4082.86,1941,2269,1815,19,2021,11,25,3,43846.36,49032.477
0,123.38,1016,1357,1086,8,2023,10,5,3,3771.78,6102.072
0,210.25,944,1357,1086,8,2023,11,18,5,8548.92,6698.9717
2,3427.93,1861,1791,1433,15,2023,11,27,0,48075.31,49952.203
0,332.02,1214,1357,1086,8,2024,5,1,2,15161.4,7173.5864
2,2101.95,1548,1791,1433,15,2024,9,20,4,80706.44,64242.03
4,2047.59,755,502,402,5,2023,11,4,5,20475.83,23708.213
1,29.46,963,836,669,2,2023,10,18,2,8563.8,8971.074
0,333.06,916,848,679,5,2020,1,21,1,1583.59,7145.986
5,28.35,591,712,569,9,2024,11,19,1,3435.32,4484.463
5,81.25,369,474,380,6,2024,7,16,1,1505.69,4093.7556
4,1724.61,983,1105,884,11,2022,12,1,3,16352.07,26163.178
2,3392.08,1383,1194,955,10,2024,9,1,6,37462.09,54756.91
0,352.31,1050,848,679,5,2023,9,4,0,4239.74,6780.521
4,1112.69,829,1105,884,11,2023,8,14,0,22600.35,33841.082
0,226.38,784,1018,814,6,2022,6,30,3,13768.89,8094.5664
5,80.91,512,395,316,5,2023,11,25,5,809.07,4333.465
2,763.18,1328,1553,1242,13,2023,12,21,3,36245.76,53309.855
4,1833.8,867,1205,964,12,2023,3,21,1,8602.85,26194.465
2,1835.11,1456,1911,1529,16,2023,6,3,5,75616.95,58377.19
0,218.7,808,679,543,4,2024,5,22,2,2151.04,6638.4663
4,579.03,1104,904,723,9,2022,7,5,1,23501.01,30321.83
4,261.44,1078,1205,964,12,2024,10,8,1,51006.59,41120.266
1,22.85,1083,1672,1338,4,2024,11,17,6,4556.6,7630.913
4,622.93,1102,904,723,9,2022,1,3,0,48972.19,36778.566
4,813.78,1047,1306,1044,13,2024,12,25,2,43003.91,36482.336
0,163.81,1266,509,407,3,2023,6,15,3,5010.7,7126.5415
3,812.13,334,386,309,11,2024,6,24,0,25747.9,33949.445
0,250.79,856,1527,1221,9,2023,9,2,5,13813.89,7844.219
2,2126.52,1221,2030,1624,17,2024,11,7,3,46930.41,48675.953
2,1825.4,1155,1553,1242,13,2024,12,22,6,59651.52,50651.848
2,3092.99,1737,1672,1338,14,2024,12,22,6,64600.82,61738.3
5,73.41,536,474,380,6,2024,8,16,4,11165.28,4679.6826
0,492.89,884,679,543,4,2024,2,23,4,10705.08,7496.718
5,16.63,489,237,190,3,2024,7,8,0,10541.43,4813.364
5,37.33,447,316,253,4,2024,11,26,1,5356.88,4254.2153
2,2750.6,1237,955,764,8,2022,10,5,2,67743.61,50826.668
4,1374.53,815,1205,964,12,2024,4,4,3,48652.77,35981.695
2,2722.51,1296,1672,1338,14,2024,9,9,0,39521.67,53319.34
4,378.12,1146,1205,964,12,2024,12,12,3,46107.43,39614.656
5,70.37,577,237,190,3,2024,6,20,3,3467.61,4436.318
2,626.02,1688,1553,1242,13,2024,8,9,4,71694.98,62936.215
1,32.61,1119,836,669,2,2024,1,5,4,4427.34,8661.669
0,248.68,916,1188,950,7,2024,1,23,1,3395.2,7909.1885
2,4185.49,1297,1194,955,10,2020,5,31,6,33941.41,37280.07
4,1734.81,677,904,723,9,2024,10,19,5,35025.0,29930.352
1,13.57,1215,418,334,1,2024,10,16,2,1317.4,6059.5703
1,2.98,1069,836,669,2,2022,8,4,3,1405.25,8302.527
3,818.68,299,316,253,9,2024,8,24,5,16865.52,29013.959
1,40.96,997,836,669,2,2023,11,27,0,1854.24,8923.48
4,877.27,982,603,482,6,2024,2,29,3,44989.46,30900.855
3,617.77,379,351,281,10,2024,8,30,4,45807.16,33631.81
4,2643.0,770,703,562,7,2023,12,28,3,39364.92,35521.676
4,286.35,1103,502,402,5,2021,4,26,0,32617.16,30855.03
4,818.14,888,703,562,7,2024,5,21,1,20747.58,28884.484
2,3086.86,1540,1553,1242,13,2023,11,19,6,77532.6,64236.242
4,449.5,1078,603,482,6,2024,2,11,6,44526.56,34517.8
4,958.73,906,803,643,8,2023,2,27,0,15473.34,28790.074
1,11.5,1048,1254,1003,3,2024,12,18,2,7848.9,8760.764
3,1758.36,235,245,196,7,2024,9,13,4,32833.37,37325.38
2,1728.56,2005,2030,1624,17,2022,9,28,2,78657.34,66470.24
5,73.83,528,395,316,5,2023,10,20,4,6149.76,4760.166
0,156.23,1054,1188,950,7,2020,5,30,5,3702.06,6320.6455
0,31.84,785,848,679,5,2024,2,19,0,2473.72,7094.174
0,163.1,946,1527,1221,9,2024,10,3,3,9030.38,6930.892
5,95.35,374,395,316,5,2024,8,2,4,1596.77,3819.5962
5,97.58,396,316,253,4,2024,10,16,2,667.92,3742.0415
2,3028.53,1382,2030,1624,17,2023,8,22,1,69397.36,57993.89
5,62.32,410,237,190,3,2024,5,1,2,5734.29,4191.1
1,30.56,1054,418,334,1,2023,11,10,4,1226.44,8950.638
5,43.19,549,712,569,9,2024,12,14,5,3511.55,4728.5557
0,133.21,874,1188,950,7,2024,10,17,3,19229.0,6746.631
5,39.36,567,395,316,5,2024,11,27,2,5651.13,4482.106
2,1947.13,1840,1672,1338,14,2024,12,11,2,70979.63,60944.723
2,2046.29,1453,2269,1815,19,2024,3,13,2,82803.21,62041.312
2,950.42,1517,1553,1242,13,2024,12,5,3,53858.81,60978.754
1,12.93,1045,836,669,2,2024,12,27,4,5804.2,9100.556
4,1142.42,875,1105,884,11,2024,11,2,5,42154.27,34049.254
4,1781.44,921,502,402,5,2024,11,4,0,15745.1,27177.326
4,437.95,1117,904,723,9,2024,12,21,5,18522.04,35031.105
4,1197.57,785,904,723,9,2024,12,21,5,19491.81,33982.17
1,18.44,933,836,669,2,2022,12,28,2,7391.6,7961.125
4,2699.55,807,1105,884,11,2022,11,18,4,29554.14,34077.957
0,425.73,1197,679,543,4,2024,5,13,0,5920.46,7808.9893
4,1215.08,692,904,723,9,2024,2,11,6,42340.84,35673.47
5,86.24,432,316,253,4,2022,7,4,0,7173.81,4568.88
3,968.65,248,281,224,8,2024,8,15,3,30014.04,32938.055
4,1913.45,1116,904,723,9,2024,7,4,3,52555.25,33340.035
5,56.69,548,316,253,4,2024,11,13,2,2897.86,4295.776
4,1075.88,829,904,723,9,2023,6,7,2,20413.15,34898.594
5,86.24,432,316,253,4,2021,4,10,5,7173.81,4469.654
1,45.03,838,1254,1003,3,2024,10,4,4,11885.68,7659.8286
3,617.0,330,456,365,13,2024,5,28,1,41314.7,38825.184
4,2277.78,1106,1306,1044,13,2024,5,3,4,9175.62,31314.367
3,2294.3,374,175,140,5,2023,4,18,1,17021.48,52473.562
0,46.11,852,1527,1221,9,2024,11,23,5,3807.5,6737.197
4,1460.63,1146,1306,1044,13,2024,11,12,1,32834.96,40141.133
2,3423.41,1576,1911,1529,16,2024,10,21,0,33797.53,52647.812
0,370.26,889,509,407,3,2024,9,10,1,4458.62,6816.8003
4,2537.47,1059,502,402,5,2024,12,18,2,49101.96,37110.33
0,376.41,1290,848,679,5,2023,9,1,4,4249.54,7535.426
4,2112.49,736,904,723,9,2023,11,7,1,38064.03,30851.83
2,1959.83,1575,1314,1051,11,2024,11,24,6,81717.62,51689.688
2,891.16,1855,2269,1815,19,2023,9,28,3,38532.53,37029.266
0,324.87,1115,509,407,3,2024,6,22,5,2774.36,6827.9844
1,45.03,1208,1672,1338,4,2024,10,21,0,15519.36,8165.8755
2,2992.64,1804,1553,1242,13,2022,11,23,2,67564.7,56476.83
5,40.41,434,395,316,5,2024,6,23,6,3593.04,4554.276
4,459.24,1048,1004,803,10,2023,4,5,2,11159.22,28596.215
1,21.77,966,1254,1003,3,2023,4,22,5,2400.4,8611.475
2,2479.52,1601,836,669,7,2024,8,27,1,66340.51,51714.76
0,100.1,944,1018,814,6,2024,12,21,5,8794.9,7051.1167
4,402.11,1067,1004,803,10,2024,12,11,2,37945.24,36534.1
4,1871.24,669,1205,964,12,2024,7,18,3,51240.82,37493.895
2,1345.74,1239,1911,1529,16,2024,11,28,3,32832.73,48251.156
2,2786.57,1357,1791,1433,15,2023,9,6,2,43901.55,53321.062
5,91.73,388,316,253,4,2023,8,21,0,7673.4,4299.432
4,480.28,989,904,723,9,2024,12,18,2,19975.3,32727.592
0,390.44,1056,679,543,4,2024,7,25,3,3388.12,6175.898
2,2384.6,1191,1075,860,9,2024,6,1,5,61368.8,54700.766
0,120.77,1210,848,679,5,2022,12,7,2,2375.73,7199.2812
4,990.04,864,1004,803,10,2024,12,29,6,8500.96,27497.02
2,3842.66,1176,1791,1433,15,2023,2,28,1,45075.35,50685.19
4,2036.57,716,803,643,8,2023,7,17,0,22720.04,28800.76
5,79.48,357,237,190,3,2024,12,16,0,7550.1,4468.522
3,1470.46,232,245,196,7,2024,12,24,1,11482.27,22296.852
3,962.78,231,351,281,10,2024,10,17,3,24031.27,28005.705
0,25.87,1019,1018,814,6,2024,4,11,3,1948.69,7328.766
0,231.83,1089,848,679,5,2024,10,27,6,18167.44,9193.849
2,3895.82,1685,2269,1815,19,2024,10,14,0,73178.18,60783.938
5,85.04,511,395,316,5,2023,8,22,1,507.98,4386.2354
1,19.54,1262,836,669,2,2023,9,2,5,10640.7,8276.353
4,1282.49,1131,1306,1044,13,2024,2,3,5,54874.48,39931.766
5,7.1,421,553,443,7,2024,5,28,1,7131.72,4883.339
4,1092.3,1011,502,402,5,2024,2,18,6,18519.3,25324.365
5,86.99,521,395,316,5,2020,11,18,2,2265.48,4386.2354
2,1540.51,1516,955,764,8,2023,10,4,2,61212.56,52395.938
1,9.43,948,418,334,1,2024,3,26,1,779.12,6398.9995
5,18.85,559,633,506,8,2024,10,9,2,1371.56,3859.3208
2,2528.75,1423,1672,1338,14,2024,8,17,5,31164.24,51861.375
2,2848.64,1568,955,764,8,2023,7,13,3,27625.3,46325.08
2,3897.01,1590,1075,860,9,2024,5,1,2,62227.13,53314.727
2,3943.12,1417,2389,1911,20,2024,10,15,1,43622.28,58468.555
0,491.26,1098,1357,1086,8,2023,10,1,6,9051.84,6193.526
0,462.55,1102,848,679,5,2024,10,26,5,5451.02,6908.167
4,2077.91,706,803,643,8,2024,7,3,2,24324.04,30509.627
0,33.83,937,848,679,5,2024,8,3,5,18750.64,11412.685
0,195.41,1005,1188,950,7,2024,10,26,5,7575.08,6805.472
4,624.64,774,803,643,8,2022,11,13,6,12548.94,30369.42
2,3618.44,2013,955,764,8,2023,8,15,1,52881.7,57838.63
4,2021.84,941,1205,964,12,2024,1,27,5,43658.65,29547.496
4,2017.84,1099,1205,964,12,2024,12,12,3,36786.42,30808.664
3,2492.99,244,316,253,9,2024,12,13,4,12247.83,22633.332
4,2729.49,885,1105,884,11,2023,4,10,0,51844.01,37047.664
3,1063.21,305,386,309,11,2022,12,7,2,24998.04,30292.771
2,1758.88,1175,1314,1051,11,2024,4,19,4,36415.59,40415.152
4,1395.4,1126,1205,964,12,2022,11,11,4,14552.4,27909.39
1,32.61,1119,836,669,2,2024,4,28,6,4427.34,8644.305
2,2484.1,1615,1791,1433,15,2024,12,21,5,61797.56,52157.418
2,3262.4,2034,836,669,7,2024,8,6,1,74508.89,71632.91
2,2058.31,1223,1791,1433,15,2022,12,20,1,59063.73,54870.56
2,4167.67,1661,1314,1051,11,2023,10,12,3,40141.75,47768.152
4,2348.5,1154,1306,1044,13,2024,9,6,4,45852.6,44641.01
5,42.24,361,712,569,9,2024,7,8,0,1039.38,4415.242
0,47.86,886,1527,1221,9,2024,3,31,6,6456.06,7036.256
2,3709.04,1234,1672,1338,14,2024,9,7,5,48431.05,51555.25
4,1541.12,1142,703,562,7,2024,12,29,6,16190.81,30987.256
2,4193.72,1974,2150,1720,18,2024,7,30,1,63604.42,58798.082
5,7.75,399,553,443,7,2024,11,23,5,848.24,3963.556
4,566.35,955,703,562,7,2024,4,23,1,33150.67,36577.895
2,1229.52,1427,1075,860,9,2023,10,15,6,27321.68,51951.168
2,3974.53,1962,2269,1815,19,2024,11,25,0,42855.7,46829.02
0,73.18,881,679,543,4,2022,10,26,2,1843.76,7137.248
2,2418.17,1218,1672,1338,14,2023,4,20,3,45450.97,49725.594
0,42.73,1181,1188,950,7,2024,5,21,1,4537.2,7341.4062
5,63.05,538,316,253,4,2020,1,17,4,2369.05,4426.9688
5,65.71,579,712,569,9,2024,7,24,2,1368.89,4627.0913
1,46.98,1070,1254,1003,3,2024,6,20,3,5931.7,8786.942
2,1011.35,1489,955,764,8,2024,9,26,3,51290.47,48545.227
2,4044.42,1296,1553,1242,13,2024,10,10,3,67914.0,61210.344
0,299.91,811,1018,814,6,2024,2,29,3,4138.56,6660.114
4,1518.42,1106,904,723,9,2022,9,2,4,44952.93,32962.94
4,1505.38,712,502,402,5,2024,9,15,6,10001.13,26043.604
4,569.12,1003,803,643,8,2024,12,27,4,46385.87,37163.098
0,103.86,1007,848,679,5,2024,4,11,3,5136.87,7508.046
4,1517.78,851,904,723,9,2024,9,21,5,22524.47,29649.854
2,4109.54,1698,1433,1147,12,2024,9,22,6,65837.15,59109.87
5,53.86,403,553,443,7,2024,12,23,0,10991.55,4296.838
3,1810.84,250,245,196,7,2024,11,28,3,33300.63,32328.271
0,390.44,1056,679,543,4,2024,9,5,3,3388.12,6219.463
1,6.91,1026,418,334,1,2024,12,1,6,16956.36,10946.035
2,2921.17,1302,1314,1051,11,2024,1,4,3,64647.15,55648.656
5,89.25,466,316,253,4,2024,10,11,4,1943.21,4400.3745
4,2626.3,694,1105,884,11,2024,12,23,0,25559.24,27510.975
0,308.77,1272,679,543,4,2024,1,17,2,15285.56,7808.345
2,635.23,1904,836,669,7,2024,6,14,4,31097.87,49090.375
4,1601.49,964,904,723,9,2023,2,11,5,16209.51,29756.3
5,66.57,546,316,253,4,2021,10,28,3,1747.47,4295.776
4,2490.63,653,803,643,8,2024,11,13,2,45224.11,36452.766
5,92.21,478,553,443,7,2023,4,27,3,2128.53,4444.4785
2,2310.2,1783,1194,955,10,2024,12,28,5,82778.12,64987.055
0,353.98,913,1357,1086,8,2023,10,18,2,7044.4,6373.67
4,756.14,911,603,482,6,2023,9,11,0,51927.71,30582.63
0,317.49,1268,679,543,4,2024,7,2,1,3536.2,7548.484
4,2740.86,1036,703,562,7,2024,12,25,2,40422.51,33478.91
2,969.49,1166,1911,1529,16,2023,3,10,4,82487.75,79942.5
4,1366.75,1051,904,723,9,2024,6,29,5,48025.82,35352.797
1,40.52,1225,836,669,2,2024,12,12,3,3296.12,8222.702
4,1590.79,1099,603,482,6,2023,10,23,0,11807.76,32008.912
4,1536.41,660,1105,884,11,2024,10,1,1,8343.71,32903.652
2,1052.65,1866,1075,860,9,2022,7,2,5,37293.19,48314.28
3,994.87,237,175,140,5,2020,12,27,6,61050.8,52329.137
4,500.36,775,502,402,5,2024,12,20,4,23805.84,29515.19
3,950.35,283,175,140,5,2024,10,25,4,26621.22,35762.574
2,1188.66,1812,1314,1051,11,2024,8,24,5,27136.47,45257.758
2,2134.71,1596,1791,1433,15,2024,11,23,5,38453.63,49292.383
3,1054.35,337,281,224,8,2024,8,7,2,22678.41,37729.855
4,1280.92,998,904,723,9,2024,8,5,0,48071.28,32429.787
5,53.82,392,395,316,5,2024,12,15,6,1730.98,4259.14
2,2001.97,1871,1075,860,9,2020,10,13,1,73064.14,52577.375
4,2375.83,704,1105,884,11,2024,10,28,0,49577.82,38022.387
1,31.05,803,1672,1338,4,2024,10,24,3,16858.71,7993.4365
1,49.53,1302,1672,1338,4,2024,9,22,6,4349.25,8200.536
2,1414.24,1794,1911,1529,16,2021,8,13,4,31560.34,45111.914
2,1609.88,1269,1075,860,9,2023,9,6,2,69889.44,56759.64
1,4.0,1229,1254,1003,3,2024,9,10,1,20091.94,10344.424
4,295.32,706,803,643,8,2024,6,25,1,16632.77,30718.588
2,4023.86,1770,1672,1338,14,2024,8,31,5,39400.93,50730.684
1,8.86,1097,1672,1338,4,2024,12,13,4,2287.66,6163.9214
2,2236.04,1718,1075,860,9,2024,3,1,4,54768.01,54535.906
4,630.4,761,1205,964,12,2024,7,16,1,41821.27,32759.01
2,3634.86,1974,1314,1051,11,2024,10,13,6,84876.17,63859.152
1,37.68,782,1254,1003,3,2023,3,4,5,9796.56,8106.038
2,2690.52,1842,1911,1529,16,2024,4,5,4,60726.11,60673.57
2,1518.68,1244,2269,1815,19,2024,5,1,2,70366.41,65096.49
0,196.28,1308,1527,1221,9,2024,3,5,1,7071.44,6966.9873
4,2203.34,656,703,562,7,2024,12,20,4,32468.58,36622.58
0,193.06,993,1527,1221,9,2024,3,19,1,10614.4,6628.0044
1,25.05,905,1254,1003,3,2024,10,6,6,8898.33,8498.742
3,1393.47,292,316,253,9,2024,3,2,5,74669.9,47447.508
0,45.84,838,679,543,4,2023,5,22,0,1318.7,7327.232
5,20.19,483,316,253,4,2021,2,22,0,2550.17,3999.576
0,292.24,957,1527,1221,9,2024,4,2,1,7050.1,6843.974
4,492.9,895,1004,803,10,2024,8,29,3,49050.1,38449.047
2,718.8,1223,1075,860,9,2020,11,14,5,37399.36,52640.195
3,2049.62,329,175,140,5,2024,8,16,4,24698.59,33995.45
4,2297.63,1066,502,402,5,2024,9,16,0,34744.89,29818.775
1,15.44,1076,418,334,1,2024,12,21,5,5979.03,9012.054
2,1832.92,1734,2269,1815,19,2024,10,4,4,48407.32,48215.09
2,3645.78,1894,1553,1242,13,2024,8,24,5,61064.59,58430.395
3,465.91,227,316,253,9,2024,8,14,2,57604.26,55179.47
5,57.66,548,237,190,3,2024,6,26,2,4623.78,4303.0615
4,2091.88,1113,904,723,9,2023,4,4,1,30845.59,31545.004
0,274.47,968,1357,1086,8,2024,4,16,1,13334.4,6846.238
0,415.81,1149,1018,814,6,2024,10,31,3,12037.83,7439.168
1,46.45,1225,1672,1338,4,2024,7,6,5,15787.08,8140.209
4,1672.46,979,603,482,6,2024,12,2,0,11984.1,28041.498
2,3384.89,1761,1314,1051,11,2024,10,9,2,74410.38,56591.027
0,189.98,974,1188,950,7,2023,1,10,1,4987.81,7053.889
2,2316.76,1371,836,669,7,2024,7,26,4,35356.5,50658.418
2,2980.51,1866,1314,1051,11,2023,6,25,6,30532.06,48305.875
5,23.87,372,395,316,5,2024,8,19,0,4441.41,3998.3074
0,494.48,1046,1357,1086,8,2022,11,30,2,6870.04,6305.441
4,406.94,810,1004,803,10,2023,11,30,3,44029.34,36454.37
5,84.0,413,712,569,9,2024,2,3,5,2830.05,4158.06
2,3978.35,1982,2389,1911,20,2024,11,17,6,41730.08,52830.656
2,2280.14,1698,1433,1147,12,2024,6,17,0,67704.43,60466.566
1,48.47,1201,1254,1003,3,2023,1,26,3,8443.25,8168.225
2,1899.4,1511,1911,1529,16,2024,10,5,5,70516.56,56997.145
1,3.57,1013,1254,1003,3,2024,11,30,5,2506.9,6820.6006
4,2375.51,1030,1004,803,10,2024,9,4,2,27249.94,33700.54
2,3086.86,1540,1553,1242,13,2024,3,27,2,77532.6,64040.527
4,2128.9,1102,1004,803,10,2024,11,9,5,52704.33,29956.457
4,2560.47,1114,1205,964,12,2024,8,17,5,18035.55,26916.893
2,4026.23,1791,836,669,7,2024,8,26,0,36906.36,61183.414
2,2638.89,1632,2150,1720,18,2023,9,6,2,29371.0,49344.223
1,42.41,1241,1672,1338,4,2024,4,14,6,240.8,8085.731
0,212.98,952,1018,814,6,2024,12,18,2,11930.55,7293.5503
4,2250.33,715,1004,803,10,2024,12,29,6,22241.73,34156.273
4,1741.53,762,1205,964,12,2024,2,19,0,21768.45,28080.764
2,3720.02,1766,2150,1720,18,2024,8,18,6,32958.23,46643.2
2,1959.66,1371,1791,1433,15,2024,12,26,3,35046.98,56282.02
1,47.56,946,1672,1338,4,2024,9,22,6,7868.85,8384.624
1,47.58,986,418,334,1,2024,12,30,0,15092.66,8879.958
2,3121.8,1309,1433,1147,12,2024,3,15,4,28873.17,45903.695
2,744.96,1273,1553,1242,13,2024,9,8,6,82775.27,63285.426
4,415.49,826,1105,884,11,2022,10,6,3,16898.09,23701.549
2,2396.78,1706,836,669,7,2024,11,16,5,40959.14,45153.383
2,2604.72,1650,1672,1338,14,2024,10,4,4,62835.57,52077.637
3,2417.11,230,456,365,13,2024,8,27,1,99795.38,89954.55
2,1940.95,1438,836,669,7,2023,7,9,6,63675.07,49889.06
2,3147.91,1471,955,764,8,2024,12,17,1,28448.92,43551.145
4,2586.39,841,603,482,6,2024,6,5,2,10857.37,31702.592
2,1787.62,1996,1433,1147,12,2022,11,22,1,61435.21,58448.32
2,1849.72,1880,1433,1147,12,2023,5,24,2,46166.8,50207.586
0,322.75,1016,679,543,4,2021,9,10,4,3242.08,6682.001
4,1757.56,1005,703,562,7,2024,5,22,2,12277.44,26286.78
4,1575.73,928,803,643,8,2024,9,25,2,31725.04,31717.668
2,3468.31,1626,1075,860,9,2024,7,22,0,69532.77,53247.605
1,7.61,876,1254,1003,3,2022,4,4,0,5788.44,8120.376
4,2677.49,791,1205,964,12,2024,4,13,5,23751.25,28892.537
3,647.59,290,316,253,9,2024,1,24,2,26007.1,32346.393
2,692.23,1702,1433,1147,12,2024,12,13,4,45981.9,52661.695
4,1344.03,762,603,482,6,2024,3,20,2,42719.05,32513.016
1,6.98,1115,1254,1003,3,2024,10,10,3,622.02,6885.551
4,1353.66,697,904,723,9,2024,11,3,6,40774.8,34113.484
2,2100.48,1616,2269,1815,19,2024,12,19,3,68878.68,64030.082
0,277.32,887,848,679,5,2024,9,28,5,3844.59,7040.788
4,1293.83,801,1105,884,11,2023,7,21,4,36037.71,34063.406
4,1569.06,977,803,643,8,2024,8,30,4,10634.61,26718.902
0,196.28,1308,1527,1221,9,2024,5,10,4,7071.44,6977.9014
2,2719.53,1428,2269,1815,19,2024,12,17,1,75441.94,68925.85
4,1674.95,1110,1105,884,11,2024,9,26,3,52964.13,32185.535
2,3370.22,1438,955,764,8,2024,6,22,5,40103.38,50953.547
5,50.93,400,474,380,6,2023,11,16,3,11574.84,4234.318
4,283.69,769,803,643,8,2022,8,14,6,44034.23,32429.508
0,143.79,812,1188,950,7,2024,7,18,3,3228.88,6692.552
4,2145.81,750,803,643,8,2024,5,11,5,24469.05,26721.086
2,2411.0,1369,1911,1529,16,2023,12,6,2,79408.29,59125.1
2,2858.46,1517,1194,955,10,2024,12,10,1,49517.98,50768.742
0,494.48,1046,1357,1086,8,2024,1,9,1,6870.04,6315.721
1,14.03,1096,836,669,2,2023,5,6,5,10659.88,8494.424
2,2150.21,1536,1194,955,10,2021,6,13,6,59496.98,48431.605
4,506.03,1034,1306,1044,13,2020,11,12,3,25306.97,24210.133
1,9.16,1275,836,669,2,2022,11,26,5,6760.74,7189.3174
3,1062.34,345,386,309,11,2024,4,28,6,83762.5,47339.934
5,53.75,451,316,253,4,2024,12,16,0,2153.85,4699.8667
2,3333.78,2043,1791,1433,15,2023,5,7,6,55250.89,51238.582
4,2222.58,1115,1004,803,10,2024,7,28,6,31648.23,29444.047
4,1331.79,861,904,723,9,2024,12,19,3,27226.75,28082.906
4,1052.2,826,1004,803,10,2023,4,11,1,47936.1,33663.69
4,1215.08,692,904,723,9,2024,6,10,0,42340.84,35800.418
0,472.12,908,509,407,3,2024,10,23,2,8266.36,7802.893
1,4.32,1049,1672,1338,4,2023,9,28,3,5706.3,7690.329
1,11.23,866,418,334,1,2024,11,23,5,4035.25,5137.3003
1,14.79,1188,418,334,1,2024,2,11,6,4312.16,6415.097
2,3008.6,1768,2150,1720,18,2024,3,1,4,62943.07,57146.92
1,41.32,1159,418,334,1,2024,8,12,0,5216.4,8328.337
2,692.23,1702,1433,1147,12,2024,10,2,2,45981.9,52533.01
4,1686.8,1084,904,723,9,2024,10,8,1,50313.39,32773.887
5,23.74,579,712,569,9,2023,11,21,1,5254.44,4530.9053
2,1418.56,1689,836,669,7,2024,9,23,0,31047.7,45479.348
2,1788.26,1968,2150,1720,18,2024,9,12,3,66298.67,61288.02
4,1517.05,1018,502,402,5,2024,1,28,6,18031.33,23380.504
2,2579.29,1332,1194,955,10,2024,1,19,4,75439.66,53333.066
1,36.17,928,836,669,2,2024,9,17,1,8990.58,8560.985
5,50.73,540,553,443,7,2024,7,15,0,4113.03,4514.4316
2,3952.45,1730,1553,1242,13,2024,9,23,0,43147.16,58837.074
4,1374.53,815,1205,964,12,2024,9,21,5,48652.77,36033.785
4,2047.59,755,502,402,5,2024,12,28,5,20475.83,24781.842
2,710.88,1659,1194,955,10,2023,10,19,3,40252.44,47288.457
0,376.41,1290,848,679,5,2024,9,10,1,4249.54,7491.861
2,1959.83,1575,1314,1051,11,2024,8,9,4,81717.62,51711.773
4,395.24,808,803,643,8,2024,10,12,5,24156.11,28836.312
5,89.25,466,316,253,4,2024,12,5,3,1943.21,4443.9395
2,2360.72,1769,1791,1433,15,2024,12,21,5,40613.66,52168.74
5,55.78,449,633,506,8,2024,9,1,6,930.09,4365.8516
5,80.54,593,395,316,5,2024,2,25,6,6023.82,4438.329
3,1029.21,247,175,140,5,2024,12,13,4,71481.76,56162.11
1,11.62,840,1672,1338,4,2023,7,30,6,6981.1,7850.066
2,628.77,1587,2389,1911,20,2022,12,6,1,72999.27,60455.688
5,29.57,381,237,190,3,2024,11,30,5,11089.59,5105.4175
2,1667.28,1970,1194,955,10,2024,12,10,1,61582.32,57976.04
2,1282.27,1798,2030,1624,17,2024,11,17,6,60587.55,57896.96
2,1776.41,1424,2269,1815,19,2024,11,30,5,33733.51,46842.17
2,3008.6,1768,2150,1720,18,2024,8,28,2,62943.07,57246.242
2,2409.47,1158,2150,1720,18,2023,6,2,4,82235.98,63871.78
1,9.5,856,1672,1338,4,2022,11,5,5,2539.12,7739.8794
1,29.63,819,1254,1003,3,2024,10,18,4,1457.4,7575.791
4,2159.44,877,803,643,8,2023,8,28,0,10207.44,27650.395
1,41.67,1143,1672,1338,4,2023,9,1,4,9653.35,8086.6025
0,476.59,956,1188,950,7,2023,5,8,0,8223.44,6467.8496
2,3233.7,1989,1553,1242,13,2023,6,23,4,62743.48,63669.902
1,27.05,912,1672,1338,4,2024,3,30,5,6746.18,8374.592
2,3312.63,1936,1553,1242,13,2024,8,28,2,72848.43,59981.81
2,2285.2,1262,955,764,8,2024,12,9,0,39199.9,47951.996
4,2277.78,1106,1306,1044,13,2024,11,23,5,9175.62,31262.768
2,2006.88,1196,2150,1720,18,2022,9,6,1,61679.18,55574.55
2,2129.15,1243,2150,1720,18,2024,10,23,2,33203.4,48939.473
4,826.68,1069,803,643,8,2024,9,26,3,52525.88,36648.8
2,3078.74,1355,1911,1529,16,2024,11,27,2,51756.98,54470.312
4,847.91,1124,904,723,9,2024,7,24,2,25193.12,27166.809
2,2218.62,1325,1911,1529,16,2024,11,21,3,83216.58,63075.215
3,2404.13,250,456,365,13,2022,11,21,0,18799.04,30308.297
5,90.52,580,237,190,3,2024,9,10,1,3802.35,4175.4736
3,743.07,296,316,253,9,2023,9,11,0,26236.12,31588.51
0,39.66,1292,509,407,3,2022,7,5,1,6963.0,8067.4814
0,193.26,1179,679,543,4,2024,7,9,1,3176.69,7329.859
1,27.66,1125,836,669,2,2024,9,10,1,3198.78,8672.581
4,965.15,912,1105,884,11,2024,3,1,4,19562.8,30659.215
5,56.69,548,316,253,4,2024,12,31,1,2897.86,4295.776
4,2224.29,836,904,723,9,2024,4,18,3,31620.61,29667.344
5,63.87,547,553,443,7,2024,6,11,1,699.01,4339.88
3,278.08,325,175,140,5,2024,4,4,3,22847.99,25198.182
2,2882.34,1652,1194,955,10,2024,12,20,4,35102.5,43621.965
2,1262.71,1539,1433,1147,12,2023,4,20,3,79425.01,54197.94
4,1505.38,712,502,402,5,2024,2,3,5,10001.13,26043.604
0,178.27,899,1188,950,7,2024,5,15,2,11714.52,7021.394
2,1204.84,1271,1672,1338,14,2024,7,18,3,68549.03,59089.27
2,931.32,1332,1672,1338,14,2023,9,13,2,60848.32,61393.625
1,7.7,1114,1672,1338,4,2023,11,17,4,5702.1,6163.9214
2,1181.57,1374,2030,1624,17,2023,12,22,4,60312.83,55910.594
0,350.59,846,509,407,3,2024,2,25,6,9971.88,6840.183
4,2192.71,807,703,562,7,2024,2,18,6,45411.09,30463.518
2,2697.92,1450,955,764,8,2023,6,12,0,61416.82,51161.195
5,82.08,389,553,443,7,2021,5,18,1,3517.65,4281.4688
2,1417.05,1871,1672,1338,14,2024,8,29,3,67352.39,54470.758
2,1565.31,1888,2150,1720,18,2022,11,12,5,81679.47,54281.703
4,1342.45,807,1205,964,12,2024,11,8,4,44458.7,35583.707
5,7.54,517,712,569,9,2024,8,17,5,5578.68,5410.638
0,107.38,991,848,679,5,2024,9,6,4,1525.04,7646.8906
3,1783.07,385,316,253,9,2024,6,4,1,57897.74,47011.79
2,1477.87,1533,2030,1624,17,2024,11,2,5,78069.94,61356.855
1,8.27,1143,1254,1003,3,2024,6,20,3,251.8,6715.7305
1,23.08,1260,418,334,1,2024,10,28,0,1124.25,6924.442
1,8.39,856,418,334,1,2023,10,23,0,6545.3,5710.0547
0,308.76,1120,1018,814,6,2023,1,16,0,7405.8,6409.4604
4,1781.44,921,502,402,5,2024,10,5,5,15745.1,27127.37
4,881.12,703,502,402,5,2022,6,26,6,20329.28,30234.65
4,549.29,692,502,402,5,2023,3,31,4,37923.22,31499.926
2,4042.93,2030,2269,1815,19,2024,11,27,2,37075.25,47097.023
2,2992.64,1804,1553,1242,13,2024,12,12,3,67564.7,56618.4
4,429.76,767,603,482,6,2024,4,5,4,31497.02,29700.695
4,480.28,989,904,723,9,2024,8,15,3,19975.3,32727.592
3,2265.54,252,421,337,12,2024,8,25,6,39554.44,40165.957
0,157.15,1106,679,543,4,2024,7,23,1,3491.82,7434.8677
4,1909.96,1041,803,643,8,2024,3,21,3,37621.5,33246.047
2,3996.84,1521,836,669,7,2024,3,25,0,36791.13,50053.234
4,402.11,1067,1004,803,10,2024,7,20,5,37945.24,36672.996
4,547.18,977,1306,1044,13,2021,3,25,3,31221.38,30886.982
5,69.41,546,553,443,7,2024,7,24,2,1566.65,4339.88
5,90.55,439,633,506,8,2024,12,19,3,7393.77,4484.0327
2,1645.13,1643,2030,1624,17,2023,5,19,4,59075.03,52125.81
2,1554.87,1484,1075,860,9,2023,6,25,6,54124.01,51969.492
2,3692.73,1631,1075,860,9,2024,12,10,1,53951.8,56266.902
3,1704.04,340,281,224,8,2024,9,13,4,14210.63,32024.137
0,268.5,1149,848,679,5,2022,9,9,4,4134.74,7982.318
4,2340.05,1152,904,723,9,2024,8,12,0,21097.63,25930.049
1,49.65,1177,1672,1338,4,2024,7,10,2,4385.16,8165.8755
2,620.03,1852,836,669,7,2024,1,16,1,57082.71,53135.664
4,409.18,851,502,402,5,2024,11,1,4,41023.75,36059.42
2,2557.34,1340,2030,1624,17,2023,12,4,0,30398.83,51958.652
2,1860.6,1328,1194,955,10,2024,11,9,5,45977.12,52473.543
0,62.93,1189,1188,950,7,2022,7,2,5,7929.28,6430.2485
0,271.11,1194,1018,814,6,2024,10,15,1,6502.86,7541.97
2,2856.4,1961,1314,1051,11,2023,10,31,1,49317.61,48449.746
0,52.62,1041,1527,1221,9,2024,9,7,5,6746.16,6947.119
4,1233.93,1062,803,643,8,2024,11,7,3,29773.53,33098.973
2,624.33,1956,2269,1815,19,2024,6,28,4,61447.79,52257.664
2,3348.95,1229,2389,1911,20,2020,10,8,3,44986.91,50307.977
4,1867.76,1000,803,643,8,2023,7,16,6,45367.22,34773.65
4,1895.59,791,603,482,6,2021,2,20,5,51037.81,37764.336
2,2224.93,1408,1791,1433,15,2024,3,25,0,58743.27,60759.54
1,6.55,771,1672,1338,4,2023,3,16,3,4432.04,6755.3486
2,2135.88,1607,1433,1147,12,2022,7,3,6,52022.01,49222.8
2,1967.1,1804,1553,1242,13,2024,8,30,4,41655.75,50625.598
2,1409.56,1977,1553,1242,13,2024,6,20,3,40963.46,56199.13
2,692.23,1702,1433,1147,12,2024,11,19,1,45981.9,52661.695
4,497.65,693,703,562,7,2024,11,14,3,25003.83,30559.484
3,2150.76,288,245,196,7,2022,10,9,6,96219.58,54596.78
0,266.92,1051,509,407,3,2024,10,26,5,3567.9,6613.2725
0,370.27,783,1188,950,7,2024,11,16,5,1153.02,6095.535
5,34.07,389,237,190,3,2023,6,1,3,10113.84,4673.793
0,165.04,769,679,543,4,2023,4,14,4,18472.32,8244.094
3,699.92,369,245,196,7,2024,8,28,2,72700.14,41140.543
1,44.36,828,1254,1003,3,2024,12,4,2,966.29,7659.8286
2,2492.3,1278,836,669,7,2023,10,16,0,78488.94,55118.914
0,424.67,1118,1357,1086,8,2024,12,18,2,4300.44,6146.9937
2,2802.12,1270,1314,1051,11,2023,3,9,3,60412.5,61999.15
0,407.52,896,679,543,4,2023,2,15,2,1993.62,6765.2583
2,3041.88,1588,1553,1242,13,2020,10,26,0,48453.9,54825.8
2,3452.09,1901,1075,860,9,2024,10,3,3,58330.53,53126.652
2,2852.02,1691,1911,1529,16,2024,4,24,2,71230.19,54540.69
2,1825.21,1235,2389,1911,20,2024,8,21,2,31357.1,38712.93
2,3571.06,1329,2150,1720,18,2023,11,5,6,44803.63,53147.63
4,2005.21,1045,603,482,6,2024,8,7,2,37701.08,30860.773
0,292.96,871,679,543,4,2024,12,16,0,2609.95,6921.107
2,3922.96,2044,1314,1051,11,2023,12,26,1,84540.39,69540.72
3,519.7,342,351,281,10,2024,11,7,3,42163.08,37080.723
2,786.91,1830,2269,1815,19,2024,4,29,0,33391.56,44123.465
5,30.5,461,474,380,6,2021,11,30,1,7312.22,4184.9834
5,95.64,479,712,569,9,2024,12,30,0,5670.32,4598.4336
1,46.61,1115,418,334,1,2024,9,5,3,3539.4,8826.963
1,46.98,1070,1254,1003,3,2024,10,26,5,5931.7,8764.165
0,250.76,820,1357,1086,8,2024,11,26,1,1760.98,6246.8135
3,647.59,290,316,253,9,2023,11,12,6,26007.1,32902.168
2,3289.66,1173,1075,860,9,2024,10,19,5,78914.6,59731.047
5,37.53,442,474,380,6,2024,7,5,4,1139.06,4279.3643
4,1404.97,654,904,723,9,2024,8,12,0,49078.88,34803.527
0,152.63,1128,679,543,4,2024,1,1,0,12598.83,9101.294
2,3615.91,1311,2150,1720,18,2024,9,29,6,54729.15,52243.53
4,432.59,667,1205,964,12,2024,9,1,6,52018.23,41007.19
0,483.02,880,1527,1221,9,2024,7,4,3,16232.4,7330.135
2,1893.08,1650,1791,1433,15,2023,6,30,4,63316.84,53768.465
2,2045.93,1836,1672,1338,14,2022,11,22,1,68953.39,60739.242
1,30.56,1054,418,334,1,2024,1,17,2,1226.44,8896.16
3,2347.19,334,421,337,12,2024,1,14,6,15354.49,28538.842
4,1000.63,892,1306,1044,13,2024,12,28,5,52873.59,37307.484
4,1400.22,1009,603,482,6,2024,9,15,6,25938.8,30804.0
1,43.36,1000,1672,1338,4,2024,11,16,5,15938.73,8316.551
1,27.15,1120,836,669,2,2024,12,10,1,8817.44,8672.581
5,96.95,436,316,253,4,2022,11,10,3,1893.5,4525.315
4,683.86,811,1105,884,11,2024,8,25,6,46501.38,37553.613
2,4104.47,1239,2150,1720,18,2024,5,4,5,46360.11,55078.168
1,44.36,828,1254,1003,3,2024,9,30,0,966.29,7616.2637
1,36.6,851,418,334,1,2023,9,4,0,17875.44,7606.3438
0,195.07,886,509,407,3,2024,4,20,5,2864.43,7016.9087
3,393.67,378,210,168,6,2024,10,7,0,11838.13,18936.607
5,50.93,400,474,380,6,2024,1,12,4,11574.84,4234.318
4,1255.25,903,904,723,9,2023,4,30,6,35951.51,32414.207
1,30.21,760,1254,1003,3,2024,12,13,4,5143.92,7666.2905
2,1576.0,1236,1553,1242,13,2023,5,2,1,35252.24,52026.418
2,3922.96,2044,1314,1051,11,2024,10,21,0,84540.39,70860.49
2,3985.14,1778,955,764,8,2024,7,18,3,64628.52,61670.133
2,2453.96,1753,1075,860,9,2024,6,16,6,53063.93,50313.27
1,5.19,1202,418,334,1,2022,6,7,1,10929.45,7588.589
0,394.34,960,679,543,4,2024,7,19,4,2979.84,7040.8804
5,96.0,357,474,380,6,2024,10,7,0,1478.4,4136.4893
1,36.62,1042,418,334,1,2024,12,29,6,1498.98,8993.766
4,687.34,988,1105,884,11,2021,10,6,2,20832.22,28341.389
4,1826.87,731,904,723,9,2024,1,27,5,19526.42,33380.875
3,1038.79,257,281,224,8,2024,12,13,4,82028.56,41049.273
4,1438.82,1075,603,482,6,2024,2,14,2,46875.2,33492.664
2,3408.89,1366,836,669,7,2021,8,13,4,35472.87,48623.402
2,1825.4,1155,1553,1242,13,2023,11,10,4,59651.52,50514.94
1,4.96,876,836,669,2,2023,11,21,1,25625.6,8111.4756
2,692.83,1297,2030,1624,17,2024,11,4,0,70182.34,59656.164
4,924.9,830,502,402,5,2021,6,29,1,38847.83,30624.703
2,1890.53,1919,2030,1624,17,2023,4,25,1,52167.27,51156.582
2,3847.38,1250,2030,1624,17,2024,12,3,1,76181.04,54951.13
0,262.77,885,1018,814,6,2023,8,8,1,1652.84,6727.1567
4,2080.49,1076,703,562,7,2024,9,23,0,40741.25,31957.387
4,1291.89,938,502,402,5,2024,12,21,5,44459.57,31606.502
2,1745.91,1630,1911,1529,16,2024,7,29,0,30070.69,51490.004
4,1119.8,1033,1105,884,11,2024,3,23,5,51673.22,39762.85
4,609.67,971,803,643,8,2024,9,9,0,25483.03,32536.14
2,4112.96,1978,955,764,8,2024,11,3,6,70003.6,59374.32
0,324.26,1185,1527,1221,9,2023,1,8,6,3677.71,7195.4565
4,1849.43,999,502,402,5,2024,11,27,2,53444.23,34692.9
2,3980.8,1984,1791,1433,15,2023,3,29,2,33423.49,48135.93
4,574.35,822,703,562,7,2024,1,24,2,44212.21,37380.83
4,1522.19,792,1205,964,12,2024,3,30,5,40072.47,31329.242
4,2306.32,1001,803,643,8,2024,4,20,5,25674.79,30154.3
5,39.6,508,316,253,4,2024,11,17,6,7599.82,4364.3774
1,32.02,890,418,334,1,2023,3,15,2,4858.0,7847.9067
0,401.81,872,509,407,3,2024,9,9,0,7120.76,6774.6406
4,826.68,1069,803,643,8,2024,11,7,3,52525.88,36692.363
2,3604.32,1673,1791,1433,15,2024,9,3,1,43597.05,54002.723
2,3806.73,1336,836,669,7,2023,4,26,2,54702.37,51402.895
5,66.57,546,316,253,4,2022,11,18,4,1747.47,4295.776
1,44.09,1206,418,334,1,2024,8,10,5,6963.3,8303.211
0,325.71,988,848,679,5,2023,7,7,4,14844.0,7275.169
0,160.38,759,1357,1086,8,2024,10,29,1,6800.96,6052.36
4,2499.85,1136,603,482,6,2022,3,23,2,41168.04,27537.014
5,43.24,387,237,190,3,2024,1,12,4,5911.26,4399.8667
1,11.33,1189,836,669,2,2024,1,30,1,5981.78,7347.731
2,1641.53,1264,1433,1147,12,2024,4,30,1,28754.95,49790.207
0,310.48,1289,1527,1221,9,2024,9,3,1,17068.72,7394.087
0,103.93,982,509,407,3,2023,10,21,5,2954.2,7574.3765
1,49.61,1069,418,334,1,2024,12,23,0,1798.53,9076.774
0,68.21,1015,1188,950,7,2024,5,13,0,5144.85,6410.652
5,88.21,540,553,443,7,2024,1,22,0,3050.94,4339.88
1,48.56,1295,418,334,1,2024,1,9,1,19977.88,8269.319
2,3307.15,1163,1314,1051,11,2022,12,24,5,28181.42,39076.094
1,29.95,775,1254,1003,3,2024,9,17,1,4666.97,7208.636
5,85.97,421,395,316,5,2024,10,4,4,3717.78,4630.9473
2,2878.45,1845,955,764,8,2024,5,6,0,54672.78,49867.816
4,1623.51,885,904,723,9,2024,8,24,5,54899.43,29493.984
0,73.55,1211,848,679,5,2023,1,30,0,1746.44,7101.2373
4,495.75,707,1306,1044,13,2024,4,18,3,13021.92,23439.04
0,305.29,1029,1357,1086,8,2024,10,29,1,2564.44,5756.3066
4,2592.67,760,803,643,8,2023,8,29,1,28844.02,26808.066
2,559.97,1581,2030,1624,17,2024,12,15,6,53846.85,56487.164
4,602.29,699,703,562,7,2024,12,18,2,40621.3,32889.926
2,1500.68,1194,1075,860,9,2024,11,1,4,82862.27,66095.49
2,2856.4,1961,1314,1051,11,2024,5,30,3,49317.61,48908.73
0,350.59,846,509,407,3,2024,10,17,3,9971.88,6897.4346
2,2180.74,1859,1911,1529,16,2023,7,29,5,33863.1,42545.566
0,364.9,801,848,679,5,2024,10,6,6,12257.79,6663.125
2,2993.35,1278,1194,955,10,2023,9,28,3,61492.45,54225.133
0,265.99,1284,509,407,3,2023,10,4,2,3690.72,7880.0044
3,893.64,314,281,224,8,2024,11,16,5,18808.61,31684.773
4,2191.83,1006,1306,1044,13,2024,9,20,4,16326.11,27920.533
2,2738.53,1933,1433,1147,12,2024,1,16,1,78784.93,51921.254
5,13.12,354,633,506,8,2024,4,19,4,6278.82,4382.6885
0,307.47,895,509,407,3,2024,10,30,2,2879.25,7198.5034
4,1959.79,1092,1004,803,10,2023,12,14,3,39525.88,30239.988
4,2452.13,965,502,402,5,2024,7,23,1,32413.02,29362.633
0,341.94,840,679,543,4,2024,12,27,4,5658.72,6501.6714
2,1782.29,1706,1791,1433,15,2024,10,31,3,54220.15,50495.016
4,1198.14,753,1105,884,11,2023,2,28,1,53395.22,35181.027
4,283.69,769,803,643,8,2023,3,19,6,44034.23,32432.398
2,1413.44,1823,1672,1338,14,2024,8,23,4,62210.59,59075.6
1,2.01,1261,418,334,1,2024,12,11,2,5722.09,6798.14
1,49.25,933,836,669,2,2020,11,22,6,3111.18,8079.526
2,2044.61,1465,1433,1147,12,2023,11,18,5,49803.53,51405.887
1,38.54,775,418,334,1,2024,7,5,4,594.37,7012.5317
2,2236.61,1317,2389,1911,20,2023,7,7,4,50937.93,58314.445
2,1181.57,1374,2030,1624,17,2024,5,31,4,60312.83,55975.35
0,432.66,980,1018,814,6,2024,12,14,5,4238.18,6652.6675
2,1977.17,1220,1194,955,10,2024,10,12,5,71285.92,49076.31
4,1085.0,751,1105,884,11,2024,10,12,5,31732.77,36529.246
4,331.01,840,1205,964,12,2024,10,1,1,29571.91,31927.973
4,1124.87,869,1306,1044,13,2023,5,13,5,34614.34,36933.28
2,1111.79,1347,2030,1624,17,2024,7,13,5,66528.0,58716.168
4,1810.36,1081,1004,803,10,2024,8,9,4,24932.19,29435.219
2,1540.51,1516,955,764,8,2024,4,13,5,61212.56,52115.91
0,405.23,1185,1527,1221,9,2024,7,2,1,6199.84,7410.778
4,1612.69,898,1004,803,10,2024,12,31,1,25042.06,31840.934
2,2055.66,1701,1911,1529,16,2024,10,10,3,71137.63,61052.645
1,3.34,1028,1254,1003,3,2024,10,21,0,13949.46,9650.316
2,3393.82,1333,2389,1911,20,2024,3,16,5,29124.53,43583.76
1,4.96,876,836,669,2,2023,7,28,4,25625.6,8111.4756
2,2561.07,1872,1075,860,9,2023,12,10,6,64767.62,53131.27
4,506.03,1034,1306,1044,13,2024,8,27,1,25306.97,26086.475
4,2436.56,1026,803,643,8,2024,5,4,5,16078.17,27482.73
4,1211.88,812,502,402,5,2024,3,18,0,38170.16,35547.33
2,1912.95,1477,1672,1338,14,2024,4,15,0,48767.37,53115.523
2,2418.17,1218,1672,1338,14,2020,12,31,3,45450.97,50555.426
1,29.7,780,1672,1338,4,2024,8,28,2,7956.06,7992.2246
4,1453.99,799,803,643,8,2024,2,20,1,47782.97,37070.348
3,392.28,296,386,309,11,2024,9,29,6,34854.95,36657.117
5,84.0,413,712,569,9,2024,8,9,4,2830.05,4276.241
4,2646.44,972,502,402,5,2024,12,14,5,27933.97,31354.5
2,750.97,1762,2150,1720,18,2024,5,19,6,42785.13,46609.633
2,1192.65,1947,2150,1720,18,2024,12,13,4,25312.46,51640.49
0,39.65,1007,1018,814,6,2024,10,15,1,5989.08,7392.313
1,21.3,1180,836,669,2,2024,4,26,4,6893.44,7174.228
4,2736.28,747,603,482,6,2023,9,23,5,25601.24,36036.93
4,821.45,665,904,723,9,2024,10,23,2,53884.68,37242.688
2,3483.86,1705,1911,1529,16,2024,9,15,6,33084.94,48163.47
2,2710.16,1984,1911,1529,16,2024,10,28,0,58848.39,54033.254
1,7.61,876,1254,1003,3,2021,10,20,2,5788.44,8131.29
4,2001.38,751,904,723,9,2024,2,4,6,36848.88,28654.188
4,421.21,1120,1105,884,11,2024,4,17,2,16422.81,24259.793
2,1998.19,1891,1194,955,10,2022,11,30,2,32932.57,45940.258
3,1545.76,337,456,365,13,2023,10,6,4,19568.02,33882.715
2,2100.48,1616,2269,1815,19,2024,7,24,2,68878.68,64030.082
4,2591.65,944,502,402,5,2023,11,5,6,12867.51,29852.164
4,244.43,666,1205,964,12,2023,12,24,6,37432.31,40287.715
2,3147.91,1471,955,764,8,2024,10,24,3,28448.92,43551.145
4,1293.83,801,1105,884,11,2024,1,11,3,36037.71,34293.992
0,186.42,1164,509,407,3,2024,6,22,5,18558.72,9688.067
2,3656.77,1385,2269,1815,19,2024,1,6,5,70736.61,62692.836
0,245.9,1254,1018,814,6,2024,3,21,3,7531.0,8303.366
2,1728.56,2005,2030,1624,17,2022,6,2,3,78657.34,67503.17
1,2.01,1278,836,669,2,2024,10,31,3,7086.42,11248.658
4,660.87,1141,1105,884,11,2024,3,15,4,54293.62,40049.867
1,49.91,1065,1254,1003,3,2021,11,12,4,1867.14,8786.942
2,1812.95,1246,2030,1624,17,2023,7,9,6,45113.26,50899.95
2,1652.37,1329,1314,1051,11,2023,11,2,3,81799.77,55990.91
4,2360.93,899,1306,1044,13,2024,1,14,6,47043.57,35164.074
2,803.1,1303,1075,860,9,2024,9,5,3,70968.81,56226.043
2,3085.63,1495,1314,1051,11,2024,11,3,6,51416.93,50605.684
2,1987.01,1545,2389,1911,20,2024,9,10,1,25758.64,42975.156
3,835.02,333,175,140,5,2024,6,24,0,28616.13,33267.78
2,3956.3,1928,836,669,7,2024,12,15,6,33894.49,43108.42
5,13.74,534,474,380,6,2023,5,11,3,3093.29,3284.9822
4,1879.2,978,502,402,5,2024,9,12,3,28806.85,31811.627
4,2123.32,1141,904,723,9,2024,12,16,0,36936.67,29231.865
2,1486.36,1442,1553,1242,13,2024,6,29,5,55330.06,55861.16
2,2271.15,1896,1553,1242,13,2023,4,7,4,64530.51,61780.266
4,2441.31,1065,1205,964,12,2023,9,23,5,8369.67,24300.812
4,800.58,990,1105,884,11,2024,9,29,6,15139.13,30839.385
4,810.06,1048,502,402,5,2024,4,13,5,53173.86,36345.69
0,262.33,879,1527,1221,9,2024,9,30,0,13130.04,6762.888
4,487.77,746,1004,803,10,2022,11,11,4,17233.84,25582.238
2,4105.88,1748,1553,1242,13,2023,5,6,5,42832.01,60776.85
1,28.77,867,1254,1003,3,2023,7,30,6,12367.53,7131.371
2,1229.52,1427,1075,860,9,2024,3,23,5,27321.68,52215.875
5,54.94,385,316,253,4,2024,8,3,5,8633.67,4771.731
4,2471.38,841,803,643,8,2024,10,17,3,37967.67,31505.082
1,27.14,1199,836,669,2,2022,10,24,0,1957.45,7433.727
5,36.25,584,316,253,4,2023,11,20,0,1262.95,4203.3994
1,43.82,928,836,669,2,2024,8,19,0,15888.32,8352.041
4,378.12,1146,1205,964,12,2024,12,14,5,46107.43,39588.99
2,1817.89,1428,1433,1147,12,2024,4,12,4,57895.18,49523.85
2,750.97,1762,2150,1720,18,2024,9,16,0,42785.13,45681.414
2,1333.32,1740,1553,1242,13,2024,11,1,4,54943.31,52655.215
4,531.23,668,1105,884,11,2023,5,20,5,31102.59,29869.945
4,1029.43,707,502,402,5,2024,12,19,3,21126.03,30536.184
4,1942.61,842,803,643,8,2024,9,22,6,16695.91,30981.945
5,7.1,421,553,443,7,2024,9,3,1,7131.72,4926.904
0,120.77,1210,848,679,5,2024,3,19,1,2375.73,7101.2373
4,1955.74,792,1004,803,10,2023,6,17,5,19828.87,25070.986
0,171.31,993,1357,1086,8,2024,10,25,4,8005.42,6551.3794
1,34.65,1253,836,669,2,2024,9,9,0,11065.04,8164.0264
4,672.03,1087,1306,1044,13,2024,5,11,5,36942.41,35050.305
4,1523.98,660,1105,884,11,2024,5,13,0,51052.28,32860.09
4,998.66,1029,803,643,8,2024,7,24,2,48838.1,36212.855
1,43.6,823,418,334,1,2023,5,8,0,17155.84,8060.208
2,2148.43,2005,1194,955,10,2024,12,1,6,39574.98,48755.137
1,47.58,986,418,334,1,2024,12,21,5,15092.66,8885.225
0,92.89,1155,1018,814,6,2024,6,21,4,2409.12,6746.7085
2,969.49,1166,1911,1529,16,2024,10,30,2,82487.75,80061.734
0,28.2,1303,1527,1221,9,2024,1,31,2,1985.24,6248.09
5,30.51,344,474,380,6,2022,9,10,5,2735.79,3994.6997
5,83.26,424,553,443,7,2023,12,15,4,4720.92,4569.419
4,2441.31,1065,1205,964,12,2024,12,25,2,8369.67,25607.451
2,3571.06,1329,2150,1720,18,2024,8,7,2,44803.63,53584.984
2,2031.64,1786,1075,860,9,2023,10,12,3,29358.18,45883.78
2,2003.34,2028,2269,1815,19,2023,8,3,3,84950.95,69647.12
2,4174.33,2032,2269,1815,19,2024,12,5,3,31262.48,41382.465
0,348.87,823,679,543,4,2024,1,25,3,8870.48,7185.449
0,348.34,1185,509,407,3,2024,9,19,3,1517.48,7602.068
2,1375.91,1707,955,764,8,2024,6,24,0,28101.27,40132.156
2,1557.46,1710,836,669,7,2024,2,20,1,46849.37,47219.594
4,1451.09,1065,703,562,7,2024,6,14,4,27376.84,32598.3
0,163.1,946,1527,1221,9,2024,10,24,3,9030.38,6887.327
2,2184.03,1851,1791,1433,15,2024,2,5,0,48939.65,54241.383
3,2043.61,386,351,281,10,2023,4,30,6,46430.12,42907.06
1,18.25,1011,418,334,1,2024,3,26,1,12947.68,8619.118
4,2228.12,869,1105,884,11,2023,5,5,4,16108.9,25455.057
5,95.64,479,712,569,9,2024,6,7,4,5670.32,4641.9985
1,40.15,1085,836,669,2,2024,10,20,6,6707.28,8664.482
1,49.04,989,1254,1003,3,2024,10,20,6,11686.02,8532.873
0,139.82,1022,1188,950,7,2024,2,14,2,6902.34,6356.173
4,1265.12,1097,904,723,9,2024,12,27,4,18194.07,33183.355
2,2200.73,1351,1553,1242,13,2023,9,26,1,28925.52,47248.047
0,281.37,1002,679,543,4,2023,9,21,3,13485.04,7628.0254
5,42.8,401,633,506,8,2024,1,11,3,3784.34,4056.5623
4,566.35,955,703,562,7,2024,12,11,2,33150.67,36632.375
3,495.44,303,281,224,8,2024,9,10,1,24043.12,25370.924
5,26.98,584,474,380,6,2024,4,5,4,4600.71,4228.5483
4,2317.79,812,703,562,7,2024,9,9,0,28475.64,29457.85
4,671.8,1064,703,562,7,2024,9,12,3,24462.15,31289.861
1,4.35,843,1254,1003,3,2024,2,25,6,11385.72,8082.2114
1,24.08,1072,1672,1338,4,2024,7,21,6,4706.65,8097.433
4,1038.25,781,603,482,6,2024,5,31,4,39044.59,33457.31
4,1870.89,676,603,482,6,2024,11,29,4,28735.94,36470.32
4,902.12,1043,1306,1044,13,2024,2,5,0,50034.69,38097.484
4,2005.21,1045,603,482,6,2023,5,26,4,37701.08,30776.201
2,2460.68,1617,2389,1911,20,2023,9,7,3,38240.91,48783.51
5,59.35,566,237,190,3,2024,10,9,2,1237.13,4205.693
2,3825.08,1646,1075,860,9,2023,7,15,5,34000.83,44432.34
4,2080.49,1076,703,562,7,2023,11,16,3,40741.25,31916.379
2,1579.87,1342,2150,1720,18,2024,11,19,1,55153.92,54513.73
3,2347.97,302,245,196,7,2024,12,25,2,19060.76,28000.582
4,1402.84,880,1004,803,10,2023,9,21,3,28814.79,30771.389
1,20.88,1099,836,669,2,2024,12,28,5,7094.64,8229.564
4,545.73,1066,904,723,9,2024,8,11,6,54892.23,39649.805
1,38.77,748,1672,1338,4,2024,9,14,5,11619.68,7928.5093
4,2424.09,1116,904,723,9,2024,8,28,2,29286.22,28751.922
2,1547.24,1557,2030,1624,17,2024,2,20,1,51177.93,56227.23
5,84.34,577,553,443,7,2024,11,10,6,8778.72,4354.955
5,36.02,363,633,506,8,2024,9,25,2,2898.76,4128.8296
2,4143.1,1438,2269,1815,19,2024,4,17,2,77133.23,58973.785
4,1175.82,1125,703,562,7,2023,6,11,6,26339.05,29481.242
2,4225.59,1962,1672,1338,14,2023,11,28,1,65930.71,55720.945
5,7.34,365,633,506,8,2024,12,17,1,3028.38,4071.935
5,23.0,525,712,569,9,2024,10,24,3,10463.07,4530.9053
4,1834.86,874,1105,884,11,2023,11,5,6,21666.44,31024.559
5,73.83,528,395,316,5,2024,4,7,6,6149.76,4704.505
4,2582.86,989,803,643,8,2024,11,25,0,32190.47,28530.53
0,57.4,1241,509,407,3,2024,12,16,0,1995.9,6952.399
2,1147.0,1362,1672,1338,14,2024,10,15,1,49144.41,56829.105
2,1518.68,1244,2269,1815,19,2024,8,21,2,70366.41,64950.777
3,1736.0,297,421,337,12,2023,9,14,3,29162.46,32048.176
2,3153.75,2011,1314,1051,11,2023,4,1,5,55884.58,58535.41
2,3585.35,1785,1433,1147,12,2024,6,8,5,40882.8,54561.78
2,1084.65,1564,2269,1815,19,2024,10,6,6,55724.72,55829.742
1,47.56,946,1672,1338,4,2024,4,25,3,7868.85,8387.399
0,153.13,841,509,407,3,2024,7,21,6,15539.68,6731.781
4,1217.54,760,904,723,9,2024,7,2,1,23121.68,32756.467
4,513.02,1060,703,562,7,2024,12,25,2,46398.48,36622.81
1,21.54,851,418,334,1,2024,12,25,2,1538.04,6783.477
2,1539.11,1217,1075,860,9,2024,9,21,5,76368.86,58570.848
4,918.98,1143,1105,884,11,2024,12,31,1,11832.47,28664.754
4,890.36,666,1105,884,11,2021,4,3,5,47833.99,35482.617
2,2360.11,1229,1194,955,10,2022,10,7,4,74918.59,51778.637
5,91.19,459,237,190,3,2024,4,18,3,2686.62,4532.6006
5,18.35,339,712,569,9,2024,12,22,6,1924.46,4095.299
2,3709.55,1250,1911,1529,16,2023,8,18,4,82882.18,61227.88
4,1834.86,874,1105,884,11,2023,8,28,0,21666.44,31093.47
2,3312.63,1936,1553,1242,13,2024,9,11,2,72848.43,62735.312
2,2480.01,2043,1553,1242,13,2024,12,24,1,46374.63,54002.098
3,2473.89,368,175,140,5,2024,12,1,6,57982.8,51026.387
2,1111.79,1347,2030,1624,17,2024,9,26,3,66528.0,58750.605
5,20.19,483,316,253,4,2024,12,26,3,2550.17,3900.6035
4,1660.18,1117,1205,964,12,2023,4,2,6,48504.42,32419.299
3,1244.03,328,421,337,12,2024,8,3,5,47765.34,39605.176
0,247.49,932,1188,950,7,2023,12,4,0,6614.16,8094.2065
2,775.17,1548,2269,1815,19,2024,3,12,1,44246.82,47474.816
5,65.87,359,237,190,3,2022,12,20,1,935.46,4468.522
1,31.32,798,418,334,1,2021,2,10,2,1947.66,7740.353
4,2679.7,856,603,482,6,2024,12,1,6,53825.74,45558.887
1,21.12,1313,1672,1338,4,2024,8,15,3,6624.87,8048.0825
0,274.47,968,1357,1086,8,2024,11,17,6,13334.4,6840.5747
1,31.24,957,418,334,1,2024,9,26,3,18705.36,8809.656
4,410.07,1061,904,723,9,2024,9,8,6,52673.47,38695.676
1,8.05,860,836,669,2,2024,8,22,3,3655.95,6193.1235
2,2584.2,1221,1194,955,10,2024,7,31,2,56943.13,49083.27
0,248.68,916,1188,950,7,2024,9,5,3,3395.2,8007.2324
2,1059.09,1658,836,669,7,2023,12,27,2,30375.71,45519.293
2,2116.95,1201,1911,1529,16,2024,12,28,5,25225.07,53328.094
2,1914.74,1652,1911,1529,16,2024,10,13,6,27826.24,48670.24
2,3144.46,1469,836,669,7,2024,11,17,6,31094.03,42655.81
3,2259.93,368,386,309,11,2024,12,21,5,47073.95,42844.426
1,46.23,866,418,334,1,2024,12,8,6,1373.68,6112.549
2,2077.65,1863,2269,1815,19,2024,8,30,4,54550.41,44280.348
5,10.28,359,553,443,7,2023,9,20,2,5370.4,4468.0747
5,81.13,583,712,569,9,2022,1,16,6,4168.05,4508.91
0,284.92,749,679,543,4,2024,12,24,1,11697.03,8895.714
0,250.76,820,1357,1086,8,2024,11,28,3,1760.98,6246.8135
1,30.91,994,1672,1338,4,2024,2,16,4,16806.2,8453.635
5,51.23,527,474,380,6,2024,8,31,5,5479.05,4427.533
4,1453.99,799,803,643,8,2023,12,22,4,47782.97,36839.76
0,310.48,1289,1527,1221,9,2024,5,10,4,17068.72,7350.522
4,1849.43,999,502,402,5,2024,7,21,6,53444.23,34689.4
4,1971.27,904,1004,803,10,2024,9,30,0,32784.58,28570.85
5,95.35,374,395,316,5,2024,9,5,3,1596.77,3819.5962
1,33.85,836,1254,1003,3,2023,3,14,1,2952.04,7254.8013
4,1363.2,764,1004,803,10,2023,12,21,3,24272.32,32286.1
2,3576.21,1428,955,764,8,2024,10,19,5,77969.55,59583.95
3,997.15,253,386,309,11,2022,10,1,5,27999.6,36250.64
1,34.42,1200,836,669,2,2023,12,11,0,5451.84,7972.3784
4,258.94,1153,603,482,6,2024,8,6,1,8630.76,19540.812
0,345.17,1193,679,543,4,2024,3,6,2,4006.35,7794.471
2,1905.91,1472,1911,1529,16,2023,12,15,4,68683.19,53077.71
2,2028.69,1795,2269,1815,19,2023,10,18,2,63666.14,54513.465
2,3422.66,1682,955,764,8,2024,4,26,4,37007.58,50881.125
2,2779.23,1764,1553,1242,13,2024,8,26,0,49858.92,56672.645
5,9.92,413,395,316,5,2024,10,31,3,7928.31,4391.1636
4,1961.91,672,904,723,9,2024,12,16,0,22052.11,28453.3
5,70.68,432,633,506,8,2024,7,2,1,624.72,4527.5977
2,2493.76,1771,1791,1433,15,2023,12,31,6,27064.91,50512.473
5,41.52,584,316,253,4,2022,11,7,0,1897.08,4463.6035
1,25.1,1142,418,334,1,2024,6,26,2,2978.8,8136.3555
2,1023.57,1717,1791,1433,15,2024,12,31,1,40784.06,54205.996
2,577.8,1687,1194,955,10,2021,12,21,1,38074.61,42723.504
4,2340.75,1069,603,482,6,2024,11,14,3,9727.24,22797.89
0,339.13,876,1357,1086,8,2023,9,28,3,1569.94,6191.7114
0,202.26,816,1188,950,7,2024,11,1,4,11711.22,6736.1167
4,492.9,895,1004,803,10,2024,6,30,6,49050.1,38553.47
2,1663.87,1240,2269,1815,19,2024,11,16,5,60002.21,57602.668
5,50.73,540,553,443,7,2022,10,6,3,4113.03,4557.9966
5,78.66,422,237,190,3,2024,9,30,0,948.27,4532.6006
2,3668.94,1273,1553,1242,13,2024,7,13,5,49121.72,52604.55
1,2.98,1069,836,669,2,2022,12,27,1,1405.25,8258.962
2,2737.49,1688,2150,1720,18,2021,10,11,0,26400.37,46521.008
0,321.48,1039,1018,814,6,2024,7,5,4,9773.92,6752.611
4,1438.28,1008,1205,964,12,2023,8,27,6,13572.3,30737.973
1,30.66,1056,1254,1003,3,2023,12,16,5,5787.63,8746.597
2,3305.31,1639,836,669,7,2023,11,12,6,35671.15,44195.645
4,2524.21,814,1205,964,12,2024,11,17,6,8344.96,30259.197
5,59.11,384,633,506,8,2024,11,19,1,7031.98,4724.0425
2,702.84,1876,2150,1720,18,2023,11,12,6,72647.17,55056.07
1,6.53,797,418,334,1,2023,4,6,3,5186.34,6127.6865
2,1904.8,1985,1194,955,10,2024,4,18,3,25727.23,40870.63
2,4043.8,1708,2269,1815,19,2022,7,10,6,40717.04,49023.38
4,1218.9,1070,803,643,8,2023,12,12,1,16787.23,33939.496
1,34.65,1253,836,669,2,2024,5,16,3,11065.04,8164.0264
1,14.11,1322,1672,1338,4,2024,11,12,1,15869.84,11272.032
1,7.7,1114,1672,1338,4,2024,5,8,2,5702.1,6183.2646
0,315.08,995,1527,1221,9,2024,7,5,4,4699.08,6753.441
0,202.27,1185,1188,950,7,2023,8,23,2,2261.57,6630.058
4,1604.09,712,1105,884,11,2024,9,25,2,8632.98,32648.516
1,40.06,1152,1254,1003,3,2024,12,29,6,7586.12,8422.327
0,315.35,938,1357,1086,8,2024,3,6,2,18068.16,6633.0415
5,42.31,363,474,380,6,2024,5,18,5,1176.21,4075.817
5,53.79,480,316,253,4,2024,6,24,0,5300.08,4574.9263
1,46.06,1070,1254,1003,3,2024,10,7,0,11504.88,8830.508
0,261.24,875,1357,1086,8,2022,11,9,2,6545.88,6448.4727
2,1228.59,1949,2389,1911,20,2024,5,10,4,65233.21,55614.375
5,79.19,387,316,253,4,2024,5,26,6,745.59,4246.6616
5,19.12,446,395,316,5,2024,6,16,6,2367.26,4031.9502
4,1486.37,653,1306,1044,13,2020,10,7,2,29705.27,34059.113
4,661.64,658,603,482,6,2024,6,5,2,19024.29,32503.059
2,3981.99,1406,2030,1624,17,2024,2,23,4,73646.05,67612.21
1,40.27,973,418,334,1,2020,8,28,4,2200.32,8754.891
2,1245.35,1566,2030,1624,17,2024,12,25,2,57286.06,53206.47
0,75.34,751,1188,950,7,2024,7,10,2,519.63,6693.4507
4,401.56,827,1306,1044,13,2024,12,10,1,45973.05,29976.055
2,3093.4,1308,1672,1338,14,2024,8,23,4,51791.51,51389.64
0,448.9,857,848,679,5,2024,7,6,5,1229.99,5741.955
2,1367.06,1729,1433,1147,12,2022,10,2,6,36326.65,53158.133
4,594.83,677,1306,1044,13,2023,12,7,3,43883.74,33445.81
1,21.35,938,1672,1338,4,2024,2,27,1,15173.4,8565.262
3,672.38,355,281,224,8,2022,12,26,0,13395.08,31513.861
2,3266.52,1238,2150,1720,18,2024,6,10,0,78824.59,61361.29
1,43.82,928,836,669,2,2024,11,24,6,15888.32,8294.788
0,341.44,1190,1188,950,7,2024,1,26,4,6108.42,7310.5586
4,1612.69,898,1004,803,10,2024,7,4,3,25042.06,31884.498
0,256.45,989,848,679,5,2023,12,23,5,14397.09,7997.3276
2,732.91,1440,1791,1433,15,2024,12,25,2,36714.97,52437.86
2,2674.06,1864,2150,1720,18,2024,3,16,5,30315.04,42937.617
3,1508.96,258,210,168,6,2023,12,10,6,68900.96,57923.12
4,920.07,835,1004,803,10,2024,12,21,5,13011.79,32267.895
4,493.83,1110,703,562,7,2024,7,10,2,40967.33,34379.55
5,6.4,439,237,190,3,2023,7,25,1,1731.46,4292.428
0,346.72,984,509,407,3,2023,6,26,0,1125.65,7002.449
4,1406.68,922,1306,1044,13,2023,7,24,0,43087.25,37821.97
2,3234.29,1822,955,764,8,2024,12,14,5,69788.75,66616.86
2,3214.01,1639,2030,1624,17,2023,7,25,1,67390.95,55013.83
1,12.96,985,1672,1338,4,2024,3,30,5,7600.25,8360.228
4,1905.38,775,603,482,6,2024,1,21,6,8042.7,24923.314
1,6.55,771,1672,1338,4,2024,2,1,3,4432.04,6798.9136
0,491.08,1276,1018,814,6,2024,9,19,3,9652.86,7413.9297
2,2779.23,1764,1553,1242,13,2019,12,23,0,49858.92,55129.355
0,60.97,1084,509,407,3,2024,12,28,5,4896.41,7304.56
0,92.45,1184,1527,1221,9,2024,10,9,2,835.4,6383.9604
2,2751.69,1182,1791,1433,15,2024,11,29,4,78191.1,53031.664
2,2488.4,1206,2389,1911,20,2024,10,19,5,48460.88,49631.5
2,4189.71,1902,1075,860,9,2023,12,9,5,53556.0,51549.81
1,7.03,1281,1672,1338,4,2024,1,20,5,6755.25,7184.2524
2,1551.98,1423,1433,1147,12,2023,1,9,0,63358.53,54482.457
1,46.45,1225,1672,1338,4,2024,5,12,6,15787.08,8140.209
4,2679.19,1094,904,723,9,2023,3,18,5,54223.51,35660.773
0,122.26,1041,1527,1221,9,2024,5,17,4,12239.97,6632.231
0,79.22,1177,1527,1221,9,2024,10,4,4,5669.31,6427.5254
2,1237.24,1708,1075,860,9,2024,8,30,4,28405.21,44765.83
1,25.7,1047,1254,1003,3,2024,4,11,3,18365.62,8656.632
4,1344.03,762,603,482,6,2024,9,16,0,42719.05,32513.016
4,1678.9,1107,904,723,9,2022,7,8,4,35084.97,32709.125
5,52.4,409,712,569,9,2024,9,24,1,741.99,4276.241
0,212.98,952,1018,814,6,2024,11,3,6,11930.55,7233.408
3,2473.89,368,175,140,5,2024,10,4,4,57982.8,52570.867
2,617.65,1646,1672,1338,14,2024,5,24,4,37213.19,53707.152
5,94.96,550,553,443,7,2024,8,6,1,3561.94,4383.445
3,1728.79,316,245,196,7,2024,12,30,0,28070.37,39002.73
2,2031.64,1786,1075,860,9,2024,9,25,2,29358.18,46139.137
5,86.36,337,316,253,4,2023,7,7,4,1767.36,2198.1978
4,725.18,954,803,643,8,2024,10,1,1,28351.42,31078.027
2,587.19,1365,1433,1147,12,2024,10,14,0,29420.14,47269.16
4,1020.51,807,803,643,8,2024,9,22,6,36600.48,35156.65
4,2623.58,896,502,402,5,2024,8,31,5,52780.68,30740.893
4,2080.49,1076,703,562,7,2024,11,14,3,40741.25,31957.387
2,565.62,1948,836,669,7,2024,10,5,5,26219.77,30818.871
1,16.81,752,1254,1003,3,2024,10,12,5,779.9,7679.5537
3,2442.77,310,245,196,7,2023,6,19,0,33257.68,33996.45
1,46.61,1115,418,334,1,2024,8,12,0,3539.4,8783.397
2,1287.43,1653,1075,860,9,2022,12,4,6,52301.58,43542.344
4,2071.48,1059,603,482,6,2024,12,14,5,49608.01,30133.43
4,1671.45,819,603,482,6,2024,9,2,0,23871.53,32925.703
4,312.73,1053,703,562,7,2024,12,12,3,27750.71,30252.03
0,143.79,812,1188,950,7,2024,11,7,3,3228.88,6736.1167
2,1964.8,1535,2150,1720,18,2024,3,6,2,60727.04,55926.848
2,2066.55,1789,2389,1911,20,2022,4,1,4,34258.82,44301.516
1,38.54,775,418,334,1,2024,10,19,5,594.37,6916.1963
4,401.79,921,1306,1044,13,2023,3,26,6,23281.5,26062.64
2,3359.27,1209,1075,860,9,2024,12,7,5,47239.0,54005.035
5,95.35,374,395,316,5,2024,3,19,1,1596.77,3776.0312
0,104.43,934,1188,950,7,2024,4,27,5,3372.26,6996.6377
2,752.19,1353,1791,1433,15,2023,8,20,6,72748.63,54197.582
2,2537.79,1734,1553,1242,13,2023,5,8,0,29304.45,59544.344
3,915.29,360,210,168,6,2024,2,1,3,38099.86,41186.926
2,2484.1,1615,1791,1433,15,2024,12,14,5,61797.56,52157.418
5,55.39,386,474,380,6,2021,9,18,5,522.46,4166.178
1,48.67,1221,1254,1003,3,2024,12,23,0,5343.56,8222.702
4,602.29,699,703,562,7,2024,11,29,4,40621.3,32889.926
2,2675.57,1978,1791,1433,15,2023,6,30,4,39311.56,51001.367
3,567.35,240,386,309,11,2024,4,13,5,34439.92,35724.703
2,1529.25,1248,1314,1051,11,2024,10,21,0,65292.2,60449.824
4,994.84,1072,502,402,5,2024,5,17,4,30422.59,32154.275
0,408.24,884,1018,814,6,2024,10,2,2,15330.0,6695.6465
1,12.9,1171,1672,1338,4,2024,8,7,2,7486.44,7306.836
2,3431.58,1589,2150,1720,18,2024,4,11,3,62996.6,53533.48
2,1576.97,1315,1672,1338,14,2024,10,5,5,68601.3,54803.81
0,302.26,1245,509,407,3,2024,10,17,3,5730.06,7602.068
2,3806.24,1351,1194,955,10,2024,12,13,4,72998.43,45824.355
4,2450.69,726,1004,803,10,2023,11,29,2,48841.09,35838.14
0,171.38,831,679,543,4,2024,9,17,1,3375.82,6797.641
4,1779.82,764,1205,964,12,2022,7,30,5,50591.22,27463.81
0,430.62,808,509,407,3,2024,12,17,1,1881.31,6474.6577
0,171.38,831,679,543,4,2023,11,2,3,3375.82,6841.206
4,672.07,886,1205,964,12,2024,11,25,0,9538.2,28363.951
3,835.02,333,175,140,5,2023,10,13,4,28616.13,33291.027
0,481.48,1280,1357,1086,8,2024,11,11,0,3999.69,7335.485
4,1892.4,906,703,562,7,2023,1,9,0,50540.49,33626.707
5,44.29,344,633,506,8,2024,8,10,5,479.06,3751.4075
4,1400.22,1009,603,482,6,2024,9,6,4,25938.8,30916.477
4,2123.32,1141,904,723,9,2023,3,27,0,36936.67,28903.195
4,1864.97,682,1105,884,11,2024,8,20,1,48188.69,37393.703
4,1890.49,1024,1105,884,11,2021,2,14,6,17495.93,30384.188
4,835.62,1005,1205,964,12,2024,10,22,1,50228.4,31285.94
1,2.46,1206,836,669,2,2024,12,31,1,15445.6,10848.716
4,1399.48,994,1105,884,11,2024,8,27,1,38615.27,31053.375
2,1150.16,1735,2030,1624,17,2024,8,22,3,47643.11,53678.3
3,2246.91,296,316,253,9,2022,10,16,6,85847.94,62394.523
0,210.25,944,1357,1086,8,2024,6,7,4,8548.92,6799.788
1,25.87,1258,418,334,1,2023,8,9,2,3723.66,7610.0547
2,2101.95,1548,1791,1433,15,2024,12,19,3,80706.44,64242.03
0,151.95,851,509,407,3,2023,5,8,0,3774.52,6808.3755
3,1989.25,259,351,281,10,2024,12,11,2,10366.36,27152.611
3,524.14,254,245,196,7,2024,7,6,5,26625.05,30178.39
0,213.58,792,1188,950,7,2024,12,5,3,3719.04,6262.569
4,756.14,911,603,482,6,2023,7,6,3,51927.71,30626.195
2,2621.9,1171,2030,1624,17,2022,8,24,2,60946.05,51982.027
0,33.83,937,848,679,5,2024,6,30,6,18750.64,11415.574
2,2006.88,1196,2150,1720,18,2024,3,19,1,61679.18,55610.52
4,1055.06,954,1306,1044,13,2024,12,12,3,48481.79,38370.523
3,1953.34,279,386,309,11,2024,4,7,6,45501.47,39548.836
2,3279.87,1690,1075,860,9,2024,12,19,3,50814.47,55343.785
5,12.69,498,316,253,4,2024,10,6,6,4268.34,4802.737
1,30.4,748,836,669,2,2024,4,17,2,1389.05,8283.374
3,705.65,251,245,196,7,2024,12,31,1,31638.2,37454.746
2,3485.63,1487,1672,1338,14,2024,12,13,4,51310.61,54889.836
4,258.94,1153,603,482,6,2023,5,14,6,8630.76,19390.117
2,634.21,1543,1672,1338,14,2022,8,25,3,37689.66,55458.96
0,92.89,1155,1018,814,6,2023,6,27,1,2409.12,6746.7085
0,97.43,1115,679,543,4,2024,12,6,4,19967.96,7478.4326
0,353.98,913,1357,1086,8,2024,7,9,1,7044.4,6556.9814
2,3005.71,1871,1791,1433,15,2024,5,26,6,49978.03,49453.457
4,1173.94,929,904,723,9,2024,5,22,2,9462.12,33657.617
4,1833.8,867,1205,964,12,2023,8,25,4,8602.85,26194.465
1,9.21,878,836,669,2,2024,11,3,6,1953.25,8051.3335
2,1282.27,1798,2030,1624,17,2024,9,5,3,60587.55,57587.562
5,65.65,532,712,569,9,2023,12,8,4,9124.92,4915.501
4,1779.82,1025,904,723,9,2024,10,1,1,10414.09,26926.518
2,632.95,1335,1075,860,9,2023,7,2,6,73709.45,56550.895
2,3486.8,1525,2389,1911,20,2024,10,11,4,80598.43,60290.137
0,187.57,1078,1018,814,6,2024,2,23,4,4251.72,6495.7754
2,2532.95,1583,955,764,8,2022,12,12,0,74678.71,56463.625
2,3596.75,1644,1194,955,10,2024,12,29,6,43418.76,50207.918
5,18.77,466,237,190,3,2024,5,5,6,3344.59,4132.1655
2,2058.31,1223,1791,1433,15,2020,12,18,4,59063.73,54870.56
5,14.26,485,316,253,4,2024,12,17,1,1086.22,3303.3982
1,44.37,988,418,334,1,2023,7,18,1,19277.72,8879.958
4,2005.21,1045,603,482,6,2023,7,28,4,37701.08,30776.201
5,78.05,471,712,569,9,2024,11,9,5,6408.42,4480.2524
4,515.78,859,803,643,8,2024,1,21,6,12513.93,26320.738
0,77.82,1115,1018,814,6,2024,7,5,4,1934.01,6778.6313
4,854.72,783,1004,803,10,2024,11,12,1,26069.02,32650.453
1,11.91,790,1254,1003,3,2024,10,18,4,2732.66,7807.438
1,31.24,957,418,334,1,2024,12,17,1,18705.36,8809.656
1,2.09,1129,836,669,2,2024,11,27,2,6367.1,7706.177
4,611.92,1144,803,643,8,2024,7,6,5,48574.96,38782.97
4,471.44,742,703,562,7,2023,7,30,6,37890.61,30272.094
4,870.63,1079,904,723,9,2024,12,12,3,33197.15,32620.133
0,246.28,1143,679,543,4,2024,12,18,2,14214.75,9535.982
5,41.44,437,712,569,9,2024,3,26,1,2741.22,4749.3887
3,1308.79,231,316,253,9,2024,10,2,2,7958.69,22067.402
2,1812.95,1246,2030,1624,17,2023,10,7,5,45113.26,50899.95
4,1616.01,807,1004,803,10,2024,6,30,6,32667.35,31907.03
4,644.75,847,1105,884,11,2023,7,28,4,54421.81,38071.1
4,2112.64,1091,1105,884,11,2024,12,12,3,29443.59,30939.363
4,1331.79,861,904,723,9,2024,3,11,0,27226.75,28082.906
4,1704.45,996,502,402,5,2024,6,23,6,27852.24,27193.836
5,74.14,441,237,190,3,2024,7,3,2,3503.58,4576.1655
5,14.2,474,712,569,9,2024,6,14,4,2636.73,3584.4622
5,50.15,436,474,380,6,2023,12,22,4,3567.95,4681.4507
4,1052.2,826,1004,803,10,2024,12,15,6,47936.1,33825.367
1,9.97,1316,1254,1003,3,2024,12,20,4,6579.2,6570.6455
1,12.98,950,1254,1003,3,2024,12,26,3,15077.4,8825.051
5,38.63,364,712,569,9,2023,6,3,5,6805.59,4157.091
0,131.34,1172,1527,1221,9,2023,11,13,0,10776.72,7748.1445
0,341.87,947,679,543,4,2024,2,3,5,9381.88,7172.818
5,49.71,560,474,380,6,2023,11,7,1,1271.81,4232.752
3,2054.82,346,421,337,12,2023,11,2,3,41871.9,38295.383
2,2858.46,1517,1194,955,10,2024,7,17,2,49517.98,50768.742
2,3297.62,1421,836,669,7,2024,7,12,4,81533.39,58157.406
5,36.02,363,633,506,8,2024,3,21,3,2898.76,4128.8296
4,2681.38,824,603,482,6,2022,6,30,3,51377.93,41197.88
5,68.22,515,712,569,9,2024,2,15,3,1037.28,4522.227
2,1555.14,2032,1194,955,10,2024,12,18,2,41935.72,50201.266
1,12.98,950,1254,1003,3,2024,11,16,5,15077.4,8764.908
2,3481.27,1469,1433,1147,12,2024,6,1,5,58978.34,59010.113
5,40.63,427,474,380,6,2024,5,31,4,1413.69,4526.563
0,117.2,1158,1527,1221,9,2024,11,6,2,5440.12,6718.318
4,1700.08,853,1004,803,10,2024,5,14,1,38869.63,32916.82
4,431.45,1029,1205,964,12,2023,5,7,6,33962.0,25549.99
4,1588.42,871,502,402,5,2024,10,22,1,8047.54,25661.385
2,1728.56,2005,2030,1624,17,2024,12,30,0,78657.34,67223.016
4,1523.98,660,1105,884,11,2024,7,27,5,51052.28,32636.51
5,43.75,405,237,190,3,2024,4,10,2,1420.35,3901.093
5,68.78,451,474,380,6,2024,5,21,1,6487.06,4506.899
4,736.18,661,1004,803,10,2024,9,26,3,29869.98,34231.695
5,69.45,403,237,190,3,2023,9,23,5,3505.26,4094.764
2,2082.3,1526,955,764,8,2024,11,25,0,70944.47,53011.938
2,647.01,1571,1911,1529,16,2023,12,13,2,62819.57,56548.242
3,743.07,296,316,253,9,2024,4,27,5,26236.12,31988.242
2,3656.39,1606,1075,860,9,2024,9,23,0,34894.69,52602.312
0,29.73,967,679,543,4,2024,9,14,5,13974.33,8499.835
4,1099.32,1010,904,723,9,2024,9,2,0,40483.76,32675.037
5,94.24,376,712,569,9,2024,12,14,5,2624.13,3793.8403
2,3289.66,1173,1075,860,9,2024,8,7,2,78914.6,60216.594
2,1163.01,1869,1433,1147,12,2023,7,24,0,35077.72,50183.637
0,25.27,1204,1357,1086,8,2024,8,30,4,2697.24,5890.4194
3,1461.34,363,351,281,10,2024,12,19,3,8912.93,29025.328
2,1262.71,1539,1433,1147,12,2023,1,9,0,79425.01,54197.94
2,724.31,1789,1672,1338,14,2024,10,19,5,35049.31,56444.7
2,2360.11,1229,1194,955,10,2021,9,2,3,74918.59,52687.66
0,437.2,1134,1018,814,6,2023,10,19,3,16919.72,9351.386
5,42.86,578,395,316,5,2024,2,27,1,3567.84,4482.106
2,4083.55,1653,955,764,8,2024,12,30,0,53203.14,56976.594
4,2736.28,747,603,482,6,2023,11,18,5,25601.24,36036.93
0,413.64,984,1018,814,6,2024,8,22,3,13347.66,6650.8267
5,97.11,380,633,506,8,2024,12,25,2,7584.46,4325.8354
0,341.87,947,679,543,4,2024,9,30,0,9381.88,7287.439
2,2436.14,1659,1433,1147,12,2024,3,27,2,25547.46,48359.855
2,1395.13,1393,1791,1433,15,2024,12,28,5,35025.91,53408.535
2,2511.28,1456,1075,860,9,2024,10,25,4,32489.86,46577.633
4,2375.83,704,1105,884,11,2023,10,19,3,49577.82,37582.363
0,93.63,1276,1188,950,7,2024,6,8,5,18966.52,6850.047
4,2347.91,796,803,643,8,2024,12,19,3,10264.81,21389.041
2,2147.14,1200,2030,1624,17,2024,11,15,4,63992.95,56115.594
2,1367.06,1729,1433,1147,12,2023,11,11,5,36326.65,53158.133
5,59.43,445,316,253,4,2024,12,23,0,638.88,4525.315
2,3692.73,1631,1075,860,9,2024,12,24,1,53951.8,56266.902
2,1408.69,1871,1553,1242,13,2024,8,4,6,68057.17,53714.945
4,341.85,736,904,723,9,2024,10,13,6,27656.38,30257.16
4,2745.07,1108,1205,964,12,2023,2,3,4,24719.04,28913.264
0,301.35,1145,1527,1221,9,2024,11,5,1,1724.28,7219.52
0,207.94,1009,1357,1086,8,2024,11,12,1,5548.24,6510.5786
4,1734.81,677,904,723,9,2024,12,15,6,35025.0,29927.46
5,51.37,341,633,506,8,2024,8,13,1,5057.31,3980.809
3,962.78,231,351,281,10,2024,8,23,4,24031.27,28005.705
0,133.21,874,1188,950,7,2023,6,15,3,19229.0,6746.631
4,915.4,921,603,482,6,2024,8,16,4,19929.47,30214.967
0,175.51,879,1188,950,7,2024,9,17,1,2200.75,6746.631
4,1290.55,694,1105,884,11,2022,6,20,0,25394.97,34737.76
4,346.91,681,603,482,6,2024,10,22,1,29294.9,29723.979
4,1001.84,792,1004,803,10,2024,1,2,1,17537.73,32508.008
2,3770.13,1221,1911,1529,16,2024,2,19,0,37694.39,44949.32
0,97.89,1043,509,407,3,2024,8,14,2,12600.78,7549.418
2,1195.7,1438,2030,1624,17,2023,8,5,5,59439.12,51889.008
1,7.02,1321,1254,1003,3,2024,11,29,4,5901.78,7318.3345
5,63.16,404,316,253,4,2024,5,30,3,2517.92,4140.2495
2,3016.57,1171,955,764,8,2024,1,29,0,76943.22,69680.57
2,981.39,1705,1075,860,9,2024,6,2,6,53646.82,53014.34
3,846.22,314,386,309,11,2024,10,27,6,32433.21,34935.535
2,2923.59,1500,955,764,8,2023,4,11,1,57226.69,50533.81
2,1959.83,1575,1314,1051,11,2024,10,28,0,81717.62,51711.773
3,2246.91,296,316,253,9,2024,8,21,2,85847.94,63442.48
0,247.49,932,1188,950,7,2024,5,4,5,6614.16,7990.4995
2,2126.52,1221,2030,1624,17,2024,11,20,2,46930.41,48530.242
2,673.88,1299,1194,955,10,2023,3,11,5,56425.65,53738.773
2,2453.96,1753,1075,860,9,2024,10,5,5,53063.93,50313.27
4,2145.61,1062,703,562,7,2024,2,8,3,17692.29,24274.814
4,1276.84,846,904,723,9,2024,7,7,6,25203.99,33695.555
4,1303.45,806,502,402,5,2024,12,18,2,24315.39,35725.957
0,53.82,1103,509,407,3,2024,6,1,5,11788.35,8276.583
4,1734.19,1013,603,482,6,2022,10,30,6,8208.72,19782.527
5,8.69,557,553,443,7,2024,8,29,3,7679.2,4862.017
1,32.35,1187,836,669,2,2024,2,24,5,2019.96,7356.4717
5,27.7,573,474,380,6,2024,6,2,6,7403.5,4129.3223
0,434.75,1009,509,407,3,2023,3,12,6,14402.84,7108.605
4,1834.86,874,1105,884,11,2024,8,7,2,21666.44,31367.627
4,2524.21,814,1205,964,12,2024,12,7,5,8344.96,30259.197
0,362.13,1103,1357,1086,8,2023,8,21,0,2217.31,5550.736
1,16.5,1127,1672,1338,4,2024,7,8,0,11704.08,8177.2725
2,3798.73,1622,1314,1051,11,2023,6,4,6,37754.83,44701.477
1,25.21,1193,1672,1338,4,2024,8,8,3,5349.51,7396.2437
4,2540.07,834,1004,803,10,2024,6,12,2,40597.39,30823.176
4,1805.27,658,1306,1044,13,2023,8,13,6,47693.39,32296.84
0,96.44,1094,1018,814,6,2024,12,26,3,15356.64,6735.0664
0,442.81,1091,1188,950,7,2024,12,15,6,6081.8,6535.454
0,61.19,1181,848,679,5,2024,8,31,5,2148.92,7181.9185
4,531.23,668,1105,884,11,2024,7,2,1,31102.59,30069.082
4,970.07,943,803,643,8,2024,8,10,5,11505.67,29796.734
2,1333.94,1880,1433,1147,12,2024,8,30,4,49650.08,49215.367
5,31.22,597,316,253,4,2024,3,29,4,2467.77,4203.3994
2,1862.65,1616,1791,1433,15,2023,10,30,0,46035.09,56175.234
4,2691.62,1138,1306,1044,13,2024,12,10,1,51887.62,39076.996
1,9.07,958,1672,1338,4,2023,10,30,0,1073.1,8103.426
0,118.37,893,1188,950,7,2024,10,26,5,19657.72,6697.399
0,213.74,861,1527,1221,9,2024,9,14,5,4964.37,6450.016
1,43.43,1249,1254,1003,3,2024,10,20,6,4688.7,8199.929
2,4023.86,1770,1672,1338,14,2020,5,24,6,39400.93,48812.453
5,17.9,534,553,443,7,2020,10,3,5,5195.5,3826.526
3,451.61,353,421,337,12,2024,9,29,6,29156.97,40655.32
1,12.65,1288,1254,1003,3,2024,9,6,4,3124.65,6855.8916
3,278.08,325,175,140,5,2024,6,8,5,22847.99,24952.643
1,26.11,1282,418,334,1,2023,6,9,4,9489.7,7667.4937
2,2355.02,1228,1911,1529,16,2022,11,12,5,33666.0,51337.76
4,1916.69,756,1004,803,10,2024,10,8,1,10580.61,26171.791
5,78.66,422,237,190,3,2024,12,17,1,948.27,4532.6006
4,2272.01,866,603,482,6,2024,6,17,0,29584.3,27870.068
0,486.61,741,1018,814,6,2024,3,6,2,12151.77,9278.889
2,3431.35,1859,1194,955,10,2021,8,23,0,70745.47,52349.176
3,2433.85,273,281,224,8,2023,2,8,2,82230.74,55065.48
2,3432.49,1858,2389,1911,20,2022,12,25,6,27040.86,45984.85
5,6.4,439,237,190,3,2023,11,29,2,1731.46,4292.428
2,3289.89,1792,1672,1338,14,2024,9,1,6,52003.94,60775.953
4,1604.09,712,1105,884,11,2024,3,21,3,8632.98,32648.516
0,53.85,948,509,407,3,2024,7,25,3,18314.6,8526.543
2,1242.62,1166,1314,1051,11,2024,9,26,3,37199.64,41264.723
4,1405.81,1133,603,482,6,2024,12,14,5,53943.45,31749.951
5,90.52,580,237,190,3,2024,8,22,3,3802.35,4175.4736
4,1767.39,789,1306,1044,13,2024,9,29,6,24037.78,27960.969
4,953.5,746,1105,884,11,2024,12,21,5,13602.86,31144.32
0,164.48,1169,679,543,4,2023,12,28,3,16265.28,9914.162
2,1589.96,1732,2389,1911,20,2024,10,12,5,26156.52,43790.426
4,2112.64,1091,1105,884,11,2023,12,3,6,29443.59,30681.91
4,813.78,1047,1306,1044,13,2023,9,2,5,43003.91,36763.06
5,54.74,372,553,443,7,2023,12,8,4,1463.71,4175.6196
5,73.27,449,633,506,8,2024,12,18,2,6376.1,4484.0327
0,442.53,1088,1527,1221,9,2024,5,29,2,4041.24,6372.038
2,2214.82,1813,1553,1242,13,2023,5,8,0,69400.85,69902.305
2,1820.8,1900,1553,1242,13,2024,10,18,4,40451.34,48812.85
3,700.02,253,316,253,9,2023,12,17,6,42048.78,38419.88
1,7.7,1114,1672,1338,4,2024,2,11,6,5702.1,6083.7754
2,2848.42,1768,836,669,7,2024,12,13,4,70062.93,56965.945
2,2411.0,1369,1911,1529,16,2024,11,21,3,79408.29,57624.273
4,1994.18,961,904,723,9,2024,11,4,0,10245.68,29223.246
4,2456.33,856,904,723,9,2024,9,26,3,17079.67,26786.955
3,699.92,369,245,196,7,2023,11,2,3,72700.14,40502.1
5,44.08,559,474,380,6,2024,5,28,1,10442.31,5306.4624
1,30.56,1054,418,334,1,2023,7,31,0,1226.44,8950.638
2,591.29,1753,1433,1147,12,2024,7,11,3,84978.1,62550.875
4,1136.15,1147,1306,1044,13,2024,11,20,2,39320.32,40265.617
4,631.12,690,904,723,9,2024,5,2,3,9604.62,32410.107
4,1438.28,1008,1205,964,12,2024,5,16,3,13572.3,30872.912
2,1550.43,1562,1791,1433,15,2024,8,1,3,76801.27,58659.477
1,32.14,947,1254,1003,3,2022,10,28,4,14501.44,9676.662
2,4081.99,1503,1314,1051,11,2024,12,27,4,65678.53,59241.594
0,341.94,840,679,543,4,2024,9,25,2,5658.72,6501.6714
4,671.8,1064,703,562,7,2024,4,19,4,24462.15,31235.38
4,1551.3,1114,603,482,6,2023,8,8,1,38261.72,31681.092
0,275.66,1302,679,543,4,2024,12,23,0,3341.86,8039.757
0,165.04,769,679,543,4,2021,11,30,1,18472.32,8244.094
4,1015.24,1012,703,562,7,2024,8,15,3,42959.61,31766.908
1,37.0,990,1254,1003,3,2022,11,15,1,4289.72,7915.1494
5,60.26,486,474,380,6,2023,11,27,0,3078.93,4381.9585
2,3178.22,1430,1433,1147,12,2024,9,21,5,35032.38,48859.406
2,4219.13,2025,1672,1338,14,2021,8,20,4,67545.4,62381.43
2,2040.86,1726,1553,1242,13,2021,12,8,2,41764.36,52645.32
2,1162.39,1595,2150,1720,18,2024,6,19,2,54343.04,51264.34
2,590.49,1238,955,764,8,2024,3,2,5,81025.46,60031.195
2,3628.25,1796,1433,1147,12,2024,9,12,3,73583.97,66281.47
1,7.74,1241,1254,1003,3,2024,9,25,2,19151.86,7629.147
4,990.04,864,1004,803,10,2024,7,17,2,8500.96,27401.367
4,2174.29,980,904,723,9,2023,2,16,3,34574.33,27130.719
2,3342.87,1371,836,669,7,2024,5,27,0,42667.34,48996.305
5,29.54,525,712,569,9,2023,7,12,2,3363.12,4484.463
5,39.03,584,553,443,7,2024,8,3,5,9221.43,4074.5557
0,432.66,980,1018,814,6,2023,3,18,5,4238.18,6370.489
2,1551.59,1352,1672,1338,14,2024,3,27,2,68640.4,60886.355
4,849.99,930,1105,884,11,2023,1,27,4,35675.58,32402.984
3,2000.45,284,245,196,7,2023,3,7,1,11248.43,25956.053
4,2112.64,1091,1105,884,11,2024,4,6,5,29443.59,31488.863
5,8.69,557,553,443,7,2024,1,2,1,7679.2,4905.582
4,295.32,706,803,643,8,2024,11,19,1,16632.77,30718.588
1,18.75,1230,1254,1003,3,2023,6,30,4,11669.94,7395.13
4,1993.04,857,1306,1044,13,2024,1,4,3,29706.04,33542.473
0,312.39,1249,1527,1221,9,2024,2,5,0,17339.6,7282.169
3,237.88,290,456,365,13,2024,7,8,0,48820.58,46210.29
1,46.06,1070,1254,1003,3,2024,5,27,0,11504.88,8786.942
4,1389.69,1043,1105,884,11,2023,6,14,2,41218.41,35252.45
4,2233.06,1056,904,723,9,2022,12,9,4,30346.04,29568.72
1,30.23,1210,1672,1338,4,2023,10,20,4,10905.76,7376.9004
0,235.85,871,509,407,3,2024,11,1,4,16034.0,8829.635
4,732.36,663,1306,1044,13,2024,12,11,2,37197.01,35395.586
2,3415.84,1608,955,764,8,2024,7,10,2,54874.26,55887.58
5,70.91,594,553,443,7,2023,5,1,0,11836.89,4516.701
0,68.85,1195,679,543,4,2024,9,17,1,4552.05,7155.7163
1,13.92,1014,836,669,2,2024,9,27,4,6789.3,8297.919
2,2712.48,1896,1314,1051,11,2023,2,27,0,62359.13,51929.08
1,25.21,1193,1672,1338,4,2024,7,23,1,5349.51,7376.9004
2,2100.48,1616,2269,1815,19,2024,6,22,5,68878.68,64798.62
4,559.17,1025,1004,803,10,2023,4,24,0,10400.72,32247.838
4,1306.1,1025,1306,1044,13,2024,1,9,1,51120.05,38877.49
5,32.96,527,395,316,5,2024,2,14,2,10176.96,4265.467
2,3879.2,1343,2030,1624,17,2024,9,24,1,30789.43,49892.68
0,321.48,1039,1018,814,6,2024,12,21,5,9773.92,6896.907
4,826.68,1069,803,643,8,2024,12,19,3,52525.88,36648.8
0,271.11,1194,1018,814,6,2024,4,18,3,6502.86,7487.491
5,84.95,438,316,253,4,2024,8,15,3,9320.73,4525.315
3,268.88,229,245,196,7,2021,12,16,3,22517.77,25665.072
2,2209.96,1719,1791,1433,15,2023,4,11,1,82105.13,65241.15
4,717.22,959,703,562,7,2024,11,7,3,42274.04,31163.414
3,1511.71,347,281,224,8,2023,3,1,2,67361.34,47848.34
4,1607.77,937,1205,964,12,2024,9,25,2,41956.27,31769.76
5,44.8,471,712,569,9,2022,9,17,5,9648.84,4728.5557
1,11.19,1170,418,334,1,2024,8,22,3,3750.88,6208.5586
4,2340.51,1146,1306,1044,13,2023,3,16,3,48451.22,41376.977
0,332.02,1214,1357,1086,8,2023,9,19,1,15161.4,7112.541
4,1883.28,1065,904,723,9,2024,3,8,4,27449.96,33923.566
1,30.66,1056,1254,1003,3,2024,11,15,4,5787.63,8772.264
4,2730.57,1076,1004,803,10,2022,11,25,4,19057.72,29932.291
4,1325.81,868,803,643,8,2024,3,27,2,38224.38,29480.686
1,36.6,851,418,334,1,2024,1,2,1,17875.44,7606.3438
4,1229.39,997,803,643,8,2024,6,30,6,16229.81,31227.277
4,2015.13,707,904,723,9,2024,12,21,5,47721.46,29181.07
3,663.94,348,175,140,5,2024,11,20,2,11609.67,33717.242
0,346.72,984,509,407,3,2024,8,14,2,1125.65,7002.449
2,2200.58,1820,1911,1529,16,2024,4,3,2,69849.1,58884.695
2,726.65,1529,1314,1051,11,2024,12,28,5,77446.89,55151.848
2,901.64,1658,1314,1051,11,2024,10,19,5,37687.5,45224.688
0,297.32,932,848,679,5,2024,11,21,3,648.63,7367.2676
0,333.06,916,848,679,5,2023,1,5,3,1583.59,7189.551
1,18.02,1279,836,669,2,2024,4,30,1,11220.84,8304.979
2,1663.87,1240,2269,1815,19,2024,11,1,4,60002.21,57840.793
2,935.69,1611,2030,1624,17,2024,6,27,3,46303.62,59124.297
2,3551.79,1499,2389,1911,20,2024,1,31,2,76054.01,66058.25
0,408.67,1145,1357,1086,8,2023,9,17,6,5465.44,6996.597
2,1375.82,1754,2389,1911,20,2024,11,8,4,43582.42,53346.086
4,822.66,823,703,562,7,2023,11,17,4,25480.01,34051.496
2,2074.95,1173,2269,1815,19,2023,10,8,6,65511.68,59251.66
1,43.43,1249,1254,1003,3,2024,9,7,5,4688.7,8197.038
0,487.49,1219,1527,1221,9,2024,1,6,5,9220.4,7204.3896
4,1282.94,739,1205,964,12,2024,7,19,4,54036.11,35131.133
3,238.02,328,210,168,6,2024,12,14,5,41902.52,41652.754
4,547.18,977,1306,1044,13,2022,6,26,6,31221.38,31045.883
1,40.06,1152,1254,1003,3,2024,9,7,5,7586.12,8370.459
3,1461.34,363,351,281,10,2024,9,23,0,8912.93,29025.328
2,1274.55,1871,1075,860,9,2024,1,3,2,57292.64,53064.992
4,1356.05,738,1004,803,10,2024,3,2,5,49462.56,34536.633
4,2650.67,771,603,482,6,2024,3,21,3,39640.19,34528.695
3,860.25,294,386,309,11,2023,7,30,6,18123.2,32912.9
2,2349.43,1601,1672,1338,14,2023,11,18,5,78776.42,55667.92
2,1467.51,1685,1553,1242,13,2024,9,3,1,64194.06,56228.727
2,3577.37,1365,1314,1051,11,2024,8,30,4,72875.88,58920.29
2,2055.66,1701,1911,1529,16,2023,9,22,4,71137.63,60797.29
4,2593.27,769,703,562,7,2022,6,26,6,39536.21,35618.18
4,1699.69,999,1205,964,12,2024,4,25,3,29600.76,28401.953
2,1765.28,1231,1194,955,10,2023,1,31,1,34728.72,46606.066
2,3272.15,1973,1672,1338,14,2024,11,15,4,78555.84,60648.465
4,739.38,902,1004,803,10,2023,8,3,3,9388.21,31087.771
5,55.19,343,474,380,6,2024,12,17,1,5271.72,3891.643
2,647.01,1571,1911,1529,16,2024,4,15,0,62819.57,56577.715
4,2505.96,908,603,482,6,2024,10,3,3,11861.53,30485.943
2,1098.13,1223,1672,1338,14,2024,1,21,6,80275.57,55083.688
1,41.23,1168,1254,1003,3,2024,10,28,0,21645.91,10205.396
0,330.39,1270,1018,814,6,2024,8,29,3,7359.2,7064.5713
0,339.31,1122,1357,1086,8,2024,5,30,3,19074.68,6129.276
0,210.15,1055,1527,1221,9,2023,1,5,3,6238.06,6350.257
4,1178.76,1111,904,723,9,2023,12,24,6,18311.28,33087.043
2,727.94,1396,1791,1433,15,2024,9,3,1,59262.25,60261.902
5,98.83,513,474,380,6,2023,8,8,1,2806.71,4170.5557
5,67.1,359,474,380,6,2023,1,1,6,3936.21,4415.206
4,739.67,780,803,643,8,2024,12,19,3,36298.21,32874.914
3,525.9,349,456,365,13,2024,11,10,6,16363.07,21866.64
4,1958.11,829,1004,803,10,2024,10,26,5,22438.71,27340.88
2,3107.86,1996,1075,860,9,2024,12,19,3,28178.67,52422.07
2,2308.08,1639,1553,1242,13,2024,9,14,5,80274.05,61675.785
2,1306.47,1566,1553,1242,13,2024,12,21,5,42832.2,51634.055
2,1778.0,1621,1314,1051,11,2023,6,18,6,35091.72,46078.812
3,2099.61,374,351,281,10,2023,8,22,1,79268.38,58946.105
2,1445.48,1843,2389,1911,20,2024,10,6,6,69368.64,63520.277
4,1250.33,778,603,482,6,2024,9,24,1,13310.63,33652.32
1,12.78,979,1254,1003,3,2023,10,30,0,21492.8,8825.051
2,1262.78,1246,1194,955,10,2024,10,20,6,47510.33,50701.582
2,3289.89,1792,1672,1338,14,2024,11,30,5,52003.94,61435.285
0,485.55,976,1018,814,6,2024,6,4,1,7001.76,6831.35
2,1644.54,1265,1553,1242,13,2024,6,26,2,55714.06,52511.176
4,1719.4,1110,603,482,6,2023,11,10,4,51202.59,34826.29
1,5.12,993,1254,1003,3,2024,8,24,5,13596.31,8416.452
2,3485.63,1487,1672,1338,14,2023,10,8,6,51310.61,55187.71
5,98.9,440,237,190,3,2024,3,23,5,3953.43,4479.83
4,2151.12,666,1306,1044,13,2024,11,17,6,51528.37,35179.87
4,1806.06,943,1004,803,10,2020,10,4,6,25790.06,27445.852
3,455.26,297,351,281,10,2024,12,17,1,89130.2,35879.45
4,1543.01,802,603,482,6,2024,12,15,6,41338.26,33222.504
5,30.51,344,474,380,6,2023,6,17,5,2735.79,3994.6997
4,1331.79,861,904,723,9,2024,4,27,5,27226.75,28016.885
4,1063.47,716,1105,884,11,2024,12,25,2,44608.8,37316.336
2,2020.92,1754,2150,1720,18,2024,10,8,1,58146.95,54914.215
5,46.45,474,395,316,5,2024,10,29,1,9703.44,4885.297
0,193.26,1179,679,543,4,2023,10,13,4,3176.69,7329.859
0,217.64,1095,1527,1221,9,2024,6,29,5,8128.62,7014.046
4,1454.46,908,1004,803,10,2024,5,9,3,48906.75,32714.422
0,151.0,1035,679,543,4,2023,8,18,4,12276.6,7710.974
1,45.15,909,418,334,1,2024,2,25,6,10495.28,8699.52
0,497.17,924,1527,1221,9,2024,8,14,2,2073.56,6127.149
1,20.01,1054,418,334,1,2024,10,3,3,21644.26,10896.553
5,81.25,369,474,380,6,2024,2,5,0,1505.69,4137.3213
2,2446.71,1875,1911,1529,16,2024,12,28,5,32752.11,47186.09
2,551.28,1966,2269,1815,19,2023,6,9,4,35715.82,38264.215
3,1062.34,345,386,309,11,2024,10,5,5,83762.5,47436.56
4,2391.56,722,502,402,5,2024,8,9,4,30227.67,34282.914
5,18.05,576,633,506,8,2023,1,28,5,7210.02,3744.0303
4,1701.83,811,603,482,6,2024,12,1,6,23934.25,28590.377
2,3922.96,2044,1314,1051,11,2024,4,24,2,84540.39,70678.195
2,3645.78,1894,1553,1242,13,2024,4,17,2,61064.59,57735.926
2,577.8,1687,1194,955,10,2021,1,27,2,38074.61,42683.59
4,2716.42,911,803,643,8,2024,12,21,5,36482.21,32760.232
2,550.46,1225,2150,1720,18,2024,9,3,1,37810.19,44085.367
4,1928.84,783,502,402,5,2024,11,7,3,54693.07,32314.742
2,2411.4,1380,1911,1529,16,2024,5,22,2,78361.98,57624.273
2,2033.07,1678,1553,1242,13,2022,8,30,1,53067.82,54078.88
2,2310.2,1783,1194,955,10,2024,5,11,5,82778.12,64463.992
1,34.22,1220,836,669,2,2024,10,18,4,7521.96,7972.3784
4,1806.06,943,1004,803,10,2024,12,12,3,25790.06,28481.62
4,1812.66,964,603,482,6,2024,12,17,1,28311.49,28009.549
4,846.22,1114,1306,1044,13,2024,5,6,0,24112.25,30776.719
1,3.34,971,836,669,2,2024,10,28,0,8191.04,8199.408
2,807.25,1254,836,669,7,2023,10,4,2,67940.24,54991.105
0,310.48,1289,1527,1221,9,2024,12,28,5,17068.72,7376.724
4,707.56,703,703,562,7,2024,12,28,5,13573.69,32066.12
5,29.57,381,237,190,3,2024,6,1,5,11089.59,5102.527
4,1701.83,811,603,482,6,2024,9,10,1,23934.25,28659.29
0,63.46,948,1018,814,6,2024,11,2,5,2232.14,7048.226
3,1422.66,320,316,253,9,2024,8,18,6,65482.64,41516.59
4,461.14,749,1205,964,12,2024,10,23,2,51708.49,40150.438
4,1459.65,1092,803,643,8,2024,5,29,2,17600.39,32677.086
0,163.81,1266,509,407,3,2023,3,7,1,5010.7,7115.6274
2,2993.28,1772,1075,860,9,2023,5,25,3,35030.54,49259.25
2,2860.55,1204,955,764,8,2024,6,6,3,63392.64,49390.586
0,78.8,1288,1018,814,6,2023,12,15,4,12203.36,6875.714
0,342.64,1094,1357,1086,8,2024,7,25,3,7501.88,6129.276
1,15.43,968,418,334,1,2023,12,8,4,13932.7,9285.873
2,735.22,1191,836,669,7,2024,10,4,4,61143.11,59682.58
2,2230.32,1466,2150,1720,18,2021,5,17,0,60516.83,56629.285
2,1705.95,1491,1553,1242,13,2023,11,4,5,55476.3,50611.61
1,47.83,1135,1672,1338,4,2023,10,16,0,3395.12,8563.618
2,2411.4,1380,1911,1529,16,2024,2,4,6,78361.98,58028.348
5,21.88,445,633,506,8,2021,4,1,3,4919.7,4377.065
4,1132.48,1015,1306,1044,13,2023,5,25,3,19181.57,33336.27
2,3970.45,1492,1791,1433,15,2024,12,27,4,56980.73,52924.043
0,314.44,830,1188,950,7,2024,11,7,3,4333.8,6271.9014
4,1229.39,997,803,643,8,2024,3,11,0,16229.81,31238.818
4,1050.97,951,703,562,7,2021,6,20,6,49558.96,33758.336
5,44.01,465,395,316,5,2024,12,16,0,1312.42,4885.297
5,96.0,357,474,380,6,2024,12,23,0,1478.4,4117.146
2,4185.49,1297,1194,955,10,2023,6,13,1,33941.41,40383.055
4,2553.37,1036,1004,803,10,2024,8,23,4,13112.22,29655.754
0,209.28,1137,1188,950,7,2024,11,14,3,7557.87,8632.313
2,1590.26,1630,2269,1815,19,2023,8,12,5,83867.42,58356.5
1,2.09,1129,836,669,2,2024,11,3,6,6367.1,7680.51
5,26.6,586,633,506,8,2024,5,6,0,1956.3,4205.682
2,4163.68,1411,1672,1338,14,2024,7,13,5,39879.51,52174.01
0,437.2,1134,1018,814,6,2024,5,24,4,16919.72,9416.145
4,2169.6,739,1004,803,10,2024,4,29,0,21810.16,27309.463
0,285.62,1183,679,543,4,2024,10,12,5,16460.96,7956.651
2,3387.23,1968,1194,955,10,2023,3,30,3,32145.0,46327.426
4,1840.72,748,1105,884,11,2024,12,13,4,54260.92,33591.145
2,1930.12,1730,955,764,8,2024,12,17,1,34008.77,47143.22
2,2584.51,1708,836,669,7,2024,12,11,2,34522.39,44113.633
0,403.64,756,1527,1221,9,2024,11,3,6,2529.51,5822.4434
4,2203.01,759,1105,884,11,2023,2,9,3,14427.0,22586.393
5,86.36,337,316,253,4,2022,10,18,1,1767.36,2054.7925
1,30.23,1210,1672,1338,4,2023,4,29,5,10905.76,7348.6235
1,11.35,1217,1672,1338,4,2024,9,6,4,5716.34,6747.5
2,1791.64,1844,1553,1242,13,2024,8,12,0,38326.04,52632.117
5,38.53,565,633,506,8,2024,3,8,4,2215.68,4126.695
0,215.89,1272,509,407,3,2024,10,27,6,13110.96,8202.208
4,2184.91,870,1004,803,10,2024,11,26,1,38043.72,27490.025
1,5.69,806,1254,1003,3,2023,11,2,3,8592.76,7907.741
0,370.27,783,1188,950,7,2024,2,10,5,1153.02,6095.535
4,898.95,911,1004,803,10,2023,12,6,2,51980.22,33251.25
0,436.45,1225,848,679,5,2024,12,21,5,12265.98,8276.136
4,1953.99,1097,603,482,6,2021,5,24,0,38831.23,33213.055
2,1192.65,1947,2150,1720,18,2022,10,25,1,25312.46,50356.59
1,16.81,752,1254,1003,3,2024,4,3,2,779.9,7841.3
4,2739.8,849,1105,884,11,2024,7,29,0,45120.31,38186.645
4,1631.61,1034,703,562,7,2024,9,13,4,43315.05,32530.69
2,4044.42,1296,1553,1242,13,2024,8,25,6,67914.0,61454.457
2,3182.69,1346,955,764,8,2024,9,11,2,51434.83,52817.78
5,42.5,442,395,316,5,2023,3,16,3,6384.57,4607.0464
1,7.03,1281,1672,1338,4,2024,5,29,2,6755.25,7261.508
4,1506.3,943,1105,884,11,2024,11,14,3,20527.28,36681.918
2,1294.23,1701,2030,1624,17,2023,11,1,2,71246.25,55908.37
4,1956.61,1021,1004,803,10,2024,5,30,3,10876.13,28154.72
1,2.94,1157,418,334,1,2023,9,3,6,5489.89,6832.1743
0,173.82,904,509,407,3,2024,9,26,3,4871.2,7773.097
2,4175.93,1178,1911,1529,16,2024,6,15,5,57576.29,55278.285
2,2650.7,1620,1194,955,10,2024,8,13,1,75889.41,54590.8
4,1038.25,781,603,482,6,2024,9,28,5,39044.59,33391.29
3,988.61,373,386,309,11,2022,6,29,2,22853.78,35779.918
3,988.61,373,386,309,11,2023,4,30,6,22853.78,35781.652
0,135.54,1055,1188,950,7,2023,10,13,4,4238.88,6550.2544
2,3618.44,2013,955,764,8,2022,11,18,4,52881.7,57529.14
5,47.07,580,395,316,5,2023,11,10,4,8002.02,4841.3184
0,447.52,808,679,543,4,2024,6,25,1,6026.56,6536.6406
3,2370.03,301,351,281,10,2023,1,29,6,31574.19,34148.945
4,1075.88,829,904,723,9,2022,5,28,5,20413.15,34626.227
0,297.32,932,848,679,5,2024,2,12,0,648.63,7312.7886
0,348.34,1185,509,407,3,2024,11,25,0,1517.48,7602.068
2,4103.36,1741,1314,1051,11,2024,3,24,6,58805.28,57857.08
2,1906.72,1825,1433,1147,12,2023,7,6,3,46538.16,50628.613
2,1435.93,1524,1911,1529,16,2024,1,17,2,34011.26,50812.074
4,1689.72,1153,904,723,9,2024,4,5,4,22252.56,34623.805
3,962.78,231,351,281,10,2024,11,13,2,24031.27,28005.705
4,1779.82,1025,904,723,9,2023,12,26,1,10414.09,26818.193
2,2993.28,1772,1075,860,9,2024,6,6,3,35030.54,49804.66
0,33.27,1191,1357,1086,8,2023,12,15,4,8657.18,7300.1367
4,2112.41,1121,603,482,6,2024,1,1,0,13373.57,28413.113
5,36.25,584,316,253,4,2024,9,3,1,1262.95,4246.9644
5,7.1,421,553,443,7,2024,1,18,3,7131.72,4883.339
3,818.78,337,386,309,11,2024,8,13,1,46528.93,33949.445
4,1701.83,811,603,482,6,2024,6,19,2,23934.25,28659.29
2,1812.95,1246,2030,1624,17,2024,4,4,3,45113.26,51148.35
2,3985.14,1778,955,764,8,2024,2,17,5,64628.52,61361.12
2,3333.78,2043,1791,1433,15,2024,3,2,5,55250.89,51283.195
1,6.55,771,1672,1338,4,2024,12,19,3,4432.04,6755.3486
2,3942.03,1389,2030,1624,17,2023,5,8,0,80220.73,65747.53
2,3152.95,1457,955,764,8,2024,8,6,1,37333.8,43803.164
2,973.03,1895,1911,1529,16,2024,8,18,6,84652.18,72325.34
4,1102.72,730,502,402,5,2024,10,31,3,24112.54,32225.15
2,623.02,1340,955,764,8,2024,7,16,1,33452.3,54448.664
3,1590.85,270,245,196,7,2024,12,3,1,38981.32,39335.266
4,2424.09,1116,904,723,9,2024,7,2,1,29286.22,28795.486
0,350.59,846,509,407,3,2024,8,14,2,9971.88,6897.4346
2,4103.36,1741,1314,1051,11,2024,12,25,2,58805.28,57344.88
2,2631.52,1767,2030,1624,17,2023,5,1,0,63839.91,49635.832
0,67.61,1293,1018,814,6,2024,12,21,5,9438.36,6852.9375
5,49.42,524,633,506,8,2024,12,21,5,3501.52,4211.977
4,2522.27,819,904,723,9,2023,12,23,5,8907.79,27452.098
5,86.36,337,316,253,4,2020,8,25,1,1767.36,2054.7925
4,839.57,1045,904,723,9,2024,4,4,3,24421.14,33053.87
4,2411.94,957,502,402,5,2024,7,28,6,23535.2,31921.97
4,2077.91,706,803,643,8,2024,9,16,0,24324.04,30466.062
0,460.29,870,1527,1221,9,2024,11,29,4,1945.26,6440.4893
4,2541.39,697,603,482,6,2023,8,31,3,30605.51,34109.336
2,2135.88,1607,1433,1147,12,2021,2,18,3,52022.01,50929.73
5,69.8,407,237,190,3,2024,2,24,5,11393.37,4094.764
4,1680.47,979,603,482,6,2022,10,31,0,31184.66,27449.67
1,35.82,917,418,334,1,2023,6,2,4,2484.3,8666.159
0,436.94,969,509,407,3,2024,9,29,6,5075.42,7081.2153
5,10.64,588,553,443,7,2024,10,4,4,6394.59,4946.067
2,3219.47,2038,1075,860,9,2024,12,19,3,60834.38,61541.82
4,1366.75,1051,904,723,9,2023,10,28,5,48025.82,35288.04
1,11.63,1284,418,334,1,2024,5,29,2,13042.96,8165.331
2,830.64,1619,1075,860,9,2024,11,28,3,75362.96,66795.75
4,650.15,902,603,482,6,2020,7,3,4,45793.96,33273.58
0,413.64,984,1018,814,6,2024,12,29,6,13347.66,6593.575
1,35.43,1071,836,669,2,2023,9,1,4,12555.62,9233.146
2,2218.62,1325,1911,1529,16,2024,10,24,3,83216.58,63075.215
4,2586.39,841,603,482,6,2024,1,25,3,10857.37,31182.67
4,1306.79,752,502,402,5,2024,11,26,1,47019.16,34110.918
2,2487.81,1949,1911,1529,16,2024,1,20,5,64619.13,45187.023
1,29.7,780,1672,1338,4,2024,9,11,2,7956.06,7992.2246
5,20.51,505,474,380,6,2024,7,13,5,3232.6,3826.526
2,2116.87,1521,1433,1147,12,2024,10,16,2,78469.4,63837.03
5,13.56,495,316,253,4,2023,5,8,0,3116.88,4877.741
2,792.82,1614,2150,1720,18,2024,9,16,0,30742.67,46543.293
2,1091.6,1725,1433,1147,12,2024,12,14,5,70948.81,61090.805
4,2510.88,1052,803,643,8,2024,9,23,0,13822.21,29445.45
0,362.13,1103,1357,1086,8,2024,12,13,4,2217.31,5568.2163
0,442.53,1088,1527,1221,9,2024,9,9,0,4041.24,6372.038
1,24.16,914,836,669,2,2024,7,12,4,5389.5,8465.813
0,315.35,938,1357,1086,8,2024,5,19,6,18068.16,6586.704
2,3911.96,1593,2269,1815,19,2023,11,13,0,47705.29,50290.152
4,1808.95,818,803,643,8,2024,7,6,5,30833.74,33196.36
3,1074.99,302,351,281,10,2021,6,5,5,19686.34,29424.148
1,11.19,1170,418,334,1,2023,6,10,5,3750.88,6245.411
4,2537.47,1059,502,402,5,2024,11,18,0,49101.96,37110.33
5,26.73,448,712,569,9,2024,12,26,3,3769.2,4609.4033
5,13.72,379,712,569,9,2023,12,10,6,966.56,4351.718
4,1826.87,731,904,723,9,2024,10,16,2,19526.42,33504.934
0,345.44,1090,1357,1086,8,2024,8,17,5,1535.64,6103.609
0,96.08,841,848,679,5,2023,4,30,6,9277.26,6740.3896
2,1022.48,1942,1433,1147,12,2024,12,22,6,27323.48,44473.79
4,2131.54,974,1004,803,10,2024,7,27,5,14157.14,27228.209
2,1408.7,1681,2150,1720,18,2023,9,25,0,65857.63,52758.965
3,518.42,264,316,253,9,2024,10,10,3,54860.28,50291.766
5,35.13,542,633,506,8,2023,4,2,6,2934.78,4043.9355
5,76.91,506,712,569,9,2022,11,1,1,2544.2,4565.792
4,2090.27,1066,502,402,5,2023,8,30,2,42975.5,31082.887
1,31.95,849,1254,1003,3,2024,8,7,2,1774.4,7791.2476
2,2637.1,1186,1314,1051,11,2023,2,10,4,31253.59,47912.934
2,1672.04,1571,2389,1911,20,2024,6,29,5,37166.06,43255.758
3,460.53,354,175,140,5,2022,10,4,1,10444.78,18344.902
2,2150.21,1536,1194,955,10,2022,2,25,4,59496.98,44348.2
2,2023.9,1285,1553,1242,13,2024,12,10,1,77549.61,57071.016
3,617.0,330,456,365,13,2024,2,18,6,41314.7,38502.37
2,3244.25,1263,955,764,8,2023,5,1,0,30686.05,43254.246
0,223.98,1134,1188,950,7,2023,1,3,1,19555.92,11125.217
2,1235.23,1869,2030,1624,17,2023,2,26,6,39535.27,51133.793
5,26.98,584,474,380,6,2021,2,12,4,4600.71,4184.9834
1,35.27,1007,418,334,1,2024,8,21,2,16120.72,8713.0205
4,2679.19,1094,904,723,9,2023,8,27,6,54223.51,35715.254
4,1248.05,1133,502,402,5,2024,9,16,0,34053.07,31860.13
1,25.41,748,1254,1003,3,2024,8,31,5,15616.56,8191.5684
1,32.14,947,1254,1003,3,2023,9,5,1,14501.44,9720.228
2,3524.28,2029,955,764,8,2022,9,3,5,76799.25,70473.59
0,402.8,1168,1188,950,7,2024,9,22,6,8173.41,7400.4116
2,3481.27,1469,1433,1147,12,2023,11,8,2,58978.34,58076.34
4,494.85,993,803,643,8,2024,7,7,6,31915.49,34172.434
4,1617.95,722,502,402,5,2024,1,17,2,24954.13,29993.324
4,898.95,911,1004,803,10,2024,4,12,4,51980.22,33383.793
0,371.74,813,1188,950,7,2022,7,1,4,8541.39,7031.3003
2,973.03,1895,1911,1529,16,2024,11,23,5,84652.18,72325.34
2,1977.13,1751,1314,1051,11,2023,4,27,3,25765.35,45277.965
2,3656.77,1385,2269,1815,19,2023,10,8,6,70736.61,61271.87
4,1798.58,1156,703,562,7,2024,9,16,0,45799.9,34397.957
4,1254.24,729,703,562,7,2024,12,17,1,32395.03,35209.887
1,47.58,986,418,334,1,2024,10,31,3,15092.66,8879.958
3,1345.12,351,316,253,9,2024,5,14,1,25817.43,42796.59
4,1928.84,783,502,402,5,2024,8,27,1,54693.07,32271.178
1,30.57,751,1254,1003,3,2024,5,21,1,10795.68,8100.5303
5,14.84,551,553,443,7,2024,12,31,1,875.07,3541.2148
1,39.67,807,1254,1003,3,2024,10,17,3,3448.5,7444.372
2,4037.36,1394,1911,1529,16,2024,12,24,1,74285.65,61931.266
2,3911.42,1667,1911,1529,16,2024,11,25,0,40731.68,48314.9
0,87.66,802,1188,950,7,2024,6,29,5,9809.79,6261.531
5,47.28,595,633,506,8,2020,5,7,3,3414.74,4781.5337
4,1658.29,949,1004,803,10,2024,3,14,3,54372.25,33317.98
2,1681.95,1831,2269,1815,19,2024,12,13,4,84081.16,71936.55
0,134.26,1145,1188,950,7,2024,11,1,4,8590.46,7269.5225
2,3996.84,1521,836,669,7,2023,12,10,6,36791.13,50031.516
1,28.16,1242,418,334,1,2020,10,19,0,2980.54,7180.9927
3,970.82,236,386,309,11,2023,5,11,3,46346.59,39177.02
5,50.81,554,395,316,5,2023,12,10,6,2725.47,4476.734
1,43.81,1245,418,334,1,2024,1,19,4,11548.88,8211.881
4,1779.82,764,1205,964,12,2023,3,4,5,50591.22,27723.22
3,2121.97,244,456,365,13,2024,3,21,3,55668.92,51836.88
2,3704.59,1273,955,764,8,2023,11,5,6,36674.83,49641.117
2,2605.95,1766,1791,1433,15,2024,9,30,0,48667.86,51450.816
0,270.71,1176,509,407,3,2024,2,11,6,6091.76,7698.8545
2,709.83,1855,1553,1242,13,2024,10,3,3,70811.32,61734.387
2,1408.69,1871,1553,1242,13,2023,11,8,2,68057.17,52397.844
0,161.32,891,1188,950,7,2023,5,23,1,3593.42,6754.6504
4,635.77,782,904,723,9,2024,7,23,1,24350.74,32530.34
2,2852.02,1691,1911,1529,16,2024,3,6,2,71230.19,54792.71
2,1122.68,1376,1433,1147,12,2024,4,12,4,84870.54,54179.785
4,2398.45,852,502,402,5,2024,12,22,6,32785.41,35482.645
0,151.0,1035,679,543,4,2023,6,30,4,12276.6,7710.974
5,72.26,489,553,443,7,2024,3,3,6,1042.2,4326.2974
2,702.84,1876,2150,1720,18,2023,6,30,4,72647.17,54376.082
2,3307.15,1163,1314,1051,11,2024,5,23,3,28181.42,39578.594
2,3006.74,1193,2389,1911,20,2023,10,3,1,79053.51,73673.234
3,238.02,328,210,168,6,2024,10,19,5,41902.52,41655.645
1,14.61,981,836,669,2,2024,12,29,6,7371.87,8013.824
5,86.24,432,316,253,4,2024,7,23,1,7173.81,4525.315
1,32.61,1119,836,669,2,2024,8,20,1,4427.34,8672.581
4,1514.05,1022,703,562,7,2024,6,13,3,47246.56,31541.342
2,1812.67,1675,1314,1051,11,2024,11,25,0,46316.47,45385.582
4,312.73,1053,703,562,7,2024,12,21,5,27750.71,30022.418
2,2557.34,1340,2030,1624,17,2023,1,2,0,30398.83,51904.17
1,19.54,1262,836,669,2,2024,5,14,1,10640.7,8302.02
4,493.83,1110,703,562,7,2024,1,28,6,40967.33,34351.273
5,19.57,342,474,380,6,2024,12,23,0,812.74,4017.069
4,1774.76,1000,502,402,5,2023,7,19,2,10479.86,24970.592
4,2033.54,862,703,562,7,2024,7,7,6,12709.62,25249.496
0,52.08,880,1018,814,6,2024,12,12,3,4272.98,7276.223
5,41.22,570,316,253,4,2024,6,2,6,7601.42,4364.3774
2,735.22,1191,836,669,7,2024,11,6,2,61143.11,59682.58
2,3348.95,1229,2389,1911,20,2023,5,7,6,44986.91,49405.918
5,16.63,489,237,190,3,2024,12,10,1,10541.43,4187.8267
4,1934.85,928,803,643,8,2024,5,25,5,43281.53,32998.387
4,2155.88,904,1105,884,11,2024,8,3,5,37501.94,29877.656
2,1390.86,1473,2269,1815,19,2024,8,10,5,52027.57,53258.72
4,1857.13,843,603,482,6,2024,10,22,1,32499.79,35775.65
5,95.58,570,395,316,5,2023,12,3,6,6040.92,4561.0156
3,463.91,279,210,168,6,2024,2,11,6,28164.2,29678.434
2,1567.14,1295,955,764,8,2024,10,19,5,53073.68,53995.14
4,2080.49,1076,703,562,7,2024,4,20,5,40741.25,32509.777
2,2967.72,1780,2389,1911,20,2024,10,21,0,76603.37,64739.258
4,1781.2,1098,1105,884,11,2024,1,9,1,36169.79,29301.467
2,4170.2,1949,2150,1720,18,2024,2,5,0,29158.32,45491.004
4,1954.97,919,603,482,6,2024,1,1,0,24802.38,31664.6
3,460.95,290,386,309,11,2024,12,19,3,90128.2,68250.88
4,1323.42,886,502,402,5,2024,12,3,1,15639.86,29867.959
0,151.95,851,509,407,3,2024,4,22,0,3774.52,6789.032
4,2540.07,834,1004,803,10,2024,7,21,6,40597.39,31050.14
2,2526.68,1918,1194,955,10,2024,10,25,4,43932.19,49528.91
4,2731.2,898,603,482,6,2024,12,10,1,46501.85,37769.812
2,2162.51,1743,2269,1815,19,2023,6,1,3,25605.37,34856.777
2,2572.65,1245,1911,1529,16,2024,9,23,0,52779.99,54641.996
1,37.71,1252,1254,1003,3,2024,10,19,5,3770.13,7549.624
2,2980.51,1866,1314,1051,11,2023,5,1,0,30532.06,49172.375
4,369.06,1006,1205,964,12,2021,3,31,2,27568.18,28937.412
2,1994.48,2033,955,764,8,2023,5,26,4,49631.69,52561.695
5,11.51,568,712,569,9,2023,12,22,4,7957.95,5569.3047
4,708.61,1096,703,562,7,2023,9,19,1,36461.47,31134.08
1,43.32,817,1672,1338,4,2020,11,5,3,3311.72,8252.927
2,2833.37,1235,1075,860,9,2023,2,19,6,61143.24,52003.93
4,662.56,681,1004,803,10,2022,12,30,4,34651.33,32770.047
0,301.84,999,679,543,4,2022,3,8,1,7705.92,7415.957
5,29.13,380,553,443,7,2024,11,1,4,7466.38,5176.504
2,900.92,1210,2150,1720,18,2024,9,28,5,30997.3,35671.266
1,22.39,948,418,334,1,2024,8,7,2,8963.11,7860.414
0,250.33,788,679,543,4,2023,9,4,0,8956.29,7826.0005
5,27.32,506,395,316,5,2021,9,6,0,4332.52,4309.0317
1,4.07,1206,1254,1003,3,2024,11,1,4,4867.8,10045.486
0,361.36,1190,848,679,5,2023,7,26,2,18139.0,7805.3853
1,40.27,973,418,334,1,2023,7,10,0,2200.32,8754.891
1,34.8,1203,1254,1003,3,2024,12,13,4,6143.28,7972.3784
0,315.96,1196,1357,1086,8,2024,1,10,2,2906.92,7075.5425
2,2511.28,1456,1075,860,9,2024,12,16,0,32489.86,46577.633
0,247.49,932,1188,950,7,2023,2,1,2,6614.16,8039.7275
1,30.58,1148,1672,1338,4,2024,12,21,5,11246.13,8435.773
0,232.37,798,679,543,4,2023,3,12,6,7020.04,7522.62
2,664.97,1703,1911,1529,16,2024,5,13,0,80014.27,69049.69
0,145.14,1229,1357,1086,8,2022,12,16,4,5263.56,6395.0415
5,93.39,354,474,380,6,2021,12,4,5,7257.4,4415.206
0,202.14,1261,848,679,5,2024,12,12,3,2939.38,7329.859
5,19.12,446,395,316,5,2023,9,12,1,2367.26,4087.6113
2,3645.78,1894,1553,1242,13,2024,2,13,1,61064.59,58037.81
2,1044.99,1297,2030,1624,17,2024,12,10,1,77377.33,60963.508
4,2643.1,1022,703,562,7,2024,10,30,2,41393.71,32109.01
4,1813.63,871,603,482,6,2024,1,6,5,42284.07,29255.695
4,1955.32,1069,1004,803,10,2024,1,2,1,21369.39,33281.07
2,4237.39,1934,2269,1815,19,2024,11,2,5,53027.24,48276.645
4,2688.11,1076,803,643,8,2023,11,14,1,11439.78,33591.89
4,2017.84,1099,1205,964,12,2024,11,24,6,36786.42,30880.816
0,201.9,1211,1357,1086,8,2024,12,24,1,4754.68,6395.0415
2,3162.99,1653,1911,1529,16,2024,7,21,6,44742.08,51187.254
1,4.0,1229,1254,1003,3,2024,12,16,0,20091.94,10344.424
3,1463.67,277,456,365,13,2024,8,3,5,84268.0,71236.33
2,2260.15,1678,2389,1911,20,2024,5,17,4,32453.34,46556.637
1,43.6,823,418,334,1,2023,7,7,4,17155.84,8084.4297
1,21.35,938,1672,1338,4,2024,10,3,3,15173.4,8663.305
5,39.36,567,395,316,5,2024,12,7,5,5651.13,4426.445
5,57.12,371,474,380,6,2024,11,2,5,8586.45,4038.0945
4,386.83,1053,1105,884,11,2024,12,20,4,24996.52,29733.182
2,1011.35,1489,955,764,8,2024,12,4,2,51290.47,48416.543
2,1855.97,1403,1791,1433,15,2023,10,11,2,46990.87,59659.742
2,1185.04,1709,1791,1433,15,2024,8,24,5,57349.66,53413.355
4,936.4,773,904,723,9,2024,4,22,0,28736.58,32090.94
0,79.88,1000,1018,814,6,2023,6,26,0,8450.62,7043.1846
5,87.89,353,395,316,5,2024,1,4,3,3775.64,3852.7144
5,9.92,413,395,316,5,2024,10,7,0,7928.31,4434.7285
2,4185.49,1297,1194,955,10,2020,10,16,4,33941.41,39851.566
5,63.87,547,553,443,7,2024,3,6,2,699.01,4383.445
0,216.51,1290,1018,814,6,2024,3,11,0,9432.94,7674.024
5,71.78,440,474,380,6,2023,6,20,1,3408.06,4506.899
4,1591.81,1046,1205,964,12,2024,8,14,2,52016.69,35063.074
0,210.25,944,1357,1086,8,2024,2,27,1,8548.92,6701.744
0,132.11,887,1527,1221,9,2024,10,30,2,1857.53,6618.394
0,198.34,1180,679,543,4,2023,2,16,3,7316.16,7275.38
4,2592.14,1079,904,723,9,2024,7,29,0,53324.49,30269.76
2,4037.36,1394,1911,1529,16,2023,10,16,0,74285.65,61657.07
4,2502.17,1087,703,562,7,2024,12,14,5,31545.31,28757.65
4,343.65,1128,603,482,6,2024,7,29,0,42279.86,30659.002
0,472.12,908,509,407,3,2024,11,28,3,8266.36,7802.893
5,29.54,525,712,569,9,2023,11,19,6,3363.12,4369.1724
2,1152.25,1178,1911,1529,16,2024,12,6,4,43780.45,54456.867
4,1483.56,900,603,482,6,2024,5,25,5,52449.04,38164.086
2,1242.62,1166,1314,1051,11,2023,12,7,3,37199.64,41243.527
0,271.11,1194,1018,814,6,2023,10,21,5,6502.86,7501.7134
1,32.61,1119,836,669,2,2024,2,12,0,4427.34,8618.104
1,16.52,1064,418,334,1,2024,12,1,6,19339.3,11125.796
0,97.85,779,1527,1221,9,2022,7,1,4,4075.87,6063.18
4,2067.15,752,1004,803,10,2024,12,21,5,41850.46,29500.152
0,339.12,887,1018,814,6,2023,10,3,1,3226.96,6494.617
0,155.88,1159,848,679,5,2022,6,16,3,18449.12,9914.162
0,46.88,1090,509,407,3,2023,8,14,0,6193.89,8302.25
1,12.67,965,418,334,1,2023,10,4,2,8221.68,9266.337
4,1481.58,1116,1205,964,12,2023,10,11,2,46325.01,37731.863
3,1013.24,311,245,196,7,2023,12,27,2,20974.11,42043.15
2,2745.39,1258,1672,1338,14,2024,4,20,5,58394.64,51972.363
1,41.32,1159,418,334,1,2024,10,20,6,5216.4,8368.079
3,1810.84,250,245,196,7,2024,10,10,3,33300.63,32328.271
1,3.34,971,836,669,2,2023,9,4,0,8191.04,8242.975
2,1065.52,1986,1911,1529,16,2024,8,2,4,69158.58,65946.4
2,640.63,1666,836,669,7,2023,2,5,6,62478.85,52936.016
4,2553.37,1036,1004,803,10,2024,7,11,3,13112.22,29655.754
1,27.17,1139,418,334,1,2023,11,15,2,18522.72,9347.8125
4,1434.75,1146,1205,964,12,2020,10,23,4,24177.92,33476.832
2,3754.02,1769,1911,1529,16,2024,12,26,3,26131.46,41989.035
2,3431.58,1589,2150,1720,18,2024,1,15,0,62996.6,53533.48
3,1545.76,337,456,365,13,2023,6,20,1,19568.02,33863.37
4,301.09,922,803,643,8,2021,8,12,3,38323.01,31056.623
5,69.18,413,237,190,3,2024,7,29,0,2220.75,4147.535
1,31.95,1257,836,669,2,2023,4,22,5,9793.1,7548.1206
4,857.68,1008,1306,1044,13,2023,12,21,3,53557.94,32729.47
2,3008.6,1768,2150,1720,18,2024,3,31,6,62943.07,58247.56
1,2.09,1129,836,669,2,2024,4,1,0,6367.1,7695.2627
1,24.78,1182,418,334,1,2024,12,26,3,3566.16,6924.283
4,1499.94,812,1004,803,10,2024,2,1,3,21068.19,34673.863
4,2729.49,717,603,482,6,2023,1,30,0,47483.01,42230.78
2,632.95,1335,1075,860,9,2023,12,29,4,73709.45,55955.9
2,3347.42,1791,1194,955,10,2024,3,2,5,75978.8,65073.3
2,1225.34,1263,1314,1051,11,2022,10,12,2,78195.92,56236.24
0,80.41,854,1018,814,6,2021,9,29,2,10054.77,6687.9497
2,3755.67,1488,955,764,8,2024,1,28,6,49926.99,55920.01
2,2315.65,1431,2030,1624,17,2024,3,19,1,32702.44,52321.08
1,7.94,993,1254,1003,3,2023,10,28,5,22461.66,8767.798
2,3607.5,1345,2389,1911,20,2024,12,17,1,33167.81,47036.723
0,157.66,942,1357,1086,8,2024,1,26,4,4245.36,6701.744
3,1048.29,228,456,365,13,2024,12,14,5,44505.62,48429.01
0,432.66,980,1018,814,6,2023,5,15,0,4238.18,6482.219
2,924.94,1549,1553,1242,13,2023,3,29,2,62370.62,60173.996
4,1850.64,1136,1306,1044,13,2024,6,30,6,32592.88,39734.105
3,2347.97,302,245,196,7,2024,7,28,6,19060.76,28025.885
4,1065.28,719,502,402,5,2023,10,13,4,22728.97,31287.38
0,190.62,1098,1527,1221,9,2024,8,3,5,5290.92,6520.316
2,3485.06,1653,2030,1624,17,2024,10,14,0,45042.15,51934.195
4,1971.27,904,1004,803,10,2024,8,28,2,32784.58,28570.85
1,41.23,939,1254,1003,3,2023,1,22,6,5370.19,8193.867
0,88.69,1006,1527,1221,9,2023,11,27,0,10533.21,6641.6826
5,43.19,549,712,569,9,2023,6,27,1,3511.55,4846.737
5,92.66,339,633,506,8,2024,4,10,2,512.35,3589.2021
4,432.44,1121,1004,803,10,2024,11,15,4,48520.45,39914.77
4,2297.63,1066,502,402,5,2024,12,30,0,34744.89,29818.775
4,2574.52,714,904,723,9,2023,8,29,1,10322.14,25497.756
3,1377.95,230,281,224,8,2023,5,1,0,10639.64,23380.777
0,178.37,774,509,407,3,2024,10,12,5,3633.88,6131.8047
4,1387.63,1102,1205,964,12,2021,8,22,6,19432.09,32202.934
5,46.56,356,237,190,3,2024,12,30,0,2098.74,4364.407
2,2134.14,1908,1314,1051,11,2024,10,16,2,78730.7,61499.133
0,264.49,1155,1527,1221,9,2024,9,22,6,14081.07,7447.2393
3,1724.63,377,210,168,6,2022,9,28,2,46831.48,53947.465
0,453.57,1131,1188,950,7,2024,12,21,5,7999.59,7064.176
4,800.32,1041,1306,1044,13,2024,4,5,4,29521.28,34868.18
2,1495.94,1694,1553,1242,13,2024,2,27,1,78486.1,60052.793
2,2116.95,1201,1911,1529,16,2024,11,8,4,25225.07,52574.09
2,1059.79,1531,2030,1624,17,2024,8,2,4,66750.3,62056.82
0,393.83,1223,1527,1221,9,2023,11,4,5,4569.5,6878.971
2,3121.8,1309,1433,1147,12,2023,12,14,3,28873.17,45683.98
0,275.15,1056,848,679,5,2023,9,27,2,2009.72,6993.7173
1,2.41,1300,1672,1338,4,2023,3,11,5,9300.0,10341.614
4,1465.66,722,803,643,8,2024,11,8,4,39078.39,34418.26
3,1611.27,247,245,196,7,2023,11,22,2,23533.14,34452.184
4,926.29,1023,803,643,8,2024,10,5,5,19311.55,27983.807
4,581.27,1147,904,723,9,2024,9,13,4,35845.15,32731.174
1,34.06,1206,1254,1003,3,2024,10,19,5,8166.12,8393.674
3,790.25,285,210,168,6,2024,4,29,0,24503.85,35572.895
0,93.67,1201,1188,950,7,2024,9,1,6,3498.54,6430.2485
2,2511.28,1456,1075,860,9,2024,11,20,2,32489.86,46577.633
1,3.12,1004,1254,1003,3,2022,7,1,4,13472.0,8579.864
0,52.08,880,1018,814,6,2024,6,7,4,4272.98,7319.788
0,232.37,798,679,543,4,2023,5,5,4,7020.04,7626.327
2,2167.4,1382,955,764,8,2024,6,10,0,25498.81,44016.547
1,5.96,755,836,669,2,2023,7,31,0,3274.76,7690.4766
2,3130.65,1718,2269,1815,19,2024,12,11,2,65876.76,56269.926
5,7.54,517,712,569,9,2024,12,7,5,5578.68,5410.638
2,2499.57,1310,955,764,8,2024,7,21,6,41301.9,52808.945
2,3783.26,1790,1314,1051,11,2023,7,8,5,37392.93,49406.035
3,518.42,264,316,253,9,2024,11,15,4,54860.28,50291.766
2,3230.37,1171,2389,1911,20,2023,1,25,2,32271.38,45447.03
4,2282.3,1007,1105,884,11,2024,6,6,3,22222.12,29388.264
4,547.18,977,1306,1044,13,2024,2,26,0,31221.38,34479.324
1,11.89,1089,836,669,2,2020,7,27,0,10916.75,9583.149
4,2619.43,748,703,562,7,2024,5,16,3,45931.28,35085.375
2,786.91,1830,2269,1815,19,2024,11,18,0,33391.56,43559.176
4,438.45,1098,703,562,7,2024,5,13,0,17235.24,34304.574
5,77.66,464,395,316,5,2024,6,29,5,2352.7,4409.6714
2,2096.56,1388,1314,1051,11,2024,8,8,3,80776.54,67359.42
3,1948.43,356,175,140,5,2021,8,30,0,37693.31,43601.766
1,35.39,1042,1672,1338,4,2023,12,24,6,22542.84,8623.402
4,1011.09,1113,1306,1044,13,2024,12,11,2,17959.11,33788.66
0,370.27,783,1188,950,7,2024,1,6,5,1153.02,6095.535
2,2411.0,1369,1911,1529,16,2024,7,27,5,79408.29,57650.03
3,278.08,325,175,140,5,2024,1,31,2,22847.99,25874.87
4,362.14,877,1205,964,12,2024,5,31,4,39764.53,33599.22
2,3811.79,1513,836,669,7,2024,4,9,1,45296.45,53177.414
4,1259.17,1135,1306,1044,13,2024,7,2,1,40333.44,37449.297
3,925.04,301,316,253,9,2024,12,19,3,11853.64,28844.623
0,231.92,878,1527,1221,9,2024,9,12,3,18210.92,8626.029
1,5.33,1221,1254,1003,3,2024,8,19,0,2573.9,7069.247
2,1134.33,1856,1911,1529,16,2024,11,10,6,73010.89,58190.04
0,486.61,741,1018,814,6,2024,4,17,2,12151.77,9235.323
2,560.35,1365,1791,1433,15,2024,10,11,4,76355.78,58330.324
0,98.94,800,1188,950,7,2023,8,17,3,4715.36,6318.782
2,3980.8,1984,1791,1433,15,2024,5,22,2,33423.49,50754.227
2,1611.92,1201,2389,1911,20,2023,8,15,1,32157.44,41659.14
4,2458.66,1066,1105,884,11,2023,12,20,2,11529.87,26535.586
0,371.22,904,1018,814,6,2024,12,4,2,4537.66,6864.278
2,2599.67,1763,836,669,7,2024,12,25,2,31408.09,52011.664
4,2002.68,827,803,643,8,2024,5,2,3,37223.45,30342.225
1,23.36,1157,1672,1338,4,2023,8,12,5,4257.03,7273.1157
4,509.96,1063,703,562,7,2024,12,27,4,51161.71,36622.81
3,1973.12,222,245,196,7,2024,9,22,6,14673.97,21905.531
3,463.91,279,210,168,6,2024,3,25,0,28164.2,29904.629
5,48.42,383,633,506,8,2022,3,10,3,3879.02,4830.39
4,1119.8,1033,1105,884,11,2024,9,28,5,51673.22,39817.332
5,28.35,591,712,569,9,2023,12,12,1,3435.32,4484.463
4,1678.28,1027,803,643,8,2021,1,30,5,36273.61,31951.916
1,49.34,840,836,669,2,2022,9,4,6,4274.52,7879.9834
2,3211.61,1252,1911,1529,16,2024,6,3,0,81859.13,63792.926
0,179.79,743,848,679,5,2024,12,31,1,7688.4,7503.8105
2,3488.03,1310,1553,1242,13,2024,9,18,2,81591.19,56741.57
0,461.02,1241,1018,814,6,2024,11,10,6,8721.12,7903.4287
2,4147.39,1852,1314,1051,11,2024,10,4,4,29385.69,44346.38
3,2323.24,253,175,140,5,2024,12,21,5,19026.22,31825.32
2,3001.5,1521,1194,955,10,2024,12,31,1,83786.09,53044.035
4,1871.24,669,1205,964,12,2024,11,30,5,51240.82,37270.32
1,43.03,968,418,334,1,2024,10,4,4,9906.3,8979.358
2,1594.07,1713,1553,1242,13,2024,12,30,0,39069.26,49562.46
5,8.13,419,553,443,7,2024,1,18,3,2766.81,4229.0967
4,1124.87,869,1306,1044,13,2024,3,31,6,34614.34,37328.43
4,2537.47,1059,502,402,5,2024,8,20,1,49101.96,37110.33
5,52.31,413,316,253,4,2024,10,5,5,1578.66,4259.14
0,493.63,1257,509,407,3,2023,9,25,0,1311.8,7421.6733
1,28.82,1207,1672,1338,4,2022,8,10,2,633.08,7376.9004
5,33.76,337,395,316,5,2022,7,13,2,11194.83,4986.478
2,1378.86,1183,1194,955,10,2024,11,27,2,42047.16,43040.824
0,230.62,843,848,679,5,2021,6,22,1,13877.4,7568.893
2,921.0,1411,1075,860,9,2024,12,6,4,84238.25,68551.234
0,212.06,809,1357,1086,8,2022,8,24,2,7428.38,6309.207
2,2604.72,1650,1672,1338,14,2024,12,15,6,62835.57,51777.95
0,435.14,911,848,679,5,2022,1,11,1,3806.16,7178.4087
4,628.95,732,1105,884,11,2024,4,27,5,11647.82,32712.857
0,452.58,975,679,543,4,2022,9,11,6,3052.5,7101.5723
4,475.74,910,1105,884,11,2024,12,26,3,29796.45,29707.861
0,308.07,1149,1357,1086,8,2023,7,29,5,6929.18,7138.743
4,924.9,830,502,402,5,2023,6,19,0,38847.83,32155.729
2,1449.58,1568,955,764,8,2024,9,7,5,28689.77,44492.55
1,38.4,1071,836,669,2,2024,6,6,3,472.22,9024.202
1,36.26,1108,1254,1003,3,2024,7,26,4,9798.8,8702.51
3,1947.88,252,456,365,13,2024,1,15,0,40457.28,45476.453
4,1899.39,843,502,402,5,2024,12,21,5,48055.75,35089.676
2,2315.65,1431,2030,1624,17,2021,12,22,2,32702.44,51757.06
1,21.61,1260,418,334,1,2022,8,31,2,5252.65,7094.951
0,468.56,795,1018,814,6,2024,2,11,6,2637.33,5652.5786
2,2966.74,1341,2269,1815,19,2023,8,13,6,82202.67,68481.77
3,1611.27,247,245,196,7,2024,8,4,6,23533.14,34014.61
3,1395.37,353,316,253,9,2023,5,11,3,98689.28,44749.594
2,645.18,1561,1314,1051,11,2024,12,24,1,54049.74,52655.91
5,26.6,586,633,506,8,2023,9,30,5,1956.3,4046.8262
2,3502.44,1279,1075,860,9,2021,10,22,4,46800.69,58439.832
2,2347.13,1391,1672,1338,14,2023,1,31,1,52835.05,56393.395
1,40.52,1225,836,669,2,2024,9,6,4,3296.12,8266.268
2,2638.89,1632,2150,1720,18,2024,10,25,4,29371.0,49117.69
2,4143.1,1438,2269,1815,19,2023,2,3,4,77133.23,59097.824
2,3747.79,1289,1553,1242,13,2024,9,27,4,74293.6,62490.953
3,1395.37,353,316,253,9,2023,10,8,6,98689.28,44229.695
4,2277.78,1106,1306,1044,13,2024,2,25,6,9175.62,31208.287
0,314.44,830,1188,950,7,2024,4,25,3,4333.8,6228.3364
5,95.58,570,395,316,5,2024,11,19,1,6040.92,4616.677
3,2014.2,246,351,281,10,2024,10,21,0,62973.36,46651.793
5,52.06,477,712,569,9,2022,6,9,3,1045.04,4598.4336
1,12.78,979,1254,1003,3,2024,10,24,3,21492.8,8825.051
2,3855.27,1463,2150,1720,18,2024,4,16,1,32953.8,49875.676
2,2541.56,1461,955,764,8,2024,6,13,3,74971.44,56500.363
4,2065.41,1117,502,402,5,2024,11,24,6,9242.14,28266.879
4,1569.67,1050,803,643,8,2024,7,2,1,46447.49,31968.555
1,36.17,928,836,669,2,2024,12,7,5,8990.58,8500.843
2,935.69,1611,2030,1624,17,2024,12,11,2,46303.62,59124.297
5,22.33,439,553,443,7,2024,12,24,1,649.34,4171.342
4,404.5,1082,502,402,5,2023,7,30,6,40572.39,37982.312
0,93.67,1201,1188,950,7,2022,10,30,6,3498.54,6482.1177
3,2404.13,250,456,365,13,2024,7,13,5,18799.04,32732.164
2,1355.81,1546,2389,1911,20,2024,3,19,1,80496.51,59537.395
0,219.51,819,1188,950,7,2022,10,30,6,2909.76,6845.293
2,4048.16,2050,2389,1911,20,2024,11,6,2,66999.27,60358.84
2,2012.93,1592,836,669,7,2024,9,9,0,39715.45,49598.414
4,624.64,774,803,643,8,2024,4,6,5,12548.94,31931.701
2,1433.57,1575,2389,1911,20,2024,12,10,1,80216.82,54702.45
4,2376.56,657,1205,964,12,2020,1,19,6,46356.87,39542.28
4,379.85,976,703,562,7,2023,9,1,4,17028.13,28908.479
1,13.95,1029,1254,1003,3,2023,6,24,5,12370.38,9197.166
3,1931.72,361,386,309,11,2024,2,18,6,17321.12,33877.69
1,20.68,1250,836,669,2,2019,12,16,0,468.66,9269.654
4,2078.17,701,502,402,5,2020,10,8,3,32501.67,27360.26
1,15.43,968,418,334,1,2024,2,21,2,13932.7,9212.052
4,402.11,1067,1004,803,10,2024,4,15,0,37945.24,36479.62
1,5.82,1058,836,669,2,2024,11,27,2,5020.44,8810.365
3,2205.14,380,245,196,7,2024,8,15,3,91193.18,59049.43
3,2321.65,254,316,253,9,2024,6,15,5,14057.96,31168.723
2,2613.21,1857,2389,1911,20,2024,6,22,5,27247.64,40138.434
3,404.26,301,210,168,6,2024,9,6,4,27095.77,26680.086
4,1254.24,729,703,562,7,2024,10,27,6,32395.03,35085.83
2,860.56,1363,1194,955,10,2024,11,20,2,46298.55,59879.383
4,2466.72,796,1004,803,10,2024,10,2,2,25090.26,27867.9
4,2047.49,1058,502,402,5,2024,12,16,0,8630.82,28312.236
0,157.15,1106,679,543,4,2024,9,14,5,3491.82,7409.2007
3,1692.57,340,245,196,7,2023,5,14,6,17008.6,41854.1
1,49.22,1005,418,334,1,2024,12,9,0,5690.3,8839.157
2,3204.51,1276,1553,1242,13,2024,5,10,4,67447.2,64948.87
4,1805.27,658,1306,1044,13,2024,1,26,4,47693.39,32654.385
3,1220.54,323,456,365,13,2024,3,26,1,25090.94,45583.582
5,25.93,456,474,380,6,2024,3,13,2,1611.69,4309.924
0,271.33,822,1527,1221,9,2023,7,8,5,8488.32,6540.4014
4,1395.4,1126,1205,964,12,2024,7,3,2,14552.4,28017.715
2,2463.77,1337,2389,1911,20,2024,12,6,4,84233.38,62705.695
4,2626.3,694,1105,884,11,2024,7,26,4,25559.24,27510.975
2,1072.01,1572,955,764,8,2024,12,18,2,81743.1,52883.293
0,314.44,830,1188,950,7,2023,9,3,6,4333.8,5984.883
0,413.86,1166,679,543,4,2024,7,23,1,5028.16,7808.9893
1,45.55,793,836,669,2,2024,8,24,5,429.0,7551.282
2,1421.49,1181,1791,1433,15,2023,5,1,0,50522.5,51469.24
1,25.7,1047,1254,1003,3,2024,2,20,1,18365.62,8656.632
2,2308.08,1639,1553,1242,13,2023,4,15,5,80274.05,61682.37
2,2860.55,1204,955,764,8,2024,7,17,2,63392.64,49138.566
0,250.79,856,1527,1221,9,2024,12,25,2,13813.89,7904.3613
0,154.52,1307,679,543,4,2024,12,13,4,4541.78,7749.657
3,567.35,240,386,309,11,2023,10,13,4,34439.92,36363.844
3,2249.57,353,210,168,6,2024,5,30,3,13733.33,32162.477
4,1767.39,789,1306,1044,13,2024,12,6,4,24037.78,27908.88
3,1299.74,370,456,365,13,2024,12,10,1,98607.14,69812.805
0,358.39,998,509,407,3,2023,12,16,5,9121.26,7240.1147
1,37.63,1286,1672,1338,4,2024,6,9,6,821.52,6438.33
4,459.24,1048,1004,803,10,2023,10,10,1,11159.22,28607.13
5,91.26,460,633,506,8,2024,5,24,4,2888.93,4484.0327
2,2044.94,1673,1791,1433,15,2020,11,14,5,29405.95,50242.69
2,2310.2,1783,1194,955,10,2024,11,25,0,82778.12,64888.14
1,21.71,1108,1672,1338,4,2023,5,16,1,5172.96,7656.58
2,1457.84,1227,1791,1433,15,2024,9,6,4,83590.75,59111.46
2,2184.03,1851,1791,1433,15,2024,6,13,3,48939.65,53805.777
5,46.56,348,395,316,5,2024,1,24,2,2980.64,4065.2898
5,57.36,518,633,506,8,2024,12,11,2,7549.6,4282.8857
0,97.89,1043,509,407,3,2023,7,25,1,12600.78,7549.418
5,77.66,464,395,316,5,2023,11,24,4,2352.7,4462.442
5,14.2,474,712,569,9,2024,12,18,2,2636.73,3584.4622
2,2574.36,2022,955,764,8,2023,6,1,3,68979.42,66325.96
2,2861.1,2025,1791,1433,15,2024,11,2,5,41317.12,46921.234
4,1849.43,999,502,402,5,2024,6,19,2,53444.23,34692.9
4,1231.7,764,1004,803,10,2024,12,4,2,35885.86,32704.592
0,260.91,1203,679,543,4,2023,8,4,4,3021.95,8025.883
1,22.08,800,1254,1003,3,2023,11,2,3,1087.96,7665.7983
2,1710.41,1294,836,669,7,2024,12,18,2,27393.34,42659.758
5,41.67,353,474,380,6,2024,8,28,2,7271.58,3416.4272
4,2084.6,895,1004,803,10,2024,11,27,2,46945.25,30111.135
2,1880.49,1332,2389,1911,20,2023,8,25,4,39346.15,44726.36
4,2431.47,1115,1306,1044,13,2024,5,28,1,53704.48,34719.137
4,1600.42,949,1004,803,10,2024,8,12,0,52492.15,32960.0
5,59.11,384,633,506,8,2024,12,14,5,7031.98,4605.8613
2,2261.94,1941,2269,1815,19,2023,12,3,6,37032.79,52255.82
4,501.25,849,603,482,6,2024,5,6,0,50808.37,34693.902
4,2696.52,1146,703,562,7,2024,6,19,2,51467.15,36739.77
2,624.31,1451,1433,1147,12,2023,9,13,2,74344.98,54878.21
0,62.93,1189,1188,950,7,2024,12,11,2,7929.28,6455.9155
1,29.03,1264,418,334,1,2024,12,7,5,4543.36,7646.9077
4,1211.88,812,502,402,5,2024,7,31,2,38170.16,35547.33
0,262.33,879,1527,1221,9,2024,11,9,5,13130.04,6702.746
1,29.14,1061,836,669,2,2024,8,17,5,8758.68,8940.291
1,7.94,993,1254,1003,3,2024,8,20,1,22461.66,8825.051
5,13.56,495,316,253,4,2023,9,30,5,3116.88,4805.6274
0,212.07,1038,848,679,5,2024,12,15,6,4787.46,7706.0864
1,42.9,879,418,334,1,2024,12,6,4,10230.48,7891.185
5,37.7,365,474,380,6,2023,11,7,1,2682.12,4116.274
4,672.03,1087,1306,1044,13,2024,10,10,3,36942.41,34829.812
0,437.11,750,1357,1086,8,2023,7,23,6,13085.88,8275.397
2,4060.61,1556,1194,955,10,2023,12,5,1,70435.5,62849.715
5,53.51,463,712,569,9,2024,9,1,6,3477.34,4480.2524
4,410.07,1061,904,723,9,2024,12,19,3,52673.47,38721.344
3,1543.69,301,175,140,5,2024,12,7,5,37019.09,34619.273
2,4062.81,1801,955,764,8,2024,12,14,5,75630.67,67145.63
4,1438.05,796,1004,803,10,2024,8,23,4,35144.4,34378.63
2,1409.67,2007,2150,1720,18,2024,12,29,6,27736.16,55497.023
2,2271.15,1896,1553,1242,13,2024,7,27,5,64530.51,62625.016
2,2905.31,1331,1194,955,10,2024,6,19,2,71919.79,51023.12
2,2230.34,1681,1075,860,9,2024,12,8,6,33965.6,51524.11
1,32.14,947,1254,1003,3,2024,2,8,3,14501.44,9641.528
0,431.43,862,848,679,5,2024,12,10,1,1303.37,4870.117
0,135.54,1055,1188,950,7,2023,5,24,2,4238.88,6550.2544
2,2848.64,1568,955,764,8,2023,3,19,6,27625.3,46147.01
1,40.33,1276,1672,1338,4,2024,10,22,1,708.48,8223.313
2,2116.87,1521,1433,1147,12,2024,11,9,5,78469.4,64189.47
0,493.63,1257,509,407,3,2023,6,27,1,1311.8,7421.6733
4,624.64,774,803,643,8,2021,6,21,0,12548.94,29986.041
5,67.1,359,474,380,6,2024,4,25,3,3936.21,4515.3525
1,41.23,1168,1254,1003,3,2024,11,15,4,21645.91,10205.396
4,2743.81,996,502,402,5,2024,3,6,2,22109.0,34693.93
0,336.9,1196,1018,814,6,2022,12,18,6,7916.86,7324.781
3,835.02,333,175,140,5,2024,9,5,3,28616.13,33287.125
2,950.42,1517,1553,1242,13,2024,12,1,6,53858.81,61016.6
2,3996.95,1665,1911,1529,16,2024,6,23,6,46862.7,50858.035
4,1955.74,792,1004,803,10,2024,4,24,2,19828.87,26118.377
4,2505.96,908,603,482,6,2023,10,9,0,11861.53,30007.3
4,244.43,666,1205,964,12,2024,12,18,2,37432.31,40803.41
1,41.84,754,418,334,1,2024,3,17,6,3083.0,7667.474
0,215.59,1034,1357,1086,8,2024,7,27,5,2212.08,6072.0693
1,43.32,817,1672,1338,4,2021,9,1,2,3311.72,8252.927
4,1319.8,785,1004,803,10,2024,12,18,2,29233.68,34378.63
0,205.52,1087,1357,1086,8,2024,1,1,0,829.04,6372.0073
3,539.2,387,421,337,12,2024,3,26,1,23718.46,29874.957
4,847.91,1124,904,723,9,2024,8,23,4,25193.12,27166.809
2,1457.41,1719,1433,1147,12,2024,6,18,1,79295.1,62034.453
2,3741.5,1587,955,764,8,2022,8,19,4,46602.01,55383.9
4,413.89,1014,1105,884,11,2024,2,13,1,27332.89,25780.621
2,1200.87,1372,1553,1242,13,2023,4,17,0,62871.96,56446.516
2,2383.21,1703,1911,1529,16,2024,12,29,6,61363.09,57576.965
2,673.88,1299,1194,955,10,2024,12,30,0,56425.65,53637.52
0,131.99,924,509,407,3,2024,10,4,4,7569.6,7591.8633
4,1132.48,1015,1306,1044,13,2024,3,8,4,19181.57,34289.59
4,2520.58,965,1306,1044,13,2024,2,3,5,37387.39,34557.02
4,2567.51,735,904,723,9,2023,8,24,3,38932.68,32159.012
4,624.64,774,803,643,8,2024,12,17,1,12548.94,32049.885
1,49.16,1274,1254,1003,3,2024,12,20,4,3512.26,8280.141
3,1771.26,366,386,309,11,2024,7,1,0,16470.93,35205.105
4,359.88,1070,803,643,8,2023,7,24,0,41559.09,30920.518
0,163.1,946,1527,1221,9,2024,12,19,3,9030.38,6887.327
2,3248.03,1761,2389,1911,20,2023,9,23,5,27512.64,53856.66
4,2482.11,952,703,562,7,2024,11,25,0,28801.34,30614.35
0,131.99,924,509,407,3,2024,3,10,6,7569.6,7433.6772
1,2.44,830,418,334,1,2024,12,24,1,17504.0,6906.1484
2,1418.56,1689,836,669,7,2023,10,23,0,31047.7,45395.395
2,1380.38,1537,2030,1624,17,2023,11,17,4,62484.25,54819.53
2,3317.04,1165,955,764,8,2024,9,4,2,72801.2,66153.13
0,443.94,1073,1018,814,6,2024,11,19,1,2301.4,6376.309
0,476.59,956,1188,950,7,2024,5,2,3,8223.44,6722.6616
2,4219.13,2025,1672,1338,14,2024,8,15,3,67545.4,62710.74
1,16.52,1064,418,334,1,2024,11,18,0,19339.3,11088.943
5,12.52,387,553,443,7,2023,6,11,6,1752.78,4263.952
5,94.96,550,553,443,7,2023,6,1,3,3561.94,4383.445
2,2457.1,1955,2030,1624,17,2023,7,22,5,25226.48,43114.61
4,672.93,668,904,723,9,2024,2,23,4,18900.12,32828.316
2,2980.51,1866,1314,1051,11,2023,3,7,1,30532.06,48673.15
2,1118.98,1267,1672,1338,14,2024,12,20,4,25490.43,55578.2
0,274.47,968,1357,1086,8,2023,12,10,6,13334.4,6657.263
0,302.8,882,509,407,3,2023,10,8,6,4985.9,6845.0703
0,57.78,1177,1527,1221,9,2023,6,11,6,6031.3,6358.2935
5,75.74,398,553,443,7,2024,10,3,3,2668.9,4165.851
5,10.86,349,553,443,7,2024,10,28,0,2894.26,3643.7185
2,2638.89,1632,2150,1720,18,2023,6,6,1,29371.0,49344.223
2,1525.84,1955,2269,1815,19,2024,11,23,5,64122.79,57564.83
2,3247.98,2032,2150,1720,18,2024,3,22,4,37482.65,50551.273
1,14.26,1136,1672,1338,4,2024,8,17,5,2458.92,5983.864
0,79.88,1000,1018,814,6,2022,6,25,5,8450.62,6985.933
0,133.21,874,1188,950,7,2023,1,26,3,19229.0,6692.152
4,2169.18,895,703,562,7,2022,1,5,2,44614.23,29439.465
0,403.02,1009,1357,1086,8,2024,9,9,0,3790.4,6267.739
1,3.24,1127,418,334,1,2024,7,22,0,1232.0,5508.5254
0,468.56,795,1018,814,6,2023,4,5,2,2637.33,5525.6953
4,2145.81,750,803,643,8,2024,4,3,2,24469.05,27772.988
0,151.95,851,509,407,3,2023,6,27,1,3774.52,6789.032
2,1098.13,1223,1672,1338,14,2024,7,9,1,80275.57,55008.043
2,3545.04,1496,2389,1911,20,2024,2,16,4,65061.69,66058.25
0,485.55,976,1018,814,6,2024,3,30,5,7001.76,6676.0547
5,84.95,438,316,253,4,2024,9,29,6,9320.73,4472.5444
4,550.05,984,1205,964,12,2023,6,23,4,12929.62,28234.314
2,4147.39,1852,1314,1051,11,2024,11,17,6,29385.69,44428.086
0,291.62,1204,509,407,3,2023,11,4,5,12277.28,7576.401
0,302.8,882,509,407,3,2024,10,26,5,4985.9,6847.961
4,500.36,775,502,402,5,2024,10,6,6,23805.84,29459.525
4,492.9,895,1004,803,10,2024,11,9,5,49050.1,38388.906
4,494.85,993,803,643,8,2024,9,27,4,31915.49,34232.574
0,179.7,1116,848,679,5,2020,9,23,2,4491.08,7434.8677
5,19.12,446,395,316,5,2023,10,28,5,2367.26,4034.8408
0,345.44,1090,1357,1086,8,2024,10,20,6,1535.64,6106.4995
3,997.15,253,386,309,11,2024,3,20,2,27999.6,36529.48
4,2623.27,741,1205,964,12,2020,10,13,1,41565.88,35363.61
0,92.45,1184,1527,1221,9,2024,10,29,1,835.4,6383.9604
4,1808.95,818,803,643,8,2023,7,27,3,30833.74,33034.68
4,2112.19,894,803,643,8,2024,10,12,5,25166.55,30288.938
0,290.24,1279,679,543,4,2024,10,23,2,13774.36,8039.757
4,2227.44,759,1105,884,11,2024,10,3,3,15781.46,26564.484
4,1093.11,923,603,482,6,2024,9,11,2,43535.83,34846.66
5,36.25,584,316,253,4,2023,9,24,6,1262.95,4150.629
3,1299.74,370,456,365,13,2024,11,28,3,98607.14,69812.805
4,443.57,1018,803,643,8,2024,2,20,1,43090.14,33783.434
2,3466.5,1694,1911,1529,16,2024,3,4,0,55948.58,58722.83
1,49.34,840,836,669,2,2021,7,15,3,4274.52,7940.1255
4,1405.81,1133,603,482,6,2024,10,27,6,53943.45,31752.842
0,376.41,1290,848,679,5,2024,5,26,6,4249.54,7469.0845
4,2047.49,1058,502,402,5,2023,10,18,2,8630.82,27817.986
4,2118.7,906,1205,964,12,2024,12,30,0,28285.73,28502.762
1,41.23,1168,1254,1003,3,2024,8,17,5,21645.91,10179.7295
2,1930.41,2003,2030,1624,17,2023,6,14,2,75096.83,60857.01
3,2124.23,262,281,224,8,2024,11,16,5,60505.54,46770.453
0,160.16,865,679,543,4,2024,12,11,2,6790.76,5218.895
3,2163.98,370,316,253,9,2024,1,13,5,58189.12,36559.414
2,3422.66,1682,955,764,8,2023,11,18,5,37007.58,51340.55
3,1185.61,311,386,309,11,2024,10,16,2,34796.31,43588.918
0,56.22,1052,509,407,3,2024,12,11,2,7239.28,7807.949
1,3.04,1252,1254,1003,3,2024,5,20,0,16066.89,11191.219
4,1103.3,667,603,482,6,2024,12,28,5,12955.08,34304.777
5,46.27,454,395,316,5,2024,10,28,0,5731.71,5010.2373
2,1857.03,1775,1194,955,10,2024,4,28,6,68935.81,55481.816
2,3423.41,1576,1911,1529,16,2024,8,17,5,33797.53,52702.723
2,4193.72,1974,2150,1720,18,2024,3,8,4,63604.42,57877.71
5,95.55,498,237,190,3,2023,10,6,4,483.32,4220.479
4,361.44,1028,904,723,9,2023,12,25,0,13286.72,28888.352
4,2069.3,697,703,562,7,2024,8,14,2,23396.73,30062.787
3,524.14,254,245,196,7,2024,8,31,5,26625.05,30181.281
4,1781.2,1098,1105,884,11,2023,11,19,6,36169.79,29363.34
2,1368.34,1797,2030,1624,17,2024,11,9,5,37031.39,44757.684
2,3431.35,1859,1194,955,10,2024,2,27,1,70745.47,52502.434
0,266.92,1051,509,407,3,2023,1,22,6,3567.9,6558.7935
1,42.31,1203,1672,1338,4,2024,9,9,0,15933.4,8165.8755
2,1035.76,1508,1911,1529,16,2024,9,6,4,66683.78,58432.918
0,433.42,928,1527,1221,9,2022,7,14,3,3407.57,6521.9165
2,3577.37,1365,1314,1051,11,2024,7,21,6,72875.88,58686.406
2,1930.41,2003,2030,1624,17,2024,2,6,1,75096.83,61226.33
2,2214.82,1813,1553,1242,13,2024,1,3,2,69400.85,69988.61
4,2197.14,860,1306,1044,13,2024,12,22,6,50752.1,33724.586
4,1202.68,1036,803,643,8,2022,9,8,3,18035.19,31754.092
4,1038.25,781,603,482,6,2024,8,25,6,39044.59,33391.29
3,525.9,349,456,365,13,2024,12,10,1,16363.07,21326.334
2,4112.96,1978,955,764,8,2024,11,25,0,70003.6,59705.086
3,997.15,253,386,309,11,2023,6,26,0,27999.6,36652.605
0,308.76,1120,1018,814,6,2024,12,13,4,7405.8,6481.42
0,291.88,1185,1357,1086,8,2023,1,9,0,6990.54,7058.062
0,437.01,758,1018,814,6,2024,11,22,4,2622.68,6226.6445
0,46.01,796,848,679,5,2024,3,1,4,17622.8,7386.552
0,64.79,1028,1018,814,6,2024,5,28,1,2423.03,6410.652
0,266.92,1051,509,407,3,2023,7,2,6,3567.9,6610.382
4,1270.24,1056,502,402,5,2024,12,10,1,50331.6,32329.062
2,2214.18,1335,1672,1338,14,2024,10,23,2,76692.42,57984.24
5,11.34,420,633,506,8,2024,8,9,4,813.9,4287.814
0,221.26,811,848,679,5,2023,10,1,6,1879.62,7513.353
0,231.6,1039,509,407,3,2024,6,21,4,4718.66,7480.6387
2,2369.66,1568,1075,860,9,2024,11,12,1,58871.05,47446.297
2,3614.54,1758,1194,955,10,2023,8,5,5,39197.15,56645.99
3,1948.43,356,175,140,5,2022,4,27,2,37693.31,44361.523
2,3093.4,1308,1672,1338,14,2024,12,29,6,51791.51,52165.8
1,22.39,948,418,334,1,2024,6,17,0,8963.11,7816.849
2,2532.7,1862,955,764,8,2024,5,29,2,67395.04,57860.52
2,1825.4,1155,1553,1242,13,2024,9,11,2,59651.52,50579.7
4,2700.73,877,803,643,8,2024,11,1,4,49207.55,39704.434
2,1277.93,1223,836,669,7,2024,9,25,2,72394.45,54348.316
5,23.49,527,712,569,9,2024,8,9,4,4283.52,4530.9053
1,4.19,1035,1672,1338,4,2023,9,25,0,4763.77,7469.276
0,97.43,1115,679,543,4,2024,10,9,2,19967.96,7434.8677
1,27.15,1120,836,669,2,2024,4,4,3,8817.44,8661.669
2,2756.35,1220,1433,1147,12,2024,10,11,4,36492.17,48989.094
4,1550.84,1147,1306,1044,13,2024,5,11,5,50656.03,43590.38
4,2507.89,1130,1306,1044,13,2024,12,22,6,8704.76,30418.84
2,3972.55,1315,836,669,7,2024,3,2,5,82370.12,64303.33
4,2565.61,676,703,562,7,2024,11,28,3,45189.23,35881.797
2,3182.69,1346,955,764,8,2024,10,15,1,51434.83,52817.78
4,2226.7,1081,603,482,6,2024,10,2,2,40142.62,29154.252
0,259.37,1255,509,407,3,2024,12,30,0,8602.76,7779.0005
2,3993.0,1343,2389,1911,20,2024,12,4,2,53337.4,57349.613
5,44.16,551,316,253,4,2024,12,26,3,9474.75,5324.8784
4,970.07,943,803,643,8,2024,12,23,0,11505.67,29865.646
0,393.16,1112,509,407,3,2024,12,22,6,2518.32,6266.9263
0,146.98,1256,679,543,4,2024,5,5,6,1963.92,7304.192
4,946.91,1078,1205,964,12,2023,7,13,3,40237.08,33787.504
4,2537.91,723,703,562,7,2023,12,31,6,53831.81,40874.113
2,3837.52,1764,2030,1624,17,2024,5,12,6,32300.39,51011.977
5,64.85,401,316,253,4,2024,7,30,1,8631.84,4140.2495
0,266.92,1051,509,407,3,2024,3,26,1,3567.9,6788.4023
4,361.44,1028,904,723,9,2024,10,20,6,13286.72,27838.002
3,2313.87,335,316,253,9,2024,2,18,6,34064.73,40563.824
4,822.66,823,703,562,7,2023,6,20,1,25480.01,34051.496
2,3709.04,1234,1672,1338,14,2023,8,5,5,48431.05,51281.055
4,2131.54,974,1004,803,10,2024,12,14,5,14157.14,27063.645
4,404.5,1082,502,402,5,2024,1,18,3,40572.39,37815.86
2,3316.78,1185,2150,1720,18,2024,12,26,3,84046.48,63675.48
4,466.22,769,1004,803,10,2024,1,16,1,31840.95,34273.6
2,2771.19,1268,2150,1720,18,2024,4,17,2,82039.25,61826.99
2,2499.57,1310,955,764,8,2024,12,21,5,41301.9,52808.945
3,2347.97,302,245,196,7,2024,12,14,5,19060.76,28022.994
2,1271.77,2024,2150,1720,18,2024,4,6,5,45475.16,53521.098
0,193.26,1179,679,543,4,2024,9,1,6,3176.69,7304.192
4,2368.82,841,1205,964,12,2024,11,14,3,52997.78,38710.453
2,1032.59,1661,1075,860,9,2024,7,24,2,72732.41,45519.387
0,143.84,769,1527,1221,9,2024,12,29,6,3177.12,5707.3384
5,92.66,339,633,506,8,2023,10,6,4,512.35,3608.5454
0,231.87,1210,679,543,4,2024,11,13,2,11880.99,8985.18
2,1395.07,1594,1433,1147,12,2023,3,10,4,83434.98,55140.266
4,256.74,667,1004,803,10,2023,12,26,1,10437.56,29488.848
4,791.55,938,603,482,6,2023,6,21,2,12215.08,30226.186
2,3853.92,1746,955,764,8,2024,1,5,4,54110.67,57168.74
2,3748.13,1305,2030,1624,17,2023,11,30,3,41660.59,58464.094
4,1082.0,1035,603,482,6,2024,12,28,5,28358.29,35370.867
2,2783.73,1705,2150,1720,18,2024,8,9,4,25054.45,36981.977
0,305.29,1029,1357,1086,8,2024,8,27,1,2564.44,5756.3066
2,4048.16,2050,2389,1911,20,2024,11,27,2,66999.27,60298.938
5,70.68,432,633,506,8,2022,3,23,2,624.72,4484.0327
2,3790.69,2043,1791,1433,15,2024,9,17,1,47762.52,48920.38
0,248.52,978,1357,1086,8,2023,9,6,2,3059.93,7537.217
2,1043.92,1937,1433,1147,12,2024,4,5,4,56941.23,52028.656
2,1912.95,1477,1672,1338,14,2024,12,26,3,48767.37,52818.664
3,2146.27,328,245,196,7,2024,9,10,1,13873.44,33021.637
2,1310.21,1723,1553,1242,13,2024,12,22,6,37615.71,55215.434
4,1896.82,954,703,562,7,2024,2,22,3,27268.65,34434.637
0,425.73,1197,679,543,4,2024,9,6,4,5920.46,7852.554
4,2033.54,862,703,562,7,2024,8,13,1,12709.62,25318.408
4,1658.29,949,1004,803,10,2024,2,23,4,54372.25,33317.98
0,40.59,800,1527,1221,9,2024,7,28,6,9888.34,7111.701
5,32.12,555,237,190,3,2024,12,30,0,1825.47,4210.685
2,3262.4,2034,836,669,7,2024,7,17,2,74508.89,72280.664
5,22.75,400,474,380,6,2023,3,29,2,5838.63,3725.4058
1,9.04,1129,1672,1338,4,2023,6,19,0,3073.14,6163.9214
4,936.4,773,904,723,9,2024,3,13,2,28736.58,32090.94
2,3392.08,1383,1194,955,10,2024,12,30,0,37462.09,51065.754
0,486.42,756,679,543,4,2024,5,2,3,1035.8,7173.7627
4,1478.02,745,1306,1044,13,2023,11,28,1,43208.89,34125.76
2,3980.07,1251,1433,1147,12,2024,7,19,4,68900.07,59729.855
0,205.52,1087,1357,1086,8,2024,3,28,3,829.04,6328.4424
4,716.93,975,603,482,6,2023,7,11,1,12303.84,29493.445
2,2811.33,1239,1911,1529,16,2024,7,8,0,49534.75,52414.81
2,2400.37,1452,1791,1433,15,2024,10,9,2,34448.93,47064.816
4,547.18,977,1306,1044,13,2021,8,25,2,31221.38,30941.463
4,1507.49,668,1306,1044,13,2024,3,3,6,38911.93,34600.04
3,618.88,265,175,140,5,2024,6,15,5,82461.18,50742.965
2,629.69,1842,2030,1624,17,2024,6,24,0,74541.04,69530.88
3,618.88,265,175,140,5,2023,12,18,0,82461.18,53552.027
5,66.45,492,553,443,7,2024,12,28,5,2473.08,4329.188
5,38.53,565,633,506,8,2024,7,31,2,2215.68,4107.3516
3,2499.61,263,386,309,11,2024,10,8,1,39916.78,37097.375
0,160.38,759,1357,1086,8,2024,7,1,0,6800.96,6095.925
2,1079.59,1921,1553,1242,13,2024,12,27,4,68925.31,58079.867
1,27.82,1148,418,334,1,2024,12,30,0,18401.79,9347.8125
2,3221.12,1933,955,764,8,2024,12,1,6,76423.82,63654.316
5,97.58,396,316,253,4,2024,9,1,6,667.92,3686.3801
2,2907.32,1628,2269,1815,19,2023,12,8,4,80871.08,68605.125
4,2670.19,801,1105,884,11,2023,10,25,2,25876.04,28363.834
4,312.73,1053,703,562,7,2024,12,9,0,27750.71,30252.03
0,42.73,1181,1188,950,7,2023,11,27,0,4537.2,7341.4062
2,3370.09,1577,955,764,8,2022,2,10,3,58008.28,52449.473
4,443.57,1018,803,643,8,2024,9,27,4,43090.14,33837.914
5,70.0,436,553,443,7,2024,12,22,6,3623.65,4454.1284
1,7.45,915,836,669,2,2022,8,9,1,11682.66,8546.411
0,247.49,932,1188,950,7,2022,9,2,4,6614.16,8094.2065
3,518.69,231,421,337,12,2024,12,25,2,92556.78,87320.93
4,970.07,943,803,643,8,2024,7,2,1,11505.67,29909.21
2,2028.69,1795,2269,1815,19,2024,12,11,2,63666.14,54749.625
1,31.32,798,418,334,1,2022,3,17,3,1947.66,7740.353
2,2158.8,1954,1314,1051,11,2022,11,21,0,56649.26,46274.477
0,103.86,1007,848,679,5,2024,12,26,3,5136.87,7562.525
2,665.21,1165,1672,1338,14,2024,11,3,6,78330.47,72941.53
2,3579.87,1674,1433,1147,12,2024,2,9,4,52219.74,55272.867
2,2231.05,1671,1314,1051,11,2023,2,16,3,42757.43,51399.254
4,245.29,1013,1105,884,11,2024,10,8,1,29571.52,33950.523
4,1319.8,785,1004,803,10,2021,10,17,6,29233.68,33414.785
3,374.09,344,281,224,8,2024,7,29,0,19828.62,27163.168
5,19.84,397,237,190,3,2024,7,4,3,3258.72,4034.984
4,739.38,902,1004,803,10,2024,12,30,0,9388.21,31274.799
2,1776.12,1538,836,669,7,2024,11,14,3,49542.71,48053.965
2,3393.82,1333,2389,1911,20,2023,12,11,0,29124.53,44931.535
4,1660.55,1042,603,482,6,2024,5,16,3,52285.67,33204.023
0,241.08,1169,1357,1086,8,2024,8,23,4,18638.64,8990.165
2,3996.84,1521,836,669,7,2023,8,26,5,36791.13,50031.516
2,1134.33,1856,1911,1529,16,2024,12,20,4,73010.89,58570.246
5,41.22,570,316,253,4,2022,12,5,0,7601.42,4463.6035
1,23.36,1157,1672,1338,4,2023,4,12,2,4257.03,7244.3037
4,2619.43,748,703,562,7,2024,3,21,3,45931.28,35085.375
1,29.14,1061,836,669,2,2024,7,26,4,8758.68,8965.958
4,1198.14,753,1105,884,11,2024,7,7,6,53395.22,35284.664
4,2643.1,1022,703,562,7,2024,6,2,6,41393.71,32701.725
4,1664.34,830,1205,964,12,2024,4,23,1,50128.42,33660.367
0,345.95,969,509,407,3,2024,6,18,1,1844.55,7058.284
4,2262.96,794,1105,884,11,2023,9,26,1,30624.86,31187.875
0,25.27,1204,1357,1086,8,2024,6,8,5,2697.24,5864.7524
2,1702.49,1791,955,764,8,2024,12,18,2,61635.03,54512.273
0,186.42,1164,509,407,3,2024,12,4,2,18558.72,9754.41
1,5.66,1072,418,334,1,2023,12,18,0,10248.81,8991.223
5,24.91,412,553,443,7,2023,6,28,2,3191.46,3956.1006
2,1582.29,1345,2150,1720,18,2024,8,1,3,53314.18,55759.184
1,40.92,1121,836,669,2,2023,10,12,3,1183.89,8687.26
2,743.64,1228,2030,1624,17,2024,9,11,2,61062.54,55597.945
0,314.44,830,1188,950,7,2024,9,29,6,4333.8,6171.085
4,421.21,1120,1105,884,11,2022,10,25,1,16422.81,22642.645
4,1167.2,1118,1105,884,11,2024,12,18,2,32190.71,29048.438
2,3305.86,1304,1314,1051,11,2024,12,25,2,48222.13,53585.777
2,1061.77,1176,2150,1720,18,2023,10,27,4,53357.63,57837.75
2,3706.9,1563,1911,1529,16,2023,2,21,1,63983.8,56725.234
2,1672.04,1571,2389,1911,20,2023,10,1,6,37166.06,42667.94
4,302.27,658,1004,803,10,2024,12,19,3,26400.49,28832.535
2,1529.25,1248,1314,1051,11,2024,9,28,5,65292.2,60628.93
4,1765.69,799,1306,1044,13,2024,1,15,0,15450.72,27865.316
4,370.38,1070,904,723,9,2024,2,17,5,32380.78,29542.55
0,173.82,904,509,407,3,2023,7,4,1,4871.2,7816.662
4,2441.31,1065,1205,964,12,2023,11,13,0,8369.67,25333.262
4,712.01,1026,1105,884,11,2024,7,19,4,41242.43,34198.402
0,289.35,943,1357,1086,8,2023,11,29,2,8800.56,6717.4053
1,20.11,868,418,334,1,2024,12,14,5,8724.4,5857.662
1,34.22,1220,836,669,2,2024,6,27,3,7521.96,7972.3784
3,350.73,265,210,168,6,2023,12,15,4,14883.43,20611.951
3,1208.7,269,421,337,12,2024,12,12,3,19460.88,35961.34
4,2348.5,1154,1306,1044,13,2024,12,31,1,45852.6,44597.45
1,14.1,1110,418,334,1,2024,3,13,2,8854.38,8487.717
0,81.04,1078,1527,1221,9,2024,6,4,1,1676.36,6404.736
4,1231.7,764,1004,803,10,2024,10,5,5,35885.86,32534.078
0,314.63,795,509,407,3,2022,10,27,3,2730.52,6743.1797
0,455.25,1224,1018,814,6,2023,10,7,5,10370.6,7838.6694
4,1329.93,711,1306,1044,13,2024,8,21,2,32743.28,33880.777
4,1320.65,661,502,402,5,2024,12,11,2,30944.59,32885.72
4,662.56,681,1004,803,10,2023,3,5,6,34651.33,33186.633
5,56.69,548,316,253,4,2024,10,12,5,2897.86,4240.1147
2,1612.14,1331,2150,1720,18,2024,12,21,5,36113.95,54866.1
4,760.39,835,703,562,7,2024,10,6,6,33364.64,36224.875
2,3942.03,1389,2030,1624,17,2021,2,27,5,80220.73,68452.52
2,1765.28,1231,1194,955,10,2024,6,20,3,34728.72,46725.305
4,1198.14,753,1105,884,11,2023,8,12,5,53395.22,35054.08
1,40.92,1121,836,669,2,2023,7,6,3,1183.89,8730.825
0,90.77,1123,1527,1221,9,2024,8,12,0,6595.74,6545.983
4,847.91,1124,904,723,9,2024,11,6,2,25193.12,27210.373
5,43.33,512,633,506,8,2024,12,18,2,1247.07,4781.9473
2,922.41,1167,1314,1051,11,2023,5,3,2,57069.78,54119.773
4,2032.89,773,1105,884,11,2023,5,25,3,8284.69,23263.916
0,447.53,1008,1018,814,6,2024,12,14,5,8197.44,6770.014
5,90.52,580,237,190,3,2024,11,5,1,3802.35,4219.0386
0,138.08,1264,1527,1221,9,2022,12,27,1,4369.86,6558.103
2,2803.57,2045,2389,1911,20,2024,12,11,2,64994.31,58375.24
5,44.37,527,316,253,4,2023,8,2,2,3673.77,4866.7944
1,47.47,893,1672,1338,4,2024,11,11,0,9121.8,7927.9883
0,100.05,1150,848,679,5,2022,10,28,4,2383.88,7446.5093
2,3895.82,1685,2269,1815,19,2023,4,2,6,73178.18,61454.33
0,491.12,1239,679,543,4,2023,6,1,3,4380.2,7793.1245
0,289.35,943,1357,1086,8,2024,6,5,2,8800.56,6944.2817
2,1860.6,1328,1194,955,10,2024,7,12,4,45977.12,52565.957
4,415.49,826,1105,884,11,2023,7,27,3,16898.09,24038.863
5,78.25,489,395,316,5,2024,4,16,1,8997.57,4462.442
2,3018.87,1909,1553,1242,13,2024,12,11,2,47508.98,55283.992
2,1825.21,1235,2389,1911,20,2024,8,4,6,31357.1,38809.758
4,1777.65,1050,603,482,6,2024,11,28,3,29232.83,28557.002
2,1660.33,1169,1911,1529,16,2024,4,26,4,31080.34,50382.777
3,1304.84,390,210,168,6,2024,12,3,1,45666.79,49817.523
2,3825.08,1646,1075,860,9,2024,3,31,6,34000.83,46793.99
4,2123.32,1141,904,723,9,2024,8,12,0,36936.67,29231.865
2,2521.3,1398,1911,1529,16,2024,10,18,4,77543.89,58172.805
5,57.12,371,474,380,6,2024,12,26,3,8586.45,4093.7556
1,41.04,838,836,669,2,2024,10,20,6,3373.26,7535.5273
2,2865.35,2027,2150,1720,18,2024,12,20,4,25297.16,36807.133
5,70.91,594,553,443,7,2024,1,20,5,11836.89,4357.8457
4,622.93,1102,904,723,9,2021,9,5,6,48972.19,36763.816
3,1012.94,250,386,309,11,2024,7,24,2,44439.26,38023.89
0,341.84,1058,509,407,3,2024,7,6,5,2153.49,6640.2817
2,1380.38,1537,2030,1624,17,2022,10,6,3,62484.25,54965.242
3,2049.62,329,175,140,5,2021,4,14,2,24698.59,29767.035
2,3576.21,1428,955,764,8,2024,6,15,5,77969.55,60462.457
1,13.57,1215,418,334,1,2024,6,18,1,1317.4,6059.5703
4,369.06,1006,1205,964,12,2023,9,17,6,27568.18,30111.555
2,3747.79,1289,1553,1242,13,2024,12,30,0,74293.6,62490.953
0,425.67,1107,679,543,4,2024,2,26,0,2281.81,6814.4814
3,2334.22,247,386,309,11,2023,4,2,6,40772.58,36485.74
3,1204.01,298,210,168,6,2024,3,10,6,68449.3,54737.652
2,3895.82,1685,2269,1815,19,2022,9,28,2,73178.18,60661.562
2,3783.26,1790,1314,1051,11,2024,10,12,5,37392.93,51352.29
2,1678.23,1331,1791,1433,15,2024,5,16,3,35392.43,52788.957
2,1567.14,1295,955,764,8,2024,7,27,5,53073.68,53995.14
3,1241.26,351,316,253,9,2024,12,17,1,38321.43,43531.168
2,4174.33,2032,2269,1815,19,2024,7,6,5,31262.48,41523.14
1,26.74,884,836,669,2,2022,9,7,2,14947.24,8107.3696
3,1199.1,392,245,196,7,2024,2,1,3,19988.26,34576.062
3,768.47,380,316,253,9,2024,12,27,4,11409.29,31206.492
4,1055.48,1005,703,562,7,2021,2,20,5,15398.44,30934.016
0,262.33,879,1527,1221,9,2024,12,19,3,13130.04,6762.888
0,132.75,794,679,543,4,2022,1,5,2,4364.66,7018.7803
2,869.69,1843,955,764,8,2024,12,19,3,29567.47,36436.223
2,804.0,1256,836,669,7,2024,10,12,5,42186.46,54008.625
0,469.73,1151,1357,1086,8,2023,1,21,5,10705.77,7355.667
4,2357.7,654,904,723,9,2024,12,21,5,17217.5,26961.732
0,164.48,1169,679,543,4,2023,9,2,5,16265.28,9888.495
1,8.52,1314,1254,1003,3,2024,10,21,0,671.1,6570.6455
4,2714.5,1048,1205,964,12,2023,8,30,2,48170.68,32541.955
5,73.28,567,553,443,7,2024,5,22,2,6350.74,4242.511
0,338.0,760,679,543,4,2023,4,6,3,2381.29,6463.844
5,64.76,556,237,190,3,2024,12,27,4,708.26,4303.0615
0,360.84,1074,1527,1221,9,2024,12,12,3,8196.81,6107.5254
2,2360.72,1769,1791,1433,15,2024,4,25,3,40613.66,52079.344
1,11.35,1217,1672,1338,4,2024,9,18,2,5716.34,6703.935
2,1022.48,1942,1433,1147,12,2024,8,29,3,27323.48,42625.867
4,370.38,1070,904,723,9,2024,1,3,2,32380.78,29611.783
4,1899.39,843,502,402,5,2024,12,4,2,48055.75,35136.734
4,1487.58,1107,502,402,5,2024,3,6,2,37079.0,35840.273
0,198.34,1180,679,543,4,2024,7,25,3,7316.16,7329.859
3,1063.21,305,386,309,11,2024,7,29,0,24998.04,31654.537
3,1065.44,221,245,196,7,2024,12,21,5,23666.55,28471.139
1,36.43,1172,1672,1338,4,2024,12,5,3,25603.37,11019.25
4,1263.64,941,502,402,5,2024,6,1,5,37852.25,31603.611
1,5.69,806,1254,1003,3,2024,1,23,1,8592.76,7864.1763
2,1914.74,1652,1911,1529,16,2024,8,9,4,27826.24,49108.42
3,1953.34,279,386,309,11,2024,12,21,5,45501.47,39452.21
2,3573.23,1569,2150,1720,18,2022,1,13,3,36321.41,53231.375
5,43.24,387,237,190,3,2023,4,1,5,5911.26,4344.2056
0,92.89,1155,1018,814,6,2022,10,30,6,2409.12,6772.9106
0,114.72,846,509,407,3,2022,1,7,4,9420.4,7179.944
2,2852.02,1691,1911,1529,16,2023,7,5,2,71230.19,54539.234
3,2162.09,272,281,224,8,2024,8,29,3,29616.36,35961.848
2,1806.79,1513,1553,1242,13,2024,11,12,1,27985.25,49647.457
2,4221.64,1373,1553,1242,13,2024,8,19,0,64611.67,57641.766
4,2277.78,1106,1306,1044,13,2023,10,12,3,9175.62,30996.613
4,877.56,1033,803,643,8,2023,12,26,1,53481.5,36954.336
2,1022.48,1942,1433,1147,12,2023,10,29,6,27323.48,42758.51
4,2297.74,857,1205,964,12,2024,9,5,3,33639.56,29232.037
5,50.93,400,474,380,6,2024,10,21,0,11574.84,4234.318
4,1701.65,747,1205,964,12,2023,10,30,0,11685.86,24907.754
2,1135.19,1685,1194,955,10,2024,12,17,1,49473.94,47625.39
0,239.98,1274,1018,814,6,2024,12,23,0,14748.96,9238.412
5,13.12,354,633,506,8,2022,12,26,0,6278.82,4382.6885
2,2985.57,1868,1194,955,10,2024,8,11,6,25654.06,48869.727
2,1449.58,1568,955,764,8,2024,11,14,3,28689.77,44930.734
5,69.44,499,633,506,8,2023,8,15,1,1555.56,4282.8857
2,3636.24,1340,2389,1911,20,2024,12,9,0,25512.34,48385.668
5,90.44,356,712,569,9,2024,5,25,5,9303.42,4572.0513
1,37.85,1157,418,334,1,2024,11,14,3,2619.61,8622.395
2,3830.14,1702,1433,1147,12,2024,12,26,3,28018.15,51502.176
0,313.61,738,1018,814,6,2024,12,18,2,13515.66,8454.881
4,1736.59,824,1205,964,12,2024,11,21,3,54462.8,33654.57
1,39.47,988,836,669,2,2023,9,25,0,11583.95,8783.82
5,82.43,375,712,569,9,2024,8,29,3,1820.06,4310.2314
0,499.83,1250,679,543,4,2024,9,29,6,5687.25,7424.628
2,3160.58,1986,2389,1911,20,2024,9,28,5,80800.35,70211.9
1,32.3,1302,1672,1338,4,2024,9,10,1,4348.52,7625.988
1,12.48,746,418,334,1,2024,12,23,0,5692.26,6966.4414
0,318.61,1096,679,543,4,2022,9,3,5,8192.36,6896.101
0,155.88,1159,848,679,5,2022,9,26,0,18449.12,9914.162
0,124.88,860,509,407,3,2023,3,14,1,1430.26,5210.286
1,31.67,1120,1672,1338,4,2024,12,24,1,1983.51,8125.797
0,494.48,1046,1357,1086,8,2024,5,4,5,6870.04,6155.4966
0,152.5,843,1018,814,6,2024,12,21,5,2458.64,6283.3516
0,420.64,1100,1357,1086,8,2024,7,9,1,2958.93,6146.9937
4,2245.37,837,1105,884,11,2024,6,25,1,35566.19,30020.762
4,1600.42,949,1004,803,10,2024,8,27,1,52492.15,32960.0
4,1144.66,1060,1306,1044,13,2024,9,4,2,53803.12,38031.793
2,2227.45,2032,2150,1720,18,2024,10,9,2,79903.66,70575.15
2,3170.87,1213,1314,1051,11,2024,7,19,4,28637.79,40437.832
5,51.75,454,553,443,7,2024,11,25,0,9421.77,4743.9707
2,2840.45,1625,2389,1911,20,2024,12,3,1,79108.41,68941.31
3,1208.7,269,421,337,12,2024,7,31,2,19460.88,35961.34
4,1810.36,1081,1004,803,10,2024,5,29,2,24932.19,29435.219
2,2346.56,1296,1433,1147,12,2024,7,15,0,51189.84,53936.96
4,1140.55,1028,1306,1044,13,2023,11,25,5,38275.73,40264.438
2,2184.03,1851,1791,1433,15,2024,12,23,0,48939.65,53805.777
0,193.78,889,848,679,5,2023,4,12,2,14164.02,7082.769
1,16.5,1127,1672,1338,4,2023,11,11,5,11704.08,8033.293
0,215.89,1272,509,407,3,2024,12,14,5,13110.96,8199.317
0,248.52,978,1357,1086,8,2022,10,29,5,3059.93,7436.4004
2,3981.0,1566,2150,1720,18,2024,12,15,6,34311.22,47847.195
2,1906.55,1830,1194,955,10,2024,7,24,2,47965.48,48213.254
0,62.51,829,1357,1086,8,2023,9,18,0,4638.12,6133.752
0,235.85,871,509,407,3,2024,12,11,2,16034.0,8786.069
2,3353.44,2039,1672,1338,14,2023,8,30,2,38998.76,49582.375
4,461.14,749,1205,964,12,2024,12,22,6,51708.49,39935.633
4,1282.49,1131,1306,1044,13,2023,8,3,3,54874.48,39164.17
2,1939.21,1675,1791,1433,15,2024,7,29,0,36500.68,51119.016
2,1899.4,1511,1911,1529,16,2024,11,14,3,70516.56,57435.33
4,1543.01,802,603,482,6,2024,9,10,1,41338.26,33291.418
3,713.61,379,210,168,6,2024,5,29,2,31269.1,34595.613
0,373.41,1228,1357,1086,8,2024,3,6,2,2581.32,6748.143
5,97.58,490,237,190,3,2024,10,6,6,3257.4,4351.999
3,1865.37,350,456,365,13,2024,3,28,3,50481.36,44876.168
4,1438.05,796,1004,803,10,2024,7,11,3,35144.4,34378.63
0,106.52,1067,1357,1086,8,2024,10,14,0,6614.22,6198.1094
4,2084.58,708,703,562,7,2024,11,20,2,26213.79,30062.787
4,1120.42,871,1205,964,12,2024,7,3,2,10547.95,31327.062
1,16.48,1105,1254,1003,3,2024,12,31,1,2375.52,8412.048
4,2340.51,1146,1306,1044,13,2024,12,28,5,48451.22,41838.363
5,59.35,566,237,190,3,2024,1,6,5,1237.13,4150.0317
0,247.99,850,1018,814,6,2024,6,4,1,2851.06,7003.905
2,2499.06,1781,1911,1529,16,2024,12,24,1,64964.81,51027.17
2,2020.92,1754,2150,1720,18,2024,5,27,0,58146.95,54792.723
2,3656.39,1606,1075,860,9,2024,12,30,0,34894.69,52602.312
4,2178.98,811,803,643,8,2022,11,23,2,53253.16,29899.393
4,2482.5,899,1105,884,11,2024,4,26,4,24768.52,29251.332
0,352.35,1298,509,407,3,2024,12,13,4,4415.64,7659.507
2,2322.07,1943,1911,1529,16,2024,7,11,3,26153.41,47411.816
5,83.1,447,553,443,7,2024,5,6,0,3197.69,4612.984
2,3634.52,1838,1553,1242,13,2024,4,13,5,61262.42,65086.93
0,461.02,1241,1018,814,6,2024,12,3,1,8721.12,7972.6606
2,3647.54,1240,1791,1433,15,2020,4,26,6,31670.51,47214.7
4,1678.28,1027,803,643,8,2023,1,6,4,36273.61,32059.062
2,1609.88,1269,1075,860,9,2024,12,12,3,69889.44,56780.836
4,1617.95,722,502,402,5,2023,7,19,2,24954.13,30549.316
2,3752.54,1704,2269,1815,19,2024,3,16,5,75278.21,64564.46
3,1402.72,288,351,281,10,2024,9,27,4,39473.57,39555.66
1,9.04,1129,1672,1338,4,2023,3,17,4,3073.14,6109.4424
2,3117.22,1342,2030,1624,17,2021,2,24,2,36977.38,50885.246
5,78.52,342,712,569,9,2024,7,1,0,6955.35,4064.9407
1,2.01,1261,418,334,1,2024,11,11,0,5722.09,6861.002
4,1065.28,719,502,402,5,2023,12,1,4,22728.97,31330.945
2,2006.88,1196,2150,1720,18,2023,8,8,1,61679.18,55550.332
4,2436.56,1026,803,643,8,2023,1,30,0,16078.17,28160.57
2,2599.67,1763,836,669,7,2023,11,21,1,31408.09,51718.273
2,3394.79,1720,2269,1815,19,2024,10,13,6,70123.89,65096.15
2,2878.45,1845,955,764,8,2023,2,21,1,54672.78,50682.273
4,2522.27,819,904,723,9,2024,11,11,0,8907.79,27486.59
2,2040.86,1726,1553,1242,13,2019,12,7,5,41764.36,55686.816
1,47.83,1135,1672,1338,4,2022,8,7,6,3395.12,8537.951
2,3532.43,1509,1194,955,10,2024,2,8,3,81684.79,57852.57
3,694.15,240,456,365,13,2023,8,20,6,21058.67,37424.473
4,566.35,955,703,562,7,2024,7,24,2,33150.67,36632.375
3,818.78,337,386,309,11,2023,1,6,4,46528.93,34091.914
3,1199.1,392,245,196,7,2024,7,30,1,19988.26,34532.5
0,463.08,1258,848,679,5,2021,5,22,5,5550.86,8299.384
2,4167.67,1661,1314,1051,11,2024,4,4,3,40141.75,48176.594
0,337.18,987,1357,1086,8,2024,1,5,4,4666.88,6428.1978
5,53.82,392,395,316,5,2024,2,13,1,1730.98,4314.8013
2,888.94,1541,1553,1242,13,2024,6,19,2,82473.84,54890.37
0,281.37,1002,679,543,4,2024,3,26,1,13485.04,7573.5464
0,220.7,979,1527,1221,9,2024,5,20,0,8857.71,7792.605
1,37.28,1245,836,669,2,2023,3,19,6,645.24,6598.714
2,4003.95,1767,1075,860,9,2024,8,4,6,68218.47,59893.56
4,359.88,1070,803,643,8,2023,12,10,6,41559.09,30894.85
1,21.16,800,418,334,1,2024,7,1,0,4046.16,7226.9614
5,88.1,484,316,253,4,2024,12,25,2,7997.08,4400.3745
2,3858.93,1980,1791,1433,15,2024,3,30,5,71991.24,54433.625
2,1914.74,1652,1911,1529,16,2023,7,19,2,27826.24,48853.066
4,594.81,1152,703,562,7,2024,12,5,3,29085.46,37254.0
0,494.48,1046,1357,1086,8,2023,9,16,5,6870.04,6090.7373
5,66.26,485,633,506,8,2022,12,22,3,9323.73,4359.0923
4,1517.05,1018,502,402,5,2024,9,7,5,18031.33,23437.285
4,2376.56,657,1205,964,12,2024,5,12,6,46356.87,40175.86
0,342.76,1274,848,679,5,2023,9,17,6,7312.98,7837.157
1,27.87,770,418,334,1,2023,4,3,0,3158.94,7228.125
0,214.77,765,509,407,3,2024,5,2,3,5501.48,6918.31
2,3142.28,1502,1194,955,10,2024,8,16,4,25213.66,45379.74
3,772.46,337,175,140,5,2023,10,22,6,30998.22,32972.715
2,4164.15,1571,2389,1911,20,2023,7,22,5,38946.92,48830.508
0,254.83,1041,1357,1086,8,2024,8,18,6,2514.79,6660.641
4,2015.13,707,904,723,9,2024,4,28,6,47721.46,29181.07
2,2378.19,1777,1075,860,9,2024,3,18,0,28810.29,46818.992
0,264.68,1204,1527,1221,9,2024,12,19,3,2450.35,7470.0156
2,4061.42,1173,2389,1911,20,2024,12,29,6,41076.0,48913.055
5,46.2,455,237,190,3,2024,2,9,4,6855.99,4955.4556
1,36.17,928,836,669,2,2024,9,6,4,8990.58,8604.551
2,2059.44,1540,1791,1433,15,2024,10,2,2,83652.35,58632.9
1,14.01,867,1672,1338,4,2023,7,30,6,3469.57,5429.008
0,476.59,956,1188,950,7,2024,8,30,4,8223.44,6679.0967
4,1418.08,904,603,482,6,2024,12,10,1,53738.23,32850.69
4,1689.06,767,904,723,9,2023,2,25,5,25077.25,27544.064
2,4016.33,1938,1791,1433,15,2024,5,23,3,37807.85,45496.15
1,19.33,1024,418,334,1,2024,11,15,4,11027.76,8455.508
0,123.91,835,1527,1221,9,2024,11,28,3,9898.48,6264.856
5,79.5,390,237,190,3,2022,12,28,2,3819.5,4306.718
1,39.29,975,1672,1338,4,2024,11,4,0,3885.33,8485.442
3,1241.26,351,316,253,9,2024,11,17,6,38321.43,43650.906
2,2352.67,1464,1075,860,9,2024,4,13,5,34793.7,43463.656
0,362.02,1215,1357,1086,8,2024,8,23,4,7717.54,6759.057
1,40.92,1121,836,669,2,2024,9,19,3,1183.89,8687.26
2,4185.93,1378,1553,1242,13,2024,9,16,0,41683.61,57641.766
4,258.94,1153,603,482,6,2024,6,3,0,8630.76,19540.812
4,2424.09,1116,904,723,9,2024,1,13,5,29286.22,29155.994
1,2.26,1138,836,669,2,2024,9,28,5,236.64,6744.3154
0,448.9,857,848,679,5,2024,10,10,3,1229.99,5802.097
2,3538.85,1627,1433,1147,12,2021,4,13,1,79577.72,58101.164
0,104.43,934,1188,950,7,2023,5,18,3,3372.26,7108.368
4,2318.21,837,502,402,5,2023,10,2,0,21250.97,29611.613
2,1240.01,1810,1911,1529,16,2024,8,4,6,67953.0,60029.934
2,3911.42,1667,1911,1529,16,2024,11,20,2,40731.68,48314.9
3,2022.32,294,351,281,10,2024,12,19,3,53851.7,48985.633
4,790.84,924,1105,884,11,2024,1,19,4,26054.61,30408.797
5,39.03,584,553,443,7,2024,4,28,6,9221.43,4077.4468
4,2332.86,994,502,402,5,2024,7,9,1,45406.73,31897.268
2,581.5,1876,1672,1338,14,2022,12,20,1,27928.84,35279.54
1,21.65,812,418,334,1,2024,1,30,1,4515.5,7557.166
0,150.87,1010,1188,950,7,2024,9,13,4,17651.16,6862.7236
4,2749.9,959,1205,964,12,2024,7,4,3,8601.22,31780.64
0,492.75,994,509,407,3,2024,2,5,0,3829.2,7444.501
0,348.87,823,679,543,4,2024,5,30,3,8870.48,7185.449
2,3084.82,1184,1433,1147,12,2024,3,21,3,58612.61,48973.72
3,658.39,321,316,253,9,2024,9,27,4,34443.12,36383.6
3,2054.82,346,421,337,12,2024,8,28,2,41871.9,38641.676
2,3903.94,1765,2389,1911,20,2024,12,17,1,34450.49,50859.74
4,367.65,671,1306,1044,13,2024,5,30,3,38602.64,36442.543
0,269.33,1231,1357,1086,8,2024,7,12,4,6947.1,7306.954
2,2249.24,1851,1075,860,9,2024,7,10,2,69215.27,61808.867
2,3934.83,2031,1553,1242,13,2024,3,20,2,60471.66,62193.44
0,152.18,1090,679,543,4,2022,10,22,5,4625.67,7412.0913
4,1001.84,792,1004,803,10,2023,9,4,0,17537.73,32277.42
4,1218.89,677,1105,884,11,2023,12,28,3,44289.17,35841.168
1,2.16,910,1672,1338,4,2024,12,15,6,3916.92,7690.91
5,76.49,592,633,506,8,2024,11,30,5,1332.7,4272.4595
3,994.87,237,175,140,5,2023,8,30,2,61050.8,54305.016
1,41.96,932,1254,1003,3,2024,9,5,3,1018.74,8349.163
5,34.94,538,474,380,6,2024,7,4,3,3888.2,4228.5483
1,9.16,1275,836,669,2,2023,12,6,2,6760.74,7255.6587
3,618.88,265,175,140,5,2023,8,20,6,82461.18,50769.1
2,1280.62,1542,1553,1242,13,2023,11,15,2,80870.34,58097.973
4,293.88,972,1205,964,12,2023,4,13,3,48474.53,38237.543
0,235.85,871,509,407,3,2024,10,8,1,16034.0,8805.413
4,1879.51,966,703,562,7,2024,9,28,5,33178.32,34423.098
0,41.1,793,1357,1086,8,2020,10,4,6,1401.6,6780.7764
2,3640.19,1993,836,669,7,2021,10,22,4,36510.64,47537.312
5,43.26,439,553,443,7,2023,7,8,5,10768.14,5777.9844
4,1297.01,836,1306,1044,13,2024,9,7,5,50615.19,39549.94
2,3013.53,1409,1791,1433,15,2024,4,1,0,68035.9,56818.816
1,29.63,819,1254,1003,3,2024,12,6,4,1457.4,7619.356
0,25.27,1204,1357,1086,8,2024,8,2,4,2697.24,5933.9844
2,907.62,1203,1553,1242,13,2024,1,27,5,53878.45,60896.59
1,18.75,1230,1254,1003,3,2024,7,19,4,11669.94,7395.13
4,1307.88,1128,803,643,8,2023,3,5,6,30245.02,27846.346
4,298.57,853,1004,803,10,2024,6,6,3,49375.05,42281.215
4,622.93,1102,904,723,9,2023,4,28,4,48972.19,37903.914
2,1977.17,1220,1194,955,10,2024,12,20,4,71285.92,49168.723
4,2047.31,676,904,723,9,2023,9,20,2,8523.23,28381.281
5,37.23,555,553,443,7,2024,6,18,1,3779.61,4173.379
1,18.02,1279,836,669,2,2024,11,9,5,11220.84,8333.791
5,42.22,563,395,316,5,2024,10,22,1,4886.85,4482.106
4,822.66,823,703,562,7,2023,8,9,2,25480.01,34051.496
4,2118.7,906,1205,964,12,2024,4,20,5,28285.73,29240.326
2,2183.67,1429,1075,860,9,2023,11,14,1,44935.99,44278.76
0,332.91,923,509,407,3,2024,9,5,3,19134.16,7292.6846
0,135.29,1030,848,679,5,2024,5,16,3,13427.2,8402.003
2,783.61,1890,836,669,7,2024,4,3,2,78876.9,56838.086
1,46.58,1014,836,669,2,2024,7,14,6,12027.18,8922.733
1,4.43,1084,1254,1003,3,2024,12,24,1,17693.76,10744.829
2,2883.61,1372,2030,1624,17,2023,5,11,3,68735.29,53309.797
1,40.59,1129,836,669,2,2024,2,29,3,21798.81,9225.748
4,1926.56,922,703,562,7,2023,11,18,5,41207.08,32065.053
1,48.56,1295,418,334,1,2024,5,3,4,19977.88,8367.362
2,2055.21,1549,1672,1338,14,2024,4,21,6,68313.11,55895.28
1,28.05,845,1254,1003,3,2024,12,20,4,4549.72,7747.6826
2,2022.24,1990,1791,1433,15,2023,10,2,0,28063.26,53409.668
0,178.37,774,509,407,3,2024,11,21,3,3633.88,6249.986
4,2586.7,836,1004,803,10,2024,8,10,5,23970.45,26380.469
4,1075.12,1039,603,482,6,2023,10,5,3,46605.56,34217.027
4,279.56,973,703,562,7,2023,2,5,6,51045.46,31182.393
1,16.78,844,836,669,2,2024,12,25,2,3115.8,7661.511
2,2179.56,1798,1194,955,10,2024,9,20,4,50356.25,42880.14
2,3900.42,2029,2269,1815,19,2024,12,16,0,76035.92,56164.582
2,3147.91,1471,955,764,8,2024,12,6,4,28448.92,43474.418
2,3996.84,1521,836,669,7,2023,7,4,1,36791.13,51082.055
1,35.27,1007,418,334,1,2024,7,28,6,16120.72,8718.287
3,812.13,334,386,309,11,2023,9,26,1,25747.9,34072.57
1,19.21,1216,836,669,2,2024,12,21,5,10974.86,7686.2705
5,39.03,584,553,443,7,2023,4,7,4,9221.43,4236.3027
5,42.14,454,553,443,7,2024,11,23,5,2815.86,4473.7925
4,1700.83,918,803,643,8,2024,6,27,3,29457.81,29968.473
1,41.14,807,418,334,1,2023,7,24,0,2438.4,7486.1924
3,1395.37,353,316,253,9,2024,12,31,1,98689.28,44367.344
2,2650.7,1620,1194,955,10,2023,12,17,6,75889.41,54173.824
1,29.67,952,1672,1338,4,2023,6,1,3,3475.68,8616.861
2,3223.8,1783,955,764,8,2024,9,7,5,54817.44,58835.562
3,358.98,315,316,253,9,2024,1,1,0,47953.92,48516.01
1,31.21,947,836,669,2,2024,7,22,0,5696.46,8757.565
5,44.01,465,395,316,5,2024,12,14,5,1312.42,4829.6357
4,1680.47,979,603,482,6,2023,7,20,3,31184.66,27449.67
4,1928.84,783,502,402,5,2024,7,22,0,54693.07,32271.178
2,2037.41,1622,1075,860,9,2024,4,23,1,34011.53,46997.574
5,29.93,439,553,443,7,2024,7,2,1,312.72,4416.009
2,767.66,2049,2150,1720,18,2023,6,24,5,25453.22,32815.992
3,680.01,297,351,281,10,2023,8,24,3,45126.65,37854.207
2,2673.56,1268,1314,1051,11,2023,12,23,5,75674.06,62609.78
4,2547.49,968,1105,884,11,2021,9,4,5,35081.37,30842.29
2,3307.15,1163,1314,1051,11,2023,3,8,2,28181.42,39331.117
0,324.87,1115,509,407,3,2024,3,24,6,2774.36,6773.5054
1,23.24,848,836,669,2,2024,1,5,4,2587.66,7814.205
4,2047.41,959,1105,884,11,2023,8,18,4,43624.34,29331.988
0,325.71,988,848,679,5,2024,7,1,0,14844.0,7275.169
0,231.71,805,1018,814,6,2024,8,7,2,6455.68,6866.7354
2,862.8,1547,2150,1720,18,2024,9,8,6,25476.99,40061.18
0,434.75,1009,509,407,3,2022,1,7,4,14402.84,7212.312
4,2368.23,872,904,723,9,2024,10,20,6,48533.12,33631.598
4,1741.53,762,1205,964,12,2024,5,4,5,21768.45,27953.812
2,4016.33,1938,1791,1433,15,2023,8,3,3,37807.85,46055.7
2,1262.71,1539,1433,1147,12,2022,9,30,4,79425.01,54252.42
2,2650.7,1620,1194,955,10,2023,8,19,5,75889.41,54173.824
1,24.16,914,836,669,2,2024,3,19,1,5389.5,8411.336
4,2091.88,1113,904,723,9,2023,8,7,0,30845.59,31599.484
2,622.5,1962,2030,1624,17,2024,7,8,0,32604.41,46328.83
2,1449.58,1568,955,764,8,2024,2,16,4,28689.77,44876.254
2,1248.46,1231,2389,1911,20,2024,12,20,4,52622.93,52730.875
4,362.14,877,1205,964,12,2024,7,30,1,39764.53,33599.22
2,3086.86,1540,1553,1242,13,2024,8,3,5,77532.6,65421.477
0,304.5,1118,1018,814,6,2023,12,6,2,3315.19,6587.333
1,41.96,932,1254,1003,3,2024,11,29,4,1018.74,8305.599
3,238.02,328,210,168,6,2024,9,28,5,41902.52,41655.645
2,3638.35,1407,1075,860,9,2023,5,24,2,60608.75,55037.72
1,6.78,1061,1672,1338,4,2024,12,14,5,9462.51,8220.721
3,1809.46,372,281,224,8,2024,10,29,1,39026.67,40387.062
4,2251.36,786,603,482,6,2024,12,15,6,34305.2,32347.943
0,212.46,1232,679,543,4,2024,12,24,1,11312.12,7789.925
0,171.38,831,679,543,4,2024,3,9,5,3375.82,6737.499
5,85.04,511,395,316,5,2024,8,16,4,507.98,4386.2354
0,468.56,795,1018,814,6,2024,5,25,5,2637.33,5655.469
2,3630.66,1664,1672,1338,14,2022,8,23,1,56028.63,49869.508
0,319.32,938,679,543,4,2024,6,3,0,6750.36,7331.004
3,897.27,250,386,309,11,2024,10,19,5,38679.58,36164.99
4,1174.28,1110,1205,964,12,2024,5,14,1,43349.1,32939.67
4,743.01,1016,1205,964,12,2024,8,18,6,52277.7,30743.275
1,38.0,1295,1254,1003,3,2020,1,16,3,11313.96,7575.36
2,1019.58,1723,1553,1242,13,2024,4,11,3,54234.2,53163.07
4,2131.54,974,1004,803,10,2024,4,13,5,14157.14,27009.164
3,1756.92,323,175,140,5,2024,7,30,1,21711.22,37443.43
5,23.8,349,474,380,6,2022,6,11,5,11093.13,4675.331
2,2521.3,1398,1911,1529,16,2024,12,22,6,77543.89,56045.547
5,77.66,464,395,316,5,2024,11,7,3,2352.7,4506.007
4,1942.61,842,803,643,8,2024,12,30,0,16695.91,31047.967
4,936.17,1104,904,723,9,2024,4,20,5,44984.67,31888.643
0,339.02,1251,1527,1221,9,2020,1,12,6,2968.57,7195.4565
1,32.35,1187,836,669,2,2024,7,4,3,2019.96,7477.292
4,1517.78,851,904,723,9,2024,5,20,0,22524.47,29715.875
4,2600.19,1132,703,562,7,2024,12,29,6,23970.65,25473.459
2,3936.57,1438,836,669,7,2024,7,17,2,44919.17,54373.96
1,18.74,899,418,334,1,2024,5,16,3,14879.8,8239.773
0,56.23,930,1188,950,7,2024,12,17,1,4623.79,7535.704
0,133.21,874,1188,950,7,2024,5,30,3,19229.0,6746.631
4,1916.97,1134,1004,803,10,2024,12,9,0,33929.34,31539.094
1,43.81,1245,418,334,1,2023,2,23,3,11548.88,8211.881
4,1319.8,785,1004,803,10,2022,11,7,0,29233.68,34028.82
0,421.32,1039,1357,1086,8,2024,12,25,2,2409.8,6374.6196
0,96.08,841,848,679,5,2020,4,27,0,9277.26,7144.988
4,800.32,1041,1306,1044,13,2024,10,28,0,29521.28,34879.098
2,1417.97,2017,2150,1720,18,2024,11,27,2,79649.9,59836.44
5,52.4,409,712,569,9,2024,8,8,3,741.99,4295.5845
4,2199.54,866,703,562,7,2024,12,29,6,9731.32,24703.227
0,452.58,975,679,543,4,2024,9,30,0,3052.5,7138.467
5,24.66,585,316,253,4,2024,2,11,6,1820.02,3958.3508
4,466.22,769,1004,803,10,2023,9,24,6,31840.95,30465.678
2,2091.54,1356,1075,860,9,2024,3,13,2,52787.4,52688.01
0,391.58,892,679,543,4,2024,12,17,1,5949.38,6760.8857
0,468.29,769,1018,814,6,2024,5,31,4,2768.2,5522.1265
1,7.08,1217,836,669,2,2024,12,21,5,7968.0,8017.658
4,1507.49,668,1306,1044,13,2023,5,24,2,38911.93,34496.402
2,1612.69,1830,836,669,7,2024,2,19,0,34039.36,47877.344
4,1978.69,811,904,723,9,2022,12,2,4,43288.31,27845.184
4,1426.46,810,1105,884,11,2024,5,15,2,40156.66,34523.42
4,372.72,1066,1004,803,10,2024,3,28,3,52518.46,41627.652
1,28.87,1220,418,334,1,2024,12,13,4,11151.14,7180.9927
5,18.85,559,633,506,8,2024,3,17,6,1371.56,3741.1396
2,2865.35,2027,2150,1720,18,2024,10,28,0,25297.16,35919.91
0,132.11,887,1527,1221,9,2023,4,13,3,1857.53,6563.915
2,3012.85,1842,1075,860,9,2022,10,31,0,57774.59,56904.777
1,33.64,965,836,669,2,2024,10,27,6,25942.15,9435.424
5,32.24,339,395,316,5,2023,12,3,6,3917.74,4075.1836
2,754.11,1439,836,669,7,2023,7,4,1,53439.42,55907.62
5,84.95,438,316,253,4,2024,11,13,2,9320.73,4525.315
2,2783.73,1705,2150,1720,18,2024,10,3,3,25054.45,37233.996
2,3392.35,1886,2150,1720,18,2023,5,4,3,63694.8,53785.633
4,2633.2,1128,904,723,9,2024,12,18,2,24644.22,26433.916
4,800.32,1041,1306,1044,13,2024,12,19,3,29521.28,34879.098
2,2007.54,1182,2030,1624,17,2024,12,18,2,29634.6,52273.746
3,302.9,322,386,309,11,2024,12,26,3,35826.16,40129.508
4,1459.65,1092,803,643,8,2024,11,10,6,17600.39,32584.666
4,997.13,1149,703,562,7,2023,10,1,6,24272.64,35259.086
0,391.58,892,679,543,4,2023,7,26,2,5949.38,6760.8857
2,2437.58,1921,955,764,8,2023,7,13,3,30029.8,48337.984
4,2319.67,1024,904,723,9,2024,2,4,6,15343.78,25470.822
2,1006.66,1593,1791,1433,15,2023,5,4,3,29576.94,45980.33
0,165.29,1269,1018,814,6,2023,4,3,0,2257.16,6318.6777
4,2522.27,819,904,723,9,2024,6,20,3,8907.79,27486.59
3,1396.03,275,281,224,8,2023,3,11,5,24473.25,40303.156
2,588.33,1791,1075,860,9,2024,1,2,1,29148.93,33250.54
4,2047.59,755,502,402,5,2022,9,10,5,20475.83,23847.656
2,1283.76,1735,2150,1720,18,2024,11,3,6,54906.52,57514.34
2,4051.76,1407,2269,1815,19,2024,7,29,0,68945.11,64844.297
0,151.56,744,848,679,5,2023,12,19,1,13374.4,8099.398
2,2848.64,1568,955,764,8,2022,11,23,2,27625.3,46476.9
2,702.84,1876,2150,1720,18,2024,8,8,3,72647.17,56615.855
0,299.27,813,1018,814,6,2023,12,21,3,16175.92,6476.8022
2,4248.03,1485,1433,1147,12,2024,1,23,1,44418.38,48038.63
4,1353.66,697,904,723,9,2024,8,20,1,40774.8,34240.434
4,1404.1,1037,502,402,5,2024,4,14,6,13137.55,31282.977
4,2071.48,1059,603,482,6,2020,11,5,3,49608.01,30228.398
2,1371.48,1878,1553,1242,13,2024,6,25,1,60132.75,54153.13
4,1802.4,686,1306,1044,13,2024,1,1,0,21782.4,30831.1
4,690.48,1102,703,562,7,2023,1,7,5,22777.5,31300.094
2,876.21,1723,1314,1051,11,2023,4,17,0,62001.18,56529.875
4,1441.01,863,603,482,6,2024,4,20,5,37057.35,29414.664
4,618.46,824,502,402,5,2024,11,24,6,13559.49,28612.846
0,202.14,1261,848,679,5,2024,11,19,1,2939.38,7329.859
0,196.28,1308,1527,1221,9,2024,7,15,0,7071.44,6977.9014
2,3289.89,1792,1672,1338,14,2024,7,18,3,52003.94,60797.43
2,3518.69,2040,836,669,7,2023,2,26,6,59751.95,71382.98
4,1978.94,1040,703,562,7,2024,7,21,6,10164.2,30421.107
0,337.18,987,1357,1086,8,2024,12,30,0,4666.88,6439.112
1,16.48,1105,1254,1003,3,2024,8,28,2,2375.52,8412.048
4,1250.38,780,502,402,5,2024,1,4,3,53929.32,37899.918
2,3263.44,1906,836,669,7,2024,10,18,4,83961.83,64942.375
2,2500.92,1416,1314,1051,11,2024,8,26,0,49235.58,55179.965
5,83.74,591,474,380,6,2023,2,15,2,2988.01,4410.616
1,32.02,920,1672,1338,4,2024,3,30,5,19242.72,9124.865
0,94.63,793,1188,950,7,2024,8,21,2,3005.06,6356.358
4,494.85,993,803,643,8,2024,1,25,3,31915.49,34178.094
3,1777.91,377,245,196,7,2023,10,14,5,63465.42,47938.6
4,429.5,678,1205,964,12,2024,6,24,0,12491.42,25440.287
4,2540.07,834,1004,803,10,2024,10,7,0,40597.39,31362.693
4,335.41,1139,703,562,7,2024,1,25,3,39585.7,30827.738
4,247.77,712,1205,964,12,2024,3,4,0,27671.43,38586.434
2,2055.61,2003,1075,860,9,2024,10,31,3,54748.62,49502.41
4,2696.8,912,803,643,8,2024,3,5,1,22324.92,34789.83
5,63.87,425,553,443,7,2024,6,9,6,10015.2,4451.238
4,2080.49,1076,703,562,7,2024,5,16,3,40741.25,31957.387
4,2360.93,899,1306,1044,13,2023,7,28,4,47043.57,34893.832
1,21.12,1313,1672,1338,4,2024,9,29,6,6624.87,8074.2847
5,32.24,339,395,316,5,2024,11,22,4,3917.74,4301.377
4,497.65,693,703,562,7,2024,11,18,0,25003.83,30559.484
4,410.07,1061,904,723,9,2024,9,26,3,52673.47,38721.344
0,81.62,1073,1188,950,7,2024,9,12,3,660.32,6550.2544
1,3.34,1028,1254,1003,3,2023,7,27,3,13949.46,9650.316
3,492.1,361,316,253,9,2023,6,25,6,33825.59,24479.797
2,2582.16,1791,1075,860,9,2024,9,24,1,72176.42,57257.75
2,869.69,1843,955,764,8,2024,12,9,0,29567.47,36436.223
2,577.8,1687,1194,955,10,2023,6,20,1,38074.61,43104.38
2,2445.01,1982,1791,1433,15,2021,6,5,5,54829.71,50256.258
2,2537.92,1359,1433,1147,12,2019,12,24,1,42355.6,55141.348
4,929.9,1099,1205,964,12,2024,12,23,0,15511.67,31730.984
0,371.22,904,1018,814,6,2024,11,14,3,4537.66,6820.713
3,1962.93,326,175,140,5,2023,12,11,0,49523.9,39057.555
2,1034.82,1238,1075,860,9,2024,4,28,6,42772.02,51222.84
1,14.01,867,1672,1338,4,2022,8,28,6,3469.57,5429.008
2,1660.33,1169,1911,1529,16,2024,10,7,0,31080.34,50582.97
2,1277.93,1223,836,669,7,2024,6,21,4,72394.45,54348.316
4,1029.43,707,502,402,5,2024,12,1,6,21126.03,30471.752
0,433.42,928,1527,1221,9,2022,11,19,5,3407.57,6464.665
0,310.31,1145,509,407,3,2022,10,9,6,6501.18,7576.401
5,29.91,447,474,380,6,2024,8,26,0,383.4,4309.924
0,476.83,1131,1527,1221,9,2023,12,18,0,3961.78,5946.9727
2,692.23,1702,1433,1147,12,2024,8,3,5,45981.9,52825.79
4,672.03,1087,1306,1044,13,2024,9,15,6,36942.41,35050.305
0,195.1,810,1188,950,7,2023,12,18,0,7404.42,6692.552
5,98.9,440,237,190,3,2024,9,27,4,3953.43,4532.6006
1,46.23,866,418,334,1,2024,12,16,0,1373.68,6110.171
2,2186.59,1913,1672,1338,14,2024,2,23,4,28234.48,44836.11
2,1061.77,1176,2150,1720,18,2024,12,20,4,53357.63,57902.508
0,483.41,1257,1357,1086,8,2024,12,18,2,10451.88,7121.474
0,286.51,1123,848,679,5,2024,10,21,0,1868.38,7178.5293
2,2584.51,1708,836,669,7,2024,8,23,4,34522.39,44113.633
4,835.62,1005,1205,964,12,2024,7,16,1,50228.4,31285.94
0,469.53,839,1018,814,6,2024,10,24,3,3573.92,6009.2344
4,1353.23,926,603,482,6,2023,10,31,1,53169.19,33588.12
4,1447.64,972,603,482,6,2023,8,28,0,41480.59,31037.373
2,3056.61,1811,1314,1051,11,2023,9,21,3,38458.6,60827.86
0,497.17,924,1527,1221,9,2024,9,22,6,2073.56,6069.8975
4,992.7,920,904,723,9,2021,8,13,4,16395.21,29380.51
1,45.03,1208,1672,1338,4,2024,11,7,3,15519.36,8209.44
2,1830.81,1598,1314,1051,11,2024,7,20,5,29813.3,51276.785
2,1320.09,1764,2030,1624,17,2024,6,6,3,83806.77,51115.17
0,93.63,1276,1188,950,7,2024,5,15,2,18966.52,6875.714
1,36.26,1108,1254,1003,3,2024,5,17,4,9798.8,8702.51
1,14.26,1136,1672,1338,4,2022,10,12,2,2458.92,6009.531
0,476.59,956,1188,950,7,2023,7,7,4,8223.44,6492.0713
4,1418.08,904,603,482,6,2024,11,10,6,53738.23,32781.78
4,1934.85,928,803,643,8,2024,9,22,6,43281.53,32998.387
2,3563.46,1972,2030,1624,17,2024,4,17,2,82540.26,55638.914
2,3870.56,1851,1433,1147,12,2024,12,10,1,84144.39,50697.492
4,2169.68,1028,1004,803,10,2024,4,30,1,35909.35,28239.018
2,1698.08,1882,2269,1815,19,2024,4,22,0,52714.81,49748.523
2,3571.06,1329,2150,1720,18,2023,5,5,4,44803.63,53023.086
0,383.25,1209,679,543,4,2024,7,31,2,19924.52,7434.422
1,35.82,917,418,334,1,2023,8,21,0,2484.3,8622.594
4,1282.49,1131,1306,1044,13,2023,6,18,6,54874.48,40086.05
2,3571.06,1329,2150,1720,18,2023,6,20,1,44803.63,50027.68
4,584.34,671,502,402,5,2024,5,14,1,9829.06,19395.574
5,42.31,363,474,380,6,2024,12,23,0,1176.21,4173.073
0,146.98,1256,679,543,4,2023,1,11,2,1963.92,7275.38
5,51.75,454,553,443,7,2024,9,20,4,9421.77,4743.9707
2,3744.31,1765,2389,1911,20,2024,6,18,1,39780.56,48751.246
0,477.1,1184,1018,814,6,2023,5,21,6,5158.23,7425.527
5,11.34,420,633,506,8,2024,12,31,1,813.9,4287.814
2,1395.73,1265,836,669,7,2024,11,17,6,49928.5,49235.336
2,1285.49,1543,1553,1242,13,2024,5,10,4,29337.94,53573.51
2,1057.82,1838,1075,860,9,2023,11,17,4,47647.26,44311.598
2,1890.62,1821,1553,1242,13,2024,4,17,2,83056.81,68140.65
2,1111.3,2013,1314,1051,11,2023,8,22,1,39184.0,46054.832
1,49.85,901,1254,1003,3,2024,12,18,2,17204.72,8460.393
0,119.39,897,848,679,5,2023,10,13,4,3383.13,7145.2676
2,3254.72,1589,2030,1624,17,2024,5,14,1,77395.55,55193.824
5,16.87,412,395,316,5,2023,12,22,4,2910.63,3704.196
3,546.72,273,421,337,12,2023,12,5,1,29297.45,32318.484
4,2047.49,1058,502,402,5,2024,2,1,3,8630.82,28301.32
2,1195.7,1438,2030,1624,17,2024,12,27,4,59439.12,52333.973
4,1020.51,807,803,643,8,2024,11,6,2,36600.48,35266.23
1,30.11,1155,836,669,2,2024,7,18,3,19899.88,9363.133
2,1225.34,1263,1314,1051,11,2024,8,12,0,78195.92,56300.996
5,39.6,508,316,253,4,2024,8,29,3,7599.82,4420.0386
2,623.02,1340,955,764,8,2024,1,3,2,33452.3,54437.746
2,2134.14,1908,1314,1051,11,2023,10,7,5,78730.7,60690.9
2,2833.37,1235,1075,860,9,2024,12,10,1,61143.24,52456.19
2,1044.99,1297,2030,1624,17,2023,10,23,0,77377.33,60898.75
1,19.99,1069,1672,1338,4,2024,12,16,0,2825.4,8215.348
4,672.93,668,904,723,9,2022,7,3,6,18900.12,31394.002
3,1948.43,356,175,140,5,2022,8,25,3,37693.31,44361.523
2,3730.8,1431,1791,1433,15,2024,2,8,3,84047.03,60057.754
2,3170.87,1213,1314,1051,11,2023,10,1,6,28637.79,40533.92
2,664.97,1703,1911,1529,16,2024,8,9,4,80014.27,69049.69
4,1956.61,1021,1004,803,10,2024,1,1,0,10876.13,28143.805
4,1707.62,824,1004,803,10,2024,10,14,0,9480.23,22881.375
4,1420.11,954,703,562,7,2024,11,3,6,34241.45,32652.98
4,829.65,1076,1306,1044,13,2024,4,30,1,40440.08,36919.863
0,83.21,1180,1188,950,7,2024,11,7,3,1237.56,6499.4805
2,1185.24,1922,1672,1338,14,2023,6,20,1,62315.87,54725.86
0,117.62,1205,1188,950,7,2024,9,23,0,7527.24,6455.9155
2,559.39,1410,1911,1529,16,2022,6,24,4,56698.42,55861.1
2,1761.4,1628,2150,1720,18,2023,5,26,4,77350.41,51243.62
2,2292.69,1759,955,764,8,2024,7,23,1,34252.92,50770.812
0,491.45,1212,509,407,3,2023,6,30,4,7008.93,7749.5596
0,56.22,1052,509,407,3,2020,6,8,0,7239.28,7827.2925
4,918.49,1112,904,723,9,2024,10,30,2,28705.11,31974.668
4,1678.28,1027,803,643,8,2024,8,17,5,36273.61,32068.266
4,1487.58,1107,502,402,5,2023,5,21,6,37079.0,36380.184
0,383.25,1209,679,543,4,2024,4,20,5,19924.52,7357.1665
2,692.23,1702,1433,1147,12,2024,7,22,0,45981.9,54395.312
4,2619.43,748,703,562,7,2023,10,6,4,45931.28,35197.504
0,482.5,791,1018,814,6,2024,1,23,1,6557.67,5712.7207
5,74.69,477,553,443,7,2023,7,7,4,5778.69,4488.0435
2,2915.13,1724,955,764,8,2024,5,23,3,55496.74,54196.33
1,21.35,938,1672,1338,4,2024,11,8,4,15173.4,8639.083
4,1516.43,951,803,643,8,2023,11,3,4,34298.86,32587.367
0,268.06,1003,1188,950,7,2022,12,19,0,6716.61,6823.905
5,55.83,453,395,316,5,2024,6,24,0,6544.56,4587.3823
0,231.92,878,1527,1221,9,2024,7,25,3,18210.92,8626.029
3,2450.36,270,281,224,8,2023,10,22,6,58957.52,52251.754
2,3254.72,1589,2030,1624,17,2024,12,20,4,77395.55,55193.824
4,2081.15,880,603,482,6,2023,1,30,0,16100.04,26768.799
5,93.67,411,395,316,5,2024,7,20,5,2417.45,3689.2708
3,237.88,290,456,365,13,2022,9,29,3,48820.58,46969.152
2,2499.06,1781,1911,1529,16,2024,12,18,2,64964.81,51027.17
4,501.79,1130,803,643,8,2024,12,30,0,16737.62,34314.062
0,407.52,896,679,543,4,2024,12,21,5,1993.62,6739.2383
2,664.97,1703,1911,1529,16,2024,6,26,2,80014.27,69049.69
0,308.34,852,848,679,5,2024,11,2,5,3347.45,6441.5293
2,1418.56,1689,836,669,7,2024,12,16,0,31047.7,45479.348
2,2492.3,1278,836,669,7,2024,8,17,5,78488.94,55064.844
2,3636.24,1340,2389,1911,20,2024,12,29,6,25512.34,44989.047
4,2347.91,796,803,643,8,2024,11,7,3,10264.81,21432.605
0,33.51,1083,848,679,5,2023,3,1,2,19040.08,11395.645
2,3066.58,1273,1433,1147,12,2024,12,18,2,41372.93,51616.875
2,3811.7,1647,1672,1338,14,2024,12,25,2,26121.81,42843.47
2,3996.95,1665,1911,1529,16,2024,4,24,2,46862.7,51826.32
2,1003.94,1236,1553,1242,13,2023,7,5,2,35466.25,47925.184
4,2729.49,717,603,482,6,2024,3,25,0,47483.01,42309.83
5,46.45,474,395,316,5,2024,12,3,1,9703.44,4928.862
4,460.36,953,603,482,6,2024,11,6,2,33056.93,34342.383
4,1916.97,1134,1004,803,10,2024,12,27,4,33929.34,31539.094
1,31.95,849,1254,1003,3,2024,6,12,2,1774.4,7747.6826
0,376.41,1290,848,679,5,2023,12,18,0,4249.54,7491.861
5,15.37,431,316,253,4,2024,9,22,6,4000.3,3569.2815
3,1953.34,279,386,309,11,2024,5,29,2,45501.47,40402.957
0,386.13,866,1188,950,7,2024,12,13,4,1250.82,4561.1753
0,384.33,928,1018,814,6,2024,7,13,5,15413.52,6745.2915
4,1426.46,810,1105,884,11,2024,6,18,1,40156.66,34523.42
0,70.43,874,1188,950,7,2024,9,11,2,1520.02,6746.631
0,390.28,1065,509,407,3,2024,9,28,5,5210.28,6131.093
5,77.66,464,395,316,5,2024,2,19,0,2352.7,4462.442
3,460.53,354,175,140,5,2024,4,16,1,10444.78,18302.312
5,20.19,483,316,253,4,2021,6,30,2,2550.17,3900.6035
1,42.98,844,836,669,2,2024,5,9,3,2479.61,7592.779
4,504.12,1066,1205,964,12,2023,12,31,6,14315.12,24998.709
4,1280.92,998,904,723,9,2024,8,26,0,48071.28,32386.223
0,384.33,928,1018,814,6,2024,9,7,5,15413.52,6745.2915
2,1408.69,1871,1553,1242,13,2022,9,29,3,68057.17,53670.043
4,969.69,933,1105,884,11,2023,2,19,6,27347.53,29825.234
4,1845.25,1021,1205,964,12,2024,5,13,0,30903.42,32034.816
1,30.11,1155,836,669,2,2024,10,26,5,19899.88,9340.355
2,2214.82,1813,1553,1242,13,2024,8,30,4,69400.85,69553.0
0,92.89,1155,1018,814,6,2024,4,22,0,2409.12,6692.2295
4,1366.75,1051,904,723,9,2024,5,25,5,48025.82,35352.797
4,2203.34,656,703,562,7,2024,12,7,5,32468.58,36473.48
2,686.31,1466,1314,1051,11,2024,5,15,2,28648.47,49709.57
2,1355.81,1546,2389,1911,20,2024,4,29,0,80496.51,59537.395
1,45.92,896,836,669,2,2020,10,16,4,3982.54,7940.4053
4,652.02,1062,1105,884,11,2024,12,21,5,19446.74,36903.496
0,250.3,1146,1188,950,7,2024,4,22,0,9408.66,8303.366
4,2343.45,812,1306,1044,13,2023,10,23,0,10098.79,25006.824
2,3904.84,1760,2389,1911,20,2024,11,26,1,54125.31,50859.74
4,2017.84,1099,1205,964,12,2024,8,26,0,36786.42,30808.664
2,3016.57,1171,955,764,8,2023,11,26,6,76943.22,69080.734
1,20.13,1222,1254,1003,3,2023,8,14,0,1674.52,7494.102
4,1325.44,659,1306,1044,13,2024,10,3,3,22225.91,35553.9
1,13.15,1263,418,334,1,2024,10,20,6,5739.24,7084.6226
2,2050.4,1550,1791,1433,15,2024,12,15,6,36697.66,55533.66
2,1364.5,2012,1553,1242,13,2023,11,26,6,48189.88,52848.336
2,2865.35,2027,2150,1720,18,2024,11,3,6,25297.16,36187.332
2,2582.16,1791,1075,860,9,2024,6,15,5,72176.42,57402.066
2,3767.76,1553,955,764,8,2024,5,20,0,81165.2,60372.02
2,3858.93,1980,1791,1433,15,2023,11,1,2,71991.24,54269.168
4,1978.94,1040,703,562,7,2024,4,10,2,10164.2,30430.209
4,1896.82,954,703,562,7,2023,12,24,6,27268.65,34553.484
0,201.75,834,1018,814,6,2024,12,9,0,11303.08,6340.603
1,30.11,1155,836,669,2,2024,8,12,0,19899.88,9363.133
5,13.18,371,237,190,3,2023,9,3,6,2225.62,4091.9272
2,1023.57,1717,1791,1433,15,2024,11,3,6,40784.06,54115.16
1,19.54,1262,836,669,2,2024,10,7,0,10640.7,8345.584
1,12.93,1045,836,669,2,2023,12,28,3,5804.2,9100.556
5,7.32,394,553,443,7,2024,12,16,0,1209.56,4078.8464
2,2325.18,1201,1553,1242,13,2024,5,5,6,77501.74,55864.53
4,1486.37,653,1306,1044,13,2024,12,15,6,29705.27,34783.535
0,483.02,880,1527,1221,9,2024,2,27,1,16232.4,7232.091
3,922.68,261,351,281,10,2020,10,2,4,73776.22,36133.38
5,44.8,471,712,569,9,2020,11,20,4,9648.84,4846.737
4,936.17,1104,904,723,9,2024,7,17,2,44984.67,31974.668
1,2.13,1112,836,669,2,2024,4,11,3,7258.4,7651.6978
4,635.54,778,1105,884,11,2023,9,5,1,8334.01,28914.307
1,48.47,1218,836,669,2,2024,12,11,2,2923.44,8222.702
2,2787.98,1475,1075,860,9,2023,10,29,6,37396.68,48289.414
3,546.72,273,421,337,12,2023,9,21,3,29297.45,32299.14
1,38.0,1295,1254,1003,3,2021,9,7,1,11313.96,7673.404
4,2560.47,1114,1205,964,12,2023,9,16,5,18035.55,26642.703
2,3748.13,1305,2030,1624,17,2023,5,24,2,41660.59,58464.094
4,1339.54,859,603,482,6,2023,7,15,5,25182.12,29283.031
1,15.01,902,836,669,2,2024,8,21,2,2501.28,7716.705
1,8.12,1127,1672,1338,4,2024,8,21,2,3607.31,6163.9214
2,876.21,1723,1314,1051,11,2024,10,20,6,62001.18,57145.945
2,1023.57,1717,1791,1433,15,2024,12,14,5,40784.06,54115.16
5,23.86,585,237,190,3,2024,3,17,6,229.95,3797.4612
5,87.15,557,316,253,4,2024,11,28,3,7616.02,4295.776
0,248.52,978,1357,1086,8,2024,10,26,5,3059.93,7436.4004
1,9.04,1129,1672,1338,4,2024,6,26,2,3073.14,6163.9214
5,22.33,439,553,443,7,2024,6,1,5,649.34,4053.1604
3,1931.72,361,386,309,11,2023,12,10,6,17321.12,33608.68
4,929.9,1099,1205,964,12,2024,8,19,0,15511.67,31730.984
3,1470.46,232,245,196,7,2024,2,19,0,11482.27,22296.852
4,509.96,1063,703,562,7,2022,8,10,2,51161.71,35325.164
4,2204.18,734,1004,803,10,2024,7,21,6,53523.93,37125.56
1,2.41,1300,1672,1338,4,2022,11,1,1,9300.0,10465.324
0,317.74,977,1527,1221,9,2023,11,3,4,6753.48,6430.469
0,84.04,1114,848,679,5,2023,5,5,4,3066.22,7478.4326
4,2159.44,877,803,643,8,2024,7,17,2,10207.44,28090.416
0,269.43,1306,679,543,4,2024,7,10,2,4927.12,8039.757
1,22.47,770,836,669,2,2024,12,23,0,4944.6,8111.8813
2,4186.75,1644,1791,1433,15,2024,8,3,5,42984.72,43561.59
5,43.26,439,553,443,7,2024,9,30,0,10768.14,5896.1655
4,994.84,1072,502,402,5,2024,3,6,2,30422.59,32143.36
1,7.79,932,1254,1003,3,2022,11,24,3,5884.44,8335.68
4,2226.7,1081,603,482,6,2024,12,11,2,40142.62,29110.688
4,1934.85,928,803,643,8,2024,11,21,3,43281.53,33064.406
0,42.73,1181,1188,950,7,2024,12,27,4,4537.2,7341.4062
4,857.68,1008,1306,1044,13,2022,12,11,6,53557.94,31110.764
4,2081.15,880,603,482,6,2023,6,19,0,16100.04,26823.28
2,876.21,1723,1314,1051,11,2023,11,10,4,62001.18,57026.098
4,1187.77,658,703,562,7,2024,1,25,3,31015.34,34944.215
0,381.06,911,679,543,4,2023,6,6,1,3108.44,7155.6187
0,231.6,1039,509,407,3,2024,10,13,6,4718.66,7665.6094
4,2133.53,667,1105,884,11,2024,9,21,5,15276.85,30132.629
4,1284.36,669,1205,964,12,2023,4,2,6,18720.54,34873.79
2,899.8,1416,1911,1529,16,2023,1,17,1,45272.57,49706.715
4,343.65,1128,603,482,6,2024,10,10,3,42279.86,30659.002
2,2968.29,1564,1314,1051,11,2023,11,18,5,41396.68,51562.582
2,1371.48,1878,1553,1242,13,2023,11,16,3,60132.75,52550.742
0,55.13,965,679,543,4,2024,11,27,2,7522.16,8188.7534
0,292.24,957,1527,1221,9,2024,5,2,3,7050.1,6898.453
4,2464.93,672,603,482,6,2024,12,12,3,29420.36,33516.547
4,2227.85,1132,803,643,8,2024,9,17,1,37884.62,28975.922
2,3834.85,1479,1075,860,9,2023,12,5,1,46515.45,49236.734
1,9.43,948,418,334,1,2024,5,25,5,779.12,6458.747
2,1525.84,1955,2269,1815,19,2024,11,19,1,64122.79,57586.91
5,52.4,409,712,569,9,2023,9,19,1,741.99,4276.241
0,305.29,1029,1357,1086,8,2024,6,25,1,2564.44,5756.3066
2,3259.81,1674,1672,1338,14,2024,10,29,1,58077.68,55788.223
2,1489.23,1678,1791,1433,15,2023,8,2,2,76551.05,57189.79
4,2485.35,1106,603,482,6,2020,12,19,5,8297.02,30700.377
3,1159.14,363,386,309,11,2023,11,16,3,32238.52,36534.062
2,3370.22,1438,955,764,8,2024,7,18,3,40103.38,51702.64
4,1612.69,898,1004,803,10,2023,8,24,3,25042.06,31610.342
2,910.86,1236,955,764,8,2024,12,11,2,72794.29,60962.242
2,836.4,1317,1194,955,10,2024,11,1,4,56509.04,54084.19
5,45.18,582,316,253,4,2022,8,14,6,5563.02,4769.6587
0,304.89,1139,1357,1086,8,2024,1,1,0,3563.56,7001.9795
4,2306.32,1001,803,643,8,2023,8,18,4,25674.79,29914.969
4,853.19,888,904,723,9,2023,11,24,4,31175.03,30023.443
2,4174.33,2032,2269,1815,19,2024,10,15,1,31262.48,41664.027
2,4020.8,1468,2269,1815,19,2024,10,24,3,59642.42,58687.445
4,920.07,835,1004,803,10,2024,5,12,6,13011.79,32103.33
1,6.98,1115,1254,1003,3,2024,12,18,2,622.02,6885.551
3,2000.45,284,245,196,7,2024,11,5,1,11248.43,25863.27
2,3494.3,1601,1433,1147,12,2023,12,15,4,75194.14,65629.68
0,271.79,903,679,543,4,2024,11,13,2,19994.12,7457.226
1,46.07,854,418,334,1,2024,4,2,1,3053.76,7732.481
1,42.31,1299,836,669,2,2024,12,8,6,2195.5,8254.474
1,8.54,983,1254,1003,3,2024,12,17,1,3523.08,8825.051
5,84.33,538,316,253,4,2024,12,12,3,4198.08,4426.9688
2,1457.84,1227,1791,1433,15,2023,6,24,5,83590.75,59075.29
0,97.85,779,1527,1221,9,2023,11,27,0,4075.87,6019.615
0,308.76,1120,1018,814,6,2022,11,24,3,7405.8,6463.9395
2,1955.59,1576,2030,1624,17,2023,11,24,4,81979.24,51450.85
2,2727.38,1556,2030,1624,17,2024,5,27,0,30164.99,47504.41
3,892.93,355,175,140,5,2024,3,7,3,21581.38,32051.885
5,99.69,537,633,506,8,2024,12,21,5,3389.52,4541.526
2,1118.98,1267,1672,1338,14,2024,12,13,4,25490.43,55578.2
0,245.93,1028,1527,1221,9,2022,12,14,2,7986.9,6542.0557
2,1007.37,1184,2269,1815,19,2024,8,12,0,36429.25,52961.25
1,39.14,831,1254,1003,3,2024,12,25,2,26387.76,7616.2637
2,2384.6,1191,1075,860,9,2023,4,8,5,61368.8,54372.09
1,38.4,1071,836,669,2,2023,5,28,6,472.22,9006.838
1,44.25,826,418,334,1,2022,9,24,5,3630.5,8393.478
2,3618.44,2013,955,764,8,2023,1,11,2,52881.7,57502.035
4,286.35,1103,502,402,5,2023,5,31,2,32617.16,30909.51
2,1824.57,1973,1194,955,10,2024,12,16,0,47986.52,52309.305
5,39.03,584,553,443,7,2024,1,22,0,9221.43,4192.738
1,26.2,1040,418,334,1,2024,12,13,4,14276.88,8743.386
2,2000.33,1728,1314,1051,11,2023,12,18,0,51451.27,48401.086
4,1151.14,982,703,562,7,2023,10,31,1,28341.19,31196.916
0,426.28,940,1188,950,7,2024,7,24,2,7339.36,6855.6704
4,429.5,678,1205,964,12,2024,3,4,0,12491.42,25483.852
2,595.46,1271,955,764,8,2024,12,31,1,38572.52,50684.918
2,3144.46,1469,836,669,7,2024,12,22,6,31094.03,42655.81
3,1601.76,287,421,337,12,2022,12,8,3,42604.26,47285.24
1,25.1,1142,418,334,1,2024,4,27,5,2978.8,8121.62
0,198.34,1180,679,543,4,2022,7,6,2,7316.16,7373.424
4,1171.83,1072,1004,803,10,2023,11,16,3,31316.81,34301.62
1,15.39,957,418,334,1,2024,3,8,4,5657.54,7787.1045
0,394.34,960,679,543,4,2021,8,13,4,2979.84,7040.8804
4,2517.27,769,1004,803,10,2023,11,6,0,37033.04,30531.473
1,30.74,1161,1672,1338,4,2024,9,23,0,16663.2,10752.062
4,2133.53,667,1105,884,11,2024,11,12,1,15276.85,30303.465
2,1579.87,1342,2150,1720,18,2024,12,27,4,55153.92,54513.73
0,215.25,1216,1188,950,7,2024,8,12,0,5436.24,7090.1245
5,14.95,501,237,190,3,2023,11,6,0,4768.96,3547.9614
5,46.2,455,237,190,3,2024,7,28,6,6855.99,4902.685
0,395.47,1076,848,679,5,2024,9,15,6,3809.02,6150.231
0,106.73,1141,1357,1086,8,2024,6,6,3,3085.08,6743.235
2,2710.16,1984,1911,1529,16,2024,5,24,4,58848.39,54920.477
3,968.65,248,281,224,8,2024,1,3,2,30014.04,32957.4
5,68.37,398,553,443,7,2023,10,11,2,2527.9,4122.286
2,2572.65,1245,1911,1529,16,2024,5,7,1,52779.99,55181.51
5,30.28,380,395,316,5,2023,10,29,6,682.86,5098.132
2,1395.73,1265,836,669,7,2024,11,22,4,49928.5,49327.75
1,8.32,861,418,334,1,2024,12,27,4,1053.18,4363.8438
5,68.15,444,395,316,5,2024,3,26,1,1081.68,4587.3823
2,3028.53,1382,2030,1624,17,2024,1,7,6,69397.36,60406.516
3,994.87,237,175,140,5,2022,4,29,4,61050.8,54291.598
4,918.49,1112,904,723,9,2023,11,5,6,28705.11,31875.473
4,628.95,732,1105,884,11,2024,12,23,0,11647.82,32927.664
2,1248.46,1231,2389,1911,20,2024,4,13,5,52622.93,52831.2
0,144.46,1040,848,679,5,2020,10,2,4,11667.56,7564.6807
2,1321.92,1313,1075,860,9,2024,12,10,1,40346.92,49482.4
0,104.43,934,1188,950,7,2024,2,29,3,3372.26,7053.889
2,1551.59,1352,1672,1338,14,2023,12,12,1,68640.4,60876.08
0,254.78,898,1188,950,7,2023,12,3,6,9626.7,7568.741
3,893.64,314,281,224,8,2024,4,2,1,18808.61,31692.04
0,389.37,849,1357,1086,8,2024,4,30,1,2895.56,6264.9004
2,3985.14,1778,955,764,8,2024,10,28,0,64628.52,61670.133
2,1255.53,1695,1672,1338,14,2024,8,20,1,30149.11,54899.66
0,268.5,1149,848,679,5,2024,12,27,4,4134.74,7982.318
0,455.25,1224,1018,814,6,2023,12,9,5,10370.6,7838.6694
0,277.33,957,1357,1086,8,2024,5,28,1,1567.73,6900.717
2,1994.01,1986,955,764,8,2024,6,11,1,36547.37,46837.875
5,90.53,339,316,253,4,2023,7,4,1,3159.16,3991.4697
2,664.97,1703,1911,1529,16,2023,10,8,6,80014.27,68883.67
4,791.55,938,603,482,6,2024,6,2,6,12215.08,30919.37
2,4037.36,1394,1911,1529,16,2024,7,3,2,74285.65,62007.027
0,350.59,846,509,407,3,2024,9,26,3,9971.88,6897.4346
0,217.53,951,848,679,5,2024,5,31,4,6571.64,7844.342
4,924.44,1034,904,723,9,2024,10,23,2,31609.97,33256.824
0,157.15,1106,679,543,4,2024,11,5,1,3491.82,7478.4326
1,43.6,823,418,334,1,2023,1,8,6,17155.84,8043.2427
2,1175.49,1343,2269,1815,19,2024,12,14,5,43750.94,52481.625
0,407.41,746,1357,1086,8,2024,7,12,4,11674.86,8403.538
4,835.62,1005,1205,964,12,2024,4,10,2,50228.4,31231.459
1,26.88,1129,836,669,2,2022,12,30,4,20068.1,9363.133
0,371.22,904,1018,814,6,2024,10,25,4,4537.66,6820.713
0,95.67,1302,509,407,3,2023,11,28,1,11139.54,7372.1973
0,270.71,1176,509,407,3,2024,4,20,5,6091.76,7701.745
1,4.09,969,1254,1003,3,2022,10,1,5,1777.44,8516.957
5,51.31,490,395,316,5,2024,2,19,0,2513.25,4636.9937
2,1710.73,1384,1911,1529,16,2024,11,19,1,28378.13,46826.305
2,924.89,1831,836,669,7,2023,10,5,3,26363.74,41948.76
2,1185.24,1922,1672,1338,14,2024,9,24,1,62315.87,54947.11
2,1378.86,1183,1194,955,10,2024,9,28,5,42047.16,43219.93
2,4175.88,1342,2150,1720,18,2024,2,3,5,55191.35,53216.59
4,527.52,910,1004,803,10,2022,11,26,5,27077.3,29246.688
2,1652.37,1329,1314,1051,11,2023,3,4,5,81799.77,55800.453
0,320.44,1059,1357,1086,8,2024,3,13,2,4000.01,5889.985
1,43.43,1249,1254,1003,3,2024,8,30,4,4688.7,8222.702
4,2084.6,895,1004,803,10,2024,12,22,6,46945.25,30315.936
2,827.49,1761,1553,1242,13,2023,10,13,4,57080.23,57529.074
4,270.02,751,1105,884,11,2024,6,6,3,38790.8,39099.035
0,264.8,813,848,679,5,2024,9,3,1,1691.4,7153.9463
2,3305.31,1639,836,669,7,2024,12,13,4,35671.15,46811.1
3,1449.62,387,175,140,5,2023,2,25,5,41277.03,55263.65
4,2691.62,1138,1306,1044,13,2024,12,16,0,51887.62,39076.996
5,84.34,577,553,443,7,2024,8,6,1,8778.72,4516.701
2,1524.96,1417,1791,1433,15,2024,12,23,0,41119.39,58391.164
2,2360.83,1990,1911,1529,16,2022,10,27,3,71934.75,54228.14
0,427.31,863,1018,814,6,2024,10,17,3,2511.93,4667.3066
5,43.9,596,633,506,8,2023,10,18,2,11378.61,5283.596
2,1342.27,1577,836,669,7,2024,6,26,2,44583.06,50732.57
4,551.88,1109,502,402,5,2024,6,5,2,43879.12,38309.35
3,742.71,244,421,337,12,2023,7,14,4,36750.08,39558.574
0,369.41,892,1527,1221,9,2024,10,1,1,4349.48,6469.298
2,1148.73,1386,2389,1911,20,2024,5,24,4,33086.21,45987.652
2,1188.75,1873,1791,1433,15,2024,11,29,4,70290.97,52872.613
0,371.57,737,848,679,5,2023,12,11,0,11730.27,8634.406
1,15.43,968,418,334,1,2023,7,11,1,13932.7,9266.529
4,1325.44,659,1306,1044,13,2024,7,11,3,22225.91,35510.336
1,2.54,848,1254,1003,3,2024,6,24,0,19468.67,8139.463
4,1325.44,659,1306,1044,13,2024,4,18,3,22225.91,35510.336
2,3289.89,1792,1672,1338,14,2024,10,16,2,52003.94,60797.43
2,3505.89,1810,955,764,8,2024,8,21,2,82128.81,74361.83
1,49.16,1274,1254,1003,3,2024,11,23,5,3512.26,8257.363
2,2200.58,1820,1911,1529,16,2024,6,11,1,69849.1,58174.695
1,46.98,1070,1254,1003,3,2024,4,18,3,5931.7,8732.465
2,4060.99,1883,2030,1624,17,2024,12,19,3,78210.12,57894.023
1,2.6,1017,836,669,2,2023,7,22,5,1614.8,6442.908
5,70.02,551,474,380,6,2024,11,9,5,557.75,4221.6987
0,78.8,1288,1018,814,6,2023,8,12,5,12203.36,6850.047
2,2000.33,1728,1314,1051,11,2024,5,16,3,51451.27,48656.44
4,2092.48,821,502,402,5,2023,8,7,0,28246.05,29045.191
2,1135.19,1685,1194,955,10,2024,4,21,6,49473.94,47621.37
4,341.85,736,904,723,9,2024,11,30,5,27656.38,30260.05
0,458.74,805,1357,1086,8,2024,11,8,4,2230.78,5228.8447
4,1438.05,796,1004,803,10,2024,11,19,1,35144.4,34378.63
0,405.23,1185,1527,1221,9,2024,11,5,1,6199.84,7410.778
1,20.01,1054,418,334,1,2022,10,25,1,21644.26,10852.987
3,2264.61,233,281,224,8,2024,7,23,1,38615.59,38817.773
2,2500.44,1213,1194,955,10,2024,3,18,0,43897.51,49046.605
0,319.34,1128,1527,1221,9,2024,1,6,5,17335.68,8615.065
5,29.96,537,712,569,9,2024,11,21,3,4447.4,4484.463
2,607.65,1166,1314,1051,11,2023,9,26,1,25636.95,37574.1
5,52.21,446,237,190,3,2024,12,15,6,9454.11,4651.491
2,4143.01,1352,836,669,7,2023,11,6,0,83547.18,68072.54
2,2460.68,1617,2389,1911,20,2024,1,5,4,38240.91,49464.055
0,173.82,904,509,407,3,2024,6,28,4,4871.2,7773.097
2,2877.89,1699,2150,1720,18,2024,12,17,1,43579.04,47176.57
0,319.32,938,679,543,4,2024,2,23,4,6750.36,7232.96
0,228.26,958,1527,1221,9,2024,10,27,6,3543.48,7481.6562
3,1220.54,323,456,365,13,2024,2,16,4,25090.94,45583.582
4,1890.49,1024,1105,884,11,2024,12,18,2,17495.93,32698.12
4,1623.51,885,904,723,9,2024,10,11,4,54899.43,29560.006
0,232.37,798,679,543,4,2023,1,17,1,7020.04,7582.762
3,1570.25,274,281,224,8,2023,9,9,5,71026.52,50811.984
1,43.06,850,836,669,2,2024,12,3,1,6176.88,7636.3438
5,73.78,514,553,443,7,2024,12,14,5,4290.3,4250.091
0,224.88,975,1357,1086,8,2024,12,12,3,18793.96,8765.169
2,924.94,1549,1553,1242,13,2021,3,9,1,62370.62,60173.996
2,2667.18,1612,1553,1242,13,2022,12,9,4,73454.89,59062.22
0,471.54,826,679,543,4,2024,11,19,1,14066.43,7877.9385
1,39.03,764,1672,1338,4,2023,12,26,1,10380.76,7406.121
2,3422.66,1682,955,764,8,2024,12,22,6,37007.58,51775.375
1,5.12,993,1254,1003,3,2024,12,10,1,13596.31,8473.705
0,164.48,1169,679,543,4,2022,9,14,2,16265.28,9914.162
4,2101.3,919,1004,803,10,2024,12,1,6,48177.71,32188.55
4,1519.42,780,1205,964,12,2023,12,17,6,9881.67,25102.98
1,42.98,844,836,669,2,2024,7,13,5,2479.61,7532.6367
4,2168.34,737,1004,803,10,2024,6,16,6,9221.77,27160.363
4,494.85,993,803,643,8,2024,5,27,0,31915.49,34232.574
1,31.45,881,418,334,1,2024,5,13,0,3499.12,7902.3857
4,286.35,1103,502,402,5,2022,5,13,4,32617.16,30909.51
0,332.77,1156,1527,1221,9,2024,5,11,5,3010.5,7267.416
1,11.5,1048,1254,1003,3,2024,11,5,1,7848.9,8804.329
5,25.93,456,474,380,6,2024,7,29,0,1611.69,4309.924
1,41.14,807,418,334,1,2024,3,18,0,2438.4,7486.1924
4,2227.4,940,803,643,8,2024,8,23,4,37024.96,30155.693
1,21.65,812,418,334,1,2024,11,25,0,4515.5,7557.166
1,18.72,1000,836,669,2,2022,2,19,5,13222.3,8636.099
5,22.13,470,237,190,3,2024,2,19,0,2747.55,3853.1223
2,3804.17,2010,1911,1529,16,2024,8,27,1,57537.49,51315.17
4,1543.01,802,603,482,6,2024,6,6,3,41338.26,33334.98
4,1765.28,741,904,723,9,2023,11,25,5,25145.49,29699.76
0,425.67,1107,679,543,4,2024,12,17,1,2281.81,6868.9604
5,42.56,433,633,506,8,2024,5,29,2,7088.02,4503.697
5,59.69,581,316,253,4,2023,1,11,2,798.34,4429.032
0,97.85,779,1527,1221,9,2024,8,10,5,4075.87,5959.473
4,1767.39,789,1306,1044,13,2024,11,6,2,24037.78,27908.88
1,22.47,770,836,669,2,2024,2,27,1,4944.6,8111.8813
2,1878.63,1757,1791,1433,15,2024,1,12,4,75924.3,58447.047
0,341.44,1190,1188,950,7,2024,8,13,1,6108.42,7365.0376
2,4103.36,1741,1314,1051,11,2024,10,17,3,58805.28,57344.88
2,1079.59,1921,1553,1242,13,2024,9,23,0,68925.31,58079.867
2,2631.52,1767,2030,1624,17,2023,11,17,4,63839.91,49115.91
2,4104.47,1239,2150,1720,18,2021,11,1,0,46360.11,54003.035
2,3814.76,1291,1911,1529,16,2024,3,26,1,28622.48,48346.41
1,9.02,1113,418,334,1,2024,12,11,2,24835.02,13155.822
5,35.31,522,474,380,6,2024,3,17,6,1868.69,4129.3223
3,2249.57,353,210,168,6,2024,7,8,0,13733.33,32181.82
1,36.86,810,836,669,2,2024,11,2,5,2097.68,7585.344
0,217.85,1067,1357,1086,8,2024,12,14,5,2653.98,5797.297
2,1633.93,1408,1314,1051,11,2023,7,1,5,75178.8,55556.156
0,52.08,880,1018,814,6,2023,7,31,0,4272.98,7276.223
4,1099.32,1010,904,723,9,2024,7,29,0,40483.76,32631.473
2,1920.18,1575,1791,1433,15,2024,12,27,4,44924.46,51528.418
1,37.51,1235,1672,1338,4,2023,12,2,5,3476.22,6823.3647
0,44.07,1134,509,407,3,2024,5,13,0,7690.36,9256.605
0,142.43,1309,1188,950,7,2023,9,19,1,9647.2,7049.8564
2,2561.07,1872,1075,860,9,2024,8,21,2,64767.62,54700.145
5,81.13,583,712,569,9,2022,9,13,1,4168.05,4627.0913
0,132.75,794,679,543,4,2023,12,26,1,4364.66,6813.396
0,232.37,798,679,543,4,2022,10,1,5,7020.04,7684.4395
0,193.06,993,1527,1221,9,2024,5,27,0,10614.4,6682.4834
5,23.0,525,712,569,9,2024,12,21,5,10463.07,4415.6147
4,1702.51,1136,803,643,8,2024,12,12,3,9586.46,24394.346
4,2053.01,840,502,402,5,2024,9,18,2,11080.44,28664.883
5,14.74,361,237,190,3,2024,11,3,6,2175.75,3298.4287
4,1931.05,774,703,562,7,2023,1,19,3,36725.17,30551.803
4,765.52,856,803,643,8,2023,4,26,2,36250.94,34110.44
2,2943.1,1799,955,764,8,2024,6,29,5,26770.14,44221.88
2,1994.01,1986,955,764,8,2023,12,26,1,36547.37,45759.145
4,1418.08,904,603,482,6,2024,12,2,0,53738.23,32894.254
5,30.5,461,474,380,6,2023,2,23,3,7312.22,4184.9834
4,1998.01,734,603,482,6,2024,12,25,2,29154.21,27346.303
4,1972.77,1081,603,482,6,2024,3,28,3,52231.17,30383.744
0,452.99,1227,509,407,3,2024,5,27,0,9658.8,7854.3276
0,77.43,1067,1357,1086,8,2023,10,24,1,11817.03,6198.1094
2,3492.9,1168,836,669,7,2023,10,28,5,73420.66,69315.73
2,3353.44,2039,1672,1338,14,2023,7,1,5,38998.76,50620.83
0,382.81,839,1357,1086,8,2024,7,15,0,9598.58,6264.9004
4,410.07,1061,904,723,9,2024,10,15,1,52673.47,38721.344
4,2391.56,722,502,402,5,2024,2,11,6,30227.67,34502.5
3,647.59,290,316,253,9,2023,8,31,3,26007.1,32469.518
4,2007.56,658,502,402,5,2024,7,8,0,20769.04,28464.775
5,82.01,379,633,506,8,2024,6,23,6,9579.87,4608.752
0,418.18,1120,509,407,3,2022,12,1,3,8918.52,6935.773
5,94.96,550,553,443,7,2024,5,26,6,3561.94,4224.5894
2,2116.87,1521,1433,1147,12,2024,8,5,0,78469.4,63708.348
2,4151.14,1985,1194,955,10,2024,3,26,1,29490.91,46759.617
2,3373.57,2017,2269,1815,19,2023,7,30,6,32530.13,49912.91
4,1130.08,1012,1105,884,11,2024,6,16,6,21522.6,30061.197
1,11.91,790,1254,1003,3,2024,8,31,5,2732.66,7750.1865
0,188.31,1173,1188,950,7,2020,10,4,6,6238.28,6604.391
2,1231.12,1548,1553,1242,13,2024,11,7,3,43743.32,53143.445
2,2347.13,1391,1672,1338,14,2024,9,11,2,52835.05,56722.07
4,998.66,1029,803,643,8,2023,12,30,5,48838.1,36084.51
1,40.43,1136,836,669,2,2022,6,27,0,18887.2,9280.226
0,353.29,1262,1527,1221,9,2024,12,12,3,3073.37,7293.083
5,86.36,337,316,253,4,2023,11,14,1,1767.36,2178.8545
3,2455.82,221,456,365,13,2023,10,28,5,57548.96,63150.695
1,11.23,866,418,334,1,2024,9,30,0,4035.25,5132.0317
2,935.69,1611,2030,1624,17,2023,2,13,0,46303.62,58985.863
4,568.49,1043,904,723,9,2024,9,28,5,43576.81,39256.406
4,1955.74,792,1004,803,10,2024,7,11,3,19828.87,26118.377
1,7.03,1281,1672,1338,4,2024,3,25,0,6755.25,7207.029
2,2227.45,2032,2150,1720,18,2024,9,24,1,79903.66,71321.74
0,187.57,1078,1018,814,6,2023,12,30,5,4251.72,6576.4565
0,390.28,1065,509,407,3,2024,12,18,2,5210.28,6104.8906
2,2574.36,2022,955,764,8,2022,7,15,4,68979.42,67869.836
2,1435.38,1455,1553,1242,13,2023,9,28,3,36128.18,50613.746
4,2643.1,1022,703,562,7,2023,11,15,2,41393.71,31031.615
2,3152.95,1457,955,764,8,2024,12,2,0,37333.8,43803.164
4,538.46,721,1205,964,12,2024,2,10,5,39301.0,34681.855
2,1052.65,1866,1075,860,9,2023,9,25,0,37293.19,48405.12
4,1782.07,827,1306,1044,13,2024,10,18,4,54197.19,38870.035
4,1166.06,1106,1205,964,12,2024,11,19,1,44833.93,33269.844
0,51.68,993,848,679,5,2024,10,4,4,1877.44,8176.4824
5,95.9,543,633,506,8,2024,6,1,5,4736.72,4286.9443
2,3764.66,1937,2030,1624,17,2024,12,12,3,36085.59,43015.848
3,1767.39,367,351,281,10,2024,7,7,6,52823.02,37842.445
5,96.16,597,633,506,8,2024,12,16,0,2356.53,4194.1353
4,1113.63,823,502,402,5,2024,7,29,0,53618.69,35829.836
4,362.14,877,1205,964,12,2024,6,30,6,39764.53,33703.64
5,36.23,509,553,443,7,2024,2,9,4,7410.38,4247.5034
1,46.84,1189,418,334,1,2024,4,8,0,13200.24,8231.225
2,3018.87,1909,1553,1242,13,2024,12,1,6,47508.98,56343.184
0,247.49,932,1188,950,7,2024,2,18,6,6614.16,7938.911
1,30.98,752,1672,1338,4,2024,12,20,4,3935.97,7971.78
3,850.02,224,421,337,12,2024,3,19,1,34309.68,33202.16
3,1396.03,275,281,224,8,2022,11,1,1,24473.25,39418.86
0,344.65,1127,1357,1086,8,2023,12,21,3,9338.34,8514.669
2,2787.98,1475,1075,860,9,2023,9,6,2,37396.68,48558.062
2,3789.08,1291,2030,1624,17,2024,12,21,5,56715.51,49800.66
5,43.75,405,237,190,3,2024,5,12,6,1420.35,3845.432
4,1514.05,1022,703,562,7,2024,4,14,6,47246.56,30888.645
5,37.23,555,553,443,7,2024,2,19,0,3779.61,4173.379
3,709.76,347,316,253,9,2023,7,29,5,48849.78,38335.906
0,435.14,911,848,679,5,2024,1,1,0,3806.16,7198.726
4,1779.05,837,904,723,9,2024,12,4,2,14324.24,29619.207
4,1700.83,918,803,643,8,2023,1,22,6,29457.81,29617.379
2,990.04,1330,1672,1338,14,2024,10,16,2,36618.13,59158.85
2,1435.93,1524,1911,1529,16,2023,2,3,4,34011.26,50873.832
4,1397.11,668,1105,884,11,2024,1,23,1,51408.03,35086.984
5,79.91,488,553,443,7,2024,8,13,1,941.74,4444.4785
4,1415.67,752,1004,803,10,2024,7,4,3,50691.07,34370.215
2,2561.07,1872,1075,860,9,2024,12,27,4,64767.62,54700.145
4,574.35,822,703,562,7,2024,6,26,2,44212.21,37380.83
4,1112.69,829,1105,884,11,2022,12,9,4,22600.35,33678.297
2,1467.51,1685,1553,1242,13,2024,10,31,3,64194.06,56357.41
4,536.5,1069,803,643,8,2024,12,31,1,16333.26,39268.723
0,149.91,1213,509,407,3,2024,4,10,2,4701.33,7072.0625
5,26.6,586,633,506,8,2020,10,3,5,1956.3,4043.9355
4,1436.63,796,502,402,5,2024,6,13,3,14412.11,33237.176
2,3001.5,1521,1194,955,10,2024,11,22,4,83786.09,53044.035
4,1135.2,1058,502,402,5,2024,12,19,3,27001.04,35300.914
5,73.28,567,553,443,7,2024,1,31,2,6350.74,4242.511
4,2719.37,1154,1105,884,11,2024,11,11,0,33782.62,35346.312
3,377.31,309,316,253,9,2024,12,30,0,43932.52,46276.777
0,376.41,1290,848,679,5,2022,12,8,3,4249.54,7511.204
2,1332.94,1234,2389,1911,20,2024,11,2,5,38821.3,47550.387
2,3378.39,1454,1553,1242,13,2024,6,7,4,55533.15,57123.516
2,1467.51,1685,1553,1242,13,2024,11,11,0,64194.06,56357.41
1,4.97,1230,1254,1003,3,2024,12,29,6,2978.3,7095.449
2,744.98,1598,2389,1911,20,2024,5,28,1,76804.43,65893.62
0,210.15,1055,1527,1221,9,2022,7,31,6,6238.06,6387.373
1,13.02,881,836,669,2,2024,12,22,6,7779.66,8054.224
1,28.6,1094,1254,1003,3,2023,4,30,6,23643.75,8450.61
4,794.03,772,603,482,6,2023,7,7,4,26746.02,31425.508
0,168.97,1224,509,407,3,2024,11,3,6,3589.19,7100.8745
0,165.04,769,679,543,4,2024,8,26,0,18472.32,8244.094
2,3827.93,1350,2269,1815,19,2024,11,10,6,72542.77,57211.61
0,471.54,826,679,543,4,2024,10,28,0,14066.43,7877.9385
0,215.89,1272,509,407,3,2024,11,12,1,13110.96,8224.984
2,2574.36,2022,955,764,8,2024,10,27,6,68979.42,66354.27
4,443.57,1018,803,643,8,2024,8,22,3,43090.14,33837.914
2,3332.08,1238,1314,1051,11,2024,8,25,6,65910.83,53634.99
4,1407.1,1154,1004,803,10,2024,8,6,1,47495.16,35517.414
4,1595.63,1086,1105,884,11,2024,11,29,4,26254.01,33117.707
4,2078.17,701,502,402,5,2021,6,20,6,32501.67,26878.037
4,1505.38,712,502,402,5,2024,10,30,2,10001.13,26108.035
2,1987.01,1545,2389,1911,20,2024,12,22,6,25758.64,43142.316
2,2586.65,1435,2389,1911,20,2024,8,16,4,75040.2,67609.38
3,1393.47,292,316,253,9,2022,9,27,1,74669.9,48189.67
0,73.55,1211,848,679,5,2023,8,25,4,1746.44,7155.7163
4,800.58,990,1105,884,11,2024,4,14,6,15139.13,30620.34
4,1567.19,999,803,643,8,2023,11,18,5,26212.05,28745.07
4,2408.21,962,1004,803,10,2023,6,16,4,54437.73,32335.053
3,2163.98,370,316,253,9,2024,12,18,2,58189.12,39429.805
2,959.16,1744,2150,1720,18,2023,7,21,4,68558.14,63723.57
0,86.8,800,509,407,3,2024,8,19,0,4647.6,6767.2114
3,1758.36,235,245,196,7,2024,12,25,2,32833.37,37325.38
1,20.75,1113,836,669,2,2024,11,16,5,8998.99,8177.698
2,1181.57,1374,2030,1624,17,2023,9,17,6,60312.83,55876.156
4,1290.55,694,1105,884,11,2021,3,19,4,25394.97,34236.2
4,1136.52,1076,703,562,7,2024,12,15,6,14459.22,36941.66
2,3394.95,2043,1194,955,10,2024,9,15,6,41579.47,47139.047
2,3596.75,1644,1194,955,10,2023,12,10,6,43418.76,47888.793
0,341.44,1190,1188,950,7,2024,3,6,2,6108.42,7354.1235
0,264.8,813,848,679,5,2024,11,11,0,1691.4,7110.3813
4,2602.22,707,502,402,5,2024,10,5,5,53044.04,30864.42
2,2066.38,1319,2150,1720,18,2024,11,19,1,57333.68,54956.9
2,3140.0,1789,1433,1147,12,2024,7,30,1,78633.07,61761.734
2,2500.2,1785,1433,1147,12,2020,10,7,2,56978.99,53482.137
3,663.19,361,210,168,6,2023,6,17,5,56268.72,35341.48
1,48.56,1295,418,334,1,2023,3,27,0,19977.88,8269.319
4,366.27,994,904,723,9,2024,10,10,3,18471.85,29289.902
4,2438.99,957,703,562,7,2024,8,13,1,14948.95,28659.547
5,68.83,526,712,569,9,2024,9,26,3,4963.88,4522.227
5,76.4,522,395,316,5,2024,10,24,3,7778.88,4386.2354
1,41.04,838,836,669,2,2024,10,29,1,3373.26,7592.779
2,1017.39,1622,2389,1911,20,2024,8,26,0,62131.75,63642.977
4,2537.47,1059,502,402,5,2024,10,19,5,49101.96,36389.418
1,42.9,879,418,334,1,2024,12,21,5,10230.48,7852.8887
0,313.61,738,1018,814,6,2024,1,23,1,13515.66,8454.881
2,3645.78,1894,1553,1242,13,2024,11,28,3,61064.59,58536.52
2,2462.66,1581,1791,1433,15,2024,10,30,2,55887.09,49775.703
1,26.62,824,1672,1338,4,2023,11,17,4,1391.74,7076.963
0,305.29,1029,1357,1086,8,2024,2,20,1,2564.44,5701.8276
0,42.73,1181,1188,950,7,2023,6,4,6,4537.2,7315.7393
2,1395.73,1265,836,669,7,2024,12,1,6,49928.5,49235.336
1,49.04,989,1254,1003,3,2024,4,14,6,11686.02,8475.506
3,1619.59,350,175,140,5,2024,7,27,5,31761.63,41580.246
0,350.59,846,509,407,3,2024,7,2,1,9971.88,6940.9995
0,273.37,760,848,679,5,2023,1,3,1,3985.02,6720.6055
5,42.86,578,395,316,5,2024,12,23,0,3567.84,4482.106
4,2502.17,1087,703,562,7,2024,12,22,6,31545.31,28757.65
4,1050.97,951,703,562,7,2020,10,6,1,49558.96,33867.918
1,42.16,948,1254,1003,3,2024,10,31,3,3349.36,8794.97
0,385.6,1211,1188,950,7,2024,11,19,1,5983.72,6994.0737
2,2044.61,1465,1433,1147,12,2024,5,16,3,49803.53,52015.47
3,1948.43,356,175,140,5,2024,4,16,1,37693.31,45339.43
4,359.88,1070,803,643,8,2024,9,13,4,41559.09,30937.998
2,2347.13,1391,1672,1338,14,2024,5,27,0,52835.05,56722.07
2,2499.57,1310,955,764,8,2024,9,10,1,41301.9,53137.21
4,402.1,1106,1205,964,12,2021,11,8,0,9221.82,21762.047
0,398.23,754,1018,814,6,2024,6,16,6,2593.47,6374.589
0,421.81,1071,1018,814,6,2024,7,29,0,1796.88,6314.326
3,2169.62,291,316,253,9,2021,6,8,1,49764.52,48527.414
0,384.69,816,848,679,5,2023,1,4,2,1871.91,7140.6016
2,3746.95,1315,1433,1147,12,2024,10,18,4,50168.52,52731.99
3,617.0,330,456,365,13,2024,9,30,0,41314.7,38825.184
4,1460.06,1037,1205,964,12,2024,9,23,0,53609.39,35385.52
2,924.89,1831,836,669,7,2023,11,14,1,26363.74,42077.44
0,217.64,1095,1527,1221,9,2024,1,13,5,8128.62,6907.6978
2,1072.01,1572,955,764,8,2020,10,10,5,81743.1,52708.504
3,2000.45,284,245,196,7,2023,9,26,1,11248.43,25936.709
2,3723.96,1198,955,764,8,2024,6,1,5,38254.28,48880.598
4,1956.61,1021,1004,803,10,2023,6,15,3,10876.13,26994.86
2,2239.8,1885,1433,1147,12,2024,12,24,1,36998.68,50060.805
0,260.91,1203,679,543,4,2024,5,24,4,3021.95,7982.318
3,846.22,314,386,309,11,2024,11,24,6,32433.21,34935.535
2,2905.31,1331,1194,955,10,2023,12,22,4,71919.79,50748.926
5,77.66,339,237,190,3,2024,12,20,4,2293.05,3844.8125
2,810.88,2028,836,669,7,2024,8,24,5,73082.04,71613.88
4,2719.86,722,603,482,6,2024,11,25,0,53826.02,42858.766
4,1507.49,668,1306,1044,13,2023,8,3,3,38911.93,34539.965
0,492.89,884,679,543,4,2023,12,10,6,10705.08,7514.3022
3,465.91,227,316,253,9,2023,9,7,3,57604.26,55321.938
0,452.99,1227,509,407,3,2024,7,16,1,9658.8,7854.3276
0,281.4,1112,1527,1221,9,2024,6,29,5,1370.58,6575.301
2,3683.77,1809,2389,1911,20,2024,3,27,2,51060.43,52635.027
2,1971.0,2042,1194,955,10,2024,2,23,4,30023.31,38666.61
2,2932.07,1614,1194,955,10,2023,9,19,1,55670.37,53073.637
1,3.12,1004,1254,1003,3,2024,5,31,4,13472.0,8536.299
4,400.66,708,1205,964,12,2024,12,12,3,32122.98,36310.17
5,63.16,404,316,253,4,2023,11,2,3,2517.92,4183.8145
5,26.6,586,633,506,8,2023,2,24,4,1956.3,4162.117
4,854.72,783,1004,803,10,2024,12,6,4,26069.02,32694.018
0,459.44,1290,679,543,4,2024,5,8,2,4338.88,7931.11
0,483.02,880,1527,1221,9,2024,1,16,1,16232.4,7232.091
2,3476.22,1749,2150,1720,18,2024,9,24,1,66059.23,58918.56
4,640.0,887,603,482,6,2024,4,17,2,53255.4,34443.15
2,2055.61,2003,1075,860,9,2024,5,4,5,54748.62,51447.47
0,308.45,1056,1527,1221,9,2024,8,28,2,6132.92,6107.5254
4,2112.49,736,904,723,9,2024,4,19,4,38064.03,31248.287
0,390.01,968,1188,950,7,2024,7,17,2,6616.16,6749.5396
1,16.46,762,836,669,2,2023,9,20,2,8182.3,8103.05
0,171.31,993,1357,1086,8,2024,8,22,3,8005.42,6551.3794
4,2713.26,1145,502,402,5,2024,9,30,0,8328.19,23703.254
2,2750.6,1237,955,764,8,2023,9,30,5,67743.61,50406.2
2,1240.01,1810,1911,1529,16,2024,11,27,2,67953.0,60410.14
2,2125.55,1301,1075,860,9,2021,10,26,1,37546.13,49145.492
5,22.18,574,553,443,7,2023,5,1,0,885.22,4089.9653
2,640.63,1666,836,669,7,2024,8,17,5,62478.85,52719.992
2,3757.87,2015,1433,1147,12,2024,8,17,5,82968.76,73213.28
0,435.56,1173,509,407,3,2024,1,29,0,18519.12,7799.8486
2,2033.51,1634,2150,1720,18,2022,11,19,5,84338.74,53653.777
4,1306.79,752,502,402,5,2024,4,18,3,47019.16,34110.918
0,139.82,1022,1188,950,7,2024,7,23,1,6902.34,6410.652
1,27.03,905,1254,1003,3,2024,9,14,5,8200.74,8531.669
4,2464.42,763,1004,803,10,2023,12,23,5,21444.28,25993.596
5,78.66,422,237,190,3,2024,8,23,4,948.27,4532.6006
2,1445.48,1843,2389,1911,20,2024,6,14,4,69368.64,63769.22
5,22.33,439,553,443,7,2024,6,27,3,649.34,4171.342
4,2326.57,1067,1306,1044,13,2024,7,30,1,26290.85,33552.86
5,35.8,583,237,190,3,2024,12,3,1,1532.45,4254.25
0,402.61,1290,1188,950,7,2024,2,5,0,9302.98,7469.713
2,2596.17,1546,1672,1338,14,2024,11,21,3,56219.99,52068.754
4,361.44,1028,904,723,9,2023,8,27,6,13286.72,27820.521
3,1304.84,390,210,168,6,2024,11,26,1,45666.79,49798.18
2,3978.35,1982,2389,1911,20,2024,11,25,0,41730.08,51848.477
1,37.28,1245,836,669,2,2024,10,28,0,645.24,6675.969
2,2484.1,1615,1791,1433,15,2024,11,24,6,61797.56,52157.418
4,2191.83,1006,1306,1044,13,2023,7,23,6,16326.11,27495.977
2,2096.17,1516,955,764,8,2024,5,17,4,66094.98,62186.57
0,50.35,925,1018,814,6,2024,10,4,4,3381.08,7579.269
1,37.28,1245,836,669,2,2022,12,2,4,645.24,6719.534
5,43.9,596,633,506,8,2023,5,6,5,11378.61,5165.415
0,63.42,993,848,679,5,2023,5,13,5,6946.04,7543.1836
2,2182.06,1208,1672,1338,14,2023,11,23,3,59716.34,45695.754
1,21.12,1313,1672,1338,4,2024,9,14,5,6624.87,8022.4155
2,1023.57,1717,1791,1433,15,2024,11,28,3,40784.06,54205.996
2,3571.06,1329,2150,1720,18,2024,11,7,3,44803.63,53584.984
2,2390.5,1362,2150,1720,18,2024,12,13,4,60643.82,56420.414
2,3730.8,1431,1791,1433,15,2024,12,13,4,84047.03,58884.523
0,265.72,1174,509,407,3,2024,4,20,5,4198.73,7701.745
2,4066.29,1591,2389,1911,20,2024,11,30,5,59681.93,51904.38
0,231.83,1089,848,679,5,2023,12,11,0,18167.44,9216.626
5,68.22,515,712,569,9,2024,5,15,2,1037.28,4522.227
5,96.43,537,316,253,4,2023,8,26,5,1323.99,4374.198
3,1199.1,392,245,196,7,2024,10,28,0,19988.26,34532.5
0,484.23,877,848,679,5,2023,5,31,2,5086.64,7574.4443
2,3899.71,1739,1672,1338,14,2023,1,4,2,37924.55,48680.76
4,1550.84,1147,1306,1044,13,2024,1,16,1,50656.03,43628.312
3,743.07,296,316,253,9,2020,7,24,4,26236.12,31458.95
2,2877.68,1771,2030,1624,17,2024,4,30,1,30614.76,45352.926
1,13.55,1080,1672,1338,4,2022,6,30,3,10694.32,10356.43
4,2128.9,1102,1004,803,10,2024,6,12,2,52704.33,30988.295
2,3852.81,1601,2269,1815,19,2024,12,25,2,81083.7,68429.02
4,1218.9,1070,803,643,8,2024,7,24,2,16787.23,34004.254
3,1185.61,311,386,309,11,2023,6,14,2,34796.31,43712.043
1,31.95,1257,836,669,2,2024,6,1,5,9793.1,7599.709
2,2126.32,1488,1194,955,10,2024,4,3,2,47711.09,48761.27
4,1958.11,829,1004,803,10,2024,10,18,4,22438.71,27245.229
0,413.42,1197,1018,814,6,2024,7,19,4,3581.34,7439.168
2,3028.53,1382,2030,1624,17,2022,11,18,4,69397.36,58145.71
1,10.89,851,1672,1338,4,2024,8,7,2,5793.27,7950.8823
4,1879.51,966,703,562,7,2024,5,5,6,33178.32,34420.207
4,1724.61,983,1105,884,11,2024,5,5,6,16352.07,26281.293
3,1204.01,298,210,168,6,2023,10,16,0,68449.3,54775.082
2,1802.42,1992,1433,1147,12,2024,10,30,2,84132.94,59919.64
5,64.85,401,316,253,4,2024,3,2,5,8631.84,4084.588
5,69.18,413,237,190,3,2024,6,12,2,2220.75,4147.535
0,304.89,1139,1357,1086,8,2024,4,14,6,3563.56,6932.7476
4,2227.85,1132,803,643,8,2024,11,1,4,37884.62,29019.486
0,97.89,1043,509,407,3,2024,1,13,5,12600.78,7679.9097
4,1373.67,727,502,402,5,2023,11,23,3,31333.26,32446.059
4,1348.16,1014,1105,884,11,2024,10,4,4,34145.63,30180.541
4,683.86,811,1105,884,11,2024,3,11,0,46501.38,37203.03
4,2574.52,714,904,723,9,2024,6,24,0,10322.14,25937.777
5,70.29,342,553,443,7,2024,12,13,4,3500.04,3891.643
4,2135.66,846,904,723,9,2023,9,30,5,21273.11,27334.531
4,1130.23,760,803,643,8,2024,9,26,3,43167.26,36015.54
0,152.63,1128,679,543,4,2024,11,10,6,12598.83,9086.539
0,321.48,1039,1018,814,6,2024,8,30,4,9773.92,6709.046
3,1544.65,248,210,168,6,2023,12,19,1,54534.42,50116.15
1,21.81,990,836,669,2,2024,6,17,0,8903.18,8712.056
4,2028.71,1085,603,482,6,2024,12,7,5,32454.06,30331.62
5,55.46,419,712,569,9,2022,10,31,0,2400.34,4276.241
2,1321.92,1313,1075,860,9,2020,10,2,4,40346.92,49461.203
2,2001.97,1871,1075,860,9,2024,12,21,5,73064.14,52156.79
1,37.73,968,1672,1338,4,2024,12,14,5,4102.42,8381.734
2,1044.99,1297,2030,1624,17,2024,7,25,3,77377.33,60963.508
2,1065.52,1986,1911,1529,16,2024,8,21,2,69158.58,65800.69
0,189.51,1007,1357,1086,8,2023,1,3,1,3722.98,6499.6646
0,114.72,846,509,407,3,2021,6,7,0,9420.4,7179.944
4,362.14,877,1205,964,12,2024,9,28,5,39764.53,33703.64
0,277.33,957,1357,1086,8,2024,8,4,6,1567.73,6840.5747
2,1791.64,1844,1553,1242,13,2020,4,9,3,38326.04,53039.117
1,31.41,1281,1254,1003,3,2024,11,25,0,2125.4,7682.8145
2,4136.3,1837,836,669,7,2024,5,23,3,65429.57,61889.49
3,970.82,236,386,309,11,2024,12,21,5,46346.59,38452.51
4,2169.68,1028,1004,803,10,2024,7,19,4,35909.35,28293.498
2,1548.13,1785,1553,1242,13,2024,7,22,0,38580.8,53059.67
0,328.81,1018,509,407,3,2024,12,14,5,10941.66,6368.0923
2,1375.91,1707,955,764,8,2023,7,20,3,28101.27,40048.203
4,2169.6,739,1004,803,10,2024,10,9,2,21810.16,27309.463
2,3359.27,1209,1075,860,9,2024,12,14,5,47239.0,52524.86
0,65.77,1204,1357,1086,8,2024,8,10,5,7361.42,6195.232
4,1865.68,917,603,482,6,2023,10,5,3,15307.69,34010.023
5,46.76,468,712,569,9,2023,1,28,5,2996.31,4658.81
4,1516.37,1128,603,482,6,2024,5,13,0,16767.94,28971.664
4,432.59,667,1205,964,12,2024,9,26,3,52018.23,41125.37
3,2197.8,351,351,281,10,2024,9,20,4,28504.99,32656.39
4,721.08,975,1306,1044,13,2023,7,1,5,46046.83,35277.863
3,2264.61,233,281,224,8,2023,10,22,6,38615.59,39015.89
1,46.23,866,418,334,1,2024,12,1,6,1373.68,6112.549
4,2375.95,1071,703,562,7,2024,12,31,1,39139.26,31119.268
1,14.01,867,1672,1338,4,2024,4,7,6,3469.57,5426.117
1,22.39,948,418,334,1,2024,10,23,2,8963.11,7816.849
0,212.43,818,509,407,3,2024,8,16,4,1832.7,7140.981
2,3897.01,1590,1075,860,9,2024,5,18,5,62227.13,53511.062
4,640.66,673,1004,803,10,2023,11,18,5,53921.79,33190.2
0,73.55,1211,848,679,5,2024,8,4,6,1746.44,7130.0493
1,39.56,984,1672,1338,4,2023,10,10,1,12965.54,8237.033
3,1573.97,309,175,140,5,2023,10,5,3,18277.26,38242.902
2,4207.33,1193,955,764,8,2022,12,6,1,27480.03,35045.395
4,1174.28,1110,1205,964,12,2024,11,27,2,43349.1,32939.67
0,427.84,1253,1188,950,7,2024,10,9,2,8627.55,7439.168
0,94.63,793,1188,950,7,2024,2,10,5,3005.06,6296.216
2,2848.64,1568,955,764,8,2024,10,18,4,27625.3,46618.47
1,18.36,1014,418,334,1,2024,4,7,6,7658.21,8705.854
2,4047.41,1967,1791,1433,15,2024,10,30,2,46069.7,49924.83
0,101.02,1266,1357,1086,8,2024,4,14,6,800.28,6140.753
5,86.07,473,316,253,4,2023,10,8,6,824.34,4344.7134
0,332.67,762,509,407,3,2023,2,21,1,6570.2,6484.2134
3,1054.35,337,281,224,8,2024,12,17,1,22678.41,37710.51
5,22.29,432,316,253,4,2023,5,28,6,3319.42,3918.0068
4,622.93,1102,904,723,9,2022,12,29,3,48972.19,36789.484
2,1559.32,1302,1553,1242,13,2024,8,24,5,65020.68,58954.54
2,2825.05,1409,2030,1624,17,2024,12,24,1,36929.43,53015.996
1,47.56,946,1672,1338,4,2023,12,27,2,7868.85,8441.877
4,1541.12,1142,703,562,7,2023,7,30,6,16190.81,31117.645
2,3993.0,1343,2389,1911,20,2024,11,2,5,53337.4,57682.64
2,4150.23,1974,955,764,8,2024,3,6,2,53087.33,55168.848
0,443.94,1073,1018,814,6,2024,9,5,3,2301.4,6419.874
3,413.01,230,351,281,10,2023,6,13,1,33706.55,34525.69
4,1173.41,740,603,482,6,2024,1,2,1,10384.95,33956.965
0,282.21,1131,1357,1086,8,2024,12,11,2,2579.08,8728.981
2,3878.03,1163,1075,860,9,2024,11,26,1,32887.38,43691.336
2,3056.33,1747,2389,1911,20,2024,9,16,0,57902.3,61867.78
0,421.49,1026,1188,950,7,2024,6,3,0,7879.8,6359.6665
4,1163.03,1066,603,482,6,2022,12,5,0,42841.04,34249.246
5,69.44,499,633,506,8,2024,4,16,1,1555.56,4282.8857
5,30.25,493,237,190,3,2024,12,26,3,6001.12,4210.685
4,1103.3,667,603,482,6,2024,1,13,5,12955.08,34301.887
4,671.8,1064,703,562,7,2024,12,4,2,24462.15,31333.426
1,15.44,1076,418,334,1,2024,12,26,3,5979.03,8972.312
5,40.41,434,395,316,5,2024,11,1,4,3593.04,4650.6113
4,669.0,710,803,643,8,2024,10,17,3,50336.15,32179.89
4,1000.63,892,1306,1044,13,2024,9,29,6,52873.59,37307.484
5,85.04,511,395,316,5,2023,11,10,4,507.98,4386.2354
2,4060.99,1883,2030,1624,17,2024,6,26,2,78210.12,57894.023
2,1585.95,2026,1194,955,10,2023,10,21,5,48642.72,49512.14
0,296.25,787,1357,1086,8,2024,12,19,3,2243.14,6117.069
1,10.23,1152,836,669,2,2024,8,23,4,4787.1,7224.6777
4,1138.39,738,502,402,5,2022,3,17,3,54589.19,37102.203
0,458.34,767,1357,1086,8,2024,5,14,1,8902.5,6019.7935
1,5.19,1202,418,334,1,2021,8,5,3,10929.45,7588.589
4,1166.06,1106,1205,964,12,2024,12,13,4,44833.93,33269.844
3,2199.82,269,245,196,7,2024,3,24,6,7677.06,28146.3
0,435.14,911,848,679,5,2024,8,28,2,3806.16,7209.64
0,371.57,737,848,679,5,2023,7,26,2,11730.27,8634.406
4,2404.24,1114,904,723,9,2024,8,12,0,25928.98,27944.014
0,215.59,1034,1357,1086,8,2021,9,11,5,2212.08,6069.1787
3,405.67,314,421,337,12,2022,7,5,1,36533.28,41255.95
3,1449.62,387,175,140,5,2024,12,16,0,41277.03,54079.355
4,1971.27,904,1004,803,10,2024,11,2,5,32784.58,28501.938
2,581.5,1876,1672,1338,14,2023,3,4,5,27928.84,35602.66
5,16.76,347,474,380,6,2024,3,27,2,2201.64,3907.3464
2,3634.25,1340,836,669,7,2022,12,26,0,28874.96,46738.246
2,1196.85,1901,2269,1815,19,2023,11,9,3,40218.16,51817.36
2,1659.72,1551,1433,1147,12,2024,9,14,5,41003.75,48700.85
4,1885.16,1061,502,402,5,2024,12,20,4,11223.93,33302.812
1,37.85,1157,418,334,1,2024,12,14,5,2619.61,8659.247
4,2425.18,1053,1306,1044,13,2024,12,8,6,26547.01,38603.027
5,36.45,387,395,316,5,2023,9,13,2,11359.77,4622.9424
2,973.03,1895,1911,1529,16,2024,6,15,5,84652.18,72198.61
2,1503.92,1184,1911,1529,16,2024,1,22,0,63077.79,61050.69
2,3849.32,2021,2150,1720,18,2023,5,31,2,43906.65,48439.574
0,464.96,1002,679,543,4,2024,1,7,6,8346.39,7265.8184
1,30.57,751,1254,1003,3,2024,8,31,5,10795.68,7985.2397
2,3204.97,1972,1314,1051,11,2024,1,18,3,44930.77,53328.715
4,1423.03,1052,1105,884,11,2024,10,6,6,46830.08,37005.12
4,346.91,681,603,482,6,2024,5,29,2,29294.9,29723.979
4,1978.94,1040,703,562,7,2024,2,19,0,10164.2,30430.209
3,1426.74,283,351,281,10,2023,12,12,1,22533.98,35632.004
0,67.61,1293,1018,814,6,2024,11,10,6,9438.36,6850.047
2,1548.13,1785,1553,1242,13,2024,6,11,1,38580.8,53059.67
0,413.42,1197,1018,814,6,2024,2,17,5,3581.34,7359.022
4,281.65,701,502,402,5,2023,7,30,6,44978.06,30398.027
5,58.76,494,237,190,3,2024,9,1,6,1274.92,4275.7925
0,475.26,1047,1188,950,7,2022,6,6,0,2634.67,6387.618
2,941.31,1407,2269,1815,19,2024,1,28,6,66470.18,65620.16
1,23.36,1157,1672,1338,4,2023,12,12,1,4257.03,7298.7827
2,1575.1,1333,1911,1529,16,2024,12,6,4,73311.74,55041.934
2,2360.83,1990,1911,1529,16,2022,7,7,3,71934.75,55495.176
4,1909.86,877,1105,884,11,2023,12,30,5,8089.4,28943.984
2,1575.1,1333,1911,1529,16,2024,8,28,2,73311.74,54896.223
2,2126.32,1488,1194,955,10,2024,9,15,6,47711.09,48595.184
3,1810.1,273,281,224,8,2023,8,18,4,21056.04,31814.969
2,3466.5,1694,1911,1529,16,2024,9,16,0,55948.58,58106.4
0,333.06,916,848,679,5,2024,12,25,2,1583.59,7200.465
0,301.84,999,679,543,4,2023,2,11,5,7705.92,7336.4717
1,27.17,1139,418,334,1,2024,6,5,2,18522.72,9391.378
1,14.11,1322,1672,1338,4,2024,12,21,5,15869.84,11249.255
0,220.27,1002,1357,1086,8,2023,10,29,6,5526.98,6818.9707
2,820.08,1230,1553,1242,13,2024,9,24,1,55561.69,57091.24
2,3897.01,1590,1075,860,9,2024,11,5,1,62227.13,53314.727
2,888.94,1541,1553,1242,13,2024,12,16,0,82473.84,54890.37
0,435.14,911,848,679,5,2020,1,22,2,3806.16,7178.4087
1,27.05,912,1672,1338,4,2024,8,12,0,6746.18,8486.322
0,54.83,1308,679,543,4,2024,11,8,4,14107.02,9366.352
2,3935.96,1482,1553,1242,13,2024,11,1,4,31015.89,55519.004
5,69.44,499,633,506,8,2023,3,4,5,1555.56,4164.7046
5,80.91,512,395,316,5,2024,12,19,3,809.07,4386.2354
2,1022.48,1942,1433,1147,12,2024,3,29,4,27323.48,42126.64
2,2990.44,1317,836,669,7,2024,5,25,5,63531.13,51200.742
4,527.52,910,1004,803,10,2024,5,14,1,27077.3,31184.441
1,2.13,1308,836,669,2,2022,9,24,5,20771.64,11225.881
5,81.13,583,712,569,9,2021,5,21,4,4168.05,4627.0913
0,432.66,980,1018,814,6,2023,7,12,2,4238.18,6482.219
5,42.5,442,395,316,5,2024,5,3,4,6384.57,4650.6113
4,361.44,1028,904,723,9,2024,6,22,5,13286.72,27838.002
2,3689.1,1485,1791,1433,15,2024,2,26,0,72045.16,58479.85
5,14.26,485,316,253,4,2022,9,15,3,1086.22,3303.3982
5,69.8,407,237,190,3,2024,4,2,1,11393.37,4191.1
4,1688.62,907,803,643,8,2024,12,24,1,20553.12,31425.734
4,2610.87,765,603,482,6,2024,12,21,5,28283.26,31735.748
3,1426.74,283,351,281,10,2023,8,7,0,22533.98,35651.348
4,1398.75,1035,603,482,6,2024,11,27,2,19512.09,31342.393
2,582.3,1733,1672,1338,14,2024,12,23,0,57615.02,52420.418
2,2352.67,1464,1075,860,9,2024,5,19,6,34793.7,43772.566
4,1264.89,839,803,643,8,2024,10,28,0,46629.63,37428.4
4,2704.2,860,1105,884,11,2024,7,14,6,53132.62,44061.39
4,1405.81,1133,603,482,6,2024,11,20,2,53943.45,31842.363
4,1178.76,1111,904,723,9,2024,7,31,2,18311.28,33183.355
5,95.54,409,553,443,7,2024,7,2,1,1827.38,3767.6436
5,89.25,466,316,253,4,2024,11,17,6,1943.21,4344.7134
0,332.67,762,509,407,3,2024,5,8,2,6570.2,6503.5566
4,466.22,769,1004,803,10,2024,12,23,0,31840.95,34273.6
5,28.35,591,712,569,9,2024,12,24,1,3435.32,4484.463
2,1914.74,1652,1911,1529,16,2023,5,15,0,27826.24,48853.066
4,1316.84,804,904,723,9,2024,4,7,6,24662.96,33657.594
4,404.5,1082,502,402,5,2023,10,24,1,40572.39,37893.586
4,779.26,1062,1004,803,10,2024,11,27,2,44978.22,31561.273
2,1228.59,1949,2389,1911,20,2024,9,25,2,65233.21,55614.375
2,3683.21,1746,1194,955,10,2024,11,3,6,36162.66,48927.285
4,2112.64,1091,1105,884,11,2023,3,28,1,29443.59,30610.693
5,18.15,489,474,380,6,2024,6,1,5,7926.56,3826.526
2,689.63,1621,1075,860,9,2023,7,3,0,71894.73,61025.508
1,4.44,1298,1672,1338,4,2024,6,22,5,27699.98,13090.084
0,83.94,1129,1018,814,6,2024,8,16,4,8361.96,8802.134
4,958.73,906,803,643,8,2024,12,28,5,15473.34,29009.125
5,76.49,592,633,506,8,2024,10,1,1,1332.7,4431.315
2,3585.35,1785,1433,1147,12,2024,12,25,2,40882.8,53897.93
4,1575.73,928,803,643,8,2023,10,13,4,31725.04,31487.076
2,2076.42,1482,2150,1720,18,2024,9,12,3,26411.22,49872.15
2,637.54,1501,955,764,8,2024,12,19,3,43185.27,51208.64
0,200.43,885,1357,1086,8,2024,8,21,2,2332.5,6487.29
2,1745.29,1519,1911,1529,16,2024,11,18,0,44655.41,51324.547
2,2044.61,1465,1433,1147,12,2024,2,16,4,49803.53,51960.99
2,2035.21,2039,955,764,8,2023,4,23,6,82177.51,69204.49
1,3.09,1056,1254,1003,3,2024,10,3,3,2973.82,8680.221
2,1015.14,1701,1075,860,9,2021,9,15,2,81567.72,60683.895
1,46.28,810,836,669,2,2024,10,22,1,13896.09,7944.7275
3,2205.14,380,245,196,7,2023,7,30,6,91193.18,58127.69
2,4109.05,1252,1911,1529,16,2024,11,4,0,38611.54,60130.2
2,1857.03,1775,1194,955,10,2024,5,19,6,68935.81,55438.496
4,1420.17,813,803,643,8,2024,1,6,5,47023.51,36362.652
4,2054.77,715,703,562,7,2024,8,27,1,16108.09,28334.246
2,3528.6,1548,1433,1147,12,2023,7,26,2,33528.05,50599.3
1,23.18,912,836,669,2,2024,5,17,4,9591.89,8545.184
5,8.33,432,633,506,8,2024,7,30,1,3218.22,4797.9526
4,1705.17,672,1105,884,11,2024,12,30,0,34334.94,31157.586
2,1257.75,1708,1911,1529,16,2024,12,24,1,34620.93,46145.684
0,150.73,1110,848,679,5,2024,1,16,1,3683.1,7380.3887
5,47.07,580,395,316,5,2020,11,15,6,8002.02,4785.657
1,39.33,790,418,334,1,2024,12,28,5,4170.24,7529.0366
5,14.59,457,395,316,5,2023,10,2,0,4567.84,3533.9714
0,436.94,969,509,407,3,2024,12,12,3,5075.42,7138.467
3,860.25,294,386,309,11,2024,4,10,2,18123.2,33107.324
2,1053.02,1249,836,669,7,2024,10,25,4,47347.38,49919.766
0,396.82,776,679,543,4,2020,5,25,0,3868.23,5874.2124
2,2120.77,1208,2030,1624,17,2024,12,15,6,57686.35,50392.074
3,1810.1,273,281,224,8,2024,2,21,2,21056.04,31432.71
1,16.72,791,418,334,1,2024,12,3,1,3443.85,8082.343
5,21.88,445,633,506,8,2023,2,5,6,4919.7,4215.319
1,27.87,770,418,334,1,2024,12,14,5,3158.94,7128.899
2,3870.56,1851,1433,1147,12,2024,9,18,2,84144.39,50697.492
0,254.73,855,679,543,4,2021,12,4,5,5076.32,7289.3154
1,2.35,1036,418,334,1,2023,6,24,5,2517.84,7492.081
1,49.34,840,836,669,2,2024,3,11,0,4274.52,7592.779
3,237.88,290,456,365,13,2023,5,30,1,48820.58,46118.605
4,1353.66,697,904,723,9,2024,7,14,6,40774.8,34113.484
2,2003.34,2028,2269,1815,19,2024,2,23,4,84950.95,70695.72
2,1274.49,1298,2269,1815,19,2023,3,1,2,84707.1,66698.79
2,1480.73,1279,2389,1911,20,2023,10,13,4,67606.53,66388.71
2,3798.2,1626,1791,1433,15,2024,9,15,6,72621.97,54191.914
4,1494.83,721,1105,884,11,2023,6,30,4,43821.95,35630.934
2,3373.44,1477,1194,955,10,2024,5,2,3,74750.8,52786.05
4,926.29,1023,803,643,8,2024,3,9,5,19311.55,27929.326
0,473.87,784,509,407,3,2024,1,20,5,5166.54,6733.0195
4,324.87,1144,703,562,7,2024,5,29,2,25379.86,29598.748
0,376.08,1275,848,679,5,2024,2,5,0,9019.29,7480.947
4,1306.79,752,502,402,5,2024,7,10,2,47019.16,34110.918
3,790.25,285,210,168,6,2023,7,26,2,24503.85,35009.73
1,2.02,830,836,669,2,2024,4,14,6,11019.5,7701.627
0,68.21,1015,1188,950,7,2022,7,27,2,5144.85,6410.652
4,2277.78,1106,1306,1044,13,2023,8,5,5,9175.62,30824.014
2,717.71,1779,1314,1051,11,2024,4,19,4,48258.87,53215.516
2,2811.33,1239,1911,1529,16,2023,2,2,3,49534.75,52110.35
2,1122.68,1376,1433,1147,12,2024,12,23,0,84870.54,54234.266
0,317.49,1268,679,543,4,2024,7,16,1,3536.2,7504.919
2,1593.36,2025,2269,1815,19,2024,11,11,0,68600.27,65203.668
2,1019.58,1723,1553,1242,13,2023,8,11,4,54234.2,53575.34
2,1287.43,1653,1075,860,9,2023,4,7,4,52301.58,44994.12
2,3421.08,1741,1433,1147,12,2024,8,15,3,65136.64,55020.84
2,2381.83,1600,2269,1815,19,2023,7,30,6,64101.79,54691.09
2,3711.95,2041,1314,1051,11,2024,4,19,4,82509.69,76306.48
2,3466.5,1694,1911,1529,16,2024,8,15,3,55948.58,58106.4
2,4164.15,1571,2389,1911,20,2022,11,4,4,38946.92,48610.96
0,198.34,1180,679,543,4,2023,9,29,4,7316.16,7329.859
4,1917.95,735,703,562,7,2024,10,20,6,41110.24,31766.688
5,56.69,548,316,253,4,2024,9,26,3,2897.86,4295.776
1,40.26,794,1254,1003,3,2024,8,27,1,9899.76,7632.0186
2,2413.85,2003,955,764,8,2020,9,10,3,61968.93,53522.348
0,217.53,951,848,679,5,2024,7,30,1,6571.64,7844.342
3,1054.35,337,281,224,8,2023,5,25,3,22678.41,37833.637
5,57.12,371,474,380,6,2024,9,9,0,8586.45,4093.7556
4,1779.82,1025,904,723,9,2023,10,17,1,10414.09,26818.193
4,366.27,994,904,723,9,2024,7,21,6,18471.85,29232.648
4,850.98,676,1105,884,11,2024,12,2,0,46946.81,35290.824
2,607.65,1166,1314,1051,11,2023,11,29,2,25636.95,37574.1
4,853.19,888,904,723,9,2021,5,23,6,31175.03,28625.73
5,91.88,475,633,506,8,2024,7,28,6,3919.56,4243.802
4,1076.86,964,703,562,7,2024,4,5,4,47282.0,34099.914
2,1111.79,1347,2030,1624,17,2024,8,19,0,66528.0,58750.605
5,78.05,471,712,569,9,2024,12,2,0,6408.42,4641.9985
5,20.51,505,474,380,6,2024,12,24,1,3232.6,3882.187
2,3689.1,1485,1791,1433,15,2024,7,25,3,72045.16,58534.332
1,47.56,946,1672,1338,4,2024,12,21,5,7868.85,8384.624
0,60.53,855,1357,1086,8,2024,7,2,1,17646.36,6177.317
2,2287.78,1541,1433,1147,12,2023,10,26,3,39654.79,58723.203
2,1930.41,2003,2030,1624,17,2024,12,17,1,75096.83,61277.96
2,1593.36,2025,2269,1815,19,2024,9,4,2,68600.27,65349.38
5,39.27,516,712,569,9,2023,7,16,6,454.34,4234.863
4,1811.48,744,1004,803,10,2024,11,7,3,17393.92,30851.525
0,308.45,1056,1527,1221,9,2024,11,26,1,6132.92,6107.5254
3,1220.54,323,456,365,13,2024,7,19,4,25090.94,45583.582
4,2169.18,895,703,562,7,2022,11,7,0,44614.23,29493.945
2,626.02,1688,1553,1242,13,2024,12,25,2,71694.98,62936.215
1,15.59,775,418,334,1,2023,8,16,2,4979.8,6049.7007
4,724.29,702,803,643,8,2024,8,6,1,33612.63,32136.139
2,3394.95,2043,1194,955,10,2024,10,28,0,41579.47,47824.1
0,117.2,1158,1527,1221,9,2024,11,26,1,5440.12,6674.753
5,6.04,437,553,443,7,2024,8,11,6,3459.76,4170.5806
4,2368.82,841,1205,964,12,2024,8,16,4,52997.78,38710.453
0,410.84,898,1357,1086,8,2024,5,24,4,7714.72,6574.699
4,1109.11,996,803,643,8,2024,11,21,3,39526.16,31893.059
4,378.12,1146,1205,964,12,2024,12,17,1,46107.43,39614.656
4,1608.07,940,1004,803,10,2024,12,7,5,53389.72,31700.848
2,1575.1,1333,1911,1529,16,2024,7,9,1,73311.74,54896.223
4,576.42,858,1306,1044,13,2023,4,10,0,44941.98,37889.23
2,2709.53,1561,1672,1338,14,2024,4,11,3,39032.55,52204.387
0,208.17,740,679,543,4,2024,11,26,1,4219.77,6626.8345
2,4016.33,1938,1791,1433,15,2024,7,4,3,37807.85,47148.297
3,694.15,240,456,365,13,2024,7,15,0,21058.67,37615.832
3,326.12,323,316,253,9,2024,4,16,1,49826.36,49456.56
4,2265.74,1126,703,562,7,2024,11,17,6,12406.33,24009.57
1,31.29,820,1672,1338,4,2024,7,10,2,13168.48,7993.4365
2,3524.28,2029,955,764,8,2023,5,1,0,76799.25,70597.42
2,1373.73,1690,955,764,8,2024,10,22,1,39005.98,45479.348
2,1130.96,1650,1791,1433,15,2024,8,18,6,56198.66,51348.793
2,2537.92,1359,1433,1147,12,2021,8,25,2,42355.6,54140.4
2,3571.93,1397,2150,1720,18,2023,12,26,1,74045.49,61084.81
4,2045.76,663,1306,1044,13,2022,9,3,5,29636.65,30759.682
1,35.02,1140,418,334,1,2024,12,31,1,10831.77,9347.8125
0,92.45,1184,1527,1221,9,2024,9,26,3,835.4,6383.9604
1,13.94,943,418,334,1,2024,12,17,1,3184.56,7245.172
0,145.85,1163,848,679,5,2024,10,16,2,15062.92,9914.162
4,2689.88,675,502,402,5,2024,12,21,5,9241.03,18279.89
4,924.9,830,502,402,5,2021,12,26,6,38847.83,30621.201
2,1862.65,1616,1791,1433,15,2024,3,18,0,46035.09,56204.707
0,54.21,1207,1188,950,7,2021,11,15,0,3115.8,8589.772
4,2090.36,1147,803,643,8,2023,7,23,6,39556.55,34674.69
4,1140.55,1028,1306,1044,13,2022,6,29,2,38275.73,39396.348
2,1292.34,1582,2030,1624,17,2024,9,19,3,42883.76,50759.277
2,744.98,1598,2389,1911,20,2024,4,8,0,76804.43,67070.33
4,345.39,742,1105,884,11,2024,12,10,1,47608.4,40932.875
3,2417.11,230,456,365,13,2023,7,6,3,99795.38,89894.85
4,927.69,812,703,562,7,2023,1,30,0,49422.84,33384.266
0,230.81,892,1188,950,7,2024,10,17,3,3714.8,7581.575
2,1576.0,1236,1553,1242,13,2023,8,9,2,35252.24,51982.855
2,4120.37,1244,2269,1815,19,2024,1,31,2,61044.26,57297.69
0,41.1,793,1357,1086,8,2021,1,21,3,1401.6,6840.9185
4,2424.09,1116,904,723,9,2023,11,17,4,29286.22,28477.732
4,1021.38,829,1004,803,10,2022,9,21,2,19610.7,30695.014
0,259.36,1094,679,543,4,2024,12,23,0,3327.18,7178.5293
5,95.55,498,237,190,3,2023,5,15,0,483.32,4176.914
5,54.48,378,316,253,4,2023,12,3,6,688.28,4118.5786
1,38.53,1313,1672,1338,4,2024,6,17,0,5892.5,7573.012
5,46.2,455,237,190,3,2024,11,7,3,6855.99,4999.0205
0,448.9,857,848,679,5,2024,5,19,6,1229.99,5744.8457
3,768.47,380,316,253,9,2024,12,21,5,11409.29,31778.305
4,2719.86,722,603,482,6,2024,12,2,0,53826.02,42254.254
4,690.48,1102,703,562,7,2023,5,7,6,22777.5,31354.574
2,3741.5,1587,955,764,8,2023,10,22,6,46602.01,55286.99
4,669.12,854,904,723,9,2024,8,21,2,45654.52,37990.703
1,31.45,881,418,334,1,2024,12,12,3,3499.12,7902.3857
0,249.84,1161,848,679,5,2024,5,19,6,12087.99,8878.629
2,754.11,1439,836,669,7,2024,12,25,2,53439.42,55749.723
4,905.47,1110,904,723,9,2024,3,22,4,42747.08,31920.188
3,404.26,301,210,168,6,2024,3,20,2,27095.77,26660.742
0,289.35,943,1357,1086,8,2024,3,3,6,8800.56,6786.0957
1,36.75,1166,418,334,1,2023,8,8,1,18726.1,9800.702
2,3272.15,1973,1672,1338,14,2024,12,9,0,78555.84,61323.715
4,2272.01,866,603,482,6,2024,8,16,4,29584.3,27870.068
1,21.77,966,1254,1003,3,2023,2,6,0,2400.4,8712.293
2,2557.34,1340,2030,1624,17,2023,4,8,5,30398.83,50389.24
3,790.25,285,210,168,6,2024,12,17,1,24503.85,35572.895
5,40.75,452,395,316,5,2024,12,10,1,6649.62,4607.0464
3,617.77,379,351,281,10,2024,8,16,4,45807.16,33631.81
2,2705.81,1961,1075,860,9,2020,1,14,1,41931.65,50881.035
2,2745.39,1258,1672,1338,14,2024,12,12,3,58394.64,52949.305
0,413.42,1197,1018,814,6,2023,12,2,5,3581.34,7348.7417
4,1093.11,923,603,482,6,2024,3,10,6,43535.83,34723.27
2,3573.23,1569,2150,1720,18,2024,12,20,4,36321.41,53568.86
2,1758.92,1276,1553,1242,13,2023,7,20,3,35880.48,53060.62
4,1038.51,791,1205,964,12,2024,10,10,3,32251.33,32589.852
5,52.21,446,237,190,3,2024,1,10,2,9454.11,4707.1523
3,2264.61,233,281,224,8,2024,8,31,5,38615.59,38843.074
0,425.73,1197,679,543,4,2023,12,11,0,5920.46,7832.237
2,1990.87,1631,955,764,8,2019,12,8,6,48319.36,49641.164
1,49.04,989,1254,1003,3,2024,12,30,0,11686.02,8590.126
4,378.29,985,1306,1044,13,2024,9,18,2,33030.03,28544.217
2,4120.37,1244,2269,1815,19,2024,12,31,1,61044.26,57352.17
4,1781.2,1098,1105,884,11,2024,7,30,1,36169.79,29355.947
2,2843.55,1750,2030,1624,17,2023,7,4,1,28637.52,50176.617
1,13.15,1263,418,334,1,2024,12,11,2,5739.24,7044.8794
2,3448.19,1991,955,764,8,2024,12,19,3,50494.92,49542.496
2,955.38,1754,1075,860,9,2024,10,22,1,50586.03,56066.88
4,1859.93,973,904,723,9,2024,9,16,0,24610.06,32901.777
2,924.89,1831,836,669,7,2024,12,28,5,26363.74,41557.223
4,2485.51,1056,1105,884,11,2024,12,11,2,26636.05,28148.414
1,36.62,1042,418,334,1,2024,1,4,3,1498.98,8732.474
5,24.06,551,712,569,9,2023,1,27,4,4912.0,4451.5356
2,743.64,1228,2030,1624,17,2024,12,22,6,61062.54,55431.65
4,2060.25,811,1306,1044,13,2023,3,23,3,20086.95,29112.072
4,1879.51,966,703,562,7,2024,2,22,3,33178.32,34434.637
2,3532.45,1352,1672,1338,14,2024,11,13,2,31078.39,48048.33
5,39.6,508,316,253,4,2024,9,22,6,7599.82,4367.268
2,1525.84,1955,2269,1815,19,2024,11,11,0,64122.79,57586.91
0,436.32,889,509,407,3,2024,4,21,6,6325.41,6738.7227
1,16.45,1058,418,334,1,2024,11,23,5,17953.7,11128.686
0,212.98,952,1018,814,6,2023,9,25,0,11930.55,7293.5503
4,721.08,975,1306,1044,13,2024,1,13,5,46046.83,35453.97
4,334.67,808,1205,964,12,2024,7,26,4,31066.99,31862.586
2,2710.16,1984,1911,1529,16,2024,2,9,4,58848.39,54957.234
4,2036.57,716,803,643,8,2024,4,28,6,22720.04,29253.838
5,23.8,349,474,380,6,2024,1,9,1,11093.13,4135.022
4,1138.39,738,502,402,5,2023,7,30,6,54589.19,36901.227
3,1092.08,385,281,224,8,2021,5,31,0,44437.6,42045.652
2,2099.21,1877,1314,1051,11,2024,12,24,1,49165.48,54143.617
1,21.35,938,1672,1338,4,2024,6,15,5,15173.4,8559.597
4,739.91,883,603,482,6,2024,7,10,2,41356.95,29675.791
2,2035.2,1435,2150,1720,18,2024,10,1,1,58572.73,55032.67
5,78.05,471,712,569,9,2024,10,17,3,6408.42,4598.4336
4,1994.18,961,904,723,9,2024,11,19,1,10245.68,29179.682
5,42.71,513,553,443,7,2024,8,28,2,1221.43,4464.1426
0,213.58,792,1188,950,7,2024,11,18,0,3719.04,6219.004
2,1659.72,1551,1433,1147,12,2023,10,10,1,41003.75,49055.082
1,37.49,846,1672,1338,4,2024,7,12,4,4352.39,7188.272
3,1421.79,348,386,309,11,2024,10,11,4,38565.2,43530.477
1,39.61,1239,1254,1003,3,2024,4,17,2,15929.4,8168.225
2,2003.34,2028,2269,1815,19,2024,7,25,3,84950.95,70436.88
5,58.48,429,633,506,8,2024,12,21,5,1100.41,4368.742
3,1713.35,264,351,281,10,2023,12,30,5,52030.74,43887.1
3,1815.07,296,175,140,5,2024,11,26,1,51184.22,59897.83
5,94.47,382,712,569,9,2024,12,20,4,3257.52,4565.177
2,2033.07,1678,1553,1242,13,2024,5,21,1,53067.82,54334.234
1,39.61,1239,1254,1003,3,2024,8,15,3,15929.4,8222.702
2,1162.39,1595,2150,1720,18,2024,12,16,0,54343.04,51264.34
3,1962.93,326,175,140,5,2024,10,10,3,49523.9,40174.902
5,52.06,477,712,569,9,2024,12,10,1,1045.04,4598.4336
4,998.33,934,1306,1044,13,2023,9,7,3,36767.31,36953.637
2,910.86,1236,955,764,8,2023,10,25,2,72794.29,60897.484
1,11.35,1217,1672,1338,4,2024,8,13,1,5716.34,6703.935
2,3811.7,1647,1672,1338,14,2024,5,5,6,26121.81,41067.89
5,42.14,454,553,443,7,2024,9,24,1,2815.86,4589.083
0,56.22,1052,509,407,3,2023,12,11,0,7239.28,7807.949
0,284.25,786,848,679,5,2024,1,18,3,3184.09,6774.1875
4,1142.42,875,1105,884,11,2024,11,12,1,42154.27,34118.164
2,4194.03,1959,836,669,7,2022,11,11,4,27407.01,38243.535
2,4141.74,1747,2389,1911,20,2020,10,19,0,54329.61,53734.465
4,640.0,887,603,482,6,2023,8,6,6,53255.4,34308.75
5,29.13,380,553,443,7,2024,12,31,1,7466.38,5132.939
0,92.89,1155,1018,814,6,2024,10,19,5,2409.12,6723.932
1,39.33,790,418,334,1,2023,11,4,5,4170.24,7526.146
4,1043.67,1014,803,643,8,2024,12,17,1,31545.98,31568.764
0,210.63,983,509,407,3,2024,9,19,3,12985.95,7631.628
0,46.88,1090,509,407,3,2024,12,25,2,6193.89,8302.25
4,504.12,1066,1205,964,12,2024,5,25,5,14315.12,25276.285
5,99.41,464,553,443,7,2024,9,28,5,1490.18,4329.188
2,1185.24,1922,1672,1338,14,2024,12,11,2,62315.87,54947.11
2,2787.98,1475,1075,860,9,2023,7,15,5,37396.68,49068.52
1,41.47,865,1254,1003,3,2024,11,17,6,3379.86,6786.7954
2,1753.82,1971,1672,1338,14,2024,12,1,6,54746.88,57580.0
4,661.64,658,603,482,6,2024,1,28,6,19024.29,32344.201
4,2507.89,1130,1306,1044,13,2024,4,26,4,8704.76,29982.332
0,52.22,1053,1357,1086,8,2024,12,25,2,7235.24,6727.701
0,337.18,987,1357,1086,8,2024,8,8,3,4666.88,6458.455
2,1503.45,1603,1314,1051,11,2023,1,6,4,54215.59,52729.145
2,2746.67,1461,2030,1624,17,2024,12,29,6,33403.63,47810.336
5,98.19,539,474,380,6,2023,12,10,6,9579.99,4624.0215
2,3542.13,1914,2269,1815,19,2024,7,8,0,71776.7,53912.42
0,178.37,774,509,407,3,2024,11,29,4,3633.88,6249.986
3,2466.75,284,245,196,7,2024,3,9,5,13935.51,25460.186
4,1519.42,675,1306,1044,13,2024,10,4,4,8565.01,31273.844
0,442.53,1088,1527,1221,9,2024,7,19,4,4041.24,6372.038
0,369.28,912,509,407,3,2024,12,26,3,19354.52,7461.2593
4,1719.4,1110,603,482,6,2024,6,4,1,51202.59,34739.465
2,2090.85,1967,1433,1147,12,2021,1,27,2,30199.82,48573.66
2,2347.13,1391,1672,1338,14,2023,12,19,1,52835.05,56447.875
2,2479.52,1601,836,669,7,2024,5,27,0,66340.51,51714.76
2,3452.09,1901,1075,860,9,2023,10,21,5,58330.53,53169.023
2,4051.76,1407,2269,1815,19,2024,2,9,4,68945.11,62237.086
4,1522.19,792,1205,964,12,2023,12,25,0,40072.47,31002.998
1,18.02,1279,836,669,2,2024,8,24,5,11220.84,8336.682
3,2268.65,326,175,140,5,2022,11,2,2,30854.27,33333.656
1,43.32,817,1672,1338,4,2020,1,10,4,3311.72,8209.361
5,75.74,398,553,443,7,2024,2,15,3,2668.9,4122.286
4,1044.45,796,1105,884,11,2023,1,14,5,49843.94,33449.99
3,358.98,315,316,253,9,2024,8,28,2,47953.92,48496.668
2,3575.19,1162,2150,1720,18,2024,6,6,3,72771.39,67482.61
5,80.54,593,395,316,5,2023,3,2,3,6023.82,4534.6646
2,4060.61,1556,1194,955,10,2020,10,14,2,70435.5,62076.99
2,928.45,1623,1433,1147,12,2024,12,10,1,45866.94,61458.457
4,2458.66,1066,1105,884,11,2023,7,26,2,11529.87,26535.586
3,1756.92,323,175,140,5,2023,10,26,3,21711.22,37999.42
0,494.48,1046,1357,1086,8,2024,12,22,6,6870.04,6158.387
0,106.56,982,1527,1221,9,2023,3,22,2,2296.8,6628.0044
1,34.8,1203,1254,1003,3,2024,12,10,1,6143.28,7972.3784
0,155.97,889,1188,950,7,2024,8,14,2,6972.84,6746.631
1,11.62,840,1672,1338,4,2024,7,9,1,6981.1,7907.3174
5,65.09,575,237,190,3,2024,11,2,5,4356.48,4150.0317
1,48.67,1221,1254,1003,3,2021,9,10,4,5343.56,8222.702
3,1713.35,264,351,281,10,2024,6,15,5,52030.74,43601.473
2,2148.82,1383,1314,1051,11,2024,4,4,3,40608.61,47748.707
5,25.06,437,633,506,8,2024,5,14,1,6729.66,4254.1304
4,2128.22,1123,1306,1044,13,2023,7,5,2,47987.87,32564.83
0,231.87,1210,679,543,4,2024,8,25,6,11880.99,8962.402
0,465.56,870,509,407,3,2020,5,24,6,2029.41,6816.449
1,34.22,1220,836,669,2,2023,11,13,0,7521.96,7972.3784
5,20.8,493,553,443,7,2020,10,2,4,3152.87,4089.9653
0,415.7,1261,1018,814,6,2024,11,25,0,9862.6,7439.168
5,94.96,550,553,443,7,2024,12,28,5,3561.94,4224.5894
4,366.27,994,904,723,9,2024,12,30,0,18471.85,29289.902
2,3978.35,1982,2389,1911,20,2024,12,2,0,41730.08,52655.22
2,3163.32,1549,955,764,8,2023,11,5,6,72879.72,59223.55
2,2492.3,1278,836,669,7,2023,12,23,5,78488.94,54790.65
4,1029.43,707,502,402,5,2024,8,21,2,21126.03,30536.184
0,40.54,1281,1527,1221,9,2024,8,19,0,3152.61,7326.8896
3,581.82,238,245,196,7,2024,2,10,5,10896.8,21598.791
5,59.73,349,395,316,5,2023,3,2,3,749.07,3852.7144
2,4147.39,1852,1314,1051,11,2024,12,9,0,29385.69,45159.11
4,936.17,1104,904,723,9,2024,10,13,6,44984.67,31940.232
0,234.64,1150,1357,1086,8,2024,10,29,1,7472.18,8013.9546
1,40.92,1121,836,669,2,2023,8,24,3,1183.89,8687.26
3,1810.1,273,281,224,8,2024,6,24,0,21056.04,31432.71
4,378.12,1146,1205,964,12,2024,12,9,0,46107.43,39614.656
0,445.89,846,679,543,4,2021,6,16,2,7386.0,7105.5977
4,345.39,742,1105,884,11,2024,11,10,6,47608.4,40814.695
1,32.3,1302,1672,1338,4,2024,10,26,5,4348.52,7603.2114
4,1173.41,740,603,482,6,2024,8,9,4,10384.95,33913.402
1,12.2,904,1672,1338,4,2024,12,20,4,2883.3,8309.232
0,389.37,849,1357,1086,8,2024,9,21,5,2895.56,6207.649
4,1518.42,1106,904,723,9,2021,7,12,0,44952.93,32919.38
0,122.26,1041,1527,1221,9,2024,11,4,0,12239.97,6675.796
5,79.91,488,553,443,7,2024,7,10,2,941.74,4444.4785
4,1405.48,678,1004,803,10,2024,6,20,3,11201.72,34663.582
0,80.41,854,1018,814,6,2024,8,23,4,10054.77,6340.603
4,1813.72,1079,603,482,6,2024,11,21,3,10512.84,28935.04
1,14.11,1322,1672,1338,4,2024,11,21,3,15869.84,11272.032
4,1572.09,656,502,402,5,2023,12,5,1,30925.82,30117.705
4,611.92,1144,803,643,8,2024,8,31,5,48574.96,38834.84
2,588.33,1791,1075,860,9,2023,3,20,0,29148.93,33295.27
2,3347.42,1791,1194,955,10,2024,6,30,6,75978.8,65909.99
2,907.62,1203,1553,1242,13,2019,12,22,6,53878.45,61076.54
0,262.07,937,1357,1086,8,2024,11,18,0,4408.96,6900.717
3,1679.43,240,245,196,7,2024,11,26,1,99362.9,61610.875
4,1606.31,1059,502,402,5,2023,2,22,2,34474.89,30472.598
4,1859.93,973,904,723,9,2024,10,31,3,24610.06,32901.777
5,96.43,537,316,253,4,2024,8,2,4,1323.99,4470.5337
0,256.7,795,509,407,3,2024,10,12,5,2912.24,6941.829
0,275.52,806,1357,1086,8,2024,7,4,3,12413.55,6149.92
1,47.58,986,418,334,1,2024,12,12,3,15092.66,8879.958
2,3641.33,1206,836,669,7,2021,12,28,1,49906.14,48866.812
4,782.88,834,603,482,6,2024,9,18,2,47752.17,35660.43
2,3380.23,1232,1314,1051,11,2024,9,18,2,68834.11,53677.332
2,2411.4,1380,1911,1529,16,2024,9,7,5,78361.98,58082.83
0,163.81,1266,509,407,3,2024,9,7,5,5010.7,7100.8745
2,3853.92,1746,955,764,8,2024,6,23,6,54110.67,57498.715
1,25.05,905,1254,1003,3,2024,11,14,3,8898.33,8558.885
1,36.6,851,418,334,1,2024,12,27,4,17875.44,7562.779
0,256.45,989,848,679,5,2024,3,4,0,14397.09,8043.665
4,1171.83,1072,1004,803,10,2024,10,18,4,31316.81,34366.38
5,73.27,449,633,506,8,2024,7,31,2,6376.1,4484.0327
0,424.67,1118,1357,1086,8,2024,8,8,3,4300.44,6166.337
5,62.36,454,237,190,3,2024,1,7,6,667.34,4476.9395
1,37.63,1286,1672,1338,4,2021,9,13,0,821.52,6463.997
4,1674.41,749,1004,803,10,2024,8,21,2,23015.75,32400.832
1,43.61,786,1254,1003,3,2022,10,9,6,6647.41,7733.696
1,46.23,866,418,334,1,2024,12,23,0,1373.68,6110.171
2,1385.16,2043,1791,1433,15,2023,10,1,6,31455.55,42173.676
0,210.25,944,1357,1086,8,2023,8,8,1,8548.92,6775.5664
1,5.96,755,836,669,2,2024,4,11,3,3274.76,7690.4766
4,1942.61,842,803,643,8,2024,12,8,6,16695.91,30979.055
4,2357.7,654,904,723,9,2024,12,6,4,17217.5,27117.71
2,1147.0,1362,1672,1338,14,2024,12,5,3,49144.41,56872.668
5,78.66,422,237,190,3,2024,6,7,4,948.27,4576.1655
4,1170.47,840,603,482,6,2024,9,16,0,53595.08,37758.566
0,89.08,758,509,407,3,2024,6,20,3,12583.23,6707.64
2,3819.82,1623,1194,955,10,2024,6,30,6,27528.47,48437.285
2,2000.33,1728,1314,1051,11,2022,12,8,3,51451.27,48248.184
4,1845.25,1021,1205,964,12,2024,9,2,0,30903.42,32078.38
2,2557.34,1340,2030,1624,17,2023,10,17,1,30398.83,50417.098
2,1032.12,1641,2269,1815,19,2024,9,5,3,50627.57,59704.754
2,2183.67,1429,1075,860,9,2024,8,28,2,44935.99,44552.957
4,2123.32,1141,904,723,9,2023,12,4,0,36936.67,29001.24
0,218.31,751,1527,1221,9,2024,7,24,2,10410.16,6784.8086
4,1304.23,768,502,402,5,2024,11,20,2,33865.7,33041.805
1,18.72,1000,836,669,2,2020,9,14,0,13222.3,8747.829
2,2521.3,1398,1911,1529,16,2023,1,11,2,77543.89,57844.13
2,3189.19,1964,1791,1433,15,2024,7,4,3,59423.46,58488.684
0,178.37,774,509,407,3,2024,11,1,4,3633.88,6293.551
2,2218.62,1325,1911,1529,16,2024,11,4,0,83216.58,63220.926
0,358.39,998,509,407,3,2024,8,6,1,9121.26,7343.822
5,32.12,555,237,190,3,2023,10,25,2,1825.47,4210.685
1,26.88,1129,836,669,2,2024,10,8,1,20068.1,9382.477
4,1928.84,783,502,402,5,2024,6,16,6,54693.07,32264.785
4,672.07,886,1205,964,12,2024,10,4,4,9538.2,28407.516
2,3852.81,1601,2269,1815,19,2024,5,5,6,81083.7,69585.24
2,2105.45,1214,1194,955,10,2024,1,6,5,28838.24,51358.652
4,1610.32,978,1004,803,10,2023,11,23,3,16537.04,27354.88
0,205.52,1087,1357,1086,8,2024,9,17,1,829.04,6382.9214
3,1977.81,392,421,337,12,2024,6,17,0,19255.42,29899.746
4,1291.03,1117,703,562,7,2023,2,9,3,34680.33,31891.467
4,2679.7,856,603,482,6,2024,12,16,0,53825.74,44686.934
4,410.07,1061,904,723,9,2024,10,6,6,52673.47,38695.676
4,1518.42,1106,904,723,9,2023,6,7,2,44952.93,32962.94
0,312.39,1249,1527,1221,9,2023,11,20,0,17339.6,7275.6025
2,4128.26,1734,1314,1051,11,2020,1,18,5,42803.16,57297.652
5,51.23,527,474,380,6,2024,6,12,2,5479.05,4480.3037
2,1043.92,1937,1433,1147,12,2024,7,4,3,56941.23,52527.883
5,69.45,403,237,190,3,2024,5,3,4,3505.26,4191.1
3,302.9,322,386,309,11,2024,7,29,0,35826.16,40129.508
2,645.18,1561,1314,1051,11,2021,10,14,3,54049.74,51948.094
4,996.12,995,1004,803,10,2024,11,27,2,46250.8,31280.393
1,47.6,915,1672,1338,4,2024,12,30,0,2781.45,8354.903
2,3528.6,1548,1433,1147,12,2024,8,22,3,33528.05,51034.125
2,3538.64,1908,1075,860,9,2024,5,2,3,65919.4,57923.24
3,2249.57,353,210,168,6,2024,12,11,2,13733.33,32162.477
4,1270.63,1105,1205,964,12,2024,11,20,2,50757.18,32939.67
0,414.28,1293,509,407,3,2022,3,13,6,9793.34,7809.53
1,36.82,978,1672,1338,4,2023,11,7,1,7190.22,8489.543
5,86.86,438,395,316,5,2024,9,7,5,7652.66,4531.721
2,1955.59,1576,2030,1624,17,2024,8,10,5,81979.24,51268.023
5,50.15,436,474,380,6,2024,5,8,2,3567.95,4700.794
0,286.79,1090,679,543,4,2023,7,28,4,4654.82,7178.5293
3,392.28,296,386,309,11,2024,7,9,1,34854.95,36979.93
5,22.81,433,237,190,3,2024,12,10,1,3040.7,3978.0632
2,1830.81,1598,1314,1051,11,2024,10,26,5,29813.3,51276.785
4,629.06,1059,803,643,8,2024,3,28,3,50465.95,38302.145
3,1544.65,248,210,168,6,2024,5,2,3,54534.42,50439.527
2,3656.77,1385,2269,1815,19,2024,4,5,4,70736.61,61273.805
4,1551.3,1114,603,482,6,2023,11,26,6,38261.72,31572.227
2,2484.1,1615,1791,1433,15,2024,12,1,6,61797.56,52157.418
4,2174.29,980,904,723,9,2022,12,16,4,34574.33,27337.018
4,1679.45,986,904,723,9,2024,4,27,5,30934.71,28245.787
2,2528.75,1423,1672,1338,14,2024,5,23,3,31164.24,51479.35
2,3904.84,1760,2389,1911,20,2024,11,11,0,54125.31,50859.74
5,70.91,594,553,443,7,2024,12,15,6,11836.89,4354.955
2,2966.74,1341,2269,1815,19,2024,8,25,6,82202.67,68755.96
1,29.95,775,1254,1003,3,2024,6,7,4,4666.97,7252.201
0,203.82,1079,1527,1221,9,2023,1,3,1,7849.38,6350.257
2,2156.1,1253,1911,1529,16,2024,11,21,3,32400.6,48257.977
3,2294.3,374,175,140,5,2024,12,18,2,17021.48,53052.46
5,18.35,339,712,569,9,2019,12,19,3,1924.46,3499.5242
0,47.68,1250,679,543,4,2024,10,20,6,3208.18,8639.33
4,624.73,903,1306,1044,13,2024,10,7,0,41641.92,36431.09
0,161.32,891,1188,950,7,2023,3,12,6,3593.42,6640.0293
4,1612.69,898,1004,803,10,2024,11,16,5,25042.06,31772.021
2,624.33,1956,2269,1815,19,2024,10,14,0,61447.79,52257.664
4,283.89,805,603,482,6,2024,7,19,4,36112.74,30379.594
4,963.38,681,502,402,5,2024,12,19,3,24117.05,28025.195
1,43.6,823,418,334,1,2023,11,4,5,17155.84,8043.2427
2,1503.45,1603,1314,1051,11,2024,9,27,4,54215.59,52996.26
2,3181.46,1686,2030,1624,17,2024,12,16,0,60341.71,62000.883
2,2992.69,1976,1791,1433,15,2024,7,26,4,60601.39,51994.71
2,2532.7,1862,955,764,8,2024,12,25,2,67395.04,57860.52
0,491.26,1098,1357,1086,8,2023,5,23,1,9051.84,6219.193
2,627.35,1927,836,669,7,2024,3,28,3,33829.24,48881.453
2,1283.76,1735,2150,1720,18,2024,12,16,0,54906.52,57059.23
4,258.94,1153,603,482,6,2022,8,30,1,8630.76,19415.785
5,29.96,537,712,569,9,2023,12,30,5,4447.4,4369.1724
2,4007.46,1256,836,669,7,2024,12,15,6,45932.14,53841.617
5,92.12,596,237,190,3,2024,12,21,5,2256.35,4122.703
0,80.41,854,1018,814,6,2024,4,27,5,10054.77,6283.3516
4,1750.75,703,904,723,9,2024,5,18,5,25575.9,29930.352
2,2840.45,1625,2389,1911,20,2024,6,6,3,79108.41,68941.31
2,886.97,1420,2150,1720,18,2024,7,8,0,28144.19,41913.91
2,729.9,1495,836,669,7,2024,12,16,0,80037.66,56796.902
2,3221.12,1933,955,764,8,2024,11,24,6,76423.82,60818.3
2,1091.03,1682,2389,1911,20,2023,12,27,2,78276.14,66559.0
2,924.89,1831,836,669,7,2024,10,7,0,26363.74,41505.332
2,3063.52,1561,1314,1051,11,2023,11,1,2,78003.54,59930.426
4,1691.29,1043,502,402,5,2024,4,9,1,25591.78,30645.707
1,25.1,1142,418,334,1,2023,12,29,4,2978.8,8136.3555
2,3414.99,1183,1194,955,10,2022,11,25,4,33711.83,45510.684
0,104.57,937,1018,814,6,2024,12,28,5,16098.68,7051.1167
1,12.9,1171,1672,1338,4,2024,10,18,4,7486.44,7263.271
3,2099.61,374,351,281,10,2024,1,6,5,79268.38,60161.35
5,43.26,439,553,443,7,2024,12,29,6,10768.14,5780.875
0,307.99,778,1188,950,7,2024,5,18,5,1479.22,5573.9995
1,44.09,1206,418,334,1,2023,10,30,0,6963.3,8266.358
5,92.01,541,553,443,7,2024,12,14,5,2449.1,4221.6987
4,763.31,721,1306,1044,13,2022,10,23,6,40610.79,28863.512
5,32.96,527,395,316,5,2024,6,13,3,10176.96,4265.467
1,8.41,1317,418,334,1,2024,12,18,2,978.6,5549.5654
2,1940.95,1438,836,669,7,2023,2,27,0,63675.07,49518.543
4,1306.79,752,502,402,5,2024,3,22,4,47019.16,34110.918
0,44.27,1243,1357,1086,8,2024,12,29,6,2502.46,7753.494
5,51.07,346,553,443,7,2023,12,24,6,1272.32,3718.1345
5,46.56,348,395,316,5,2024,10,10,3,2980.64,4065.2898
0,411.77,822,1018,814,6,2024,12,26,3,2629.34,6402.0986
0,106.76,1270,1188,950,7,2024,12,30,0,3208.82,6155.449
4,650.15,902,603,482,6,2024,7,15,0,45793.96,35263.926
5,7.32,394,553,443,7,2024,5,26,6,1209.56,3963.556
4,431.45,1029,1205,964,12,2024,9,18,2,33962.0,28174.13
4,2704.2,860,1105,884,11,2024,6,11,1,53132.62,43763.043
2,1896.53,1704,955,764,8,2024,10,7,0,57309.15,53218.566
3,460.95,290,386,309,11,2024,4,23,1,90128.2,68250.88
3,1422.66,320,316,253,9,2024,5,14,1,65482.64,42114.29
1,32.31,1237,418,334,1,2024,6,27,3,1201.13,7180.9927
2,2271.15,1896,1553,1242,13,2023,8,21,0,64530.51,62174.074
2,1375.91,1707,955,764,8,2023,11,10,4,28101.27,40048.203
2,3178.22,1430,1433,1147,12,2023,4,26,2,35032.38,47616.367
2,3656.89,1166,1553,1242,13,2024,4,25,3,27729.8,43865.645
1,38.23,1228,1254,1003,3,2024,7,4,3,9105.6,7828.5493
4,2387.31,1024,803,643,8,2022,12,11,6,34147.27,32634.404
5,27.14,457,316,253,4,2024,8,21,2,5408.88,4328.34
4,2021.84,941,1205,964,12,2024,5,18,5,43658.65,29601.977
2,2851.4,1587,836,669,7,2021,6,24,3,56575.75,48156.76
2,1470.99,1264,1553,1242,13,2024,9,13,4,66676.52,60116.523
0,163.1,946,1527,1221,9,2024,11,21,3,9030.38,6887.327
3,2124.23,262,281,224,8,2024,11,27,2,60505.54,47659.766
2,2261.51,1909,1911,1529,16,2022,8,24,2,69902.68,57440.32
2,2675.57,1978,1791,1433,15,2023,5,23,1,39311.56,51001.367
2,2134.71,1596,1791,1433,15,2024,12,13,4,38453.63,49225.53
2,1418.51,1571,1194,955,10,2023,5,5,4,44051.16,50212.46
4,370.38,1070,904,723,9,2024,8,15,3,32380.78,29622.7
4,2045.76,663,1306,1044,13,2022,11,11,4,29636.65,31287.97
2,1395.73,1265,836,669,7,2024,11,12,1,49928.5,49327.75
1,18.02,1279,836,669,2,2024,10,21,0,11220.84,8359.458
4,298.57,853,1004,803,10,2024,1,5,4,49375.05,42281.215
4,2053.01,840,502,402,5,2023,10,18,2,11080.44,27594.145
2,3247.85,1358,2269,1815,19,2023,8,30,2,41989.24,46965.188
2,3094.03,1583,1433,1147,12,2024,4,18,3,34734.23,44511.9
3,454.83,259,245,196,7,2024,4,29,0,16439.14,18684.443
0,395.47,1076,848,679,5,2023,11,5,6,3809.02,6150.231
2,3415.52,1254,2389,1911,20,2022,5,20,4,60730.75,58007.047
0,277.32,887,848,679,5,2024,1,2,1,3844.59,7087.1255
4,915.4,921,603,482,6,2024,7,30,1,19929.47,30214.967
2,1150.98,1411,955,764,8,2023,3,4,5,73638.64,61595.656
0,371.99,1063,1018,814,6,2024,11,23,5,1429.6,5712.773
0,199.47,1068,1527,1221,9,2024,8,9,4,3737.9,6361.171
0,297.32,932,848,679,5,2024,3,30,5,648.63,7255.537
3,1054.35,337,281,224,8,2023,2,26,6,22678.41,37235.934
0,291.16,783,679,543,4,2023,4,27,3,4584.33,6597.255
4,1634.25,902,603,482,6,2024,9,1,6,21387.14,32320.746
2,1500.68,1194,1075,860,9,2024,11,24,6,82862.27,65962.414
2,1380.38,1537,2030,1624,17,2024,6,7,4,62484.25,55049.195
0,436.45,1225,848,679,5,2024,9,19,3,12265.98,8298.913
0,151.95,851,509,407,3,2024,3,3,6,3774.52,6728.89
3,1029.21,247,175,140,5,2022,6,27,0,71481.76,56171.938
0,42.73,1181,1188,950,7,2024,11,13,2,4537.2,7341.4062
3,460.95,290,386,309,11,2023,12,25,0,90128.2,65993.33
2,1728.56,2005,2030,1624,17,2023,1,23,0,78657.34,67160.12
5,58.48,429,633,506,8,2024,5,22,2,1100.41,4484.0327
4,2743.81,996,502,402,5,2024,11,27,2,22109.0,34496.39
5,97.58,396,316,253,4,2024,8,2,4,667.92,3785.6064
3,2442.77,310,245,196,7,2024,3,15,4,33257.68,33365.223
2,3763.45,1555,2150,1720,18,2024,12,12,3,54728.27,56971.203
2,551.28,1966,2269,1815,19,2024,2,1,3,35715.82,39121.63
4,1021.38,829,1004,803,10,2022,4,11,0,19610.7,30695.014
2,3432.49,1858,2389,1911,20,2023,12,20,2,27040.86,45939.156
2,1205.91,1366,1433,1147,12,2024,11,25,0,68336.41,54709.258
2,2040.86,1726,1553,1242,13,2020,4,7,1,41764.36,52173.316
1,46.69,881,1254,1003,3,2024,1,19,4,1731.9,8046.73
2,2936.32,1795,1314,1051,11,2024,3,30,5,69002.79,58137.76
0,407.41,746,1357,1086,8,2024,6,27,3,11674.86,8403.538
4,1482.58,933,803,643,8,2023,10,19,3,50144.01,37643.074
0,73.55,1211,848,679,5,2024,5,27,0,1746.44,7155.7163
5,20.8,493,553,443,7,2021,5,25,1,3152.87,4046.4004
4,739.38,902,1004,803,10,2024,8,23,4,9388.21,31274.799
0,427.79,850,1188,950,7,2024,12,22,6,8248.26,5992.8984
4,431.45,1029,1205,964,12,2022,10,19,2,33962.0,25383.816
2,2783.02,1562,2030,1624,17,2024,12,19,3,43293.81,46327.266
0,458.77,973,1188,950,7,2024,12,18,2,12537.76,6917.6533
0,231.92,878,1527,1221,9,2024,6,7,4,18210.92,8669.595
5,20.8,493,553,443,7,2022,1,15,5,3152.87,3928.2192
1,6.79,1134,1672,1338,4,2024,12,29,6,2212.56,6020.303
1,4.96,876,836,669,2,2024,11,2,5,25625.6,8051.3335
5,28.71,377,237,190,3,2024,2,17,5,618.88,4004.7168
2,3849.32,2021,2150,1720,18,2024,12,21,5,43906.65,52666.65
0,358.39,1112,679,543,4,2024,9,6,4,11487.48,6965.333
2,1409.67,2007,2150,1720,18,2024,1,24,2,27736.16,55052.984
4,1044.45,796,1105,884,11,2023,10,21,5,49843.94,33614.55
3,2146.27,328,245,196,7,2023,9,12,1,13873.44,32764.764
3,1668.37,372,210,168,6,2024,1,22,0,98982.68,77418.18
2,3008.6,1768,2150,1720,18,2024,12,26,3,62943.07,57246.242
3,1054.35,337,281,224,8,2023,11,17,4,22678.41,37833.637
2,992.95,1554,1075,860,9,2022,12,12,0,67102.51,57181.082
4,1569.67,1050,803,643,8,2024,12,14,5,46447.49,33405.65
0,265.31,924,1188,950,7,2020,10,4,6,7934.12,6907.154
2,1084.65,1564,2269,1815,19,2024,10,24,3,55724.72,55920.58
2,4007.46,1256,836,669,7,2024,10,22,1,45932.14,53597.504
0,160.16,865,679,543,4,2024,12,14,5,6790.76,5158.753
4,1148.87,1083,1306,1044,13,2023,12,28,3,36542.99,37191.38
3,699.92,369,245,196,7,2024,10,27,6,72700.14,38752.14
2,4037.62,1420,1553,1242,13,2023,10,27,4,76686.91,62092.71
2,1022.48,1942,1433,1147,12,2024,1,13,5,27323.48,44149.72
2,1089.25,1638,1433,1147,12,2024,2,4,6,30971.59,50701.63
5,14.59,457,395,316,5,2024,9,28,5,4567.84,3437.636
3,2264.61,233,281,224,8,2024,12,27,4,38615.59,38817.773
0,152.63,1128,679,543,4,2024,3,20,2,12598.83,9057.729
5,35.31,522,474,380,6,2024,5,1,2,1868.69,4228.5483
2,2012.93,1592,836,669,7,2024,10,2,2,39715.45,49469.73
0,208.08,976,1188,950,7,2023,1,24,1,1316.88,6849.0454
0,332.91,923,509,407,3,2023,7,13,3,19134.16,7249.1196
4,971.53,755,803,643,8,2024,12,11,2,18679.82,31054.195
3,1771.26,366,386,309,11,2024,8,24,5,16470.93,35000.492
2,3502.44,1279,1075,860,9,2020,11,29,6,46800.69,59367.03
1,7.02,1321,1254,1003,3,2024,11,24,6,5901.78,7295.558
5,69.44,499,633,506,8,2022,7,2,5,1555.56,4164.7046
4,423.53,732,1105,884,11,2023,11,27,0,47326.39,35335.746
4,1325.81,868,803,643,8,2024,5,22,2,38224.38,29480.686
1,41.47,865,1254,1003,3,2024,12,23,0,3379.86,6846.9375
1,43.6,823,418,334,1,2023,3,9,3,17155.84,8040.8647
2,3531.2,1178,1314,1051,11,2020,10,7,2,33544.75,42948.297
4,2169.18,895,703,562,7,2023,4,9,6,44614.23,29831.246
4,2375.83,704,1105,884,11,2023,5,11,3,49577.82,37582.363
1,41.14,807,418,334,1,2023,9,30,5,2438.4,7491.461
3,454.83,259,245,196,7,2024,8,27,1,16439.14,18684.443
4,1962.81,1129,502,402,5,2024,1,30,1,41937.74,28139.86
1,11.23,866,418,334,1,2024,3,25,0,4035.25,5132.0317
1,2.85,1055,418,334,1,2023,3,19,6,10630.02,8158.9507
0,492.48,774,509,407,3,2024,12,21,5,8666.04,6557.253
5,16.76,347,474,380,6,2023,11,9,3,2201.64,3907.3464
0,492.89,884,679,543,4,2022,9,16,4,10705.08,7574.4443
5,46.22,491,633,506,8,2024,11,29,4,3879.39,4781.9473
4,1072.53,989,1004,803,10,2024,9,26,3,48840.46,33476.2
2,1939.28,1476,1314,1051,11,2024,12,28,5,28383.91,48555.58
4,1798.58,1156,703,562,7,2024,6,12,2,45799.9,34397.957
0,300.6,796,848,679,5,2024,10,6,6,5681.64,6537.113
5,81.8,566,633,506,8,2024,12,16,0,2478.0,4157.125
4,366.44,683,703,562,7,2024,4,4,3,25103.17,28508.07
0,452.58,975,679,543,4,2022,11,25,4,3052.5,7161.7144
5,44.21,438,395,316,5,2024,8,20,1,9861.99,5914.129
2,1023.57,1717,1791,1433,15,2024,12,22,6,40784.06,54241.89
5,82.43,375,712,569,9,2024,12,27,4,1820.06,4310.2314
2,3018.87,1909,1553,1242,13,2024,10,12,5,47508.98,56260.67
4,2591.44,1120,1004,803,10,2024,9,18,2,13898.41,22860.139
4,1128.4,1107,502,402,5,2024,8,10,5,12667.63,32491.95
1,2.26,1138,836,669,2,2024,1,20,5,236.64,6640.858
4,1859.93,973,904,723,9,2024,11,22,4,24610.06,32901.777
5,39.88,597,395,316,5,2023,7,21,4,3875.78,4482.106
4,751.46,974,1205,964,12,2024,4,25,3,8330.71,30001.77
2,2270.52,1592,1672,1338,14,2024,2,11,6,29931.59,56684.2
2,1906.72,1825,1433,1147,12,2024,2,1,3,46538.16,50652.68
2,2257.25,1367,1791,1433,15,2024,5,26,6,41100.48,56090.5
3,891.63,295,351,281,10,2024,5,2,3,41626.71,31991.242
5,22.33,439,553,443,7,2024,11,2,5,649.34,4053.1604
0,464.19,1109,509,407,3,2024,10,22,1,6920.78,6930.9434
3,2318.51,285,421,337,12,2024,12,22,6,98475.62,63731.547
2,1150.16,1735,2030,1624,17,2024,11,7,3,47643.11,53824.01
1,25.46,822,1672,1338,4,2024,5,16,3,1320.8,7076.963
2,2788.08,1307,1911,1529,16,2024,1,13,5,65992.05,52342.4
1,41.84,754,418,334,1,2024,8,6,1,3083.0,7766.7
4,660.87,1141,1105,884,11,2024,2,18,6,54293.62,40188.76
0,473.8,1178,679,543,4,2024,11,23,5,4337.4,7559.106
2,1457.41,1719,1433,1147,12,2024,12,24,1,79295.1,62034.453
1,18.25,1011,418,334,1,2024,6,20,3,12947.68,8673.596
2,3830.4,1722,2389,1911,20,2023,2,24,4,84670.39,63936.777
2,3233.7,1989,1553,1242,13,2023,3,8,2,62743.48,64764.54
1,46.84,1189,418,334,1,2024,3,4,0,13200.24,8255.446
2,2063.6,1345,2389,1911,20,2024,12,2,0,80108.51,65165.31
4,1551.3,1114,603,482,6,2023,4,20,3,38261.72,31607.268
4,1065.28,719,502,402,5,2024,11,10,6,22728.97,31199.703
0,398.23,754,1018,814,6,2024,8,19,0,2593.47,6492.77
5,89.25,466,316,253,4,2024,10,20,6,1943.21,4347.604
0,429.54,793,1357,1086,8,2023,7,26,2,2456.98,5631.9966
0,357.82,891,509,407,3,2024,12,22,6,6934.3,7141.252
4,2375.51,1030,1004,803,10,2024,11,28,3,27249.94,33656.977
4,1962.81,1129,502,402,5,2024,3,30,5,41937.74,28219.81
4,672.03,1087,1306,1044,13,2024,7,26,4,36942.41,34829.812
2,2436.72,1581,2269,1815,19,2023,4,24,0,34142.08,43241.96
2,2326.79,1302,2150,1720,18,2024,11,11,0,69346.49,56912.066
0,262.33,879,1527,1221,9,2024,10,8,1,13130.04,6782.2314
4,496.3,917,502,402,5,2024,7,26,4,50657.89,34493.977
2,3289.66,1173,1075,860,9,2024,1,1,0,78914.6,60162.113
1,8.06,1224,418,334,1,2024,7,15,0,1965.75,5089.6245
5,74.91,503,237,190,3,2024,10,22,1,3134.94,4331.4536
4,2033.54,862,703,562,7,2024,10,26,5,12709.62,25252.387
5,69.18,413,237,190,3,2024,10,7,0,2220.75,4191.1
4,683.45,828,803,643,8,2024,5,25,5,53017.31,36788.516
0,337.18,987,1357,1086,8,2024,4,10,2,4666.88,6384.633
0,281.96,1166,1188,950,7,2024,12,28,5,6484.32,7568.1724
2,2238.46,2008,1672,1338,14,2020,10,6,1,61160.9,61413.137
0,475.26,1047,1188,950,7,2023,1,23,0,2634.67,6289.574
2,1449.46,2043,2030,1624,17,2024,4,3,2,52836.14,59336.066
2,929.42,1220,955,764,8,2023,12,13,2,64213.2,59159.77
2,3414.99,1183,1194,955,10,2019,12,24,1,33711.83,48347.504
3,2103.88,377,281,224,8,2024,6,5,2,61410.94,54374.18
0,65.29,962,1527,1221,9,2024,1,26,4,12907.41,6832.848
2,2561.98,1879,1194,955,10,2024,9,12,3,72780.36,53174.52
3,1204.97,315,421,337,12,2021,2,22,0,53404.48,45038.254
4,998.33,934,1306,1044,13,2024,9,10,1,36767.31,37140.66
1,34.42,1200,836,669,2,2024,2,22,3,5451.84,7917.8994
2,3289.89,1792,1672,1338,14,2024,6,3,0,52003.94,60902.16
1,43.89,1050,1672,1338,4,2024,1,8,0,11563.16,8191.464
5,97.39,493,553,443,7,2023,12,14,3,324.28,4213.7324
4,946.91,1078,1205,964,12,2023,11,10,4,40237.08,33787.504
4,1743.87,804,502,402,5,2023,2,2,3,19996.0,30792.76
1,27.03,905,1254,1003,3,2024,11,3,6,8200.74,8531.669
4,1575.73,928,803,643,8,2022,8,4,3,31725.04,30794.377
4,2405.72,1088,703,562,7,2024,6,4,1,20454.01,29098.764
0,64.79,1028,1018,814,6,2024,3,22,4,2423.03,6356.173
2,3947.52,1959,836,669,7,2023,11,19,6,42869.31,42256.75
5,41.67,353,474,380,6,2024,5,16,3,7271.58,3416.4272
5,84.0,413,712,569,9,2024,4,6,5,2830.05,4158.06
2,2357.36,1175,1194,955,10,2024,12,29,6,34329.54,44363.992
4,1895.59,791,603,482,6,2021,9,22,2,51037.81,37830.355
1,2.13,1308,836,669,2,2023,11,3,4,20771.64,11292.224
4,2001.38,751,904,723,9,2024,10,13,6,36848.88,28654.188
5,41.11,498,395,316,5,2024,11,16,5,2719.2,4426.445
2,4110.82,1325,2030,1624,17,2024,7,3,2,42315.57,58122.047
4,616.78,1061,1004,803,10,2024,12,10,1,50520.77,37620.445
5,68.78,451,474,380,6,2024,12,11,2,6487.06,4506.899
2,803.1,1303,1075,860,9,2023,4,18,1,70968.81,56063.242
5,23.8,349,474,380,6,2024,8,27,1,11093.13,4135.022
5,92.69,520,474,380,6,2024,2,21,2,3842.23,4305.752
4,1387.63,1102,1205,964,12,2020,7,11,5,19432.09,32038.37
2,1973.84,1267,2150,1720,18,2023,4,1,5,49032.02,56179.586
4,1248.05,1133,502,402,5,2024,7,28,6,34053.07,31940.082
2,2098.78,1438,2030,1624,17,2024,11,16,5,77351.67,65085.15
2,1003.94,1236,1553,1242,13,2024,3,24,6,35466.25,48022.023
2,1806.79,1513,1553,1242,13,2024,12,2,0,27985.25,49518.773
0,161.32,891,1188,950,7,2024,3,6,2,3593.42,6743.7363
2,2214.18,1335,1672,1338,14,2024,4,13,5,76692.42,57757.152
4,853.19,888,904,723,9,2024,12,21,5,31175.03,30188.014
0,193.06,993,1527,1221,9,2022,9,12,0,10614.4,6682.4834
4,640.66,673,1004,803,10,2024,2,5,0,53921.79,33679.152
4,1674.59,986,1306,1044,13,2023,9,26,1,15630.88,31910.979
0,403.02,1009,1357,1086,8,2024,1,21,6,3790.4,6156.0083
4,2168.34,737,1004,803,10,2024,9,20,4,9221.77,27309.463
4,1595.63,1086,1105,884,11,2024,11,3,6,26254.01,33025.293
5,43.75,405,237,190,3,2023,11,1,2,1420.35,3944.658
0,265.31,924,1188,950,7,2023,8,29,1,7934.12,6967.296
2,1111.79,1347,2030,1624,17,2024,3,22,4,66528.0,58696.125
2,950.42,1517,1553,1242,13,2024,11,8,4,53858.81,60954.535
1,46.98,1070,1254,1003,3,2023,10,9,0,5931.7,8786.942
4,390.6,748,603,482,6,2024,12,19,3,50877.34,30350.523
0,147.61,1167,1527,1221,9,2023,4,26,2,9334.35,7693.6655
4,566.18,870,1004,803,10,2023,7,27,3,34410.03,34767.9
4,2641.42,874,803,643,8,2024,12,22,6,13980.88,24802.943
4,2648.92,797,1205,964,12,2024,6,5,2,12924.63,27284.27
1,43.36,1000,1672,1338,4,2024,11,24,6,15938.73,8319.44
2,1744.14,1185,836,669,7,2023,8,27,6,69053.7,52673.336
4,406.16,739,803,643,8,2024,12,21,5,25381.64,29341.064
2,1667.79,1517,1553,1242,13,2023,7,27,3,48818.82,52677.223
1,32.62,1211,1672,1338,4,2021,5,21,4,3308.1,7376.9004
0,292.96,871,679,543,4,2024,1,23,1,2609.95,6866.628
0,193.78,889,848,679,5,2022,1,8,5,14164.02,7022.627
2,2535.14,1836,2150,1720,18,2024,12,23,0,64504.16,57053.824
5,7.32,588,474,380,6,2024,4,1,0,6433.76,4301.883
0,83.94,1129,1018,814,6,2024,7,14,6,8361.96,8776.467
0,281.37,1002,679,543,4,2024,9,28,5,13485.04,7570.774
0,160.16,865,679,543,4,2024,12,24,1,6790.76,5218.895
1,29.1,1203,1672,1338,4,2023,11,28,1,17079.6,7376.9004
2,3348.95,1229,2389,1911,20,2023,9,2,5,44986.91,49405.918
5,27.82,376,237,190,3,2024,9,28,5,1354.76,4007.6074
0,155.6,906,1527,1221,9,2024,11,5,1,5178.04,6843.918
1,4.44,1298,1672,1338,4,2024,11,26,1,27699.98,13112.861
4,996.12,995,1004,803,10,2024,8,19,0,46250.8,31280.393
0,339.02,1251,1527,1221,9,2022,4,9,5,2968.57,7195.4565
4,2340.75,1069,603,482,6,2024,12,6,4,9727.24,22841.455
1,49.04,989,1254,1003,3,2024,3,22,4,11686.02,8535.648
4,2105.87,1034,703,562,7,2024,6,2,6,54077.45,35682.707
2,627.35,1927,836,669,7,2024,12,23,0,33829.24,49380.68
4,1569.06,977,803,643,8,2024,10,26,5,10634.61,26652.88
4,1451.09,1065,703,562,7,2023,10,8,6,27376.84,32636.281
2,599.95,1195,836,669,7,2024,6,5,2,54440.18,53590.293
4,1678.28,1027,803,643,8,2022,9,11,6,36273.61,32003.506
4,459.24,1048,1004,803,10,2024,6,17,0,11159.22,31016.566
4,2250.33,715,1004,803,10,2024,5,27,0,22241.73,34401.996
1,24.08,1072,1672,1338,4,2024,12,24,1,4706.65,8120.2114
0,465.11,1151,1527,1221,9,2024,2,8,3,6322.48,7822.005
1,18.44,933,836,669,2,2024,3,15,4,7391.6,7906.646
0,337.18,987,1357,1086,8,2024,10,19,5,4666.88,6381.8604
2,3590.19,1920,1433,1147,12,2021,7,15,3,26446.54,53037.26
4,726.51,869,603,482,6,2024,9,16,0,12211.97,28303.504
2,1503.45,1603,1314,1051,11,2022,10,8,5,54215.59,52474.125
5,36.23,509,553,443,7,2023,3,31,4,7410.38,4247.5034
4,2364.46,1084,1306,1044,13,2021,8,26,3,38588.96,34041.01
3,1865.37,350,456,365,13,2023,11,14,1,50481.36,45006.56
0,494.62,1159,1018,814,6,2023,11,30,3,3231.17,6963.845
2,1497.26,1463,955,764,8,2024,12,26,3,68823.27,53108.867
1,6.98,1115,1254,1003,3,2024,3,17,6,622.02,6805.405
0,220.7,979,1527,1221,9,2024,1,1,0,8857.71,7781.691
2,1802.42,1992,1433,1147,12,2024,12,21,5,84132.94,60205.203
4,1316.84,804,904,723,9,2024,3,16,5,24662.96,33657.594
4,1478.81,778,1306,1044,13,2024,3,25,0,28547.06,31917.926
2,2400.37,1452,1791,1433,15,2024,4,10,2,34448.93,47361.676
4,547.18,977,1306,1044,13,2023,4,27,3,31221.38,33986.94
5,76.91,506,712,569,9,2024,12,25,2,2544.2,4522.227
4,1604.09,712,1105,884,11,2023,3,12,6,8632.98,32290.973
4,1453.99,799,803,643,8,2024,3,21,3,47782.97,37070.348
2,1582.29,1345,2150,1720,18,2024,12,29,6,53314.18,55792.58
3,1115.75,301,456,365,13,2024,12,13,4,74124.02,55259.277
2,3772.65,1247,955,764,8,2024,8,8,3,52968.72,49644.523
2,3899.71,1739,1672,1338,14,2023,7,3,0,37924.55,48883.65
1,30.58,1148,1672,1338,4,2024,10,22,1,11246.13,8458.55
4,2090.27,1066,502,402,5,2023,7,12,2,42975.5,31082.887
2,1130.96,1650,1791,1433,15,2024,11,18,0,56198.66,51312.9
3,518.42,264,316,253,9,2024,4,13,5,54860.28,50065.58
4,2450.69,726,1004,803,10,2024,3,14,3,48841.09,36278.168
0,420.0,1038,1527,1221,9,2024,12,23,0,3181.54,6537.681
5,84.0,413,712,569,9,2023,12,3,6,2830.05,4158.06
1,17.16,945,418,334,1,2024,5,15,2,1973.24,8289.077
0,459.82,875,1357,1086,8,2022,9,23,4,14737.12,6224.1333
4,631.12,690,904,723,9,2024,11,21,3,9604.62,32366.543
1,19.6,1015,1254,1003,3,2022,6,25,5,4698.47,7700.9136
2,2301.42,1382,1314,1051,11,2024,9,10,1,67289.65,60013.035
2,2413.85,2003,955,764,8,2024,12,27,4,61968.93,52548.2
2,1168.12,1999,2030,1624,17,2023,12,2,5,80822.89,54622.016
1,24.78,1182,418,334,1,2024,9,27,4,3566.16,6924.283
0,360.84,1074,1527,1221,9,2024,12,20,4,8196.81,6107.5254
2,2492.3,1278,836,669,7,2024,7,14,6,78488.94,55064.844
4,1954.97,919,603,482,6,2023,1,6,4,24802.38,31623.59
2,1547.24,1557,2030,1624,17,2024,8,30,4,51177.93,56281.71
2,2738.53,1933,1433,1147,12,2023,7,30,6,78784.93,49478.203
4,1781.44,921,502,402,5,2024,10,13,6,15745.1,27127.37
4,1052.2,826,1004,803,10,2023,6,18,6,47936.1,33759.344
2,2593.07,1448,1553,1242,13,2024,5,6,0,66385.16,55114.44
2,1064.01,1935,2389,1911,20,2024,7,26,4,79217.06,62811.965
0,307.47,895,509,407,3,2024,11,10,6,2879.25,7138.3613
4,1399.14,987,1004,803,10,2024,9,10,1,11753.1,29777.602
1,31.01,834,418,334,1,2024,10,8,1,2076.66,7582.122
4,996.12,995,1004,803,10,2024,7,10,2,46250.8,31280.393
2,1111.79,1347,2030,1624,17,2024,12,10,1,66528.0,58750.605
0,100.79,1073,1357,1086,8,2021,7,9,4,5814.88,6198.1094
2,1557.46,1710,836,669,7,2024,4,20,5,46849.37,47035.84
3,518.42,264,316,253,9,2023,12,27,2,54860.28,50414.89
4,250.62,702,1105,884,11,2024,9,21,5,51001.96,41318.47
4,811.22,1062,703,562,7,2020,4,26,6,9975.76,30571.715
1,2.98,1069,836,669,2,2023,5,21,6,1405.25,8236.185
2,2535.14,1836,2150,1720,18,2023,9,26,1,64504.16,57556.01
1,32.25,1313,836,669,2,2023,5,6,5,6631.26,7657.1475
4,1124.87,869,1306,1044,13,2024,6,4,1,34614.34,37276.34
2,1529.25,1248,1314,1051,11,2024,12,30,0,65292.2,60449.824
2,1035.76,1508,1911,1529,16,2023,5,2,1,66683.78,58348.965
2,1271.77,2024,2150,1720,18,2024,9,11,2,45475.16,52801.395
1,45.72,1233,1254,1003,3,2020,7,7,1,24246.69,8266.268
2,2312.62,1272,836,669,7,2024,11,21,3,41865.35,50014.426
0,393.83,1223,1527,1221,9,2022,4,27,2,4569.5,6850.159
0,466.23,1191,1527,1221,9,2024,5,25,5,12504.81,7637.967
2,1582.28,1253,836,669,7,2024,3,20,2,70833.52,52122.586
2,2923.59,1500,955,764,8,2024,5,2,3,57226.69,51133.7
3,2321.65,254,316,253,9,2024,9,28,5,14057.96,31171.613
2,2911.89,1931,1553,1242,13,2024,8,23,4,64056.12,53898.914
4,2474.86,893,1004,803,10,2024,8,23,4,19510.8,29305.812
4,802.13,937,1004,803,10,2023,2,21,1,13023.06,30426.143
0,459.82,875,1357,1086,8,2023,5,12,4,14737.12,6224.1333
4,2375.51,1030,1004,803,10,2024,8,18,6,27249.94,33708.676
2,2712.48,1896,1314,1051,11,2021,5,13,3,62359.13,53023.277
2,2966.74,1341,2269,1815,19,2024,5,9,3,82202.67,68607.95
2,3802.85,1993,2030,1624,17,2024,5,23,3,36856.07,51316.07
0,352.63,1259,1357,1086,8,2024,12,27,4,18265.32,7130.0215
4,1572.09,656,502,402,5,2024,8,9,4,30925.82,29518.148
5,36.45,387,395,316,5,2024,12,19,3,11359.77,4622.9424
2,2007.54,1182,2030,1624,17,2024,6,28,4,29634.6,52273.746
2,4007.46,1256,836,669,7,2024,7,8,0,45932.14,54531.08
1,9.16,1275,836,669,2,2024,12,15,6,6760.74,7186.427
3,2450.36,270,281,224,8,2024,12,15,6,58957.52,52078.938
2,2474.96,1568,1553,1242,13,2024,3,29,4,59077.04,54319.023
2,3827.93,1350,2269,1815,19,2024,4,19,4,72542.77,56913.016
1,7.54,1074,836,669,2,2024,8,7,2,13556.1,10438.242
2,1477.87,1533,2030,1624,17,2024,9,8,6,78069.94,61356.855
0,461.03,947,1188,950,7,2024,5,15,2,5179.2,6917.6533
0,368.28,1304,848,679,5,2023,6,18,6,3099.12,7469.0845
0,455.33,762,1018,814,6,2023,3,5,6,12958.98,5877.873
4,402.1,1106,1205,964,12,2020,8,7,4,9221.82,21786.268
4,1866.23,883,502,402,5,2024,1,12,4,15822.46,31101.4
5,42.61,470,316,253,4,2024,12,24,1,3914.59,4420.0386
1,2.85,1055,418,334,1,2024,12,21,5,10630.02,8562.976
4,2507.89,1130,1306,1044,13,2023,8,30,2,8704.76,29762.623
0,100.08,830,1357,1086,8,2024,12,31,1,4901.91,6133.752
2,582.3,1733,1672,1338,14,2023,8,31,3,57615.02,52420.215
2,627.35,1927,836,669,7,2023,1,3,1,33829.24,49925.066
4,725.18,954,803,643,8,2024,8,12,0,28351.42,31034.463
0,441.61,878,848,679,5,2024,11,20,2,837.6,6850.453
1,17.02,1034,836,669,2,2024,12,21,5,21928.83,9955.614
3,617.0,330,456,365,13,2024,10,25,4,41314.7,38825.184
4,2553.37,1036,1004,803,10,2024,12,30,0,13112.22,29655.754
3,519.7,342,351,281,10,2024,7,25,3,42163.08,37061.38
0,202.14,1261,848,679,5,2024,12,8,6,2939.38,7304.192
4,566.35,955,703,562,7,2023,10,20,4,33150.67,36503.637
2,3777.4,1651,955,764,8,2024,12,20,4,53518.26,50797.254
2,3618.44,2013,955,764,8,2024,7,4,3,52881.7,58764.68
4,1072.45,1077,703,562,7,2023,11,17,4,40466.98,35120.098
5,25.03,426,553,443,7,2024,9,19,3,1251.11,4339.5166
3,1013.24,311,245,196,7,2023,6,30,4,20974.11,42043.15
4,461.14,749,1205,964,12,2024,11,7,3,51708.49,40194.0
2,1168.09,1855,2150,1720,18,2024,12,16,0,34820.02,51120.53
2,3289.89,1792,1672,1338,14,2024,9,24,1,52003.94,60797.43
1,48.56,1295,418,334,1,2023,9,16,5,19977.88,8360.649
0,300.67,1104,1188,950,7,2024,10,30,2,5620.56,6561.2485
2,3261.99,1763,1553,1242,13,2024,12,21,5,33904.58,62547.67
5,18.05,576,633,506,8,2024,1,9,1,7210.02,3859.3208
3,358.98,315,316,253,9,2023,3,7,1,47953.92,48571.832
2,1057.74,1605,836,669,7,2024,7,27,5,41296.81,49714.984
2,3579.87,1674,1433,1147,12,2024,12,14,5,52219.74,54685.254
4,1325.81,868,803,643,8,2024,8,13,1,38224.38,29480.686
2,1946.81,1195,1194,955,10,2023,12,22,4,50261.09,48932.562
0,492.89,884,679,543,4,2024,12,19,3,10705.08,7551.197
2,3254.72,1589,2030,1624,17,2024,1,25,3,77395.55,55139.344
4,1667.33,733,1306,1044,13,2024,10,22,1,36953.91,32623.238
2,3472.05,1264,836,669,7,2023,6,4,6,78454.34,66469.71
0,93.63,1276,1188,950,7,2024,9,14,5,18966.52,6850.047
0,376.41,1290,848,679,5,2023,3,25,5,4249.54,7414.6055
1,37.87,1139,1672,1338,4,2023,2,15,2,4964.96,7988.5586
0,317.49,1268,679,543,4,2024,9,10,1,3536.2,7504.919
5,78.47,436,633,506,8,2024,12,7,5,2908.57,4365.8516
4,1707.62,824,1004,803,10,2024,11,18,0,9480.23,22881.375
0,362.79,942,1188,950,7,2024,12,27,4,7177.68,6749.5396
4,2418.38,917,803,643,8,2023,1,4,2,16605.55,31446.246
0,231.71,805,1018,814,6,2024,12,5,3,6455.68,6866.7354
0,175.51,879,1188,950,7,2024,5,1,2,2200.75,6790.196
2,2230.32,1466,2150,1720,18,2020,10,11,6,60516.83,56098.44
0,370.0,1015,1188,950,7,2024,12,28,5,8128.48,5652.2837
1,18.02,1279,836,669,2,2024,12,18,2,11220.84,8359.458
0,165.04,769,679,543,4,2024,12,29,6,18472.32,8128.8057
4,1131.33,805,1306,1044,13,2024,12,21,5,27429.21,33431.168
1,37.87,1139,1672,1338,4,2023,5,1,0,4964.96,8086.6025
3,1771.26,366,386,309,11,2024,5,26,6,16470.93,35000.492
2,2504.4,1938,1672,1338,14,2023,8,19,5,34731.36,49676.555
2,1091.03,1682,2389,1911,20,2024,12,21,5,78276.14,66848.89
2,3761.37,1995,2150,1720,18,2023,7,1,5,76501.49,60771.625
4,2593.27,769,703,562,7,2023,4,22,5,39536.21,35629.14
2,2411.4,1380,1911,1529,16,2024,6,27,3,78361.98,57624.273
2,709.83,1855,1553,1242,13,2024,12,19,3,70811.32,61863.066
1,32.68,783,836,669,2,2024,10,3,3,2310.21,8533.787
5,36.2,428,633,506,8,2024,12,5,3,2840.8,4330.6226
1,38.74,1245,1254,1003,3,2021,11,7,6,11925.78,8197.038
2,3935.96,1482,1553,1242,13,2024,11,6,2,31015.89,55390.4
2,2436.14,1659,1433,1147,12,2024,5,4,5,25547.46,47027.426
4,2554.2,1146,904,723,9,2023,8,11,4,42877.87,33088.15
5,88.02,392,395,316,5,2024,9,26,3,484.54,4140.2495
2,2521.3,1398,1911,1529,16,2022,11,7,0,77543.89,55479.92
5,24.66,585,316,253,4,2023,9,4,0,1820.02,4057.577
2,2236.04,1718,1075,860,9,2024,9,27,4,54768.01,54241.33
2,1148.73,1386,2389,1911,20,2024,1,10,2,33086.21,45933.17
2,2572.65,1245,1911,1529,16,2023,8,3,3,52779.99,54907.316
0,154.52,1307,679,543,4,2024,11,15,4,4541.78,7749.657
4,870.63,1079,904,723,9,2024,11,2,5,33197.15,32585.697
0,437.44,1015,1357,1086,8,2024,11,17,6,3870.94,5938.0083
1,39.03,764,1672,1338,4,2024,3,8,4,10380.76,7425.4644
3,1601.67,311,175,140,5,2023,8,5,5,98469.88,68237.414
2,1185.24,1922,1672,1338,14,2024,2,6,1,62315.87,54621.08
2,2313.91,1388,1791,1433,15,2024,4,22,0,56330.05,59924.83
2,3780.58,1455,2150,1720,18,2024,7,8,0,56629.14,51391.78
4,550.05,984,1205,964,12,2023,12,20,2,12929.62,28234.314
3,680.01,297,351,281,10,2022,12,27,1,45126.65,38378.312
2,2771.19,1268,2150,1720,18,2024,7,11,3,82039.25,61881.47
5,32.12,555,237,190,3,2023,12,18,0,1825.47,4210.685
2,2677.34,1693,1314,1051,11,2024,4,22,0,43231.12,51829.684
4,443.57,1018,803,643,8,2024,12,10,1,43090.14,33837.914
4,2347.91,796,803,643,8,2024,10,24,3,10264.81,21389.041
3,711.41,374,456,365,13,2023,4,10,0,43677.54,42109.54
2,1333.32,1740,1553,1242,13,2024,7,19,4,54943.31,52783.9
4,1722.3,799,904,723,9,2023,6,16,4,31258.79,30239.299
3,672.38,355,281,224,8,2023,11,15,2,13395.08,31676.643
4,943.82,1079,803,643,8,2024,3,28,3,45879.47,34219.79
2,2897.01,1331,1194,955,10,2024,12,19,3,58091.61,51023.12
1,48.78,1320,1254,1003,3,2024,11,8,4,5688.48,8299.484
4,378.29,985,1306,1044,13,2023,8,15,1,33030.03,30024.904
5,20.75,468,316,253,4,2024,12,12,3,800.03,3845.8367
2,910.86,1236,955,764,8,2024,6,6,3,72794.29,61005.805
0,337.4,1040,509,407,3,2022,8,26,4,11099.8,7078.3867
3,1447.48,386,386,309,11,2024,6,4,1,34771.47,38953.516
0,410.28,1074,1357,1086,8,2024,12,29,6,2266.1,5988.384
3,1544.65,248,210,168,6,2023,6,22,3,54534.42,50116.15
4,683.86,811,1105,884,11,2023,11,21,1,46501.38,36972.445
0,226.81,881,1527,1221,9,2022,7,29,4,4594.12,7269.9756
4,1170.47,840,603,482,6,2024,6,18,1,53595.08,37758.566
3,1402.72,288,351,281,10,2024,11,24,6,39473.57,40163.07
1,38.62,777,1254,1003,3,2023,12,16,5,690.1,6959.036
4,1960.88,837,502,402,5,2024,8,17,5,15452.93,27730.824
2,3066.58,1273,1433,1147,12,2024,10,7,0,41372.93,51868.895
2,2076.42,1482,2150,1720,18,2024,12,1,6,26411.22,49433.965
4,2128.22,1123,1306,1044,13,2024,5,5,6,47987.87,32697.744
2,3063.52,1561,1314,1051,11,2024,4,1,0,78003.54,60310.77
4,622.93,1102,904,723,9,2024,12,18,2,48972.19,38023.152
4,1415.67,752,1004,803,10,2024,8,27,1,50691.07,34326.652
0,476.83,1131,1527,1221,9,2024,4,22,0,3961.78,5957.253
3,1244.03,328,421,337,12,2024,10,15,1,47765.34,39793.965
2,1661.52,1248,1791,1433,15,2024,9,10,1,70698.86,54410.39
3,915.29,360,210,168,6,2024,4,4,3,38099.86,41186.926
4,2422.35,819,803,643,8,2024,12,24,1,43631.62,33570.14
3,1809.46,372,281,224,8,2024,9,14,5,39026.67,39741.46
0,151.0,1035,679,543,4,2024,9,9,0,12276.6,7710.974
2,2148.82,1383,1314,1051,11,2023,5,6,5,40608.61,47136.18
5,68.83,526,712,569,9,2024,12,10,1,4963.88,4522.227
1,15.43,1191,836,669,2,2024,5,15,2,22070.88,12314.372
3,1858.43,355,281,224,8,2024,11,4,0,15598.38,38128.535
2,2134.71,1596,1791,1433,15,2024,11,30,5,38453.63,49399.34
0,465.11,1151,1527,1221,9,2024,3,14,3,6322.48,7802.6616
5,76.91,506,712,569,9,2020,9,8,1,2544.2,4541.5703
4,1265.12,1097,904,723,9,2024,11,13,2,18194.07,33183.355
4,905.47,1110,904,723,9,2023,6,19,0,42747.08,31909.908
2,1610.81,1684,836,669,7,2024,9,12,3,69013.96,48105.812
4,1604.53,942,603,482,6,2024,1,16,1,29163.55,31566.271
4,1500.86,653,904,723,9,2024,12,10,1,42687.61,33539.59
2,4248.22,1849,1075,860,9,2024,9,7,5,54248.09,54899.535
1,37.63,1286,1672,1338,4,2023,1,26,3,821.52,6409.518
1,16.48,1105,1254,1003,3,2024,2,22,3,2375.52,8357.57
4,1879.51,966,703,562,7,2023,7,19,2,33178.32,34619.504
2,4196.93,1682,1433,1147,12,2024,2,15,3,50743.57,52509.715
1,30.27,1214,836,669,2,2024,7,19,4,5565.84,7433.727
5,70.44,374,553,443,7,2024,10,18,4,2525.87,4156.2764
2,2851.4,1587,836,669,7,2024,5,30,3,56575.75,48211.08
1,23.24,848,836,669,2,2024,6,23,6,2587.66,7713.3887
2,1200.87,1372,1553,1242,13,2023,11,6,0,62871.96,56544.56
4,531.33,907,1105,884,11,2023,1,8,6,49536.23,35264.71
2,3953.38,1552,1791,1433,15,2023,8,4,4,48797.83,54016.516
2,2076.42,1482,2150,1720,18,2024,11,11,0,26411.22,49872.15
2,1758.92,1276,1553,1242,13,2024,9,17,1,35880.48,53125.38
3,1518.12,261,175,140,5,2023,12,18,0,18959.04,33077.586
0,369.28,912,509,407,3,2024,8,28,2,19354.52,7461.2593
1,37.7,764,836,669,2,2024,11,16,5,15512.0,7393.2056
2,2735.49,1976,836,669,7,2024,4,13,5,51385.84,50499.863
2,2480.63,1579,1791,1433,15,2024,4,23,1,28988.23,49860.98
4,2473.21,1034,1205,964,12,2023,11,13,0,52008.87,32424.123
0,301.35,1145,1527,1221,9,2023,10,18,2,1724.28,7158.4746
4,2736.28,747,603,482,6,2023,4,10,0,25601.24,35738.582
0,448.55,895,1018,814,6,2024,4,24,2,4738.8,6667.605
0,86.22,1066,509,407,3,2024,6,19,2,5264.24,7278.358
0,390.44,1056,679,543,4,2024,12,25,2,3388.12,6175.898
5,62.86,352,395,316,5,2024,11,28,3,7553.01,3259.1262
1,8.27,1152,1254,1003,3,2024,1,14,6,7758.88,7923.7812
2,2861.5,1984,1553,1242,13,2023,10,2,0,53141.74,54790.12
5,87.55,582,237,190,3,2024,12,24,1,6696.03,4436.318
4,1423.03,1052,1105,884,11,2024,4,27,5,46830.08,37115.203
1,10.89,851,1672,1338,4,2023,8,22,1,5793.27,7907.3174
0,93.22,934,509,407,3,2024,12,13,4,4520.6,7198.0884
1,43.36,1000,1672,1338,4,2024,9,5,3,15938.73,8420.259
4,905.47,1110,904,723,9,2023,8,13,6,42747.08,31875.473
3,772.46,337,175,140,5,2022,8,13,5,30998.22,33109.266
2,3604.32,1673,1791,1433,15,2023,5,5,4,43597.05,53280.195
2,3904.84,1760,2389,1911,20,2024,12,6,4,54125.31,51010.418
4,1395.4,1126,1205,964,12,2023,11,6,0,14552.4,27952.955
