CustomerID,Churn,Tenure,PreferredLoginDevice,CityTier,WarehouseToHome,PreferredPaymentMode,Gender,HourSpendOnApp,NumberOfDeviceRegistered,PreferedOrderCat,SatisfactionScore,MaritalStatus,NumberOfAddress,Complain,OrderAmountHikeFromlastYear,CouponUsed,OrderCount,DaySinceLastOrder,CashbackAmount
50001,0,23.0,Phone,1,39.0,Credit Card,Male,1.0,5,Mobile Phone,5,Married,6,0,21.0,3.0,2.0,11.0,153.74
50002,0,20.0,Computer,3,23.0,UPI,Male,3.0,3,Grocery,4,Married,4,0,26.0,3.0,10.0,18.0,206.3
50003,0,9.0,Mobile Phone,1,21.0,Credit Card,Male,3.0,6,Mobile Phone,3,Married,13,1,15.0,14.0,16.0,0.0,230.67
50004,0,13.0,Computer,3,39.0,COD,Male,3.0,5,Mobile Phone,4,Married,7,0,21.0,13.0,7.0,17.0,148.84
50005,0,17.0,Mobile Phone,1,17.0,UPI,Female,2.0,1,Others,3,Married,7,0,13.0,16.0,12.0,5.0,292.06
50006,0,23.0,Computer,1,18.0,UPI,Female,5.0,5,Grocery,5,Married,5,0,23.0,10.0,13.0,12.0,124.11
50007,0,13.0,Computer,1,34.0,Debit Card,Male,2.0,6,Laptop & Accessory,3,Married,12,1,20.0,12.0,6.0,6.0,106.5
50008,0,60.0,Mobile Phone,3,21.0,UPI,Female,3.0,3,Others,4,Married,10,1,25.0,15.0,9.0,2.0,141.62
50009,0,11.0,Phone,1,19.0,Credit Card,Male,3.0,3,Mobile Phone,2,Single,5,0,15.0,14.0,11.0,20.0,108.57
50010,0,21.0,Phone,2,22.0,Debit Card,Female,2.0,4,Laptop & Accessory,5,Divorced,4,0,20.0,10.0,13.0,11.0,128.8
50011,0,17.0,Mobile Phone,2,18.0,Debit Card,Female,1.0,2,Grocery,4,Single,9,0,17.0,10.0,2.0,4.0,119.91
50012,0,21.0,Phone,1,18.0,UPI,Male,5.0,4,Mobile Phone,5,Married,7,0,23.0,3.0,11.0,1.0,272.79
50013,1,13.0,Mobile Phone,3,37.0,Cash on Delivery,Male,3.0,3,Fashion,3,Divorced,6,0,26.0,8.0,8.0,19.0,281.53
50014,0,15.0,Computer,1,15.0,Credit Card,Female,3.0,4,Fashion,3,Married,3,1,18.0,9.0,3.0,7.0,181.73
50015,0,24.0,Computer,2,15.0,CC,Female,4.0,5,Laptop & Accessory,4,Married,5,0,19.0,12.0,5.0,1.0,149.56
50016,1,50.0,Phone,2,22.0,E wallet,Female,1.0,5,Mobile,3,Married,4,0,18.0,15.0,11.0,21.0,291.98
50017,1,51.0,Phone,1,7.0,Debit Card,Female,3.0,2,Laptop & Accessory,4,Divorced,5,0,12.0,7.0,13.0,14.0,139.6
50018,1,19.0,Phone,1,29.0,Debit Card,Female,1.0,5,Fashion,3,Single,2,0,17.0,10.0,9.0,0.0,197.57
50019,0,17.0,Mobile Phone,2,21.0,UPI,Male,3.0,3,Laptop & Accessory,2,Single,5,1,14.0,1.0,9.0,1.0,242.55
50020,0,2.0,Mobile Phone,3,26.0,UPI,Female,1.0,6,Others,5,Married,13,1,14.0,10.0,1.0,2.0,237.93
50021,0,22.0,Phone,1,33.0,UPI,Male,4.0,3,Laptop & Accessory,1,Married,7,0,23.0,8.0,2.0,1.0,207.17
50022,0,50.0,Computer,1,30.0,Debit Card,Male,3.0,4,Mobile Phone,5,Single,10,0,19.0,14.0,6.0,12.0,238.36
50023,1,15.0,Phone,3,38.0,Debit Card,Female,2.0,3,Laptop & Accessory,5,Married,13,1,17.0,12.0,13.0,20.0,266.65
50024,0,4.0,Phone,1,30.0,Debit Card,Male,2.0,4,Mobile Phone,3,Single,14,0,22.0,14.0,1.0,0.0,161.15
50025,0,3.0,Phone,2,13.0,E wallet,Male,1.0,3,Laptop & Accessory,3,Single,10,0,15.0,5.0,2.0,18.0,197.78
50026,0,20.0,Mobile Phone,2,15.0,CC,Female,5.0,6,Mobile Phone,2,Married,12,1,24.0,11.0,10.0,5.0,271.79
50027,1,13.0,Phone,1,11.0,Debit Card,Male,1.0,4,Fashion,2,Divorced,11,1,15.0,11.0,8.0,5.0,131.66
50028,0,30.0,Mobile Phone,2,34.0,Debit Card,Female,3.0,6,Laptop & Accessory,4,Married,3,0,17.0,10.0,6.0,6.0,186.02
50029,0,13.0,Mobile Phone,3,6.0,Debit Card,Female,2.0,4,Fashion,2,Married,4,0,22.0,11.0,10.0,21.0,107.94
50030,0,5.0,Phone,2,34.0,E wallet,Male,5.0,2,Mobile Phone,3,Single,1,1,24.0,0.0,1.0,9.0,152.52
50031,0,11.0,Phone,2,8.0,CC,Male,3.0,1,Mobile Phone,5,Single,9,1,19.0,6.0,3.0,13.0,202.26
50032,0,15.0,Phone,2,18.0,Debit Card,Female,1.0,3,Fashion,4,Married,14,0,19.0,15.0,6.0,9.0,166.88
50033,1,16.0,Phone,2,17.0,UPI,Male,3.0,6,Mobile,2,Single,3,0,26.0,11.0,1.0,1.0,296.46
50034,0,22.0,Phone,1,29.0,UPI,Male,5.0,5,Others,5,Divorced,12,0,16.0,10.0,7.0,18.0,202.56
50035,0,13.0,Phone,2,17.0,UPI,Female,3.0,5,Mobile,3,Married,13,0,20.0,11.0,6.0,17.0,179.92
50036,0,6.0,Computer,1,17.0,Credit Card,Female,3.0,4,Laptop & Accessory,4,Married,12,0,17.0,2.0,6.0,19.0,336.02
50037,0,50.0,Mobile Phone,1,10.0,UPI,Male,3.0,2,Laptop & Accessory,3,Married,10,1,23.0,0.0,10.0,10.0,258.79
50038,1,14.0,Computer,3,30.0,CC,Female,1.0,1,Others,4,Married,12,1,24.0,12.0,8.0,14.0,277.4
50039,0,16.0,Phone,2,18.0,Debit Card,Female,2.0,5,Laptop & Accessory,4,Married,6,0,14.0,1.0,12.0,13.0,316.79
50040,0,17.0,Phone,3,12.0,Cash on Delivery,Male,3.0,2,Mobile Phone,2,Married,15,0,19.0,9.0,1.0,14.0,176.4
50041,0,4.0,Phone,1,28.0,UPI,Female,4.0,2,Fashion,4,Single,1,0,18.0,11.0,1.0,0.0,238.05
50042,1,26.0,Mobile Phone,3,26.0,UPI,Male,4.0,5,Mobile,3,Married,13,0,19.0,15.0,7.0,11.0,203.03
50043,0,22.0,Mobile Phone,2,25.0,Credit Card,Male,4.0,1,Laptop & Accessory,4,Married,5,0,15.0,9.0,11.0,8.0,171.64
50044,0,13.0,Phone,3,30.0,E wallet,Female,3.0,5,Grocery,4,Married,11,0,21.0,16.0,16.0,17.0,102.57
50045,1,14.0,Phone,3,14.0,Credit Card,Female,4.0,2,Fashion,5,Divorced,10,0,26.0,7.0,1.0,16.0,134.75
50046,1,51.0,Phone,3,17.0,Cash on Delivery,Male,3.0,3,Fashion,2,Married,5,1,26.0,3.0,9.0,2.0,302.78
50047,0,30.0,Phone,3,18.0,Cash on Delivery,Female,3.0,2,Grocery,2,Single,11,0,22.0,7.0,10.0,14.0,134.5
50048,0,61.0,Mobile Phone,1,13.0,UPI,Male,3.0,5,Laptop & Accessory,5,Married,5,1,11.0,1.0,16.0,16.0,326.42
50049,0,16.0,Mobile Phone,2,22.0,Cash on Delivery,Male,0.0,4,Mobile Phone,3,Divorced,1,0,25.0,0.0,14.0,1.0,167.97
50050,0,27.0,Phone,1,35.0,Cash on Delivery,Male,1.0,2,Fashion,4,Single,7,1,18.0,13.0,16.0,13.0,215.77
50051,0,18.0,Mobile Phone,2,20.0,UPI,Male,3.0,1,Mobile Phone,5,Single,5,0,22.0,3.0,14.0,8.0,316.38
50052,0,22.0,Phone,3,12.0,UPI,Male,1.0,6,Fashion,4,Single,1,0,18.0,13.0,16.0,15.0,186.74
50053,1,50.0,Mobile Phone,1,19.0,Cash on Delivery,Female,3.0,5,Grocery,3,Single,8,0,23.0,4.0,6.0,17.0,157.49
50054,0,12.0,Phone,2,29.0,Cash on Delivery,Male,2.0,4,Mobile Phone,4,Married,6,0,17.0,0.0,14.0,7.0,107.85
50055,1,19.0,Mobile Phone,2,19.0,UPI,Male,5.0,4,Mobile Phone,5,Single,7,1,17.0,2.0,2.0,10.0,337.79
50056,0,61.0,Mobile Phone,1,29.0,Cash on Delivery,Female,5.0,3,Others,2,Married,4,0,15.0,15.0,12.0,15.0,201.16
50057,0,4.0,Phone,1,11.0,Cash on Delivery,Male,5.0,5,Grocery,4,Single,1,0,18.0,3.0,6.0,13.0,322.43
50058,0,17.0,Phone,1,30.0,Debit Card,Female,4.0,5,Fashion,4,Divorced,8,0,13.0,13.0,16.0,5.0,208.91
50059,0,28.0,Mobile Phone,1,12.0,Credit Card,Male,5.0,2,Laptop & Accessory,1,Married,14,0,19.0,15.0,6.0,19.0,320.62
50060,0,5.0,Computer,2,22.0,Debit Card,Male,3.0,5,Mobile Phone,4,Married,1,0,21.0,8.0,2.0,10.0,125.96
50061,0,24.0,Mobile Phone,2,25.0,Debit Card,Female,5.0,5,Laptop & Accessory,4,Married,9,1,15.0,10.0,6.0,6.0,210.24
50062,1,30.0,Mobile Phone,1,20.0,Credit Card,Male,3.0,4,Fashion,4,Married,6,0,26.0,2.0,14.0,15.0,210.75
50063,0,21.0,Mobile Phone,3,7.0,E wallet,Male,4.0,4,Laptop & Accessory,1,Married,5,1,20.0,14.0,5.0,5.0,343.39
50064,0,1.0,Mobile Phone,2,5.0,Debit Card,Male,1.0,5,Grocery,1,Married,14,1,20.0,7.0,14.0,20.0,223.28
50065,0,4.0,Phone,2,17.0,Cash on Delivery,Male,3.0,5,Grocery,3,Married,2,0,19.0,8.0,7.0,12.0,126.18
50066,0,26.0,Mobile Phone,1,36.0,UPI,Female,3.0,2,Mobile Phone,3,Married,14,0,26.0,1.0,11.0,17.0,327.0
50067,1,24.0,Phone,2,16.0,E wallet,Male,3.0,4,Mobile,2,Married,8,1,26.0,0.0,9.0,15.0,337.42
50068,0,7.0,Mobile Phone,1,35.0,Cash on Delivery,Male,1.0,6,Mobile Phone,4,Married,9,1,21.0,16.0,9.0,0.0,202.03
50069,1,0.0,Phone,2,6.0,E wallet,Male,3.0,5,Laptop & Accessory,2,Single,15,0,18.0,16.0,13.0,11.0,299.16
50070,1,19.0,Mobile Phone,2,12.0,Cash on Delivery,Male,3.0,6,Grocery,3,Married,3,1,19.0,8.0,8.0,13.0,117.4
50071,0,22.0,Mobile Phone,1,29.0,Cash on Delivery,Female,4.0,5,Grocery,3,Married,13,0,18.0,6.0,3.0,6.0,201.38
50072,0,50.0,Mobile Phone,3,9.0,Debit Card,Female,3.0,4,Mobile Phone,4,Divorced,10,0,24.0,8.0,13.0,19.0,227.75
50073,0,10.0,Phone,2,6.0,UPI,Male,2.0,4,Fashion,5,Single,15,0,16.0,10.0,5.0,1.0,317.82
50074,0,23.0,Phone,1,7.0,Debit Card,Male,5.0,5,Laptop & Accessory,3,Married,8,1,17.0,11.0,14.0,12.0,125.24
50075,0,10.0,Computer,3,26.0,Credit Card,Male,4.0,5,Laptop & Accessory,3,Divorced,10,0,22.0,14.0,3.0,11.0,201.67
50076,0,28.0,Phone,1,37.0,Debit Card,Male,2.0,5,Others,5,Divorced,15,0,23.0,6.0,7.0,18.0,228.22
50077,0,25.0,Phone,2,36.0,Debit Card,Male,4.0,6,Laptop & Accessory,4,Married,5,0,24.0,12.0,1.0,1.0,266.6
50078,0,15.0,Phone,2,21.0,E wallet,Male,2.0,3,Others,4,Married,11,1,23.0,13.0,1.0,8.0,125.8
50079,1,61.0,Mobile Phone,1,22.0,Credit Card,Female,2.0,5,Fashion,4,Married,12,0,24.0,10.0,11.0,14.0,170.34
50080,0,19.0,Mobile Phone,3,22.0,E wallet,Male,4.0,4,Others,3,Married,13,0,16.0,16.0,10.0,3.0,111.23
50081,0,2.0,Phone,2,10.0,Debit Card,Female,4.0,5,Laptop & Accessory,5,Single,10,0,12.0,14.0,14.0,14.0,137.01
50082,0,0.0,Phone,1,17.0,UPI,Male,2.0,4,Mobile Phone,5,Divorced,4,0,11.0,7.0,8.0,13.0,223.77
50083,0,0.0,Mobile Phone,3,35.0,Debit Card,Female,0.0,6,Laptop & Accessory,2,Single,10,1,11.0,1.0,5.0,16.0,158.75
50084,0,16.0,Phone,2,21.0,Debit Card,Female,1.0,3,Others,4,Married,9,0,19.0,14.0,5.0,4.0,219.87
50085,0,1.0,Phone,2,25.0,Debit Card,Male,5.0,2,Mobile Phone,2,Single,7,1,17.0,14.0,7.0,12.0,297.35
50086,0,28.0,Phone,3,20.0,UPI,Female,4.0,4,Fashion,4,Married,12,0,18.0,12.0,15.0,6.0,194.64
50087,0,19.0,Mobile Phone,1,21.0,Debit Card,Male,3.0,5,Grocery,3,Single,14,0,11.0,4.0,9.0,0.0,280.79
50088,0,5.0,Phone,1,36.0,Credit Card,Female,2.0,4,Laptop & Accessory,2,Single,13,0,22.0,14.0,7.0,12.0,291.63
50089,0,7.0,Mobile Phone,1,22.0,UPI,Female,2.0,5,Laptop & Accessory,4,Divorced,13,0,19.0,2.0,7.0,3.0,234.53
50090,0,28.0,Mobile Phone,3,12.0,Debit Card,Male,4.0,1,Mobile Phone,5,Married,11,1,24.0,15.0,11.0,12.0,168.5
50091,0,51.0,Phone,1,5.0,Credit Card,Female,2.0,6,Fashion,2,Single,4,1,17.0,9.0,11.0,12.0,299.39
50092,0,2.0,Mobile Phone,1,6.0,Credit Card,Male,3.0,3,Fashion,5,Married,11,0,19.0,9.0,9.0,2.0,194.6
50093,0,61.0,Mobile Phone,1,28.0,Cash on Delivery,Male,3.0,3,Mobile Phone,2,Married,5,0,23.0,15.0,8.0,7.0,247.46
50094,0,4.0,Mobile Phone,1,31.0,UPI,Male,2.0,3,Laptop & Accessory,4,Single,11,0,22.0,16.0,8.0,8.0,223.17
50095,0,26.0,Mobile Phone,2,24.0,CC,Male,2.0,6,Mobile Phone,5,Single,12,0,15.0,7.0,1.0,6.0,256.51
50096,0,11.0,Mobile Phone,3,25.0,E wallet,Female,2.0,5,Laptop & Accessory,1,Single,5,0,23.0,3.0,12.0,4.0,313.02
50097,0,19.0,Mobile Phone,1,39.0,Credit Card,Male,3.0,4,Laptop & Accessory,2,Divorced,2,1,19.0,2.0,14.0,3.0,188.64
50098,0,19.0,Phone,1,19.0,UPI,Female,4.0,2,Mobile Phone,3,Divorced,5,1,19.0,1.0,5.0,21.0,329.06
50099,0,8.0,Phone,2,34.0,Debit Card,Male,3.0,3,Grocery,4,Divorced,15,0,25.0,4.0,11.0,2.0,127.19
50100,0,3.0,Computer,1,8.0,Credit Card,Female,1.0,4,Grocery,5,Divorced,11,0,17.0,10.0,2.0,7.0,165.23
50101,0,18.0,Mobile Phone,3,19.0,Credit Card,Male,2.0,2,Fashion,4,Married,15,0,19.0,14.0,10.0,3.0,329.89
50102,0,26.0,Mobile Phone,2,27.0,CC,Male,1.0,4,Grocery,4,Married,3,0,17.0,16.0,10.0,10.0,116.02
50103,0,12.0,Phone,1,19.0,Credit Card,Female,1.0,3,Mobile Phone,3,Married,5,0,12.0,14.0,16.0,9.0,215.63
50104,0,17.0,Mobile Phone,3,30.0,COD,Female,3.0,5,Laptop & Accessory,3,Single,1,0,12.0,6.0,3.0,1.0,164.97
50105,0,21.0,Computer,1,16.0,E wallet,Female,5.0,5,Fashion,4,Single,8,1,23.0,10.0,11.0,20.0,297.11
50106,1,27.0,Phone,1,22.0,CC,Male,4.0,4,Others,4,Single,9,1,20.0,7.0,14.0,13.0,121.8
50107,0,21.0,Mobile Phone,1,10.0,UPI,Male,4.0,3,Laptop & Accessory,4,Single,9,0,21.0,6.0,2.0,7.0,131.71
50108,0,18.0,Phone,3,22.0,Debit Card,Male,3.0,1,Mobile,4,Married,15,0,11.0,7.0,10.0,5.0,139.39
50109,1,7.0,Mobile Phone,2,28.0,Cash on Delivery,Male,4.0,4,Grocery,2,Married,8,0,24.0,13.0,14.0,21.0,178.91
50110,0,7.0,Computer,1,32.0,Cash on Delivery,Male,4.0,5,Fashion,3,Married,2,1,26.0,1.0,15.0,2.0,314.38
50111,0,25.0,Computer,3,19.0,Debit Card,Male,3.0,5,Fashion,1,Married,2,0,17.0,9.0,4.0,16.0,318.83
50112,0,25.0,Phone,2,22.0,Cash on Delivery,Male,2.0,4,Laptop & Accessory,4,Married,15,0,15.0,15.0,1.0,9.0,150.37
50113,1,22.0,Mobile Phone,1,9.0,Credit Card,Female,1.0,2,Others,4,Single,10,1,11.0,5.0,6.0,14.0,229.9
50114,0,12.0,Mobile Phone,2,8.0,Debit Card,Female,3.0,2,Mobile,4,Married,5,1,19.0,5.0,10.0,7.0,266.29
50115,0,27.0,Mobile Phone,2,22.0,UPI,Male,5.0,2,Others,5,Married,6,0,17.0,7.0,10.0,6.0,203.08
50116,0,8.0,Mobile Phone,2,14.0,CC,Male,3.0,3,Laptop & Accessory,5,Single,5,0,26.0,11.0,14.0,6.0,337.3
50117,0,19.0,Phone,1,16.0,UPI,Male,1.0,2,Grocery,3,Single,12,0,20.0,16.0,12.0,12.0,236.93
50118,0,18.0,Computer,1,9.0,Cash on Delivery,Male,3.0,2,Fashion,2,Married,1,1,13.0,8.0,8.0,3.0,208.75
50119,0,11.0,Mobile Phone,2,11.0,Debit Card,Female,3.0,4,Grocery,1,Married,12,0,13.0,11.0,7.0,17.0,256.24
50120,0,14.0,Phone,3,27.0,Credit Card,Female,5.0,2,Mobile Phone,4,Single,1,0,14.0,2.0,1.0,6.0,305.37
50121,0,30.0,Phone,2,6.0,CC,Female,1.0,4,Mobile,5,Married,11,1,17.0,12.0,10.0,10.0,164.98
50122,1,13.0,Computer,3,34.0,UPI,Male,3.0,3,Mobile Phone,2,Married,8,0,23.0,8.0,12.0,13.0,330.37
50123,0,10.0,Mobile Phone,2,9.0,UPI,Female,3.0,5,Grocery,4,Married,12,0,26.0,2.0,5.0,0.0,179.57
50124,0,25.0,Mobile Phone,3,24.0,Credit Card,Male,5.0,2,Mobile Phone,4,Married,5,0,17.0,9.0,14.0,10.0,258.55
50125,0,26.0,Phone,1,30.0,E wallet,Female,3.0,1,Fashion,3,Single,8,0,21.0,11.0,1.0,15.0,279.45
50126,0,10.0,Computer,1,10.0,Debit Card,Male,4.0,2,Laptop & Accessory,4,Married,11,1,23.0,5.0,9.0,13.0,325.62
50127,0,60.0,Computer,2,33.0,UPI,Male,0.0,6,Fashion,5,Single,12,1,23.0,1.0,13.0,7.0,256.7
50128,1,18.0,Phone,1,14.0,Debit Card,Male,1.0,4,Fashion,1,Married,11,0,18.0,8.0,15.0,0.0,334.96
50129,1,5.0,Mobile Phone,2,20.0,UPI,Male,2.0,4,Fashion,4,Married,14,0,23.0,13.0,10.0,3.0,278.24
50130,1,27.0,Phone,3,38.0,UPI,Male,3.0,6,Laptop & Accessory,4,Single,14,1,19.0,11.0,8.0,3.0,298.22
50131,0,0.0,Mobile Phone,1,35.0,CC,Female,2.0,5,Grocery,5,Divorced,14,0,15.0,15.0,5.0,3.0,294.64
50132,1,61.0,Phone,3,9.0,UPI,Male,2.0,2,Others,2,Single,3,0,25.0,3.0,10.0,14.0,250.43
50133,1,7.0,Phone,2,37.0,Credit Card,Female,3.0,3,Others,5,Married,11,0,25.0,14.0,10.0,15.0,322.9
50134,0,6.0,Phone,2,23.0,E wallet,Female,3.0,5,Mobile Phone,2,Single,5,0,20.0,6.0,4.0,9.0,184.06
50135,0,10.0,Computer,2,36.0,UPI,Female,3.0,4,Grocery,4,Married,11,0,21.0,10.0,4.0,10.0,152.97
50136,0,3.0,Phone,1,27.0,Credit Card,Male,1.0,3,Mobile Phone,3,Divorced,13,0,18.0,14.0,11.0,3.0,141.95
50137,0,24.0,Mobile Phone,1,7.0,Cash on Delivery,Female,3.0,5,Others,2,Single,2,0,11.0,13.0,15.0,13.0,231.8
50138,0,11.0,Mobile Phone,2,5.0,UPI,Male,3.0,4,Mobile Phone,3,Married,8,1,25.0,11.0,15.0,12.0,331.04
50139,0,25.0,Computer,3,32.0,Debit Card,Male,2.0,5,Laptop & Accessory,4,Married,11,0,21.0,1.0,9.0,1.0,243.94
50140,0,11.0,Mobile Phone,2,9.0,UPI,Female,3.0,4,Mobile Phone,4,Single,1,1,12.0,10.0,12.0,0.0,319.1
50141,1,23.0,Mobile Phone,1,17.0,UPI,Male,2.0,4,Laptop & Accessory,5,Single,5,1,18.0,7.0,15.0,15.0,135.79
50142,1,15.0,Mobile Phone,1,15.0,Debit Card,Female,3.0,5,Fashion,2,Married,7,0,18.0,0.0,1.0,21.0,280.39
50143,0,12.0,Phone,3,26.0,COD,Male,2.0,5,Fashion,4,Single,10,0,19.0,11.0,10.0,15.0,345.85
50144,0,24.0,Mobile Phone,2,22.0,UPI,Male,4.0,4,Mobile Phone,1,Married,5,0,19.0,3.0,14.0,21.0,236.4
50145,1,3.0,Computer,3,16.0,E wallet,Male,5.0,1,Fashion,3,Married,15,0,17.0,8.0,12.0,10.0,298.95
50146,0,10.0,Computer,2,25.0,Debit Card,Female,1.0,4,Mobile,3,Married,3,0,18.0,4.0,3.0,7.0,231.53
50147,0,50.0,Computer,2,23.0,CC,Female,0.0,2,Mobile Phone,3,Divorced,13,0,12.0,2.0,10.0,3.0,316.8
50148,0,6.0,Mobile Phone,2,9.0,Cash on Delivery,Male,2.0,3,Mobile Phone,4,Single,4,1,18.0,10.0,5.0,13.0,247.46
50149,1,10.0,Computer,1,28.0,Cash on Delivery,Male,3.0,4,Laptop & Accessory,2,Divorced,12,0,25.0,1.0,4.0,10.0,149.28
50150,0,27.0,Computer,2,34.0,UPI,Male,3.0,3,Laptop & Accessory,3,Married,9,0,25.0,7.0,1.0,16.0,158.13
50151,0,22.0,Computer,2,12.0,UPI,Male,4.0,3,Laptop & Accessory,5,Single,5,0,22.0,14.0,11.0,0.0,189.16
50152,0,22.0,Phone,2,6.0,Credit Card,Female,2.0,1,Laptop & Accessory,3,Married,3,0,13.0,0.0,7.0,16.0,342.26
50153,0,27.0,Phone,3,38.0,Cash on Delivery,Female,3.0,3,Mobile Phone,5,Married,11,1,20.0,1.0,8.0,1.0,256.49
50154,0,25.0,Mobile Phone,1,27.0,Cash on Delivery,Female,3.0,3,Laptop & Accessory,3,Single,7,0,26.0,11.0,16.0,17.0,220.93
50155,0,24.0,Computer,2,7.0,Debit Card,Male,5.0,3,Mobile Phone,5,Married,6,0,14.0,10.0,3.0,2.0,191.8
50156,0,28.0,Mobile Phone,1,28.0,E wallet,Male,0.0,4,Laptop & Accessory,3,Married,14,1,19.0,8.0,7.0,20.0,319.79
50157,0,18.0,Mobile Phone,1,22.0,CC,Male,3.0,4,Mobile Phone,5,Single,12,0,19.0,1.0,8.0,12.0,175.72
50158,1,51.0,Computer,2,35.0,Credit Card,Male,3.0,5,Laptop & Accessory,3,Single,15,0,17.0,5.0,3.0,16.0,218.0
50159,0,13.0,Mobile Phone,1,18.0,Debit Card,Male,3.0,2,Laptop & Accessory,4,Single,13,0,26.0,13.0,10.0,14.0,134.08
50160,0,17.0,Mobile Phone,2,5.0,Cash on Delivery,Female,2.0,4,Fashion,3,Married,15,0,16.0,13.0,15.0,2.0,195.01
50161,0,61.0,Computer,1,18.0,UPI,Male,0.0,3,Fashion,4,Divorced,3,0,11.0,4.0,2.0,4.0,319.28
50162,0,29.0,Computer,1,9.0,Cash on Delivery,Male,3.0,3,Laptop & Accessory,1,Married,10,0,19.0,10.0,7.0,4.0,118.13
50163,0,27.0,Mobile Phone,1,22.0,Cash on Delivery,Male,4.0,4,Laptop & Accessory,4,Divorced,3,0,13.0,7.0,12.0,5.0,110.12
50164,0,16.0,Computer,1,35.0,Debit Card,Female,1.0,4,Laptop & Accessory,3,Married,13,0,20.0,4.0,6.0,15.0,208.29
50165,0,2.0,Mobile Phone,3,34.0,Credit Card,Female,2.0,4,Grocery,5,Married,4,1,19.0,8.0,15.0,1.0,267.07
50166,0,15.0,Mobile Phone,2,5.0,UPI,Male,1.0,4,Mobile Phone,5,Married,10,1,14.0,6.0,6.0,5.0,109.1
50167,0,29.0,Mobile Phone,3,7.0,CC,Female,3.0,4,Mobile Phone,1,Married,3,0,25.0,4.0,16.0,12.0,218.41
50168,0,28.0,Mobile Phone,1,24.0,Debit Card,Male,4.0,6,Fashion,2,Divorced,6,0,12.0,14.0,7.0,4.0,109.78
50169,0,14.0,Mobile Phone,2,25.0,Debit Card,Male,3.0,5,Mobile Phone,4,Divorced,1,0,15.0,15.0,15.0,19.0,266.41
50170,1,24.0,Mobile Phone,2,34.0,E wallet,Male,2.0,3,Mobile Phone,3,Divorced,1,0,24.0,8.0,16.0,15.0,276.78
50171,0,22.0,Computer,1,34.0,Debit Card,Male,1.0,4,Grocery,2,Married,7,0,16.0,16.0,9.0,15.0,324.95
50172,0,24.0,Phone,2,9.0,Credit Card,Male,4.0,3,Grocery,3,Single,8,1,21.0,8.0,5.0,6.0,336.04
50173,0,6.0,Computer,2,14.0,UPI,Female,2.0,4,Fashion,2,Single,4,0,16.0,3.0,2.0,19.0,297.15
50174,1,21.0,Phone,2,28.0,Credit Card,Male,0.0,5,Fashion,4,Married,7,0,24.0,4.0,16.0,10.0,229.26
50175,0,16.0,Mobile Phone,2,10.0,Credit Card,Male,3.0,2,Laptop & Accessory,3,Married,2,0,21.0,9.0,6.0,2.0,152.87
50176,0,17.0,Computer,1,14.0,UPI,Male,2.0,2,Mobile Phone,5,Married,9,0,24.0,13.0,11.0,14.0,271.94
50177,0,9.0,Computer,1,14.0,COD,Female,4.0,1,Laptop & Accessory,1,Married,15,0,24.0,4.0,15.0,16.0,344.36
50178,1,9.0,Mobile Phone,2,29.0,Debit Card,Female,1.0,3,Fashion,3,Single,9,0,24.0,9.0,15.0,2.0,317.19
50179,0,6.0,Mobile Phone,3,18.0,UPI,Male,2.0,5,Fashion,4,Single,11,0,11.0,2.0,3.0,1.0,247.45
50180,0,26.0,Phone,1,17.0,UPI,Male,2.0,3,Mobile Phone,2,Married,7,0,24.0,3.0,9.0,13.0,328.69
50181,0,51.0,Phone,1,22.0,Credit Card,Male,3.0,4,Mobile Phone,1,Married,5,1,24.0,5.0,7.0,4.0,193.02
50182,0,0.0,Computer,2,15.0,UPI,Male,3.0,4,Mobile Phone,1,Married,7,0,14.0,14.0,5.0,3.0,243.3
50183,0,60.0,Mobile Phone,2,20.0,Debit Card,Male,4.0,2,Laptop & Accessory,2,Married,7,0,20.0,10.0,8.0,11.0,223.8
50184,0,3.0,Mobile Phone,2,37.0,CC,Male,3.0,2,Grocery,3,Single,3,0,14.0,13.0,4.0,6.0,229.25
50185,0,16.0,Phone,1,36.0,UPI,Female,0.0,6,Others,4,Married,7,0,13.0,0.0,16.0,10.0,343.58
50186,0,3.0,Phone,2,14.0,UPI,Male,2.0,4,Others,3,Married,3,0,17.0,8.0,14.0,19.0,160.15
50187,0,25.0,Mobile Phone,2,19.0,UPI,Female,5.0,3,Grocery,1,Divorced,12,1,14.0,5.0,10.0,20.0,110.96
50188,0,3.0,Mobile Phone,2,20.0,Debit Card,Female,2.0,5,Grocery,2,Single,3,0,17.0,13.0,5.0,1.0,102.01
50189,0,0.0,Phone,2,31.0,Debit Card,Male,3.0,1,Laptop & Accessory,3,Single,7,1,13.0,6.0,6.0,1.0,151.64
50190,0,6.0,Phone,2,36.0,Debit Card,Female,5.0,5,Grocery,3,Married,7,1,23.0,16.0,7.0,9.0,241.87
50191,1,29.0,Mobile Phone,3,10.0,Debit Card,Male,0.0,4,Mobile Phone,1,Married,6,0,14.0,5.0,10.0,17.0,295.38
50192,0,8.0,Phone,2,12.0,Debit Card,Female,3.0,2,Laptop & Accessory,2,Married,15,1,13.0,15.0,10.0,16.0,161.49
50193,0,61.0,Computer,2,29.0,UPI,Male,2.0,2,Mobile Phone,3,Single,7,0,14.0,7.0,9.0,5.0,145.43
50194,0,7.0,Computer,1,11.0,Credit Card,Male,2.0,1,Fashion,5,Married,10,0,25.0,12.0,4.0,10.0,198.86
50195,0,23.0,Mobile Phone,1,21.0,Credit Card,Male,2.0,3,Mobile Phone,2,Married,10,0,22.0,0.0,6.0,16.0,276.44
50196,0,18.0,Mobile Phone,3,34.0,Debit Card,Male,3.0,3,Fashion,2,Divorced,5,1,20.0,10.0,7.0,20.0,154.5
50197,0,26.0,Computer,2,6.0,E wallet,Male,2.0,2,Fashion,3,Married,9,0,14.0,6.0,11.0,14.0,259.36
50198,0,50.0,Mobile Phone,2,21.0,Cash on Delivery,Male,1.0,3,Laptop & Accessory,5,Married,1,1,26.0,7.0,9.0,10.0,219.88
50199,0,13.0,Phone,2,8.0,CC,Male,1.0,4,Fashion,4,Divorced,5,0,22.0,11.0,1.0,3.0,129.61
50200,0,17.0,Phone,1,30.0,UPI,Female,1.0,2,Laptop & Accessory,1,Married,14,1,24.0,13.0,8.0,12.0,207.2
50201,0,27.0,Mobile Phone,3,18.0,Credit Card,Male,3.0,3,Mobile Phone,2,Single,13,0,14.0,0.0,11.0,0.0,171.21
50202,0,28.0,Phone,2,12.0,Debit Card,Male,2.0,4,Laptop & Accessory,5,Single,3,0,13.0,6.0,14.0,14.0,239.8
50203,0,15.0,Phone,2,9.0,Cash on Delivery,Male,5.0,5,Mobile Phone,5,Divorced,14,0,21.0,16.0,6.0,4.0,271.71
50204,0,61.0,Phone,1,9.0,Debit Card,Male,4.0,6,Laptop & Accessory,4,Single,8,1,16.0,1.0,5.0,5.0,337.47
50205,1,30.0,Mobile Phone,2,9.0,UPI,Female,4.0,4,Grocery,4,Married,7,0,19.0,11.0,3.0,6.0,264.99
50206,1,3.0,Computer,1,31.0,UPI,Male,2.0,2,Others,3,Married,12,0,25.0,14.0,3.0,7.0,125.1
50207,0,16.0,Mobile Phone,2,9.0,Credit Card,Female,2.0,4,Laptop & Accessory,3,Married,1,0,22.0,5.0,3.0,11.0,249.14
50208,1,25.0,Phone,2,7.0,Credit Card,Male,3.0,6,Grocery,4,Married,9,1,15.0,3.0,3.0,14.0,288.78
50209,0,3.0,Computer,1,34.0,Debit Card,Male,2.0,5,Laptop & Accessory,4,Single,15,1,26.0,3.0,6.0,2.0,213.93
50210,0,29.0,Mobile Phone,2,5.0,UPI,Female,3.0,5,Mobile Phone,4,Married,13,0,16.0,11.0,6.0,21.0,249.81
50211,0,29.0,Phone,1,12.0,E wallet,Male,1.0,5,Fashion,2,Married,5,0,22.0,10.0,4.0,8.0,202.58
50212,1,21.0,Computer,3,17.0,E wallet,Male,5.0,5,Mobile Phone,5,Single,1,0,17.0,9.0,12.0,10.0,136.22
50213,1,10.0,Mobile Phone,2,22.0,Credit Card,Male,1.0,2,Laptop & Accessory,3,Single,1,0,14.0,4.0,9.0,19.0,159.43
50214,0,1.0,Mobile Phone,1,10.0,Credit Card,Male,1.0,4,Mobile Phone,5,Single,8,0,24.0,3.0,9.0,11.0,228.38
50215,0,11.0,Computer,1,12.0,Debit Card,Male,3.0,4,Mobile Phone,3,Married,3,0,21.0,2.0,13.0,7.0,280.67
50216,0,29.0,Mobile Phone,3,34.0,Debit Card,Male,1.0,2,Mobile Phone,1,Single,9,0,19.0,16.0,11.0,10.0,235.19
50217,0,17.0,Mobile Phone,2,19.0,Debit Card,Male,1.0,6,Fashion,4,Divorced,8,0,11.0,1.0,13.0,15.0,239.2
50218,0,25.0,Computer,1,14.0,UPI,Female,1.0,2,Others,5,Married,6,0,19.0,14.0,5.0,2.0,204.49
50219,0,6.0,Computer,1,37.0,Credit Card,Female,1.0,2,Fashion,3,Married,15,1,18.0,16.0,14.0,0.0,153.55
50220,0,0.0,Computer,1,13.0,UPI,Female,2.0,2,Fashion,4,Married,15,0,23.0,1.0,7.0,17.0,188.24
50221,1,25.0,Mobile Phone,3,37.0,Debit Card,Female,2.0,3,Laptop & Accessory,5,Divorced,6,1,19.0,11.0,5.0,12.0,144.39
50222,0,22.0,Mobile Phone,2,13.0,UPI,Female,3.0,4,Mobile Phone,3,Married,5,0,13.0,16.0,13.0,11.0,268.7
50223,0,25.0,Mobile Phone,1,18.0,Debit Card,Female,2.0,2,Mobile Phone,3,Single,15,0,12.0,16.0,4.0,4.0,264.36
50224,1,5.0,Phone,1,36.0,Cash on Delivery,Male,3.0,5,Others,3,Married,2,0,20.0,4.0,3.0,6.0,278.01
50225,0,5.0,Phone,1,10.0,Debit Card,Male,3.0,3,Mobile Phone,4,Married,6,0,16.0,9.0,9.0,5.0,127.4
50226,0,7.0,Mobile Phone,3,9.0,UPI,Male,2.0,4,Mobile Phone,4,Married,8,0,15.0,10.0,2.0,8.0,191.76
50227,0,23.0,Mobile Phone,2,8.0,Credit Card,Male,1.0,4,Fashion,3,Married,6,1,23.0,14.0,8.0,3.0,280.23
50228,1,21.0,Phone,2,20.0,Debit Card,Male,4.0,6,Others,5,Single,7,1,17.0,13.0,4.0,3.0,304.75
50229,1,18.0,Phone,2,22.0,Debit Card,Male,3.0,5,Mobile Phone,2,Divorced,2,0,19.0,12.0,13.0,2.0,347.37
50230,0,17.0,Mobile Phone,3,35.0,Credit Card,Male,1.0,3,Laptop & Accessory,1,Married,2,1,17.0,6.0,14.0,5.0,336.2
50231,1,30.0,Computer,3,35.0,Debit Card,Female,5.0,4,Laptop & Accessory,2,Single,14,0,21.0,15.0,8.0,10.0,131.55
50232,0,29.0,Mobile Phone,1,18.0,Credit Card,Female,3.0,6,Others,4,Married,3,1,19.0,16.0,2.0,4.0,296.44
50233,0,51.0,Phone,3,22.0,Cash on Delivery,Female,1.0,3,Fashion,2,Divorced,10,0,23.0,15.0,7.0,10.0,265.54
50234,0,9.0,Computer,3,8.0,UPI,Male,5.0,2,Laptop & Accessory,3,Divorced,12,1,15.0,8.0,3.0,7.0,105.87
50235,0,11.0,Phone,1,22.0,UPI,Female,2.0,5,Fashion,5,Married,7,0,25.0,8.0,11.0,13.0,326.19
50236,0,29.0,Mobile Phone,3,28.0,E wallet,Female,5.0,4,Fashion,2,Single,8,0,24.0,1.0,5.0,17.0,223.79
50237,0,26.0,Mobile Phone,2,13.0,UPI,Female,1.0,6,Grocery,4,Single,4,0,13.0,1.0,15.0,19.0,293.11
50238,1,8.0,Computer,2,39.0,COD,Female,1.0,4,Others,4,Married,11,0,13.0,7.0,16.0,0.0,237.79
50239,0,20.0,Mobile Phone,1,19.0,Debit Card,Male,3.0,4,Laptop & Accessory,1,Single,10,0,14.0,2.0,4.0,10.0,182.03
50240,1,11.0,Phone,2,28.0,Credit Card,Male,0.0,6,Mobile,2,Divorced,13,0,22.0,15.0,2.0,18.0,221.95
50241,0,28.0,Computer,1,35.0,Credit Card,Female,0.0,3,Mobile,5,Married,11,0,12.0,3.0,13.0,6.0,307.71
50242,0,51.0,Computer,3,23.0,E wallet,Male,4.0,4,Laptop & Accessory,5,Single,14,1,13.0,3.0,8.0,12.0,152.1
50243,0,14.0,Phone,3,6.0,Debit Card,Male,1.0,5,Laptop & Accessory,5,Single,15,0,19.0,8.0,8.0,10.0,237.96
50244,0,1.0,Computer,2,6.0,Debit Card,Male,5.0,4,Mobile Phone,3,Married,14,1,19.0,0.0,14.0,17.0,256.46
50245,0,17.0,Computer,2,38.0,Debit Card,Male,2.0,3,Laptop & Accessory,4,Married,6,0,19.0,0.0,10.0,5.0,246.49
50246,0,2.0,Mobile Phone,2,23.0,CC,Female,4.0,4,Grocery,5,Single,9,1,19.0,1.0,7.0,6.0,198.65
50247,0,6.0,Mobile Phone,1,27.0,UPI,Male,2.0,3,Fashion,4,Married,7,0,22.0,11.0,12.0,21.0,141.19
50248,0,17.0,Mobile Phone,2,20.0,E wallet,Male,3.0,6,Grocery,5,Married,15,1,18.0,14.0,14.0,15.0,165.38
50249,0,51.0,Mobile Phone,2,10.0,Debit Card,Female,2.0,2,Mobile,3,Married,11,1,12.0,6.0,8.0,5.0,214.31
50250,0,30.0,Computer,1,30.0,Debit Card,Male,3.0,5,Others,4,Married,4,0,23.0,2.0,8.0,10.0,151.63
50251,0,10.0,Phone,1,26.0,Debit Card,Female,2.0,1,Laptop & Accessory,4,Married,15,0,22.0,6.0,7.0,6.0,282.32
50252,0,17.0,Computer,2,28.0,Credit Card,Male,2.0,4,Mobile Phone,5,Married,8,0,19.0,12.0,14.0,17.0,169.55
50253,1,17.0,Phone,1,25.0,Cash on Delivery,Female,1.0,3,Grocery,5,Divorced,14,0,15.0,6.0,9.0,2.0,149.4
50254,0,3.0,Phone,3,34.0,UPI,Male,1.0,6,Mobile Phone,2,Married,8,0,18.0,16.0,8.0,10.0,188.92
50255,0,60.0,Phone,1,15.0,E wallet,Male,2.0,4,Fashion,1,Divorced,7,0,16.0,15.0,6.0,15.0,156.44
50256,0,28.0,Mobile Phone,1,22.0,Debit Card,Male,3.0,5,Others,3,Single,5,1,12.0,14.0,6.0,18.0,276.3
50257,0,23.0,Computer,2,16.0,Credit Card,Female,2.0,4,Mobile Phone,4,Married,15,0,11.0,2.0,10.0,10.0,299.67
50258,1,21.0,Mobile Phone,2,30.0,Credit Card,Male,2.0,3,Fashion,4,Single,10,0,19.0,3.0,11.0,10.0,204.89
50259,0,1.0,Phone,2,7.0,Debit Card,Male,5.0,3,Grocery,2,Married,14,0,14.0,15.0,16.0,0.0,265.68
50260,0,5.0,Mobile Phone,2,37.0,Debit Card,Female,3.0,2,Mobile Phone,5,Single,12,0,17.0,16.0,14.0,21.0,149.32
50261,0,24.0,Computer,2,19.0,UPI,Male,3.0,1,Laptop & Accessory,4,Married,10,0,12.0,7.0,8.0,13.0,183.98
50262,0,20.0,Computer,2,9.0,Debit Card,Female,3.0,1,Laptop & Accessory,5,Married,6,0,14.0,15.0,8.0,18.0,138.38
50263,1,15.0,Phone,1,28.0,E wallet,Female,1.0,3,Laptop & Accessory,5,Single,10,1,20.0,5.0,6.0,10.0,152.8
50264,0,30.0,Phone,1,15.0,CC,Male,5.0,4,Mobile Phone,5,Married,3,0,25.0,8.0,2.0,19.0,218.3
50265,0,13.0,Phone,1,37.0,Credit Card,Male,1.0,6,Fashion,4,Married,3,0,21.0,8.0,11.0,16.0,261.79
50266,0,17.0,Mobile Phone,1,27.0,Credit Card,Female,5.0,5,Laptop & Accessory,4,Single,4,0,19.0,8.0,11.0,1.0,135.85
50267,0,50.0,Mobile Phone,1,14.0,Debit Card,Male,3.0,2,Laptop & Accessory,5,Single,2,1,17.0,11.0,2.0,16.0,232.25
50268,0,27.0,Phone,1,32.0,Debit Card,Male,3.0,4,Laptop & Accessory,3,Married,6,0,21.0,14.0,2.0,5.0,215.31
50269,0,8.0,Mobile Phone,3,21.0,Cash on Delivery,Female,3.0,4,Mobile Phone,3,Married,3,0,26.0,5.0,2.0,15.0,102.96
50270,0,21.0,Phone,1,30.0,Credit Card,Male,4.0,4,Laptop & Accessory,5,Married,12,1,26.0,13.0,12.0,8.0,318.65
50271,0,50.0,Phone,1,29.0,Credit Card,Female,3.0,4,Grocery,1,Single,14,0,13.0,14.0,3.0,8.0,244.64
50272,0,4.0,Mobile Phone,3,16.0,Cash on Delivery,Male,2.0,2,Others,5,Single,2,0,22.0,11.0,6.0,9.0,165.01
50273,1,22.0,Mobile Phone,1,7.0,UPI,Female,1.0,6,Laptop & Accessory,4,Married,9,0,18.0,13.0,5.0,9.0,249.28
50274,0,17.0,Mobile Phone,1,33.0,Debit Card,Male,4.0,4,Laptop & Accessory,3,Married,1,1,23.0,1.0,3.0,5.0,332.28
50275,0,50.0,Mobile Phone,1,28.0,Cash on Delivery,Male,1.0,5,Laptop & Accessory,4,Married,4,0,22.0,11.0,7.0,0.0,104.92
50276,0,9.0,Phone,1,23.0,UPI,Female,3.0,3,Laptop & Accessory,4,Married,9,0,11.0,16.0,4.0,10.0,338.03
50277,0,14.0,Phone,1,17.0,Cash on Delivery,Male,3.0,2,Mobile Phone,2,Single,5,0,22.0,11.0,2.0,6.0,263.99
50278,0,6.0,Computer,1,20.0,UPI,Male,2.0,4,Laptop & Accessory,4,Single,14,0,11.0,10.0,14.0,20.0,234.69
50279,1,28.0,Mobile Phone,3,31.0,Debit Card,Female,3.0,6,Mobile Phone,5,Divorced,6,1,23.0,5.0,16.0,8.0,199.25
50280,0,2.0,Computer,1,10.0,Debit Card,Female,4.0,4,Mobile Phone,5,Married,12,0,24.0,3.0,10.0,13.0,133.02
50281,0,18.0,Mobile Phone,1,14.0,Credit Card,Male,5.0,2,Fashion,4,Single,4,0,23.0,10.0,12.0,14.0,104.52
50282,0,9.0,Phone,2,12.0,Credit Card,Male,2.0,4,Others,3,Married,10,0,26.0,4.0,1.0,18.0,208.65
50283,0,27.0,Phone,1,22.0,UPI,Female,5.0,3,Mobile Phone,4,Single,6,0,23.0,16.0,4.0,9.0,237.84
50284,0,17.0,Phone,1,36.0,UPI,Male,3.0,3,Others,1,Married,13,1,25.0,11.0,16.0,15.0,347.4
50285,0,14.0,Phone,3,21.0,UPI,Female,4.0,6,Fashion,5,Single,7,0,19.0,15.0,8.0,0.0,231.36
50286,0,61.0,Mobile Phone,3,6.0,Debit Card,Male,4.0,5,Fashion,4,Single,6,0,15.0,7.0,2.0,6.0,276.28
50287,0,5.0,Mobile Phone,2,24.0,UPI,Female,3.0,4,Mobile Phone,2,Married,12,0,21.0,10.0,11.0,10.0,257.95
50288,0,11.0,Computer,1,14.0,Debit Card,Male,0.0,3,Mobile Phone,4,Single,6,0,19.0,6.0,3.0,14.0,319.8
50289,0,12.0,Mobile Phone,3,22.0,UPI,Male,3.0,3,Mobile Phone,1,Married,15,0,14.0,2.0,6.0,12.0,221.79
50290,0,28.0,Mobile Phone,1,29.0,UPI,Male,3.0,3,Mobile Phone,2,Married,3,0,18.0,12.0,3.0,10.0,144.12
50291,0,17.0,Mobile Phone,1,29.0,Debit Card,Male,5.0,4,Mobile Phone,2,Married,8,1,19.0,4.0,16.0,10.0,159.1
50292,0,2.0,Mobile Phone,2,28.0,UPI,Male,3.0,1,Grocery,2,Married,8,0,25.0,8.0,9.0,12.0,189.68
50293,0,7.0,Phone,2,10.0,UPI,Male,4.0,3,Mobile Phone,4,Married,4,0,24.0,2.0,13.0,7.0,147.43
50294,1,7.0,Phone,1,34.0,Debit Card,Female,3.0,4,Laptop & Accessory,5,Divorced,15,0,26.0,3.0,13.0,21.0,298.0
50295,0,19.0,Mobile Phone,2,14.0,COD,Male,2.0,4,Laptop & Accessory,2,Married,8,0,17.0,8.0,10.0,9.0,192.4
50296,0,17.0,Mobile Phone,3,22.0,Debit Card,Female,1.0,5,Others,5,Married,13,0,25.0,14.0,3.0,15.0,195.19
50297,0,20.0,Phone,1,22.0,Credit Card,Male,4.0,1,Others,1,Married,14,0,18.0,8.0,3.0,16.0,225.12
50298,1,2.0,Phone,2,37.0,Debit Card,Female,2.0,3,Laptop & Accessory,1,Married,12,0,12.0,0.0,11.0,16.0,171.85
50299,1,7.0,Computer,1,23.0,Cash on Delivery,Female,2.0,3,Laptop & Accessory,4,Single,9,1,26.0,4.0,7.0,12.0,131.3
50300,0,22.0,Computer,1,27.0,E wallet,Female,3.0,4,Mobile,4,Divorced,5,0,25.0,6.0,14.0,12.0,283.7
50301,0,15.0,Computer,1,9.0,UPI,Male,4.0,4,Mobile Phone,3,Married,3,1,25.0,5.0,3.0,14.0,247.77
50302,0,12.0,Phone,2,30.0,Cash on Delivery,Female,3.0,2,Laptop & Accessory,4,Single,7,0,20.0,7.0,4.0,11.0,147.74
50303,0,2.0,Phone,1,33.0,Debit Card,Male,4.0,5,Laptop & Accessory,4,Single,13,0,17.0,11.0,10.0,10.0,115.46
50304,1,8.0,Mobile Phone,3,28.0,Debit Card,Male,2.0,4,Fashion,4,Married,4,1,14.0,2.0,4.0,0.0,234.5
50305,0,13.0,Phone,3,10.0,UPI,Female,2.0,5,Laptop & Accessory,1,Divorced,8,0,18.0,2.0,7.0,2.0,266.62
50306,0,12.0,Mobile Phone,3,8.0,UPI,Male,3.0,2,Mobile Phone,1,Married,11,1,20.0,7.0,9.0,17.0,158.39
50307,0,6.0,Computer,1,30.0,UPI,Male,3.0,4,Mobile Phone,1,Married,11,0,18.0,14.0,6.0,11.0,197.86
50308,0,14.0,Phone,1,19.0,UPI,Male,3.0,4,Fashion,1,Married,3,0,26.0,13.0,8.0,0.0,319.98
50309,0,6.0,Phone,1,22.0,UPI,Male,0.0,1,Laptop & Accessory,5,Married,1,1,26.0,7.0,11.0,10.0,226.38
50310,0,60.0,Mobile Phone,2,22.0,Credit Card,Male,3.0,6,Mobile,1,Single,5,0,20.0,11.0,16.0,19.0,314.67
50311,0,21.0,Phone,3,17.0,Debit Card,Female,4.0,5,Laptop & Accessory,4,Single,6,0,12.0,7.0,8.0,1.0,236.59
50312,0,23.0,Mobile Phone,2,21.0,Debit Card,Male,2.0,3,Fashion,5,Married,12,0,19.0,6.0,7.0,20.0,252.67
50313,0,0.0,Mobile Phone,2,29.0,UPI,Female,1.0,4,Mobile Phone,5,Married,15,1,16.0,5.0,8.0,17.0,245.47
50314,0,9.0,Mobile Phone,1,38.0,UPI,Female,3.0,2,Laptop & Accessory,1,Married,9,0,21.0,8.0,11.0,0.0,134.06
50315,0,15.0,Mobile Phone,3,25.0,Debit Card,Male,0.0,5,Mobile Phone,5,Divorced,3,1,15.0,14.0,4.0,2.0,112.37
50316,0,7.0,Phone,1,22.0,Debit Card,Female,2.0,2,Laptop & Accessory,5,Married,6,0,25.0,15.0,5.0,9.0,279.54
50317,0,24.0,Phone,1,29.0,UPI,Female,0.0,6,Fashion,4,Single,8,1,24.0,6.0,12.0,15.0,251.48
50318,0,11.0,Computer,3,26.0,Debit Card,Male,2.0,5,Laptop & Accessory,4,Divorced,12,0,26.0,0.0,5.0,14.0,187.13
50319,1,24.0,Mobile Phone,2,27.0,E wallet,Male,2.0,4,Mobile Phone,4,Single,10,0,26.0,13.0,10.0,2.0,246.98
50320,1,16.0,Mobile Phone,1,29.0,Debit Card,Female,3.0,4,Laptop & Accessory,5,Married,4,0,19.0,12.0,10.0,12.0,236.43
50321,0,25.0,Computer,1,18.0,Debit Card,Female,1.0,3,Others,4,Married,10,0,19.0,16.0,2.0,6.0,283.99
50322,0,13.0,Phone,1,18.0,UPI,Female,4.0,3,Fashion,3,Divorced,10,1,15.0,15.0,16.0,10.0,244.86
50323,0,17.0,Phone,2,30.0,COD,Male,0.0,3,Grocery,5,Divorced,6,1,15.0,11.0,8.0,2.0,264.77
50324,0,5.0,Phone,1,34.0,Credit Card,Male,3.0,4,Fashion,1,Divorced,3,1,18.0,5.0,1.0,10.0,236.76
50325,0,4.0,Computer,3,30.0,UPI,Male,4.0,3,Fashion,4,Divorced,10,0,24.0,1.0,6.0,14.0,139.66
50326,0,24.0,Mobile Phone,1,26.0,Debit Card,Female,1.0,3,Laptop & Accessory,4,Single,9,1,19.0,6.0,8.0,1.0,314.12
50327,0,17.0,Mobile Phone,2,38.0,UPI,Female,1.0,3,Mobile,4,Single,15,0,22.0,7.0,6.0,6.0,200.41
50328,0,12.0,Phone,1,29.0,Debit Card,Male,3.0,5,Fashion,4,Single,11,0,25.0,7.0,15.0,1.0,151.71
50329,0,13.0,Mobile Phone,1,17.0,Credit Card,Female,2.0,4,Others,2,Single,6,0,19.0,4.0,12.0,17.0,341.65
50330,1,27.0,Computer,2,33.0,Credit Card,Male,3.0,5,Mobile Phone,2,Single,2,0,15.0,8.0,4.0,2.0,263.24
50331,0,17.0,Mobile Phone,2,13.0,Debit Card,Female,4.0,5,Laptop & Accessory,1,Married,7,0,24.0,14.0,13.0,17.0,330.19
50332,0,27.0,Phone,1,19.0,Debit Card,Male,1.0,3,Mobile Phone,5,Married,13,0,12.0,11.0,8.0,17.0,161.36
50333,0,26.0,Phone,2,35.0,Cash on Delivery,Female,3.0,5,Mobile Phone,4,Married,7,1,20.0,2.0,16.0,18.0,262.32
50334,0,50.0,Mobile Phone,3,31.0,Credit Card,Male,5.0,4,Laptop & Accessory,1,Married,14,0,24.0,10.0,10.0,7.0,208.09
50335,0,8.0,Computer,1,35.0,Cash on Delivery,Male,1.0,4,Fashion,3,Single,14,0,16.0,8.0,8.0,17.0,110.68
50336,0,50.0,Computer,1,22.0,Debit Card,Male,1.0,2,Grocery,3,Divorced,1,1,14.0,5.0,6.0,11.0,218.62
50337,0,19.0,Phone,1,11.0,Credit Card,Female,3.0,4,Laptop & Accessory,2,Married,13,0,19.0,5.0,13.0,10.0,186.12
50338,0,27.0,Computer,2,36.0,Debit Card,Female,5.0,2,Laptop & Accessory,5,Married,4,0,18.0,11.0,12.0,3.0,121.91
50339,0,51.0,Mobile Phone,1,15.0,Debit Card,Male,2.0,5,Fashion,4,Single,1,0,26.0,15.0,3.0,21.0,287.42
50340,0,3.0,Computer,1,32.0,Credit Card,Female,2.0,6,Mobile Phone,3,Single,6,0,24.0,10.0,2.0,10.0,237.29
50341,1,60.0,Mobile Phone,2,8.0,Cash on Delivery,Female,3.0,4,Others,4,Single,5,1,23.0,0.0,7.0,12.0,108.34
50342,1,2.0,Mobile Phone,3,35.0,UPI,Female,2.0,3,Laptop & Accessory,3,Single,13,0,16.0,6.0,6.0,14.0,160.78
50343,0,25.0,Mobile Phone,1,33.0,Cash on Delivery,Male,0.0,4,Others,4,Divorced,14,0,12.0,11.0,16.0,20.0,341.91
50344,1,7.0,Mobile Phone,1,37.0,Credit Card,Male,2.0,2,Others,4,Married,3,0,13.0,14.0,14.0,10.0,279.96
50345,1,5.0,Mobile Phone,2,8.0,UPI,Male,3.0,3,Mobile,5,Divorced,12,0,12.0,13.0,14.0,2.0,331.0
50346,0,15.0,Computer,1,30.0,E wallet,Male,5.0,6,Laptop & Accessory,4,Single,9,0,16.0,6.0,8.0,9.0,239.44
50347,0,23.0,Computer,1,35.0,UPI,Female,4.0,3,Laptop & Accessory,2,Divorced,9,0,14.0,4.0,9.0,18.0,307.16
50348,0,29.0,Mobile Phone,2,35.0,Credit Card,Male,4.0,4,Laptop & Accessory,4,Married,6,0,26.0,9.0,1.0,7.0,227.29
50349,1,12.0,Mobile Phone,3,31.0,UPI,Male,2.0,4,Others,3,Divorced,6,0,11.0,5.0,3.0,3.0,221.58
50350,0,4.0,Computer,3,29.0,UPI,Male,1.0,5,Grocery,4,Married,9,1,19.0,3.0,8.0,14.0,149.65
50351,0,24.0,Mobile Phone,1,35.0,Cash on Delivery,Male,3.0,3,Laptop & Accessory,2,Divorced,2,0,16.0,5.0,15.0,18.0,297.07
50352,0,17.0,Mobile Phone,2,27.0,Debit Card,Female,3.0,5,Laptop & Accessory,2,Single,1,1,12.0,8.0,13.0,3.0,227.77
50353,0,17.0,Phone,1,39.0,Debit Card,Female,3.0,3,Mobile Phone,1,Married,10,1,25.0,8.0,5.0,18.0,146.0
50354,0,17.0,Mobile Phone,1,8.0,E wallet,Male,3.0,6,Laptop & Accessory,3,Single,3,0,13.0,14.0,13.0,4.0,210.42
50355,0,1.0,Mobile Phone,3,32.0,Cash on Delivery,Female,3.0,3,Mobile Phone,4,Single,8,1,18.0,16.0,2.0,8.0,217.9
50356,0,9.0,Phone,3,17.0,UPI,Male,1.0,2,Grocery,3,Single,2,0,19.0,4.0,5.0,10.0,109.02
50357,0,11.0,Phone,1,5.0,Debit Card,Female,2.0,2,Mobile Phone,2,Single,8,0,19.0,4.0,8.0,17.0,284.08
50358,0,12.0,Mobile Phone,1,16.0,Credit Card,Male,1.0,6,Fashion,5,Married,12,0,15.0,0.0,15.0,10.0,105.03
50359,0,10.0,Computer,1,30.0,Debit Card,Male,4.0,2,Laptop & Accessory,5,Married,15,0,14.0,1.0,14.0,10.0,239.24
50360,0,18.0,Phone,2,27.0,UPI,Female,0.0,4,Laptop & Accessory,4,Married,14,1,15.0,11.0,9.0,18.0,261.36
50361,0,61.0,Mobile Phone,3,26.0,Debit Card,Female,5.0,4,Fashion,3,Single,10,0,26.0,9.0,9.0,4.0,110.95
50362,0,25.0,Mobile Phone,1,32.0,Credit Card,Male,4.0,3,Others,5,Married,6,1,22.0,16.0,6.0,4.0,181.24
50363,0,13.0,Mobile Phone,1,21.0,Debit Card,Female,3.0,3,Mobile Phone,4,Married,4,0,11.0,8.0,9.0,21.0,292.53
50364,0,23.0,Mobile Phone,1,10.0,Credit Card,Female,5.0,4,Laptop & Accessory,4,Married,4,0,13.0,9.0,14.0,4.0,135.92
50365,0,0.0,Mobile Phone,1,18.0,Credit Card,Male,1.0,2,Laptop & Accessory,5,Married,12,0,21.0,4.0,14.0,16.0,223.53
50366,0,21.0,Mobile Phone,2,21.0,UPI,Male,3.0,5,Fashion,3,Single,12,1,19.0,14.0,5.0,19.0,128.44
50367,0,22.0,Mobile Phone,3,9.0,Debit Card,Male,4.0,3,Laptop & Accessory,3,Married,7,0,25.0,16.0,2.0,13.0,340.08
50368,1,18.0,Phone,1,17.0,Debit Card,Female,1.0,3,Laptop & Accessory,5,Single,7,0,25.0,1.0,6.0,15.0,157.88
50369,0,17.0,Phone,1,13.0,UPI,Female,3.0,3,Laptop & Accessory,5,Single,9,0,22.0,11.0,15.0,10.0,210.01
50370,0,11.0,Phone,1,30.0,UPI,Male,2.0,4,Mobile Phone,5,Married,14,0,18.0,7.0,9.0,12.0,205.59
50371,1,27.0,Phone,2,17.0,Credit Card,Female,2.0,5,Mobile Phone,5,Single,4,0,23.0,6.0,12.0,8.0,249.85
50372,0,27.0,Computer,1,23.0,Debit Card,Female,5.0,2,Laptop & Accessory,3,Single,13,1,24.0,12.0,9.0,13.0,182.02
50373,1,51.0,Phone,2,21.0,Credit Card,Male,3.0,4,Laptop & Accessory,5,Single,11,0,19.0,9.0,10.0,12.0,220.04
50374,0,18.0,Mobile Phone,1,20.0,Credit Card,Male,1.0,3,Mobile Phone,5,Divorced,13,1,23.0,12.0,1.0,14.0,330.53
50375,0,27.0,Mobile Phone,1,34.0,UPI,Male,5.0,5,Mobile Phone,4,Single,9,1,14.0,15.0,3.0,0.0,114.43
50376,1,25.0,Computer,2,36.0,UPI,Male,1.0,6,Mobile Phone,4,Married,4,1,11.0,13.0,7.0,15.0,103.7
50377,0,61.0,Mobile Phone,1,18.0,Cash on Delivery,Female,4.0,4,Mobile Phone,4,Married,2,0,13.0,5.0,11.0,17.0,349.36
50378,0,60.0,Mobile Phone,2,19.0,Cash on Delivery,Male,5.0,4,Grocery,1,Single,14,0,23.0,10.0,3.0,17.0,216.91
50379,0,61.0,Phone,2,16.0,COD,Male,4.0,5,Mobile Phone,4,Single,7,0,24.0,8.0,9.0,10.0,183.08
50380,1,15.0,Phone,3,15.0,UPI,Female,3.0,4,Fashion,1,Married,9,0,14.0,5.0,6.0,3.0,154.0
50381,0,12.0,Phone,1,9.0,E wallet,Male,3.0,2,Grocery,3,Divorced,11,0,14.0,5.0,2.0,13.0,269.95
50382,0,22.0,Mobile Phone,2,15.0,Debit Card,Male,3.0,5,Others,1,Married,10,0,23.0,4.0,7.0,11.0,256.55
50383,0,21.0,Mobile Phone,1,38.0,UPI,Male,3.0,4,Others,3,Married,15,0,11.0,9.0,7.0,6.0,165.54
50384,0,15.0,Computer,3,23.0,UPI,Male,2.0,2,Mobile Phone,3,Married,2,0,16.0,5.0,7.0,6.0,160.78
50385,0,27.0,Mobile Phone,2,30.0,UPI,Female,2.0,3,Fashion,4,Married,12,0,21.0,12.0,13.0,14.0,308.19
50386,0,61.0,Mobile Phone,1,30.0,Credit Card,Male,3.0,3,Mobile Phone,3,Married,11,0,21.0,8.0,2.0,18.0,284.76
50387,0,7.0,Phone,1,22.0,Debit Card,Female,3.0,5,Others,4,Single,6,1,22.0,5.0,12.0,8.0,290.98
50388,0,21.0,Computer,3,35.0,E wallet,Male,3.0,4,Laptop & Accessory,5,Married,6,0,19.0,15.0,6.0,19.0,213.93
50389,1,20.0,Phone,3,23.0,Credit Card,Male,3.0,1,Grocery,3,Divorced,15,0,18.0,16.0,4.0,15.0,177.53
50390,0,25.0,Computer,3,24.0,E wallet,Male,4.0,5,Mobile Phone,2,Single,11,0,19.0,3.0,2.0,11.0,224.45
50391,0,17.0,Mobile Phone,3,27.0,Debit Card,Female,3.0,4,Laptop & Accessory,2,Single,10,0,17.0,11.0,1.0,21.0,248.44
50392,0,24.0,Mobile Phone,3,29.0,Credit Card,Male,1.0,5,Mobile Phone,3,Divorced,3,0,13.0,8.0,3.0,10.0,280.65
50393,0,0.0,Mobile Phone,2,32.0,UPI,Male,2.0,6,Fashion,3,Married,8,0,16.0,3.0,15.0,2.0,214.84
50394,1,5.0,Computer,1,16.0,UPI,Female,2.0,3,Others,5,Single,5,0,12.0,14.0,11.0,16.0,273.77
50395,0,22.0,Phone,1,5.0,Credit Card,Male,3.0,4,Laptop & Accessory,4,Married,4,1,18.0,7.0,6.0,17.0,230.21
50396,0,22.0,Mobile Phone,2,6.0,Debit Card,Male,1.0,5,Others,1,Married,4,0,14.0,13.0,5.0,15.0,140.36
50397,0,22.0,Phone,1,14.0,Debit Card,Male,4.0,4,Grocery,2,Married,5,0,16.0,14.0,8.0,2.0,119.04
50398,0,50.0,Mobile Phone,2,38.0,Credit Card,Female,1.0,4,Fashion,3,Married,13,0,26.0,14.0,5.0,11.0,240.22
50399,1,29.0,Phone,1,36.0,UPI,Female,2.0,6,Laptop & Accessory,1,Single,11,0,26.0,2.0,2.0,10.0,215.87
50400,0,12.0,Computer,2,29.0,Debit Card,Male,4.0,3,Grocery,2,Single,10,0,13.0,16.0,7.0,0.0,195.17
50401,1,17.0,Mobile Phone,1,14.0,UPI,Male,1.0,4,Fashion,5,Divorced,11,0,19.0,8.0,6.0,10.0,242.52
50402,0,22.0,Mobile Phone,2,5.0,UPI,Male,3.0,6,Mobile Phone,4,Single,13,0,12.0,11.0,5.0,13.0,275.24
50403,1,14.0,Mobile Phone,2,36.0,Credit Card,Female,5.0,3,Others,4,Divorced,12,1,23.0,10.0,12.0,5.0,157.89
50404,1,51.0,Mobile Phone,1,16.0,Debit Card,Male,3.0,4,Fashion,3,Married,12,0,20.0,11.0,13.0,8.0,236.3
50405,0,20.0,Mobile Phone,3,22.0,Credit Card,Male,3.0,6,Laptop & Accessory,3,Single,4,0,24.0,5.0,11.0,1.0,154.83
50406,0,22.0,Phone,2,34.0,Credit Card,Female,4.0,1,Laptop & Accessory,5,Divorced,11,0,18.0,14.0,12.0,10.0,260.06
50407,0,26.0,Mobile Phone,3,17.0,Credit Card,Male,2.0,4,Grocery,4,Single,6,0,22.0,15.0,11.0,7.0,238.95
50408,0,17.0,Computer,1,7.0,E wallet,Male,3.0,3,Laptop & Accessory,4,Married,8,0,24.0,4.0,10.0,20.0,275.04
50409,0,23.0,Mobile Phone,1,25.0,UPI,Female,2.0,5,Laptop & Accessory,4,Married,13,1,16.0,4.0,5.0,0.0,308.88
50410,0,6.0,Mobile Phone,1,18.0,UPI,Female,2.0,3,Mobile Phone,4,Single,15,1,22.0,8.0,6.0,18.0,181.62
50411,0,19.0,Mobile Phone,1,14.0,Debit Card,Male,1.0,3,Grocery,5,Single,2,0,14.0,1.0,5.0,4.0,323.2
50412,0,26.0,Phone,1,6.0,UPI,Male,3.0,4,Others,5,Married,14,0,19.0,15.0,5.0,2.0,119.16
50413,0,5.0,Mobile Phone,1,15.0,Debit Card,Male,4.0,3,Laptop & Accessory,4,Single,7,1,17.0,9.0,9.0,4.0,258.9
50414,0,26.0,Computer,3,5.0,Cash on Delivery,Male,4.0,3,Others,4,Single,11,0,25.0,9.0,6.0,5.0,176.57
50415,0,8.0,Phone,3,30.0,Cash on Delivery,Female,2.0,3,Fashion,1,Married,6,1,11.0,15.0,9.0,16.0,286.86
50416,0,30.0,Computer,3,17.0,UPI,Female,2.0,6,Others,3,Married,4,0,16.0,12.0,12.0,7.0,101.92
50417,0,20.0,Phone,3,32.0,Debit Card,Female,3.0,3,Grocery,3,Married,14,1,14.0,13.0,3.0,5.0,307.62
50418,0,25.0,Mobile Phone,2,25.0,Debit Card,Male,4.0,5,Mobile Phone,1,Single,13,0,16.0,16.0,7.0,10.0,308.22
50419,0,12.0,Computer,2,14.0,E wallet,Male,2.0,3,Fashion,4,Single,2,0,21.0,15.0,8.0,15.0,220.87
50420,1,17.0,Computer,1,16.0,E wallet,Male,2.0,4,Others,1,Divorced,15,0,18.0,10.0,10.0,17.0,332.36
50421,0,19.0,Computer,1,31.0,Debit Card,Male,3.0,5,Fashion,3,Single,1,1,23.0,2.0,1.0,19.0,204.15
50422,1,27.0,Mobile Phone,2,7.0,Credit Card,Male,2.0,2,Mobile Phone,5,Single,11,0,19.0,8.0,8.0,3.0,326.23
50423,0,16.0,Phone,3,32.0,Debit Card,Male,3.0,4,Mobile Phone,3,Single,8,0,13.0,12.0,3.0,14.0,100.15
50424,0,27.0,Mobile Phone,2,6.0,Debit Card,Male,3.0,1,Laptop & Accessory,4,Married,8,0,24.0,8.0,13.0,18.0,201.8
50425,0,1.0,Mobile Phone,3,32.0,Debit Card,Male,3.0,6,Mobile,3,Married,9,1,12.0,11.0,16.0,13.0,114.71
50426,0,24.0,Phone,1,35.0,Credit Card,Male,1.0,4,Fashion,2,Single,15,0,20.0,0.0,8.0,20.0,147.7
50427,0,5.0,Computer,2,25.0,Debit Card,Male,5.0,1,Laptop & Accessory,4,Single,5,0,17.0,4.0,7.0,13.0,209.64
50428,1,10.0,Phone,2,11.0,Debit Card,Male,2.0,4,Laptop & Accessory,2,Divorced,9,0,17.0,8.0,15.0,2.0,270.51
50429,0,5.0,Computer,3,35.0,Debit Card,Male,1.0,5,Grocery,1,Single,4,0,13.0,7.0,3.0,6.0,177.56
50430,1,10.0,Mobile Phone,3,18.0,UPI,Male,3.0,5,Others,3,Married,11,1,24.0,12.0,8.0,10.0,157.99
50431,0,13.0,Mobile Phone,2,13.0,Credit Card,Female,3.0,2,Mobile Phone,4,Married,10,0,15.0,9.0,15.0,3.0,312.65
50432,1,1.0,Phone,1,27.0,Debit Card,Male,3.0,4,Mobile,4,Single,4,1,20.0,11.0,5.0,12.0,113.64
50433,0,17.0,Mobile Phone,1,16.0,E wallet,Female,3.0,5,Mobile Phone,2,Married,5,0,25.0,7.0,6.0,17.0,311.36
50434,0,61.0,Computer,1,33.0,Debit Card,Female,5.0,5,Grocery,5,Married,3,0,18.0,5.0,1.0,2.0,106.6
50435,0,51.0,Mobile Phone,3,26.0,UPI,Male,1.0,1,Laptop & Accessory,1,Married,5,0,13.0,7.0,10.0,5.0,102.4
50436,0,23.0,Mobile Phone,1,22.0,Debit Card,Male,3.0,3,Mobile Phone,4,Married,13,0,18.0,10.0,9.0,2.0,334.05
50437,1,18.0,Phone,1,11.0,Debit Card,Male,3.0,5,Fashion,4,Married,5,1,25.0,12.0,13.0,13.0,185.13
50438,0,17.0,Mobile Phone,1,22.0,Debit Card,Male,0.0,3,Laptop & Accessory,5,Single,11,0,13.0,6.0,8.0,21.0,141.2
50439,0,23.0,Computer,3,39.0,Debit Card,Male,2.0,4,Laptop & Accessory,4,Divorced,12,0,14.0,15.0,7.0,7.0,146.27
50440,0,61.0,Phone,2,13.0,E wallet,Female,4.0,4,Laptop & Accessory,5,Married,14,0,13.0,12.0,15.0,1.0,261.71
50441,0,0.0,Mobile Phone,2,17.0,Credit Card,Male,3.0,6,Mobile Phone,2,Single,13,0,15.0,8.0,5.0,21.0,306.6
50442,0,24.0,Computer,1,24.0,E wallet,Female,4.0,3,Grocery,4,Single,10,0,22.0,8.0,10.0,1.0,212.47
50443,0,60.0,Mobile Phone,1,25.0,Debit Card,Female,3.0,4,Others,4,Married,4,0,25.0,4.0,12.0,13.0,156.4
50444,0,24.0,Computer,1,23.0,UPI,Male,4.0,4,Laptop & Accessory,3,Single,13,1,26.0,3.0,15.0,6.0,178.16
50445,0,15.0,Mobile Phone,3,6.0,Debit Card,Male,4.0,3,Laptop & Accessory,1,Married,11,0,26.0,13.0,5.0,10.0,149.82
50446,0,60.0,Mobile Phone,3,34.0,Credit Card,Male,3.0,3,Laptop & Accessory,4,Married,5,1,18.0,6.0,4.0,7.0,147.65
50447,0,28.0,Computer,2,27.0,COD,Male,3.0,3,Others,3,Married,5,0,15.0,6.0,1.0,10.0,239.64
50448,1,18.0,Computer,1,17.0,Cash on Delivery,Male,3.0,1,Laptop & Accessory,3,Married,9,0,17.0,12.0,1.0,21.0,231.61
50449,0,22.0,Mobile Phone,3,37.0,Debit Card,Female,3.0,1,Grocery,2,Married,1,0,23.0,0.0,15.0,17.0,268.59
50450,0,18.0,Phone,2,36.0,UPI,Male,3.0,3,Laptop & Accessory,5,Married,12,0,14.0,1.0,16.0,10.0,143.78
50451,0,24.0,Computer,1,32.0,Debit Card,Male,1.0,4,Mobile Phone,3,Married,7,0,22.0,3.0,1.0,5.0,110.09
50452,0,15.0,Mobile Phone,1,28.0,Debit Card,Female,4.0,6,Mobile Phone,2,Single,1,1,20.0,8.0,13.0,1.0,241.77
50453,0,8.0,Mobile Phone,2,32.0,Debit Card,Male,2.0,6,Mobile Phone,4,Married,11,0,12.0,1.0,3.0,5.0,319.78
50454,0,0.0,Phone,2,34.0,Debit Card,Male,3.0,4,Fashion,4,Married,1,0,16.0,0.0,4.0,14.0,278.01
50455,1,18.0,Mobile Phone,3,33.0,UPI,Male,3.0,5,Mobile Phone,4,Divorced,3,0,22.0,10.0,4.0,20.0,155.12
50456,0,51.0,Mobile Phone,3,38.0,UPI,Male,3.0,6,Mobile Phone,5,Married,5,0,15.0,0.0,12.0,16.0,205.94
50457,0,60.0,Computer,1,26.0,UPI,Female,5.0,5,Laptop & Accessory,5,Single,12,1,18.0,5.0,14.0,3.0,153.9
50458,0,15.0,Mobile Phone,2,29.0,Cash on Delivery,Female,4.0,4,Mobile Phone,5,Married,9,0,18.0,15.0,5.0,4.0,142.29
50459,0,17.0,Computer,1,18.0,Debit Card,Male,3.0,5,Grocery,4,Single,9,0,11.0,14.0,12.0,12.0,319.23
50460,0,60.0,Phone,2,14.0,Debit Card,Male,3.0,1,Mobile Phone,4,Married,12,0,21.0,8.0,12.0,12.0,138.1
50461,0,17.0,Phone,2,14.0,Credit Card,Male,3.0,4,Others,3,Married,11,0,24.0,13.0,4.0,12.0,274.19
50462,1,5.0,Phone,2,12.0,Credit Card,Female,2.0,3,Laptop & Accessory,4,Divorced,14,0,22.0,0.0,5.0,10.0,187.87
50463,0,20.0,Mobile Phone,3,18.0,Debit Card,Female,2.0,4,Grocery,1,Single,11,0,18.0,8.0,5.0,6.0,164.66
50464,1,5.0,Mobile Phone,2,36.0,E wallet,Male,2.0,4,Fashion,3,Married,1,0,13.0,1.0,14.0,4.0,333.22
50465,0,50.0,Mobile Phone,3,36.0,UPI,Male,5.0,2,Mobile Phone,3,Single,14,1,12.0,2.0,3.0,10.0,320.9
50466,0,30.0,Phone,1,7.0,UPI,Female,2.0,5,Laptop & Accessory,3,Single,3,0,21.0,2.0,12.0,10.0,156.57
50467,0,9.0,Mobile Phone,1,24.0,UPI,Male,3.0,2,Laptop & Accessory,2,Divorced,11,0,20.0,14.0,8.0,9.0,202.96
50468,0,17.0,Mobile Phone,2,17.0,UPI,Female,5.0,1,Mobile Phone,1,Married,1,1,14.0,16.0,11.0,8.0,276.33
50469,0,17.0,Computer,3,27.0,Credit Card,Female,3.0,3,Others,4,Married,1,0,20.0,10.0,4.0,21.0,303.18
50470,0,23.0,Computer,1,23.0,UPI,Male,2.0,2,Mobile,3,Single,15,0,18.0,1.0,12.0,0.0,209.61
50471,0,8.0,Mobile Phone,1,20.0,Debit Card,Female,2.0,6,Others,4,Divorced,9,0,23.0,9.0,1.0,10.0,328.5
50472,0,17.0,Mobile Phone,1,39.0,E wallet,Male,2.0,3,Laptop & Accessory,2,Single,2,0,15.0,14.0,6.0,14.0,204.28
50473,1,14.0,Phone,2,11.0,UPI,Female,3.0,3,Laptop & Accessory,5,Married,1,0,23.0,16.0,8.0,20.0,126.74
50474,0,3.0,Computer,3,12.0,Credit Card,Male,2.0,3,Grocery,3,Married,6,0,21.0,14.0,1.0,21.0,345.63
50475,0,8.0,Mobile Phone,2,29.0,UPI,Male,3.0,3,Others,3,Married,2,1,17.0,13.0,3.0,12.0,332.52
50476,1,8.0,Mobile Phone,3,27.0,UPI,Male,3.0,2,Laptop & Accessory,4,Divorced,5,0,18.0,2.0,5.0,4.0,293.26
50477,0,25.0,Computer,2,14.0,Debit Card,Female,3.0,4,Mobile Phone,4,Single,3,0,13.0,5.0,7.0,13.0,323.09
50478,0,3.0,Computer,1,22.0,Cash on Delivery,Male,1.0,1,Grocery,3,Married,10,0,17.0,8.0,11.0,21.0,261.76
50479,0,16.0,Phone,2,37.0,Credit Card,Male,3.0,5,Mobile Phone,2,Married,5,1,17.0,2.0,9.0,3.0,200.51
50480,1,15.0,Mobile Phone,2,15.0,Debit Card,Male,2.0,5,Grocery,4,Single,8,1,19.0,14.0,10.0,8.0,193.68
50481,1,14.0,Mobile Phone,3,39.0,Debit Card,Male,3.0,3,Laptop & Accessory,3,Married,6,0,13.0,5.0,16.0,7.0,176.54
50482,0,17.0,Phone,1,31.0,E wallet,Female,3.0,6,Grocery,3,Single,11,0,16.0,9.0,8.0,7.0,271.25
50483,0,4.0,Mobile Phone,1,7.0,E wallet,Male,2.0,5,Mobile Phone,4,Married,11,0,17.0,0.0,8.0,8.0,174.24
50484,0,4.0,Mobile Phone,1,12.0,UPI,Female,5.0,2,Fashion,5,Single,11,0,24.0,5.0,2.0,2.0,185.5
50485,0,19.0,Mobile Phone,2,17.0,UPI,Female,2.0,6,Laptop & Accessory,1,Single,8,1,19.0,12.0,15.0,8.0,224.82
50486,0,14.0,Phone,1,7.0,Cash on Delivery,Female,2.0,5,Fashion,4,Single,6,0,26.0,15.0,13.0,1.0,211.49
50487,1,17.0,Phone,2,24.0,Debit Card,Female,4.0,5,Fashion,5,Single,4,0,25.0,3.0,9.0,14.0,112.16
50488,0,1.0,Computer,3,39.0,Credit Card,Male,1.0,4,Mobile Phone,3,Married,4,0,22.0,11.0,2.0,9.0,207.51
50489,0,17.0,Phone,1,17.0,UPI,Male,1.0,4,Mobile,2,Single,10,0,14.0,3.0,14.0,12.0,222.28
50490,1,12.0,Computer,2,24.0,Credit Card,Female,3.0,6,Laptop & Accessory,4,Married,10,1,14.0,12.0,15.0,0.0,239.33
50491,1,3.0,Computer,3,28.0,Debit Card,Female,2.0,4,Fashion,2,Married,3,0,22.0,15.0,10.0,7.0,317.34
50492,0,9.0,Mobile Phone,2,13.0,Credit Card,Male,1.0,2,Others,5,Married,8,1,21.0,0.0,6.0,13.0,186.99
50493,0,30.0,Mobile Phone,1,34.0,Credit Card,Female,3.0,3,Others,4,Married,13,1,24.0,0.0,4.0,15.0,275.13
50494,1,7.0,Phone,1,29.0,Cash on Delivery,Female,0.0,3,Fashion,2,Married,10,0,26.0,12.0,10.0,0.0,329.25
50495,0,2.0,Mobile Phone,2,22.0,Credit Card,Female,3.0,3,Others,4,Married,9,1,15.0,10.0,8.0,7.0,332.81
50496,0,8.0,Computer,1,12.0,E wallet,Female,3.0,1,Laptop & Accessory,1,Single,14,0,23.0,16.0,4.0,0.0,334.75
50497,0,29.0,Mobile Phone,2,32.0,E wallet,Female,3.0,2,Mobile Phone,5,Married,8,0,20.0,6.0,9.0,0.0,309.91
50498,0,10.0,Mobile Phone,3,16.0,UPI,Female,2.0,1,Mobile,2,Single,9,1,22.0,0.0,2.0,0.0,239.0
50499,0,61.0,Phone,2,28.0,Debit Card,Male,5.0,4,Mobile,4,Single,10,1,15.0,1.0,4.0,10.0,276.71
50500,0,17.0,Phone,1,33.0,Credit Card,Female,2.0,4,Fashion,2,Single,13,0,25.0,8.0,7.0,4.0,117.21
50501,0,12.0,Phone,1,19.0,E wallet,Male,3.0,2,Laptop & Accessory,3,Divorced,9,0,11.0,13.0,2.0,11.0,146.65
50502,0,11.0,Phone,3,22.0,Debit Card,Male,5.0,3,Laptop & Accessory,5,Married,3,0,22.0,15.0,1.0,5.0,347.52
50503,1,9.0,Mobile Phone,3,11.0,Credit Card,Female,2.0,3,Others,1,Single,11,0,18.0,6.0,16.0,6.0,106.29
50504,1,8.0,Mobile Phone,2,17.0,Debit Card,Female,1.0,4,Others,3,Married,12,1,26.0,16.0,2.0,0.0,107.5
50505,0,6.0,Computer,1,23.0,Debit Card,Female,1.0,3,Mobile Phone,4,Single,4,0,18.0,12.0,14.0,12.0,159.59
50506,1,1.0,Mobile Phone,2,9.0,Credit Card,Male,5.0,5,Others,3,Single,12,1,19.0,8.0,2.0,14.0,241.0
50507,0,22.0,Mobile Phone,1,30.0,Credit Card,Male,3.0,5,Laptop & Accessory,4,Divorced,14,1,13.0,11.0,6.0,21.0,149.7
50508,1,20.0,Mobile Phone,1,6.0,Credit Card,Male,5.0,3,Laptop & Accessory,5,Married,13,0,22.0,9.0,3.0,11.0,125.6
50509,0,22.0,Mobile Phone,1,37.0,E wallet,Male,3.0,2,Fashion,4,Married,3,1,22.0,1.0,16.0,16.0,136.51
50510,0,28.0,Phone,1,29.0,Debit Card,Female,2.0,5,Laptop & Accessory,3,Married,5,0,16.0,5.0,7.0,12.0,215.69
50511,0,13.0,Phone,1,29.0,Debit Card,Male,1.0,4,Mobile,3,Single,9,1,23.0,0.0,11.0,20.0,232.33
50512,0,25.0,Phone,1,34.0,E wallet,Male,5.0,3,Laptop & Accessory,4,Married,15,0,25.0,5.0,14.0,10.0,162.81
50513,0,4.0,Phone,1,8.0,UPI,Male,3.0,2,Laptop & Accessory,2,Single,3,0,25.0,8.0,16.0,12.0,338.46
50514,1,17.0,Mobile Phone,2,23.0,Debit Card,Female,2.0,4,Mobile Phone,5,Divorced,12,0,19.0,9.0,4.0,16.0,302.48
50515,1,24.0,Phone,2,31.0,Credit Card,Male,3.0,3,Grocery,1,Married,6,0,20.0,9.0,10.0,18.0,217.56
50516,0,30.0,Mobile Phone,1,28.0,E wallet,Female,1.0,1,Laptop & Accessory,2,Married,4,0,19.0,15.0,2.0,5.0,141.58
50517,0,19.0,Mobile Phone,3,29.0,Credit Card,Male,2.0,3,Fashion,5,Divorced,14,0,14.0,8.0,15.0,17.0,322.82
50518,0,16.0,Mobile Phone,1,33.0,Cash on Delivery,Male,3.0,4,Laptop & Accessory,3,Single,1,1,19.0,11.0,10.0,9.0,138.62
50519,1,1.0,Mobile Phone,1,35.0,Debit Card,Female,1.0,2,Laptop & Accessory,2,Married,8,1,16.0,9.0,2.0,9.0,270.91
50520,0,24.0,Phone,1,39.0,Debit Card,Male,1.0,4,Laptop & Accessory,3,Single,3,1,14.0,0.0,11.0,10.0,256.33
50521,0,12.0,Phone,2,32.0,E wallet,Male,3.0,2,Mobile Phone,4,Single,13,0,16.0,14.0,2.0,14.0,320.36
50522,0,27.0,Computer,1,8.0,Credit Card,Female,3.0,1,Mobile Phone,3,Married,8,0,19.0,10.0,15.0,8.0,179.52
50523,0,5.0,Phone,1,32.0,Debit Card,Female,1.0,2,Mobile Phone,5,Married,5,0,16.0,9.0,4.0,4.0,161.93
50524,0,2.0,Mobile Phone,2,35.0,UPI,Female,0.0,4,Mobile Phone,2,Divorced,8,1,26.0,0.0,8.0,15.0,206.1
50525,0,61.0,Mobile Phone,2,27.0,Credit Card,Female,5.0,4,Mobile Phone,2,Single,1,0,14.0,13.0,10.0,18.0,320.55
50526,0,17.0,Mobile Phone,2,18.0,Debit Card,Male,0.0,5,Mobile Phone,1,Married,6,0,20.0,12.0,11.0,4.0,134.03
50527,0,10.0,Mobile Phone,2,32.0,Credit Card,Male,0.0,2,Laptop & Accessory,3,Married,3,0,15.0,1.0,12.0,5.0,336.82
50528,1,19.0,Mobile Phone,3,18.0,Debit Card,Male,2.0,6,Others,2,Married,5,0,11.0,8.0,3.0,8.0,265.38
50529,0,4.0,Mobile Phone,1,5.0,UPI,Female,2.0,4,Fashion,3,Single,15,0,19.0,10.0,6.0,5.0,118.74
50530,0,18.0,Phone,1,36.0,Credit Card,Female,3.0,3,Laptop & Accessory,5,Married,4,1,21.0,10.0,14.0,14.0,251.21
50531,0,21.0,Phone,3,22.0,Debit Card,Male,3.0,3,Laptop & Accessory,5,Married,12,1,25.0,8.0,4.0,17.0,232.59
50532,0,18.0,Phone,2,9.0,Debit Card,Male,3.0,2,Grocery,5,Married,13,0,21.0,16.0,12.0,4.0,257.33
50533,0,15.0,Phone,2,19.0,E wallet,Male,4.0,2,Grocery,5,Divorced,14,0,17.0,2.0,2.0,8.0,223.62
50534,0,23.0,Phone,1,20.0,Credit Card,Female,5.0,5,Fashion,3,Single,11,0,15.0,10.0,13.0,9.0,299.42
50535,0,3.0,Phone,1,34.0,UPI,Male,1.0,2,Grocery,2,Married,13,1,15.0,12.0,3.0,10.0,309.57
50536,0,14.0,Phone,1,22.0,Debit Card,Female,3.0,2,Fashion,4,Single,9,0,16.0,12.0,4.0,10.0,239.61
50537,0,24.0,Mobile Phone,1,15.0,UPI,Female,3.0,4,Laptop & Accessory,4,Married,3,1,21.0,2.0,12.0,12.0,123.34
50538,0,61.0,Phone,1,29.0,Credit Card,Female,2.0,3,Mobile Phone,2,Married,13,1,24.0,15.0,15.0,16.0,225.41
50539,0,13.0,Phone,1,6.0,Debit Card,Male,3.0,3,Mobile Phone,5,Married,7,0,25.0,13.0,11.0,7.0,123.74
50540,0,18.0,Mobile Phone,2,39.0,UPI,Female,3.0,2,Laptop & Accessory,3,Married,4,1,18.0,8.0,11.0,20.0,105.64
50541,0,6.0,Mobile Phone,1,28.0,UPI,Female,2.0,1,Others,5,Single,3,0,21.0,4.0,9.0,10.0,207.69
50542,0,29.0,Mobile Phone,1,17.0,UPI,Male,1.0,5,Grocery,1,Married,10,1,13.0,5.0,11.0,3.0,342.46
50543,0,18.0,Phone,1,34.0,Debit Card,Male,0.0,3,Mobile,1,Married,3,1,23.0,14.0,13.0,3.0,142.64
50544,1,17.0,Phone,1,15.0,Debit Card,Female,2.0,2,Mobile Phone,3,Married,4,0,18.0,8.0,15.0,15.0,300.96
50545,0,15.0,Mobile Phone,1,27.0,CC,Female,1.0,3,Others,2,Single,7,1,13.0,12.0,5.0,12.0,102.5
50546,1,7.0,Mobile Phone,1,32.0,COD,Male,4.0,2,Grocery,5,Married,11,0,26.0,12.0,7.0,16.0,122.97
50547,0,17.0,Computer,1,33.0,UPI,Male,2.0,4,Grocery,5,Single,9,0,20.0,5.0,13.0,5.0,309.58
50548,0,27.0,Mobile Phone,2,19.0,Cash on Delivery,Male,3.0,5,Fashion,3,Married,15,1,24.0,15.0,15.0,10.0,195.16
50549,0,15.0,Mobile Phone,1,7.0,Credit Card,Female,2.0,3,Mobile Phone,5,Divorced,12,1,15.0,15.0,1.0,17.0,342.14
50550,1,18.0,Mobile Phone,2,13.0,Debit Card,Female,4.0,4,Laptop & Accessory,2,Divorced,12,0,21.0,15.0,1.0,12.0,115.45
50551,1,17.0,Phone,3,12.0,Debit Card,Male,4.0,4,Laptop & Accessory,4,Divorced,6,0,15.0,10.0,6.0,9.0,183.74
50552,0,12.0,Phone,2,37.0,UPI,Male,4.0,5,Fashion,1,Single,15,0,12.0,8.0,16.0,2.0,245.75
50553,0,6.0,Mobile Phone,1,38.0,Credit Card,Female,3.0,4,Others,3,Married,1,0,25.0,0.0,7.0,2.0,271.49
50554,1,26.0,Computer,1,13.0,Credit Card,Female,1.0,4,Mobile Phone,1,Married,8,0,26.0,12.0,14.0,9.0,226.59
50555,0,9.0,Phone,2,21.0,E wallet,Female,2.0,4,Fashion,3,Divorced,2,0,11.0,0.0,1.0,10.0,310.74
50556,1,60.0,Mobile Phone,3,5.0,Cash on Delivery,Female,2.0,4,Grocery,3,Single,11,0,13.0,15.0,4.0,11.0,265.73
50557,0,24.0,Phone,3,9.0,E wallet,Male,5.0,3,Others,3,Married,9,1,20.0,6.0,6.0,20.0,334.35
50558,0,5.0,Mobile Phone,1,34.0,E wallet,Female,3.0,4,Fashion,3,Married,11,0,14.0,13.0,2.0,21.0,295.26
50559,1,23.0,Phone,2,15.0,Cash on Delivery,Male,3.0,4,Fashion,4,Single,3,1,17.0,8.0,9.0,5.0,341.46
50560,0,17.0,Mobile Phone,3,32.0,UPI,Female,4.0,3,Mobile,2,Divorced,10,0,17.0,12.0,14.0,13.0,284.24
50561,0,22.0,Phone,3,21.0,Debit Card,Female,3.0,3,Others,2,Married,11,1,23.0,12.0,8.0,0.0,159.89
50562,0,5.0,Mobile Phone,2,27.0,Credit Card,Female,3.0,3,Grocery,4,Married,7,0,26.0,3.0,2.0,15.0,229.6
50563,0,28.0,Computer,1,22.0,Credit Card,Female,2.0,5,Grocery,3,Divorced,6,1,19.0,16.0,10.0,1.0,186.74
50564,0,24.0,Mobile Phone,1,22.0,UPI,Male,1.0,3,Mobile,2,Divorced,9,0,14.0,4.0,5.0,10.0,216.02
50565,0,16.0,Phone,2,29.0,Cash on Delivery,Male,3.0,5,Mobile Phone,4,Single,15,0,13.0,16.0,1.0,6.0,221.42
50566,0,23.0,Mobile Phone,2,9.0,CC,Male,4.0,5,Fashion,5,Married,11,1,22.0,16.0,6.0,3.0,337.74
50567,1,10.0,Computer,3,23.0,Credit Card,Female,2.0,3,Grocery,3,Married,3,1,13.0,9.0,11.0,10.0,285.17
50568,0,25.0,Phone,3,31.0,UPI,Female,3.0,1,Mobile Phone,4,Married,2,0,20.0,15.0,3.0,8.0,290.78
50569,0,60.0,Mobile Phone,1,17.0,Cash on Delivery,Female,2.0,2,Mobile,5,Single,3,0,20.0,13.0,14.0,3.0,325.84
50570,0,27.0,Computer,2,11.0,Debit Card,Female,3.0,5,Mobile Phone,5,Single,4,0,19.0,1.0,13.0,6.0,102.18
50571,0,2.0,Mobile Phone,1,30.0,Debit Card,Male,2.0,5,Laptop & Accessory,5,Single,5,0,11.0,14.0,16.0,2.0,284.83
50572,0,10.0,Phone,2,18.0,Cash on Delivery,Male,4.0,3,Fashion,5,Married,6,0,26.0,6.0,12.0,18.0,286.09
50573,0,13.0,Phone,2,31.0,Credit Card,Male,3.0,2,Laptop & Accessory,5,Single,12,0,16.0,2.0,6.0,19.0,221.96
50574,0,25.0,Mobile Phone,1,12.0,UPI,Female,3.0,5,Laptop & Accessory,3,Married,7,0,14.0,14.0,12.0,20.0,175.94
50575,0,20.0,Computer,1,35.0,E wallet,Female,0.0,3,Mobile,4,Single,10,0,15.0,10.0,9.0,11.0,112.75
50576,0,29.0,Mobile Phone,1,39.0,UPI,Male,3.0,6,Laptop & Accessory,4,Single,14,1,24.0,6.0,11.0,1.0,342.16
50577,0,7.0,Mobile Phone,1,31.0,Credit Card,Female,2.0,4,Laptop & Accessory,1,Married,3,1,12.0,8.0,8.0,16.0,223.23
50578,0,19.0,Computer,3,8.0,Credit Card,Male,2.0,5,Mobile Phone,2,Divorced,9,0,18.0,8.0,14.0,10.0,129.22
50579,0,50.0,Phone,1,8.0,Debit Card,Male,2.0,4,Others,4,Single,3,0,20.0,0.0,2.0,0.0,267.02
50580,0,21.0,Mobile Phone,1,22.0,Debit Card,Male,3.0,1,Mobile Phone,4,Single,14,1,25.0,1.0,9.0,14.0,295.33
50581,0,6.0,Mobile Phone,1,27.0,E wallet,Male,2.0,2,Mobile Phone,5,Single,3,0,13.0,12.0,12.0,0.0,330.11
50582,1,8.0,Phone,3,36.0,Debit Card,Female,4.0,6,Laptop & Accessory,2,Married,8,1,24.0,1.0,1.0,6.0,221.68
50583,0,0.0,Mobile Phone,1,16.0,Debit Card,Male,2.0,3,Mobile Phone,5,Married,10,0,17.0,11.0,15.0,1.0,302.29
50584,0,28.0,Computer,1,24.0,UPI,Male,3.0,2,Mobile,2,Divorced,15,0,19.0,8.0,3.0,11.0,313.95
50585,0,7.0,Phone,2,16.0,Debit Card,Female,3.0,5,Others,2,Married,3,0,19.0,8.0,10.0,5.0,153.34
50586,0,3.0,Mobile Phone,1,12.0,E wallet,Female,3.0,5,Grocery,3,Married,7,0,18.0,14.0,10.0,5.0,204.99
50587,0,61.0,Mobile Phone,1,26.0,Debit Card,Female,3.0,3,Grocery,5,Married,1,0,25.0,10.0,12.0,3.0,251.0
50588,0,2.0,Phone,2,31.0,Credit Card,Male,4.0,4,Fashion,1,Single,1,0,24.0,7.0,4.0,0.0,234.5
50589,0,6.0,Mobile Phone,1,21.0,UPI,Male,4.0,3,Laptop & Accessory,2,Married,5,0,13.0,3.0,5.0,14.0,348.7
50590,0,26.0,Phone,3,22.0,Cash on Delivery,Male,3.0,5,Laptop & Accessory,5,Married,13,1,25.0,14.0,7.0,12.0,193.19
50591,1,0.0,Computer,2,37.0,Credit Card,Male,3.0,2,Mobile Phone,1,Married,11,0,26.0,4.0,3.0,20.0,316.8
50592,1,26.0,Phone,2,35.0,UPI,Female,1.0,3,Fashion,3,Married,9,0,19.0,1.0,8.0,12.0,148.63
50593,0,15.0,Mobile Phone,1,10.0,COD,Male,1.0,3,Mobile,3,Married,11,1,19.0,7.0,12.0,7.0,327.06
50594,0,6.0,Mobile Phone,3,13.0,Debit Card,Male,3.0,4,Mobile Phone,5,Single,12,0,11.0,7.0,8.0,16.0,103.35
50595,0,22.0,Phone,2,36.0,Credit Card,Female,5.0,2,Others,5,Divorced,8,0,17.0,9.0,11.0,16.0,282.5
50596,0,10.0,Phone,1,20.0,COD,Female,3.0,4,Mobile,3,Married,2,1,21.0,5.0,5.0,11.0,216.72
50597,0,51.0,Phone,1,16.0,Credit Card,Male,3.0,4,Grocery,3,Divorced,8,0,24.0,10.0,1.0,1.0,102.06
50598,0,16.0,Mobile Phone,2,7.0,Credit Card,Male,1.0,5,Mobile Phone,5,Single,10,0,14.0,1.0,5.0,6.0,323.59
50599,1,61.0,Computer,2,31.0,Debit Card,Male,3.0,4,Grocery,2,Single,9,1,24.0,11.0,3.0,10.0,266.32
50600,0,4.0,Mobile Phone,3,31.0,Debit Card,Male,2.0,2,Mobile Phone,3,Married,4,1,19.0,14.0,16.0,10.0,281.53
50601,1,50.0,Phone,2,13.0,Debit Card,Male,4.0,2,Laptop & Accessory,3,Married,9,0,20.0,1.0,4.0,13.0,252.99
50602,0,2.0,Phone,2,21.0,COD,Male,1.0,6,Laptop & Accessory,5,Married,4,1,18.0,15.0,13.0,14.0,329.32
50603,1,61.0,Phone,1,9.0,COD,Male,3.0,6,Laptop & Accessory,4,Single,8,0,20.0,8.0,10.0,3.0,304.24
50604,1,13.0,Mobile Phone,2,30.0,UPI,Male,5.0,2,Mobile Phone,3,Divorced,7,0,25.0,15.0,7.0,0.0,174.02
50605,0,30.0,Phone,3,25.0,Debit Card,Male,4.0,5,Fashion,4,Married,7,0,17.0,4.0,3.0,12.0,185.08
50606,0,30.0,Mobile Phone,2,5.0,Debit Card,Female,4.0,3,Others,5,Divorced,14,0,25.0,11.0,12.0,8.0,131.81
50607,0,16.0,Phone,1,5.0,UPI,Male,2.0,5,Mobile Phone,5,Married,15,1,20.0,3.0,1.0,21.0,111.95
50608,0,23.0,Mobile Phone,1,39.0,UPI,Female,5.0,2,Mobile Phone,4,Single,9,1,22.0,11.0,8.0,0.0,294.96
50609,0,22.0,Mobile Phone,1,13.0,Credit Card,Male,4.0,3,Mobile Phone,5,Single,13,1,14.0,7.0,4.0,20.0,182.52
50610,0,17.0,Mobile Phone,2,27.0,E wallet,Female,4.0,4,Laptop & Accessory,3,Single,8,0,12.0,8.0,3.0,6.0,235.16
50611,0,13.0,Computer,3,8.0,Credit Card,Male,5.0,5,Grocery,4,Single,11,0,26.0,14.0,8.0,10.0,276.35
50612,0,14.0,Phone,1,23.0,Credit Card,Male,5.0,5,Mobile Phone,1,Married,10,0,13.0,3.0,8.0,4.0,279.15
50613,1,14.0,Phone,1,9.0,Cash on Delivery,Female,2.0,2,Others,4,Single,10,0,18.0,8.0,12.0,5.0,316.5
50614,0,5.0,Phone,2,32.0,Credit Card,Female,1.0,6,Grocery,2,Divorced,6,1,26.0,16.0,15.0,14.0,303.06
50615,1,26.0,Computer,3,27.0,UPI,Female,3.0,4,Laptop & Accessory,4,Married,4,1,26.0,4.0,4.0,20.0,273.04
50616,1,14.0,Mobile Phone,1,27.0,UPI,Female,3.0,4,Mobile Phone,2,Single,5,0,19.0,15.0,7.0,1.0,151.16
50617,1,7.0,Phone,1,22.0,Debit Card,Male,2.0,5,Mobile Phone,3,Married,12,0,19.0,10.0,11.0,0.0,308.48
50618,0,14.0,Phone,1,33.0,Credit Card,Male,3.0,3,Laptop & Accessory,4,Married,13,0,20.0,1.0,7.0,6.0,127.42
50619,1,2.0,Mobile Phone,2,32.0,CC,Male,1.0,3,Laptop & Accessory,1,Single,4,0,21.0,4.0,3.0,18.0,158.0
50620,0,12.0,Mobile Phone,3,13.0,Credit Card,Male,0.0,6,Grocery,4,Married,1,1,23.0,2.0,2.0,7.0,183.52
50621,0,60.0,Mobile Phone,1,14.0,E wallet,Female,2.0,1,Laptop & Accessory,2,Married,6,0,26.0,16.0,16.0,2.0,241.28
50622,0,23.0,Mobile Phone,2,6.0,Debit Card,Male,1.0,5,Mobile Phone,4,Married,9,0,12.0,4.0,4.0,11.0,336.0
50623,0,50.0,Mobile Phone,2,17.0,Cash on Delivery,Female,3.0,5,Mobile Phone,4,Single,15,1,18.0,14.0,10.0,13.0,243.54
50624,0,50.0,Mobile Phone,2,31.0,E wallet,Male,5.0,3,Laptop & Accessory,2,Single,7,1,19.0,10.0,8.0,0.0,263.46
50625,1,29.0,Phone,1,24.0,Credit Card,Male,3.0,5,Mobile,1,Single,10,0,17.0,4.0,11.0,12.0,246.82
50626,0,12.0,Mobile Phone,3,14.0,CC,Male,3.0,3,Grocery,1,Married,14,0,15.0,2.0,10.0,4.0,121.26
50627,0,0.0,Mobile Phone,2,20.0,Credit Card,Male,0.0,4,Laptop & Accessory,4,Married,4,0,24.0,1.0,14.0,14.0,175.3
50628,0,60.0,Computer,2,19.0,Debit Card,Female,3.0,3,Grocery,3,Married,15,1,18.0,1.0,3.0,1.0,331.34
50629,0,14.0,Phone,2,17.0,Debit Card,Female,4.0,2,Laptop & Accessory,3,Single,14,1,23.0,7.0,9.0,4.0,159.24
50630,1,13.0,Mobile Phone,3,24.0,Credit Card,Male,3.0,5,Laptop & Accessory,4,Married,12,0,19.0,12.0,10.0,10.0,203.33
50631,0,28.0,Phone,2,28.0,E wallet,Female,2.0,4,Laptop & Accessory,3,Married,15,0,23.0,10.0,7.0,15.0,245.48
50632,0,60.0,Mobile Phone,1,11.0,Debit Card,Female,4.0,4,Mobile Phone,4,Single,1,0,14.0,8.0,15.0,3.0,288.56
50633,0,17.0,Mobile Phone,1,27.0,Credit Card,Female,5.0,5,Fashion,5,Single,15,1,21.0,10.0,12.0,5.0,241.26
50634,0,6.0,Mobile Phone,1,28.0,Cash on Delivery,Male,3.0,3,Laptop & Accessory,4,Single,8,0,13.0,14.0,6.0,20.0,211.06
50635,0,28.0,Computer,1,33.0,Debit Card,Male,2.0,4,Laptop & Accessory,4,Married,12,0,22.0,8.0,4.0,17.0,274.7
50636,0,30.0,Phone,3,22.0,Debit Card,Male,2.0,5,Mobile Phone,4,Divorced,2,0,19.0,11.0,4.0,1.0,252.53
50637,1,24.0,Phone,3,39.0,UPI,Male,1.0,3,Fashion,4,Married,14,0,13.0,12.0,4.0,11.0,227.31
50638,0,13.0,Computer,1,5.0,Debit Card,Male,4.0,5,Mobile Phone,4,Single,2,0,18.0,5.0,9.0,21.0,247.31
50639,0,7.0,Computer,1,22.0,Debit Card,Male,5.0,4,Fashion,5,Married,7,1,13.0,6.0,12.0,18.0,201.7
50640,0,26.0,Phone,1,10.0,Debit Card,Female,3.0,2,Mobile Phone,5,Single,12,0,16.0,3.0,10.0,10.0,228.11
50641,0,1.0,Phone,3,27.0,Debit Card,Male,4.0,1,Laptop & Accessory,1,Married,15,1,17.0,16.0,3.0,5.0,212.23
50642,1,16.0,Mobile Phone,1,14.0,Credit Card,Female,3.0,5,Others,5,Divorced,8,1,11.0,2.0,15.0,14.0,349.51
50643,0,13.0,Mobile Phone,2,11.0,Credit Card,Female,2.0,3,Mobile Phone,5,Divorced,2,1,25.0,0.0,3.0,16.0,113.92
50644,0,24.0,Phone,3,12.0,Credit Card,Female,3.0,5,Others,5,Married,2,0,19.0,6.0,11.0,3.0,264.62
50645,0,29.0,Phone,1,17.0,UPI,Male,4.0,2,Mobile Phone,2,Married,4,0,25.0,13.0,7.0,10.0,160.58
50646,0,28.0,Computer,3,34.0,CC,Male,4.0,4,Mobile Phone,4,Single,12,0,21.0,4.0,3.0,3.0,193.2
50647,0,19.0,Mobile Phone,1,22.0,E wallet,Male,1.0,2,Laptop & Accessory,3,Married,9,0,18.0,11.0,16.0,18.0,147.42
50648,0,20.0,Phone,2,18.0,CC,Male,3.0,5,Fashion,3,Divorced,9,0,18.0,3.0,15.0,10.0,288.01
50649,1,21.0,Phone,1,15.0,UPI,Female,2.0,5,Grocery,3,Married,8,0,21.0,11.0,10.0,10.0,171.81
50650,0,61.0,Mobile Phone,1,17.0,E wallet,Male,4.0,6,Mobile,5,Single,7,0,14.0,14.0,4.0,13.0,263.55
50651,1,15.0,Phone,3,37.0,Cash on Delivery,Male,3.0,4,Grocery,4,Married,13,0,18.0,5.0,8.0,2.0,242.12
50652,0,17.0,Phone,2,17.0,UPI,Male,2.0,2,Mobile Phone,3,Single,8,1,26.0,6.0,5.0,6.0,207.14
50653,0,15.0,Phone,1,29.0,Debit Card,Male,3.0,5,Fashion,3,Married,12,1,25.0,3.0,4.0,21.0,185.22
50654,1,1.0,Phone,1,28.0,Credit Card,Female,3.0,3,Fashion,3,Married,13,0,16.0,8.0,5.0,10.0,274.88
50655,0,3.0,Mobile Phone,1,33.0,Debit Card,Female,2.0,5,Laptop & Accessory,3,Married,12,1,17.0,2.0,9.0,0.0,234.35
50656,0,20.0,Phone,2,10.0,Debit Card,Male,4.0,6,Laptop & Accessory,2,Single,7,0,13.0,15.0,3.0,8.0,111.77
50657,0,60.0,Phone,1,22.0,UPI,Male,1.0,2,Mobile Phone,3,Married,13,0,26.0,8.0,9.0,8.0,284.78
50658,0,29.0,Phone,3,32.0,Credit Card,Female,0.0,2,Grocery,1,Married,3,0,13.0,4.0,3.0,16.0,289.18
50659,0,5.0,Phone,1,9.0,E wallet,Female,1.0,5,Laptop & Accessory,5,Single,4,0,23.0,11.0,8.0,21.0,204.64
50660,1,16.0,Mobile Phone,1,22.0,Credit Card,Female,1.0,5,Others,5,Married,2,1,21.0,3.0,14.0,13.0,104.9
50661,1,24.0,Mobile Phone,2,11.0,Credit Card,Male,3.0,4,Fashion,5,Single,8,1,26.0,10.0,6.0,14.0,147.73
50662,0,4.0,Mobile Phone,2,13.0,UPI,Male,3.0,5,Mobile Phone,3,Single,13,0,20.0,11.0,15.0,9.0,243.52
50663,1,4.0,Mobile Phone,3,22.0,Credit Card,Male,2.0,6,Mobile Phone,4,Married,11,0,25.0,2.0,8.0,15.0,289.07
50664,0,19.0,Phone,2,16.0,UPI,Female,3.0,4,Mobile Phone,5,Married,8,1,20.0,2.0,11.0,11.0,121.28
50665,1,15.0,Computer,1,28.0,E wallet,Female,1.0,4,Mobile,3,Married,11,1,19.0,0.0,11.0,19.0,268.22
50666,0,17.0,Mobile Phone,2,13.0,UPI,Male,3.0,4,Laptop & Accessory,4,Married,7,0,20.0,1.0,12.0,9.0,225.32
50667,1,4.0,Mobile Phone,1,16.0,UPI,Male,3.0,2,Others,3,Divorced,9,0,25.0,11.0,15.0,10.0,158.64
50668,0,1.0,Mobile Phone,1,13.0,UPI,Female,2.0,3,Fashion,3,Single,11,0,20.0,10.0,6.0,18.0,221.51
50669,0,8.0,Mobile Phone,1,26.0,Cash on Delivery,Female,2.0,4,Fashion,5,Divorced,7,1,22.0,4.0,8.0,8.0,115.9
50670,0,21.0,Phone,2,21.0,CC,Female,1.0,4,Grocery,4,Married,13,0,22.0,4.0,4.0,18.0,264.79
50671,0,21.0,Computer,1,37.0,UPI,Female,0.0,3,Laptop & Accessory,4,Married,3,0,19.0,9.0,9.0,18.0,131.44
50672,0,21.0,Computer,1,28.0,UPI,Male,1.0,6,Fashion,2,Married,8,0,22.0,8.0,8.0,6.0,105.76
50673,0,60.0,Mobile Phone,1,19.0,Credit Card,Male,3.0,5,Grocery,3,Divorced,3,1,13.0,8.0,10.0,8.0,106.66
50674,0,28.0,Computer,1,33.0,E wallet,Female,2.0,2,Mobile,5,Single,1,0,19.0,7.0,5.0,16.0,277.78
50675,0,51.0,Mobile Phone,1,36.0,UPI,Female,3.0,3,Grocery,2,Married,1,0,13.0,12.0,6.0,17.0,160.98
50676,0,17.0,Phone,1,37.0,Debit Card,Male,3.0,6,Mobile,5,Married,4,0,19.0,0.0,15.0,7.0,232.57
50677,0,6.0,Phone,1,33.0,UPI,Male,3.0,3,Grocery,5,Married,14,0,14.0,8.0,9.0,12.0,111.47
50678,1,0.0,Phone,1,19.0,Credit Card,Female,2.0,4,Others,3,Divorced,2,0,26.0,0.0,12.0,8.0,111.15
50679,0,51.0,Mobile Phone,1,31.0,UPI,Male,1.0,2,Others,2,Married,11,1,13.0,8.0,4.0,7.0,312.06
50680,0,0.0,Mobile Phone,3,38.0,Debit Card,Male,4.0,3,Mobile Phone,2,Single,10,0,15.0,15.0,2.0,12.0,276.87
50681,0,23.0,Phone,2,8.0,Debit Card,Female,3.0,5,Fashion,2,Married,15,1,22.0,8.0,6.0,12.0,127.62
50682,0,3.0,Mobile Phone,2,22.0,Credit Card,Female,2.0,4,Laptop & Accessory,2,Married,11,0,14.0,5.0,9.0,16.0,236.98
50683,1,3.0,Mobile Phone,3,25.0,COD,Female,2.0,5,Mobile Phone,1,Single,14,0,19.0,2.0,6.0,19.0,138.22
50684,0,17.0,Phone,1,12.0,E wallet,Male,1.0,1,Others,4,Single,8,1,12.0,8.0,7.0,4.0,294.76
50685,0,26.0,Phone,1,10.0,Credit Card,Male,4.0,4,Mobile,5,Single,1,0,20.0,6.0,14.0,15.0,267.07
50686,0,50.0,Phone,3,24.0,Cash on Delivery,Male,3.0,3,Laptop & Accessory,3,Married,13,0,18.0,10.0,12.0,10.0,336.59
50687,0,51.0,Mobile Phone,2,6.0,Debit Card,Female,1.0,5,Fashion,1,Single,6,1,13.0,13.0,11.0,17.0,241.11
50688,0,27.0,Computer,3,26.0,Credit Card,Female,2.0,6,Grocery,5,Single,4,0,25.0,16.0,5.0,8.0,198.09
50689,0,5.0,Mobile Phone,3,25.0,Debit Card,Male,5.0,4,Mobile Phone,2,Single,8,0,19.0,2.0,9.0,2.0,273.93
50690,0,15.0,Computer,1,10.0,Credit Card,Male,3.0,2,Laptop & Accessory,1,Married,3,0,12.0,13.0,11.0,9.0,248.63
50691,0,60.0,Mobile Phone,3,36.0,CC,Male,2.0,4,Laptop & Accessory,2,Married,5,1,17.0,9.0,8.0,2.0,202.3
50692,0,22.0,Phone,3,10.0,E wallet,Male,3.0,4,Mobile,2,Divorced,7,0,16.0,4.0,9.0,4.0,205.0
50693,0,23.0,Computer,1,17.0,UPI,Male,2.0,5,Laptop & Accessory,4,Married,1,0,18.0,0.0,1.0,10.0,137.42
50694,1,12.0,Mobile Phone,3,5.0,Cash on Delivery,Female,3.0,4,Laptop & Accessory,1,Married,14,0,13.0,8.0,14.0,18.0,219.34
50695,0,17.0,Mobile Phone,1,26.0,CC,Female,3.0,3,Fashion,3,Divorced,4,1,16.0,11.0,12.0,12.0,138.61
50696,0,12.0,Mobile Phone,2,28.0,Debit Card,Female,4.0,4,Mobile Phone,3,Married,2,1,21.0,5.0,10.0,3.0,143.15
50697,0,16.0,Mobile Phone,1,34.0,Cash on Delivery,Female,3.0,4,Mobile Phone,4,Single,4,1,12.0,7.0,3.0,4.0,138.93
50698,0,14.0,Phone,1,22.0,Debit Card,Male,2.0,5,Laptop & Accessory,4,Married,2,0,23.0,12.0,12.0,16.0,220.17
50699,0,17.0,Mobile Phone,2,16.0,E wallet,Female,4.0,6,Mobile,2,Single,11,0,21.0,14.0,13.0,1.0,221.95
50700,0,22.0,Computer,1,30.0,Debit Card,Male,4.0,5,Laptop & Accessory,3,Married,14,0,20.0,5.0,14.0,10.0,115.92
50701,0,29.0,Phone,2,8.0,Debit Card,Male,3.0,4,Laptop & Accessory,5,Divorced,2,0,23.0,6.0,7.0,10.0,262.54
50702,0,60.0,Mobile Phone,2,23.0,Credit Card,Male,0.0,4,Fashion,2,Married,10,0,25.0,10.0,4.0,9.0,140.73
50703,1,3.0,Computer,1,20.0,Debit Card,Male,4.0,5,Grocery,3,Married,7,1,20.0,7.0,1.0,0.0,215.63
50704,0,2.0,Mobile Phone,1,16.0,Debit Card,Male,1.0,3,Laptop & Accessory,5,Married,8,0,17.0,8.0,14.0,6.0,252.1
50705,0,6.0,Mobile Phone,2,37.0,Credit Card,Male,1.0,5,Laptop & Accessory,4,Married,12,0,13.0,3.0,3.0,12.0,113.68
50706,0,17.0,Mobile Phone,3,25.0,Cash on Delivery,Male,2.0,4,Laptop & Accessory,3,Married,11,1,19.0,13.0,5.0,5.0,239.05
50707,0,6.0,Phone,2,13.0,Debit Card,Female,2.0,2,Grocery,4,Married,7,0,13.0,13.0,12.0,10.0,329.25
50708,0,5.0,Mobile Phone,2,12.0,Cash on Delivery,Male,4.0,5,Laptop & Accessory,1,Married,9,0,20.0,9.0,7.0,14.0,133.84
50709,0,21.0,Phone,2,24.0,Cash on Delivery,Male,2.0,4,Laptop & Accessory,4,Single,8,1,25.0,9.0,1.0,18.0,329.41
50710,1,0.0,Mobile Phone,1,14.0,Credit Card,Female,0.0,2,Mobile,5,Single,12,0,25.0,12.0,8.0,7.0,304.28
50711,0,3.0,Computer,2,36.0,Credit Card,Female,3.0,4,Fashion,5,Married,11,0,11.0,15.0,6.0,16.0,234.11
50712,0,28.0,Phone,3,32.0,Debit Card,Male,3.0,4,Mobile Phone,2,Married,8,1,11.0,10.0,15.0,1.0,131.3
50713,0,20.0,Mobile Phone,2,14.0,UPI,Male,4.0,4,Grocery,4,Married,6,0,20.0,3.0,5.0,5.0,280.87
50714,1,25.0,Phone,1,12.0,Debit Card,Female,2.0,4,Mobile Phone,3,Divorced,5,0,19.0,15.0,9.0,11.0,261.87
50715,0,13.0,Phone,2,37.0,Debit Card,Male,1.0,2,Laptop & Accessory,4,Married,15,1,15.0,2.0,8.0,21.0,266.53
50716,1,17.0,Mobile Phone,2,17.0,UPI,Male,3.0,1,Mobile Phone,1,Divorced,15,0,11.0,13.0,12.0,0.0,132.36
50717,0,11.0,Mobile Phone,2,39.0,UPI,Male,1.0,5,Grocery,5,Married,15,0,19.0,2.0,16.0,18.0,222.39
50718,0,17.0,Mobile Phone,2,33.0,Credit Card,Female,0.0,6,Laptop & Accessory,4,Single,1,0,22.0,12.0,7.0,21.0,263.38
50719,0,19.0,Computer,2,9.0,Credit Card,Male,4.0,6,Mobile Phone,2,Single,14,1,21.0,8.0,14.0,10.0,216.46
50720,0,23.0,Phone,1,7.0,E wallet,Male,2.0,4,Laptop & Accessory,4,Married,2,0,13.0,10.0,4.0,1.0,247.55
50721,0,26.0,Mobile Phone,1,10.0,Debit Card,Male,3.0,4,Grocery,1,Married,13,1,13.0,1.0,9.0,20.0,241.09
50722,0,7.0,Mobile Phone,3,20.0,Debit Card,Female,3.0,6,Grocery,1,Married,10,0,12.0,12.0,3.0,3.0,206.72
50723,0,0.0,Phone,1,39.0,UPI,Female,2.0,4,Fashion,2,Single,11,0,16.0,13.0,15.0,17.0,137.77
50724,0,23.0,Phone,3,22.0,Debit Card,Female,1.0,3,Others,3,Married,1,0,24.0,1.0,3.0,13.0,303.16
50725,0,6.0,Phone,1,15.0,Cash on Delivery,Male,2.0,4,Mobile Phone,3,Married,14,0,23.0,11.0,10.0,20.0,260.41
50726,0,18.0,Computer,1,27.0,UPI,Female,1.0,4,Laptop & Accessory,3,Married,9,0,12.0,12.0,4.0,16.0,260.31
50727,0,21.0,Mobile Phone,2,15.0,UPI,Male,5.0,5,Mobile,4,Divorced,4,0,14.0,13.0,15.0,18.0,113.36
50728,0,61.0,Mobile Phone,2,33.0,UPI,Male,3.0,5,Mobile Phone,3,Single,3,1,15.0,12.0,7.0,5.0,288.56
50729,0,29.0,Mobile Phone,2,31.0,UPI,Female,3.0,6,Mobile Phone,3,Married,10,1,13.0,13.0,14.0,3.0,154.11
50730,0,28.0,Computer,1,13.0,UPI,Female,1.0,2,Laptop & Accessory,4,Married,2,0,11.0,9.0,11.0,15.0,271.14
50731,0,21.0,Mobile Phone,1,39.0,Debit Card,Female,1.0,4,Fashion,2,Divorced,7,0,19.0,9.0,9.0,9.0,270.59
50732,0,10.0,Mobile Phone,2,13.0,Debit Card,Female,4.0,5,Fashion,4,Single,6,0,11.0,10.0,7.0,10.0,122.68
50733,0,19.0,Phone,1,22.0,UPI,Male,5.0,3,Mobile Phone,5,Divorced,10,0,16.0,2.0,11.0,11.0,233.13
50734,0,28.0,Mobile Phone,1,25.0,Debit Card,Male,3.0,4,Others,3,Married,10,0,14.0,9.0,5.0,3.0,277.69
50735,1,60.0,Mobile Phone,2,5.0,Cash on Delivery,Male,5.0,5,Grocery,4,Married,7,1,16.0,1.0,15.0,15.0,294.78
50736,0,0.0,Phone,2,31.0,Debit Card,Male,2.0,4,Laptop & Accessory,4,Married,1,0,21.0,7.0,7.0,14.0,203.14
50737,0,30.0,Mobile Phone,1,33.0,Debit Card,Female,2.0,3,Mobile Phone,4,Married,1,0,11.0,3.0,13.0,8.0,106.23
50738,0,29.0,Mobile Phone,1,23.0,Debit Card,Male,1.0,2,Mobile,2,Married,10,0,15.0,15.0,15.0,3.0,275.48
50739,0,17.0,Phone,1,28.0,UPI,Female,4.0,5,Laptop & Accessory,4,Single,4,0,11.0,8.0,1.0,10.0,178.27
50740,0,16.0,Mobile Phone,1,5.0,Debit Card,Male,3.0,5,Fashion,4,Single,5,0,14.0,9.0,7.0,18.0,159.48
50741,0,13.0,Mobile Phone,2,27.0,Debit Card,Male,4.0,5,Laptop & Accessory,5,Married,11,0,19.0,5.0,1.0,1.0,299.14
50742,1,22.0,Computer,3,17.0,UPI,Male,2.0,3,Mobile Phone,1,Divorced,2,1,16.0,12.0,4.0,10.0,194.35
50743,0,24.0,Mobile Phone,1,34.0,UPI,Female,3.0,4,Laptop & Accessory,4,Married,11,1,22.0,7.0,13.0,2.0,222.91
50744,0,14.0,Phone,1,15.0,Cash on Delivery,Female,1.0,2,Fashion,4,Married,10,0,22.0,6.0,8.0,10.0,196.2
50745,1,21.0,Mobile Phone,1,11.0,Cash on Delivery,Female,1.0,3,Grocery,4,Married,14,1,23.0,11.0,2.0,5.0,326.96
50746,0,2.0,Phone,3,39.0,Debit Card,Female,1.0,3,Grocery,1,Married,6,1,14.0,2.0,8.0,1.0,206.13
50747,0,18.0,Mobile Phone,1,15.0,Debit Card,Female,4.0,1,Mobile,3,Married,12,1,20.0,16.0,1.0,14.0,193.02
50748,0,60.0,Mobile Phone,3,25.0,Credit Card,Female,3.0,2,Grocery,3,Single,13,0,17.0,3.0,5.0,7.0,153.54
50749,0,17.0,Mobile Phone,1,7.0,Cash on Delivery,Male,1.0,5,Laptop & Accessory,4,Single,2,0,21.0,8.0,1.0,10.0,210.81
50750,0,0.0,Phone,1,34.0,CC,Male,2.0,6,Laptop & Accessory,4,Married,7,0,22.0,16.0,7.0,4.0,224.12
50751,0,20.0,Phone,1,28.0,Debit Card,Male,4.0,3,Grocery,2,Single,10,0,20.0,11.0,11.0,8.0,265.88
50752,0,28.0,Mobile Phone,2,7.0,UPI,Female,2.0,2,Grocery,5,Married,13,0,26.0,14.0,3.0,0.0,282.47
50753,0,5.0,Computer,2,37.0,Credit Card,Female,5.0,6,Laptop & Accessory,3,Single,2,0,20.0,3.0,13.0,17.0,158.88
50754,1,0.0,Mobile Phone,2,26.0,Cash on Delivery,Female,5.0,6,Laptop & Accessory,3,Divorced,1,0,11.0,1.0,6.0,9.0,335.97
50755,0,0.0,Phone,1,35.0,Debit Card,Male,3.0,4,Mobile Phone,3,Single,12,1,23.0,1.0,12.0,7.0,257.97
50756,0,26.0,Mobile Phone,1,16.0,Credit Card,Male,3.0,3,Fashion,3,Single,9,0,11.0,6.0,7.0,16.0,125.58
50757,0,20.0,Phone,1,18.0,Debit Card,Male,3.0,2,Others,4,Single,14,0,15.0,8.0,12.0,13.0,291.17
50758,0,15.0,Phone,1,16.0,Debit Card,Male,2.0,6,Laptop & Accessory,4,Divorced,4,0,17.0,8.0,10.0,0.0,275.25
50759,0,25.0,Phone,1,31.0,UPI,Male,2.0,6,Grocery,5,Single,1,0,19.0,13.0,11.0,10.0,273.15
50760,0,15.0,Mobile Phone,2,22.0,Debit Card,Male,1.0,5,Fashion,3,Divorced,14,1,19.0,14.0,1.0,8.0,295.63
50761,0,27.0,Mobile Phone,1,28.0,Credit Card,Female,5.0,6,Laptop & Accessory,3,Single,8,0,20.0,15.0,11.0,9.0,259.88
50762,1,0.0,Phone,1,13.0,Credit Card,Male,3.0,2,Others,1,Single,9,0,18.0,14.0,13.0,2.0,104.22
50763,0,9.0,Mobile Phone,1,12.0,Cash on Delivery,Female,0.0,2,Others,3,Single,6,1,21.0,6.0,10.0,16.0,264.82
50764,0,16.0,Mobile Phone,1,19.0,UPI,Female,3.0,2,Laptop & Accessory,3,Married,10,1,12.0,16.0,7.0,10.0,300.22
50765,0,22.0,Mobile Phone,2,22.0,Debit Card,Male,2.0,3,Laptop & Accessory,3,Married,12,0,26.0,16.0,12.0,3.0,236.88
50766,0,6.0,Mobile Phone,1,28.0,Debit Card,Male,4.0,5,Mobile,3,Married,12,0,11.0,6.0,12.0,0.0,145.85
50767,0,6.0,Mobile Phone,1,20.0,UPI,Female,2.0,6,Laptop & Accessory,4,Divorced,10,0,26.0,4.0,11.0,17.0,268.16
50768,0,14.0,Computer,3,28.0,Credit Card,Female,3.0,3,Others,2,Single,14,0,13.0,0.0,15.0,14.0,111.76
50769,0,60.0,Phone,1,11.0,UPI,Male,1.0,4,Laptop & Accessory,4,Divorced,12,0,11.0,10.0,15.0,10.0,214.97
50770,0,3.0,Phone,1,32.0,UPI,Male,3.0,4,Mobile Phone,4,Married,4,0,11.0,3.0,12.0,16.0,219.67
50771,0,13.0,Mobile Phone,3,6.0,UPI,Female,2.0,2,Mobile Phone,2,Married,2,0,18.0,4.0,8.0,16.0,345.54
50772,1,13.0,Phone,1,38.0,Debit Card,Male,1.0,5,Laptop & Accessory,3,Single,8,0,13.0,8.0,1.0,17.0,145.2
50773,0,15.0,Phone,3,7.0,Credit Card,Male,3.0,4,Mobile Phone,2,Married,3,1,12.0,4.0,8.0,13.0,234.89
50774,0,6.0,Phone,1,5.0,UPI,Female,3.0,4,Mobile Phone,2,Married,13,0,26.0,16.0,10.0,10.0,273.44
50775,0,50.0,Mobile Phone,2,35.0,Cash on Delivery,Female,5.0,3,Laptop & Accessory,4,Single,6,0,22.0,8.0,16.0,3.0,103.67
50776,0,18.0,Computer,2,27.0,Credit Card,Male,3.0,4,Grocery,2,Single,15,1,16.0,16.0,3.0,17.0,325.85
50777,0,1.0,Phone,3,22.0,Debit Card,Female,3.0,5,Grocery,3,Married,6,1,11.0,8.0,16.0,10.0,274.38
50778,0,9.0,Computer,2,20.0,UPI,Female,5.0,3,Grocery,2,Married,1,0,22.0,16.0,8.0,8.0,256.22
50779,0,16.0,Mobile Phone,2,36.0,Credit Card,Female,4.0,2,Fashion,1,Single,12,0,12.0,11.0,16.0,7.0,260.55
50780,0,11.0,Mobile Phone,2,21.0,Debit Card,Male,3.0,4,Mobile Phone,4,Single,7,1,14.0,6.0,6.0,11.0,128.79
50781,0,5.0,Mobile Phone,1,22.0,Cash on Delivery,Male,3.0,4,Grocery,4,Married,7,0,17.0,14.0,2.0,10.0,339.5
50782,0,21.0,Phone,2,8.0,Debit Card,Male,5.0,3,Others,3,Married,5,0,26.0,11.0,2.0,4.0,210.42
50783,0,50.0,Mobile Phone,1,39.0,UPI,Male,3.0,3,Laptop & Accessory,4,Single,2,1,12.0,7.0,6.0,9.0,243.06
50784,0,19.0,Computer,2,27.0,CC,Female,3.0,2,Mobile Phone,5,Married,4,1,14.0,12.0,16.0,14.0,163.44
50785,1,0.0,Computer,2,19.0,Credit Card,Female,1.0,6,Laptop & Accessory,4,Married,7,0,14.0,3.0,15.0,10.0,127.86
50786,0,5.0,Phone,3,17.0,UPI,Female,3.0,3,Laptop & Accessory,5,Single,15,1,18.0,4.0,7.0,1.0,296.96
50787,0,18.0,Phone,2,18.0,Debit Card,Male,2.0,1,Laptop & Accessory,2,Single,15,1,25.0,14.0,3.0,9.0,246.79
50788,0,17.0,Phone,2,18.0,Debit Card,Female,1.0,5,Grocery,5,Divorced,13,1,17.0,6.0,7.0,2.0,197.52
50789,0,5.0,Phone,1,9.0,Credit Card,Male,4.0,5,Laptop & Accessory,4,Single,14,0,17.0,15.0,8.0,7.0,139.6
50790,0,51.0,Mobile Phone,1,26.0,UPI,Male,3.0,4,Mobile Phone,5,Single,6,0,19.0,16.0,14.0,11.0,201.72
50791,0,22.0,Phone,2,32.0,UPI,Male,2.0,5,Fashion,4,Married,9,1,13.0,9.0,4.0,14.0,100.73
50792,0,22.0,Computer,2,8.0,E wallet,Male,3.0,3,Grocery,1,Married,8,0,26.0,10.0,2.0,14.0,343.55
50793,0,25.0,Mobile Phone,2,33.0,UPI,Male,1.0,3,Laptop & Accessory,5,Married,14,0,26.0,13.0,5.0,6.0,258.25
50794,0,12.0,Computer,2,22.0,UPI,Male,0.0,3,Mobile Phone,3,Married,5,0,13.0,12.0,13.0,14.0,172.05
50795,0,6.0,Mobile Phone,1,24.0,Credit Card,Male,2.0,4,Laptop & Accessory,3,Single,7,0,20.0,8.0,12.0,12.0,316.0
50796,0,14.0,Mobile Phone,2,39.0,UPI,Female,1.0,1,Grocery,1,Married,3,0,19.0,8.0,14.0,9.0,123.52
50797,0,26.0,Mobile Phone,1,22.0,UPI,Male,3.0,2,Laptop & Accessory,4,Married,4,0,22.0,15.0,5.0,18.0,155.44
50798,0,25.0,Mobile Phone,1,24.0,UPI,Female,4.0,5,Laptop & Accessory,3,Single,7,0,12.0,8.0,10.0,10.0,180.57
50799,0,51.0,Computer,1,6.0,E wallet,Male,1.0,3,Mobile Phone,5,Married,1,0,13.0,10.0,13.0,14.0,325.77
50800,0,17.0,Computer,2,22.0,UPI,Male,1.0,3,Laptop & Accessory,3,Single,9,1,22.0,13.0,9.0,2.0,163.6
50801,0,26.0,Phone,2,34.0,UPI,Female,5.0,5,Mobile Phone,3,Divorced,7,0,19.0,13.0,13.0,17.0,204.62
50802,0,4.0,Computer,1,33.0,Credit Card,Male,3.0,2,Grocery,3,Single,9,0,20.0,10.0,1.0,21.0,254.2
50803,0,17.0,Mobile Phone,2,26.0,Debit Card,Male,1.0,3,Laptop & Accessory,4,Married,7,1,16.0,14.0,14.0,4.0,293.37
50804,0,51.0,Mobile Phone,1,33.0,Cash on Delivery,Female,1.0,5,Grocery,4,Single,11,0,15.0,11.0,13.0,9.0,265.86
50805,0,15.0,Phone,3,14.0,UPI,Male,3.0,3,Mobile Phone,3,Single,5,0,19.0,13.0,2.0,8.0,270.59
50806,0,22.0,Computer,2,24.0,Credit Card,Female,2.0,4,Mobile Phone,5,Single,1,1,17.0,2.0,13.0,12.0,285.67
50807,0,15.0,Mobile Phone,1,20.0,Cash on Delivery,Male,3.0,5,Mobile Phone,3,Married,11,0,24.0,11.0,13.0,20.0,246.79
50808,0,13.0,Computer,3,10.0,E wallet,Male,2.0,3,Laptop & Accessory,3,Married,12,0,12.0,13.0,5.0,1.0,226.96
50809,0,17.0,Phone,1,21.0,UPI,Female,5.0,3,Laptop & Accessory,4,Married,12,0,22.0,8.0,10.0,9.0,307.52
50810,0,25.0,Computer,2,10.0,Cash on Delivery,Male,3.0,4,Grocery,1,Single,7,0,20.0,16.0,7.0,21.0,278.34
50811,0,61.0,Mobile Phone,1,26.0,Debit Card,Male,0.0,5,Others,4,Married,10,0,19.0,16.0,14.0,9.0,219.45
50812,1,14.0,Phone,1,22.0,Credit Card,Male,2.0,4,Laptop & Accessory,3,Married,11,1,21.0,15.0,4.0,13.0,312.13
50813,1,2.0,Phone,2,36.0,Debit Card,Male,3.0,2,Fashion,4,Single,9,0,25.0,1.0,16.0,20.0,143.98
50814,0,22.0,Phone,1,32.0,Debit Card,Female,1.0,3,Laptop & Accessory,4,Single,14,0,16.0,3.0,15.0,19.0,320.83
50815,0,28.0,Mobile Phone,3,14.0,Debit Card,Female,0.0,3,Laptop & Accessory,4,Single,3,0,24.0,7.0,8.0,7.0,142.38
50816,0,60.0,Computer,1,26.0,UPI,Female,1.0,5,Mobile,3,Single,11,0,13.0,8.0,7.0,4.0,161.86
50817,0,51.0,Computer,1,32.0,Debit Card,Male,3.0,3,Others,2,Married,15,0,19.0,15.0,14.0,21.0,166.17
50818,0,22.0,Mobile Phone,2,22.0,Credit Card,Female,3.0,6,Laptop & Accessory,3,Single,5,0,14.0,10.0,4.0,18.0,116.01
50819,0,6.0,Mobile Phone,1,33.0,UPI,Male,1.0,3,Grocery,4,Single,10,0,21.0,8.0,1.0,21.0,174.64
50820,0,2.0,Phone,2,11.0,Credit Card,Female,3.0,2,Laptop & Accessory,1,Married,3,0,23.0,1.0,13.0,18.0,169.22
50821,0,50.0,Phone,3,38.0,Debit Card,Female,3.0,4,Grocery,4,Single,1,1,18.0,0.0,10.0,8.0,247.42
50822,0,30.0,Phone,2,36.0,Debit Card,Male,5.0,3,Others,3,Single,14,0,15.0,6.0,11.0,10.0,249.54
50823,0,17.0,Mobile Phone,1,6.0,UPI,Female,4.0,4,Laptop & Accessory,3,Single,8,0,15.0,7.0,6.0,4.0,237.22
50824,0,6.0,Phone,2,30.0,UPI,Female,5.0,6,Laptop & Accessory,3,Married,7,0,12.0,1.0,1.0,8.0,257.44
50825,1,0.0,Phone,3,15.0,Debit Card,Female,5.0,6,Others,3,Single,10,0,14.0,2.0,7.0,7.0,110.05
50826,0,13.0,Mobile Phone,1,29.0,COD,Female,2.0,3,Mobile Phone,5,Married,8,0,14.0,15.0,16.0,10.0,274.7
50827,0,50.0,Phone,2,23.0,Debit Card,Female,3.0,2,Mobile Phone,4,Married,12,0,26.0,6.0,3.0,17.0,337.19
50828,0,5.0,Mobile Phone,1,24.0,Credit Card,Female,2.0,6,Mobile Phone,4,Married,3,0,21.0,12.0,7.0,7.0,258.01
50829,0,17.0,Mobile Phone,3,37.0,Debit Card,Female,3.0,5,Grocery,4,Married,14,0,19.0,2.0,6.0,20.0,169.49
50830,0,6.0,Phone,2,21.0,E wallet,Male,1.0,3,Laptop & Accessory,5,Divorced,5,1,17.0,6.0,10.0,12.0,177.36
50831,0,25.0,Computer,3,34.0,UPI,Female,3.0,5,Mobile Phone,3,Single,7,1,23.0,11.0,15.0,10.0,291.49
50832,0,60.0,Mobile Phone,3,22.0,E wallet,Male,0.0,5,Others,4,Married,9,1,24.0,4.0,5.0,5.0,127.87
50833,0,29.0,Mobile Phone,1,36.0,UPI,Female,2.0,3,Others,5,Single,6,0,17.0,1.0,12.0,15.0,193.17
50834,0,20.0,Mobile Phone,1,22.0,Debit Card,Female,2.0,6,Mobile Phone,4,Married,3,0,23.0,15.0,16.0,17.0,147.59
50835,0,16.0,Mobile Phone,1,36.0,UPI,Male,5.0,3,Laptop & Accessory,3,Married,7,0,19.0,3.0,7.0,9.0,150.03
50836,0,51.0,Mobile Phone,1,23.0,UPI,Female,1.0,4,Grocery,3,Married,13,0,19.0,9.0,5.0,16.0,100.88
50837,1,9.0,Phone,2,7.0,Debit Card,Female,4.0,4,Laptop & Accessory,4,Single,7,0,15.0,5.0,8.0,1.0,321.91
50838,0,11.0,Mobile Phone,2,32.0,Debit Card,Male,1.0,2,Grocery,2,Divorced,12,0,11.0,8.0,2.0,17.0,179.28
50839,1,15.0,Computer,1,10.0,Cash on Delivery,Male,3.0,4,Fashion,4,Married,3,0,12.0,13.0,9.0,10.0,196.76
50840,1,50.0,Mobile Phone,2,21.0,Debit Card,Male,2.0,5,Fashion,3,Married,5,1,21.0,14.0,1.0,1.0,106.4
50841,0,14.0,Computer,2,9.0,UPI,Female,2.0,2,Others,4,Married,6,0,24.0,10.0,10.0,1.0,123.75
50842,1,26.0,Computer,1,23.0,UPI,Male,5.0,3,Mobile Phone,5,Divorced,1,0,18.0,5.0,6.0,17.0,155.61
50843,0,27.0,Phone,1,39.0,Credit Card,Female,3.0,4,Laptop & Accessory,3,Married,1,0,16.0,8.0,10.0,8.0,142.83
50844,0,16.0,Mobile Phone,2,26.0,Debit Card,Male,2.0,6,Mobile,3,Single,4,0,25.0,13.0,10.0,21.0,309.86
50845,0,1.0,Phone,1,28.0,Credit Card,Male,3.0,5,Mobile Phone,4,Single,10,0,20.0,5.0,8.0,15.0,337.9
50846,0,6.0,Phone,3,14.0,Debit Card,Male,3.0,2,Mobile Phone,3,Married,7,1,18.0,13.0,9.0,16.0,333.83
50847,0,12.0,Computer,1,6.0,Debit Card,Male,5.0,4,Laptop & Accessory,3,Married,7,0,23.0,16.0,7.0,9.0,153.41
50848,0,14.0,Phone,2,32.0,UPI,Male,3.0,2,Grocery,4,Single,8,1,13.0,13.0,6.0,21.0,131.66
50849,0,24.0,Mobile Phone,2,21.0,E wallet,Male,3.0,3,Fashion,3,Divorced,14,0,13.0,0.0,1.0,16.0,265.01
50850,0,22.0,Computer,1,10.0,Debit Card,Female,2.0,4,Laptop & Accessory,5,Married,11,0,16.0,9.0,10.0,5.0,169.82
50851,1,21.0,Computer,1,9.0,Debit Card,Male,3.0,2,Laptop & Accessory,5,Single,6,0,21.0,16.0,3.0,0.0,114.1
50852,1,25.0,Phone,1,11.0,Credit Card,Female,3.0,5,Laptop & Accessory,2,Single,13,0,14.0,8.0,16.0,12.0,240.62
50853,1,51.0,Computer,1,36.0,UPI,Male,2.0,5,Others,4,Married,15,0,14.0,8.0,13.0,5.0,166.61
50854,0,10.0,Phone,1,8.0,Credit Card,Male,3.0,4,Laptop & Accessory,2,Divorced,7,0,26.0,10.0,14.0,18.0,179.71
50855,1,9.0,Phone,2,25.0,COD,Male,2.0,4,Others,2,Married,12,1,21.0,16.0,11.0,5.0,248.7
50856,0,24.0,Phone,2,36.0,COD,Female,3.0,5,Fashion,4,Married,12,1,19.0,11.0,9.0,18.0,274.32
50857,0,23.0,Phone,2,22.0,UPI,Male,2.0,2,Mobile Phone,2,Single,6,0,12.0,4.0,16.0,10.0,127.5
50858,0,51.0,Mobile Phone,1,37.0,UPI,Male,2.0,2,Laptop & Accessory,4,Single,14,0,19.0,4.0,9.0,21.0,112.66
50859,0,16.0,Phone,2,18.0,E wallet,Female,3.0,3,Laptop & Accessory,3,Married,5,0,15.0,9.0,3.0,10.0,306.19
50860,0,23.0,Phone,1,10.0,Debit Card,Female,1.0,3,Laptop & Accessory,3,Single,10,0,24.0,1.0,16.0,21.0,167.02
50861,1,1.0,Mobile Phone,3,15.0,UPI,Male,0.0,6,Laptop & Accessory,3,Single,6,0,15.0,0.0,8.0,6.0,231.42
50862,1,50.0,Mobile Phone,3,24.0,UPI,Female,1.0,2,Laptop & Accessory,4,Single,10,0,26.0,15.0,8.0,10.0,296.26
50863,0,23.0,Phone,2,33.0,Debit Card,Female,1.0,3,Laptop & Accessory,3,Single,12,0,24.0,15.0,14.0,5.0,113.75
50864,1,8.0,Phone,2,39.0,COD,Female,1.0,5,Fashion,2,Married,4,1,17.0,8.0,8.0,14.0,293.33
50865,0,3.0,Mobile Phone,1,20.0,Credit Card,Male,4.0,5,Laptop & Accessory,2,Single,12,0,15.0,7.0,6.0,5.0,239.59
50866,1,16.0,Computer,1,11.0,UPI,Male,2.0,4,Fashion,5,Married,7,1,11.0,0.0,3.0,8.0,126.38
50867,0,16.0,Computer,3,35.0,Cash on Delivery,Female,3.0,3,Laptop & Accessory,3,Married,8,0,26.0,10.0,16.0,17.0,269.07
50868,1,29.0,Phone,1,10.0,UPI,Male,3.0,2,Laptop & Accessory,5,Divorced,12,0,12.0,7.0,11.0,2.0,118.25
50869,0,10.0,Mobile Phone,2,33.0,E wallet,Female,3.0,6,Grocery,3,Married,8,1,19.0,4.0,6.0,1.0,177.8
50870,0,20.0,Computer,3,31.0,Debit Card,Male,0.0,3,Fashion,4,Married,4,0,15.0,1.0,4.0,12.0,233.98
50871,0,20.0,Computer,2,22.0,Debit Card,Male,4.0,5,Laptop & Accessory,5,Single,3,1,23.0,9.0,15.0,10.0,268.54
50872,0,17.0,Mobile Phone,1,26.0,Debit Card,Female,5.0,5,Mobile,4,Divorced,7,0,23.0,15.0,16.0,4.0,165.6
50873,0,28.0,Mobile Phone,1,13.0,UPI,Male,3.0,3,Grocery,1,Single,7,0,17.0,4.0,13.0,4.0,145.09
50874,0,23.0,Mobile Phone,1,15.0,Debit Card,Male,3.0,5,Fashion,2,Married,11,0,23.0,12.0,11.0,11.0,285.06
50875,0,9.0,Phone,2,20.0,Debit Card,Female,0.0,3,Mobile Phone,5,Married,3,1,22.0,1.0,11.0,1.0,202.15
50876,0,16.0,Mobile Phone,2,17.0,COD,Male,3.0,5,Laptop & Accessory,3,Single,1,0,25.0,10.0,15.0,17.0,150.84
50877,0,17.0,Phone,3,22.0,E wallet,Female,2.0,4,Mobile Phone,4,Divorced,3,0,19.0,11.0,8.0,9.0,248.6
50878,1,19.0,Mobile Phone,2,29.0,Credit Card,Male,4.0,2,Mobile Phone,1,Single,14,0,20.0,7.0,9.0,17.0,198.57
50879,0,17.0,Computer,1,37.0,E wallet,Male,3.0,5,Laptop & Accessory,3,Married,3,0,12.0,11.0,13.0,3.0,254.93
50880,0,16.0,Mobile Phone,1,14.0,CC,Male,2.0,6,Grocery,3,Married,6,0,18.0,14.0,3.0,20.0,295.53
50881,1,8.0,Phone,2,34.0,Credit Card,Female,3.0,4,Mobile Phone,4,Divorced,2,1,23.0,14.0,14.0,21.0,105.03
50882,1,13.0,Computer,3,5.0,UPI,Male,3.0,5,Others,3,Single,4,0,23.0,16.0,6.0,6.0,188.9
50883,0,28.0,Mobile Phone,1,37.0,E wallet,Male,2.0,5,Laptop & Accessory,4,Single,5,0,15.0,9.0,3.0,20.0,187.76
50884,0,30.0,Mobile Phone,3,19.0,Credit Card,Female,4.0,5,Mobile Phone,4,Married,6,0,19.0,6.0,11.0,2.0,324.9
50885,0,3.0,Phone,1,33.0,Debit Card,Female,3.0,4,Laptop & Accessory,4,Single,10,0,16.0,9.0,10.0,4.0,349.25
50886,0,17.0,Mobile Phone,1,6.0,UPI,Female,3.0,5,Others,3,Single,9,0,13.0,13.0,10.0,0.0,263.22
50887,0,19.0,Computer,3,15.0,UPI,Male,3.0,4,Mobile Phone,3,Married,10,0,24.0,15.0,16.0,6.0,201.97
50888,0,8.0,Mobile Phone,1,38.0,CC,Male,5.0,3,Laptop & Accessory,4,Single,5,0,22.0,12.0,5.0,11.0,210.05
50889,0,12.0,Mobile Phone,2,23.0,Credit Card,Female,3.0,2,Mobile Phone,4,Divorced,2,0,23.0,10.0,15.0,21.0,265.88
50890,0,14.0,Computer,1,6.0,E wallet,Female,1.0,6,Others,3,Divorced,7,0,24.0,2.0,6.0,15.0,248.57
50891,1,26.0,Phone,3,24.0,Cash on Delivery,Female,2.0,3,Fashion,3,Married,10,0,16.0,16.0,14.0,21.0,314.86
50892,1,14.0,Phone,3,35.0,UPI,Female,2.0,3,Laptop & Accessory,5,Single,11,0,26.0,4.0,9.0,6.0,278.45
50893,1,27.0,Mobile Phone,3,8.0,Credit Card,Female,5.0,3,Laptop & Accessory,3,Married,1,1,19.0,6.0,5.0,7.0,133.52
50894,0,18.0,Mobile Phone,1,22.0,Debit Card,Male,2.0,3,Laptop & Accessory,4,Married,15,1,19.0,5.0,4.0,14.0,309.68
50895,0,25.0,Computer,1,34.0,UPI,Female,1.0,1,Fashion,5,Married,8,1,25.0,5.0,11.0,5.0,172.76
50896,0,25.0,Mobile Phone,2,17.0,Cash on Delivery,Female,2.0,3,Laptop & Accessory,4,Single,7,0,11.0,5.0,13.0,4.0,290.45
50897,0,24.0,Phone,1,19.0,Credit Card,Female,2.0,5,Others,3,Divorced,14,0,18.0,6.0,3.0,15.0,113.85
50898,1,25.0,Mobile Phone,2,24.0,Cash on Delivery,Female,3.0,1,Fashion,3,Single,11,0,22.0,5.0,13.0,19.0,178.31
50899,0,25.0,Mobile Phone,2,38.0,Debit Card,Male,2.0,6,Mobile Phone,5,Divorced,13,0,24.0,4.0,7.0,11.0,280.95
50900,0,27.0,Phone,1,32.0,Credit Card,Female,0.0,2,Mobile Phone,3,Single,8,0,17.0,6.0,12.0,9.0,344.21
50901,0,17.0,Computer,2,24.0,Debit Card,Male,1.0,5,Mobile Phone,4,Single,1,1,21.0,14.0,11.0,11.0,200.47
50902,0,50.0,Phone,3,29.0,UPI,Male,2.0,5,Mobile Phone,4,Married,6,0,23.0,4.0,7.0,20.0,160.81
50903,0,2.0,Phone,3,31.0,UPI,Male,2.0,5,Fashion,4,Married,14,0,23.0,10.0,8.0,21.0,317.78
50904,0,1.0,Phone,1,22.0,Credit Card,Female,4.0,3,Laptop & Accessory,5,Married,5,0,21.0,13.0,3.0,11.0,310.33
50905,0,51.0,Phone,1,24.0,Debit Card,Female,2.0,5,Laptop & Accessory,5,Divorced,13,1,22.0,7.0,8.0,1.0,236.1
50906,0,18.0,Phone,1,5.0,UPI,Female,0.0,4,Laptop & Accessory,1,Married,14,0,11.0,7.0,1.0,6.0,166.64
50907,0,16.0,Mobile Phone,1,39.0,Credit Card,Male,3.0,2,Mobile Phone,4,Single,2,1,18.0,1.0,10.0,4.0,177.14
50908,1,51.0,Mobile Phone,1,28.0,Credit Card,Male,4.0,3,Laptop & Accessory,4,Single,8,0,15.0,15.0,6.0,17.0,222.2
50909,1,11.0,Computer,3,29.0,UPI,Female,3.0,1,Laptop & Accessory,5,Single,10,1,19.0,16.0,14.0,17.0,345.55
50910,0,2.0,Mobile Phone,1,16.0,UPI,Male,3.0,3,Fashion,1,Married,2,1,13.0,9.0,13.0,15.0,127.75
50911,0,25.0,Mobile Phone,1,15.0,CC,Male,4.0,5,Laptop & Accessory,4,Married,2,1,23.0,13.0,11.0,1.0,190.98
50912,0,61.0,Phone,1,34.0,CC,Female,0.0,6,Laptop & Accessory,4,Married,9,1,15.0,11.0,11.0,7.0,315.23
50913,0,7.0,Phone,1,17.0,UPI,Male,3.0,2,Laptop & Accessory,4,Married,6,1,23.0,10.0,5.0,18.0,340.44
50914,1,6.0,Phone,1,29.0,UPI,Male,4.0,3,Laptop & Accessory,3,Married,3,1,26.0,1.0,7.0,5.0,112.66
50915,0,15.0,Mobile Phone,2,29.0,Credit Card,Male,3.0,2,Fashion,4,Married,9,0,17.0,14.0,3.0,21.0,247.33
50916,0,23.0,Computer,1,21.0,Debit Card,Female,2.0,5,Laptop & Accessory,3,Married,15,0,20.0,14.0,4.0,12.0,251.08
50917,0,0.0,Phone,1,16.0,UPI,Female,0.0,6,Fashion,4,Single,2,0,21.0,2.0,11.0,6.0,226.15
50918,0,17.0,Computer,1,15.0,Debit Card,Female,5.0,2,Fashion,4,Single,8,0,18.0,15.0,16.0,19.0,110.78
50919,0,9.0,Mobile Phone,2,14.0,Debit Card,Female,4.0,6,Mobile Phone,4,Single,4,0,13.0,8.0,11.0,4.0,179.41
50920,0,15.0,Mobile Phone,1,21.0,Credit Card,Male,2.0,3,Others,4,Single,13,0,11.0,6.0,1.0,16.0,210.06
50921,0,15.0,Mobile Phone,1,22.0,UPI,Female,0.0,3,Grocery,3,Married,14,0,25.0,9.0,3.0,3.0,221.93
50922,0,7.0,Mobile Phone,3,24.0,Debit Card,Male,3.0,2,Mobile Phone,2,Single,10,1,22.0,16.0,11.0,0.0,341.4
50923,1,28.0,Mobile Phone,1,9.0,E wallet,Male,5.0,2,Laptop & Accessory,1,Married,2,0,23.0,15.0,12.0,5.0,176.2
50924,0,27.0,Mobile Phone,2,36.0,E wallet,Male,3.0,2,Fashion,1,Single,5,0,23.0,9.0,2.0,5.0,114.79
50925,0,5.0,Phone,3,31.0,E wallet,Female,1.0,3,Laptop & Accessory,3,Single,13,0,16.0,16.0,6.0,2.0,130.02
50926,0,15.0,Phone,1,8.0,UPI,Female,2.0,4,Laptop & Accessory,1,Single,3,0,15.0,11.0,7.0,9.0,188.15
50927,0,19.0,Phone,3,11.0,Debit Card,Male,1.0,2,Mobile Phone,2,Married,9,1,21.0,6.0,2.0,21.0,294.62
50928,0,15.0,Mobile Phone,3,18.0,Debit Card,Male,5.0,3,Laptop & Accessory,2,Single,8,0,15.0,0.0,16.0,10.0,251.8
50929,0,6.0,Mobile Phone,1,28.0,Debit Card,Female,2.0,2,Fashion,3,Married,6,1,21.0,11.0,7.0,13.0,295.49
50930,0,17.0,Mobile Phone,3,22.0,Debit Card,Male,3.0,5,Mobile Phone,4,Single,15,0,22.0,15.0,3.0,3.0,329.61
50931,0,25.0,Mobile Phone,1,5.0,E wallet,Female,1.0,2,Mobile Phone,4,Married,13,0,22.0,11.0,6.0,6.0,130.21
50932,0,25.0,Mobile Phone,1,21.0,COD,Male,1.0,2,Fashion,3,Married,15,0,21.0,9.0,8.0,9.0,231.83
50933,0,13.0,Phone,3,22.0,Cash on Delivery,Male,3.0,1,Mobile Phone,4,Married,6,0,25.0,10.0,15.0,0.0,256.17
50934,0,6.0,Computer,3,26.0,Credit Card,Male,4.0,1,Laptop & Accessory,5,Married,9,0,23.0,11.0,2.0,8.0,204.21
50935,0,51.0,Computer,2,22.0,Credit Card,Male,3.0,4,Laptop & Accessory,3,Married,14,0,16.0,3.0,9.0,10.0,213.21
50936,0,25.0,Phone,1,32.0,Cash on Delivery,Female,2.0,2,Fashion,4,Married,2,0,24.0,3.0,14.0,2.0,121.08
50937,1,19.0,Computer,2,22.0,CC,Female,3.0,3,Grocery,4,Divorced,12,0,13.0,8.0,8.0,21.0,114.67
50938,1,2.0,Phone,2,37.0,Credit Card,Male,4.0,5,Laptop & Accessory,4,Married,7,0,26.0,5.0,1.0,8.0,110.74
50939,0,3.0,Computer,1,34.0,Debit Card,Female,3.0,6,Mobile Phone,4,Married,12,0,23.0,4.0,10.0,17.0,263.91
50940,0,25.0,Phone,3,12.0,Debit Card,Female,1.0,5,Mobile,4,Married,11,0,26.0,12.0,1.0,10.0,125.21
50941,0,10.0,Phone,1,34.0,Credit Card,Male,3.0,6,Mobile,5,Married,3,0,15.0,10.0,15.0,6.0,192.12
50942,0,1.0,Phone,1,13.0,UPI,Male,3.0,4,Fashion,3,Married,3,0,26.0,8.0,11.0,15.0,329.27
50943,0,13.0,Mobile Phone,1,37.0,E wallet,Female,4.0,6,Grocery,4,Single,15,0,25.0,2.0,10.0,9.0,141.94
50944,0,29.0,Phone,1,33.0,Credit Card,Male,3.0,4,Grocery,2,Divorced,4,0,26.0,15.0,4.0,6.0,218.21
50945,0,11.0,Computer,2,35.0,Credit Card,Male,5.0,5,Mobile Phone,4,Single,13,0,26.0,15.0,8.0,6.0,282.36
50946,0,25.0,Phone,1,7.0,Debit Card,Female,1.0,6,Laptop & Accessory,5,Single,15,0,20.0,16.0,8.0,4.0,161.91
50947,0,17.0,Mobile Phone,2,15.0,UPI,Female,3.0,5,Grocery,4,Divorced,5,0,21.0,6.0,7.0,10.0,105.46
50948,0,12.0,Mobile Phone,1,9.0,UPI,Male,4.0,6,Laptop & Accessory,3,Divorced,5,0,26.0,7.0,14.0,6.0,294.47
50949,0,13.0,Computer,1,35.0,Credit Card,Male,3.0,3,Laptop & Accessory,2,Married,10,1,11.0,8.0,7.0,6.0,282.18
50950,0,23.0,Computer,2,24.0,UPI,Male,5.0,3,Mobile Phone,5,Single,1,0,18.0,11.0,11.0,3.0,345.0
50951,0,60.0,Mobile Phone,1,8.0,COD,Male,2.0,3,Mobile Phone,5,Married,10,1,19.0,15.0,11.0,21.0,251.62
50952,0,25.0,Computer,2,12.0,Credit Card,Male,2.0,4,Mobile Phone,4,Married,6,0,14.0,16.0,3.0,11.0,177.29
50953,0,20.0,Computer,2,39.0,Credit Card,Male,2.0,5,Mobile Phone,5,Married,11,0,15.0,8.0,2.0,21.0,132.43
50954,0,27.0,Mobile Phone,2,17.0,E wallet,Male,2.0,5,Mobile Phone,4,Single,11,1,17.0,12.0,4.0,1.0,124.73
50955,0,1.0,Computer,2,9.0,COD,Female,3.0,4,Laptop & Accessory,5,Married,15,0,23.0,7.0,12.0,19.0,259.47
50956,0,8.0,Mobile Phone,3,23.0,Debit Card,Male,2.0,3,Fashion,5,Married,13,0,26.0,1.0,4.0,7.0,187.33
50957,0,22.0,Phone,3,22.0,Cash on Delivery,Male,1.0,3,Grocery,2,Divorced,15,0,20.0,15.0,7.0,11.0,307.98
50958,0,14.0,Phone,1,37.0,Debit Card,Male,4.0,4,Mobile Phone,3,Single,2,0,26.0,7.0,10.0,10.0,131.13
50959,1,12.0,Phone,2,8.0,UPI,Male,1.0,4,Grocery,2,Married,15,0,15.0,6.0,1.0,14.0,341.0
50960,0,22.0,Phone,1,22.0,Debit Card,Male,4.0,3,Mobile Phone,2,Single,15,0,26.0,0.0,11.0,7.0,114.95
50961,0,16.0,Mobile Phone,1,28.0,Credit Card,Male,2.0,2,Fashion,4,Married,2,1,14.0,1.0,16.0,6.0,295.46
50962,0,1.0,Computer,1,33.0,UPI,Male,3.0,5,Laptop & Accessory,3,Divorced,13,1,18.0,16.0,3.0,10.0,294.48
50963,0,19.0,Computer,3,35.0,Credit Card,Male,2.0,5,Laptop & Accessory,5,Married,9,0,21.0,15.0,16.0,4.0,253.29
50964,0,19.0,Phone,2,32.0,Credit Card,Female,3.0,3,Grocery,1,Married,1,0,21.0,14.0,9.0,13.0,348.14
50965,0,2.0,Phone,1,13.0,Credit Card,Male,4.0,3,Laptop & Accessory,1,Married,2,0,25.0,13.0,14.0,21.0,101.13
50966,0,11.0,Mobile Phone,1,30.0,Debit Card,Male,5.0,5,Laptop & Accessory,5,Married,10,1,22.0,1.0,2.0,0.0,216.29
50967,0,1.0,Phone,3,6.0,Cash on Delivery,Male,2.0,4,Fashion,2,Married,9,0,16.0,10.0,4.0,0.0,126.44
50968,0,13.0,Computer,1,10.0,Credit Card,Female,3.0,6,Laptop & Accessory,1,Single,4,0,12.0,14.0,2.0,10.0,228.71
50969,0,15.0,Mobile Phone,1,33.0,UPI,Female,3.0,2,Fashion,3,Single,4,0,21.0,13.0,14.0,18.0,148.91
50970,0,18.0,Computer,3,30.0,COD,Male,3.0,5,Fashion,2,Divorced,11,0,14.0,2.0,7.0,4.0,211.6
50971,1,60.0,Computer,2,32.0,Debit Card,Male,4.0,3,Mobile Phone,1,Divorced,10,1,23.0,10.0,1.0,13.0,109.51
50972,0,5.0,Phone,1,22.0,UPI,Male,2.0,4,Fashion,4,Divorced,9,0,13.0,8.0,5.0,14.0,213.32
50973,0,12.0,Phone,1,38.0,Credit Card,Male,3.0,3,Grocery,2,Married,5,0,22.0,1.0,13.0,8.0,266.69
50974,0,21.0,Phone,3,14.0,Debit Card,Male,2.0,6,Laptop & Accessory,5,Divorced,13,0,12.0,11.0,9.0,4.0,319.75
50975,0,17.0,Phone,3,26.0,UPI,Male,3.0,2,Fashion,3,Married,4,1,25.0,8.0,9.0,2.0,331.84
50976,0,11.0,Mobile Phone,1,31.0,Cash on Delivery,Male,3.0,4,Fashion,2,Single,9,1,16.0,14.0,4.0,20.0,188.34
50977,0,29.0,Computer,1,26.0,Debit Card,Male,5.0,6,Laptop & Accessory,4,Divorced,4,0,21.0,8.0,3.0,13.0,301.93
50978,1,6.0,Phone,1,23.0,UPI,Male,3.0,4,Fashion,5,Married,15,0,25.0,2.0,15.0,10.0,319.81
50979,0,50.0,Phone,2,13.0,Credit Card,Female,3.0,5,Fashion,1,Married,4,0,20.0,12.0,14.0,12.0,342.39
50980,0,18.0,Phone,2,23.0,Credit Card,Male,2.0,6,Laptop & Accessory,2,Single,7,0,11.0,1.0,4.0,1.0,209.89
50981,0,5.0,Mobile Phone,1,6.0,Credit Card,Female,3.0,2,Mobile Phone,3,Married,10,0,20.0,0.0,11.0,15.0,304.89
50982,0,19.0,Mobile Phone,2,32.0,E wallet,Male,2.0,4,Others,4,Single,10,1,14.0,2.0,4.0,5.0,165.09
50983,0,26.0,Computer,2,26.0,UPI,Male,3.0,4,Laptop & Accessory,1,Married,1,0,18.0,7.0,10.0,10.0,291.84
50984,0,6.0,Mobile Phone,2,10.0,Credit Card,Female,0.0,5,Laptop & Accessory,3,Divorced,3,1,15.0,4.0,11.0,13.0,299.9
50985,0,4.0,Phone,3,11.0,Credit Card,Male,0.0,2,Fashion,5,Single,10,0,13.0,13.0,12.0,9.0,313.42
50986,0,10.0,Mobile Phone,1,10.0,UPI,Male,3.0,4,Mobile,5,Divorced,11,0,12.0,13.0,7.0,6.0,303.29
50987,0,14.0,Mobile Phone,1,37.0,CC,Male,5.0,2,Laptop & Accessory,3,Single,4,1,26.0,8.0,1.0,0.0,296.55
50988,1,2.0,Mobile Phone,2,18.0,E wallet,Male,3.0,5,Grocery,2,Divorced,14,0,21.0,9.0,8.0,7.0,270.72
50989,0,4.0,Computer,3,5.0,Debit Card,Male,3.0,3,Mobile Phone,4,Single,12,1,21.0,12.0,12.0,1.0,127.75
50990,1,22.0,Phone,1,29.0,Credit Card,Male,4.0,3,Mobile Phone,1,Married,8,0,16.0,8.0,14.0,2.0,193.01
50991,1,8.0,Phone,3,10.0,Credit Card,Male,2.0,5,Mobile,2,Single,9,0,22.0,7.0,16.0,11.0,161.73
50992,0,14.0,Computer,1,32.0,UPI,Male,1.0,5,Grocery,2,Divorced,1,0,14.0,8.0,6.0,2.0,208.25
50993,0,2.0,Mobile Phone,1,22.0,E wallet,Male,5.0,3,Laptop & Accessory,2,Single,14,0,17.0,10.0,2.0,16.0,329.15
50994,0,28.0,Mobile Phone,1,31.0,Credit Card,Male,5.0,4,Laptop & Accessory,2,Married,12,0,18.0,4.0,16.0,7.0,253.51
50995,0,5.0,Phone,3,6.0,Credit Card,Female,2.0,4,Laptop & Accessory,4,Single,3,0,25.0,15.0,14.0,18.0,120.98
50996,1,16.0,Phone,2,25.0,Debit Card,Male,2.0,5,Mobile Phone,3,Single,3,1,19.0,8.0,16.0,20.0,174.65
50997,0,25.0,Mobile Phone,1,27.0,UPI,Female,4.0,5,Mobile Phone,5,Divorced,12,0,23.0,13.0,14.0,3.0,312.96
50998,1,20.0,Computer,3,22.0,UPI,Female,3.0,3,Mobile Phone,4,Married,8,1,17.0,15.0,7.0,10.0,193.83
50999,1,7.0,Computer,2,20.0,Credit Card,Male,0.0,4,Mobile Phone,3,Married,5,0,19.0,15.0,9.0,11.0,101.8
51000,1,20.0,Mobile Phone,3,8.0,Credit Card,Male,1.0,2,Mobile,3,Married,5,0,14.0,15.0,7.0,4.0,293.86
51001,0,10.0,Mobile Phone,1,22.0,Debit Card,Male,5.0,6,Laptop & Accessory,5,Single,11,1,11.0,16.0,3.0,1.0,135.17
51002,0,7.0,Computer,1,9.0,UPI,Male,0.0,5,Mobile Phone,1,Single,15,1,17.0,5.0,15.0,10.0,130.49
51003,0,23.0,Mobile Phone,2,38.0,UPI,Female,2.0,3,Laptop & Accessory,4,Single,8,0,12.0,8.0,1.0,17.0,254.21
51004,0,61.0,Mobile Phone,2,26.0,Credit Card,Male,3.0,3,Fashion,2,Single,13,0,24.0,16.0,12.0,14.0,242.24
51005,1,13.0,Phone,2,24.0,Credit Card,Male,1.0,2,Laptop & Accessory,4,Married,6,0,25.0,8.0,10.0,16.0,190.25
51006,0,13.0,Phone,2,17.0,UPI,Male,2.0,4,Grocery,5,Married,6,1,20.0,9.0,4.0,20.0,151.92
51007,1,9.0,Phone,2,38.0,Debit Card,Female,2.0,4,Others,2,Single,15,1,21.0,14.0,8.0,4.0,125.89
51008,0,11.0,Mobile Phone,1,10.0,Debit Card,Male,2.0,6,Mobile,1,Married,7,0,19.0,7.0,4.0,10.0,130.4
51009,0,60.0,Phone,2,33.0,Debit Card,Female,4.0,4,Laptop & Accessory,3,Divorced,10,1,26.0,15.0,13.0,4.0,283.93
51010,1,9.0,Phone,1,37.0,Cash on Delivery,Female,3.0,4,Mobile,3,Married,1,0,16.0,15.0,10.0,7.0,325.07
51011,0,16.0,Mobile Phone,1,5.0,Debit Card,Male,2.0,5,Mobile Phone,4,Married,9,1,19.0,5.0,6.0,18.0,240.49
51012,0,16.0,Mobile Phone,1,11.0,UPI,Male,2.0,4,Fashion,1,Married,5,1,22.0,4.0,8.0,11.0,261.45
51013,1,2.0,Phone,2,26.0,Credit Card,Male,0.0,1,Laptop & Accessory,2,Married,8,1,19.0,14.0,13.0,10.0,343.29
51014,0,30.0,Computer,3,36.0,CC,Male,0.0,5,Mobile Phone,3,Divorced,12,0,19.0,7.0,16.0,13.0,103.91
51015,0,0.0,Computer,1,18.0,COD,Female,3.0,3,Mobile Phone,1,Married,10,1,17.0,9.0,14.0,15.0,138.98
51016,0,11.0,Mobile Phone,1,28.0,CC,Male,1.0,6,Mobile Phone,5,Married,13,1,24.0,10.0,15.0,2.0,217.54
51017,0,3.0,Phone,1,23.0,Credit Card,Male,3.0,3,Laptop & Accessory,4,Divorced,6,1,21.0,1.0,6.0,5.0,122.0
51018,0,12.0,Phone,3,31.0,Credit Card,Male,4.0,4,Fashion,3,Single,12,0,22.0,11.0,1.0,10.0,165.47
51019,0,60.0,Computer,2,22.0,Cash on Delivery,Male,2.0,4,Fashion,5,Divorced,6,0,13.0,16.0,1.0,10.0,196.93
51020,0,20.0,Phone,3,25.0,E wallet,Male,2.0,3,Laptop & Accessory,4,Married,4,0,20.0,8.0,11.0,9.0,276.52
51021,0,17.0,Mobile Phone,3,33.0,CC,Male,4.0,6,Mobile,4,Married,3,0,22.0,7.0,3.0,12.0,133.03
51022,0,3.0,Phone,1,5.0,UPI,Male,4.0,4,Laptop & Accessory,2,Married,2,0,15.0,13.0,10.0,1.0,250.42
51023,0,17.0,Mobile Phone,1,35.0,UPI,Male,4.0,4,Mobile Phone,3,Married,10,0,13.0,1.0,14.0,17.0,112.96
51024,0,4.0,Mobile Phone,2,31.0,UPI,Male,3.0,2,Laptop & Accessory,3,Married,11,1,23.0,7.0,10.0,2.0,211.81
51025,0,18.0,Phone,1,31.0,Credit Card,Male,5.0,6,Fashion,4,Divorced,12,0,23.0,1.0,4.0,10.0,124.67
51026,0,1.0,Computer,1,19.0,Cash on Delivery,Male,4.0,5,Others,5,Divorced,4,1,13.0,13.0,2.0,3.0,224.56
51027,0,11.0,Mobile Phone,1,29.0,E wallet,Male,2.0,3,Fashion,2,Divorced,15,0,17.0,11.0,6.0,4.0,203.88
51028,0,17.0,Phone,2,19.0,UPI,Male,3.0,2,Laptop & Accessory,5,Married,14,0,22.0,4.0,10.0,6.0,194.89
51029,0,9.0,Mobile Phone,2,23.0,UPI,Male,1.0,1,Others,3,Married,15,1,26.0,10.0,15.0,14.0,303.09
51030,0,60.0,Computer,1,15.0,COD,Male,3.0,2,Laptop & Accessory,2,Married,13,0,16.0,10.0,14.0,13.0,229.06
51031,0,5.0,Phone,2,37.0,Debit Card,Male,2.0,4,Laptop & Accessory,2,Married,1,0,15.0,8.0,11.0,8.0,167.94
51032,0,7.0,Mobile Phone,1,27.0,Debit Card,Male,2.0,5,Mobile Phone,3,Single,6,1,22.0,15.0,5.0,13.0,303.22
51033,0,10.0,Mobile Phone,2,16.0,Credit Card,Male,1.0,3,Others,4,Single,11,1,15.0,8.0,8.0,17.0,230.18
51034,0,11.0,Mobile Phone,2,6.0,Debit Card,Male,2.0,3,Laptop & Accessory,4,Single,7,0,21.0,5.0,11.0,7.0,343.88
51035,0,17.0,Mobile Phone,1,25.0,UPI,Male,3.0,4,Fashion,3,Single,5,1,18.0,11.0,2.0,11.0,223.78
51036,0,1.0,Mobile Phone,2,18.0,Debit Card,Male,3.0,1,Mobile Phone,1,Divorced,10,0,11.0,0.0,7.0,9.0,306.3
51037,0,7.0,Phone,2,38.0,Debit Card,Male,2.0,2,Fashion,4,Divorced,10,0,24.0,9.0,14.0,21.0,100.34
51038,1,10.0,Mobile Phone,1,19.0,Credit Card,Female,4.0,4,Laptop & Accessory,4,Married,10,1,14.0,1.0,4.0,8.0,162.81
51039,1,9.0,Phone,1,25.0,UPI,Male,3.0,3,Mobile,1,Divorced,1,1,15.0,12.0,16.0,21.0,107.38
51040,0,20.0,Mobile Phone,3,27.0,UPI,Male,3.0,4,Laptop & Accessory,5,Divorced,3,0,19.0,8.0,15.0,1.0,237.02
51041,0,19.0,Phone,1,25.0,Debit Card,Male,2.0,2,Laptop & Accessory,1,Married,6,1,26.0,7.0,4.0,15.0,218.25
51042,1,7.0,Mobile Phone,2,18.0,Cash on Delivery,Male,4.0,5,Laptop & Accessory,4,Married,7,1,24.0,11.0,4.0,11.0,289.6
51043,0,28.0,Mobile Phone,3,25.0,UPI,Male,3.0,5,Grocery,4,Married,9,0,11.0,12.0,11.0,16.0,128.2
51044,0,11.0,Phone,1,16.0,UPI,Male,4.0,4,Laptop & Accessory,5,Divorced,12,0,19.0,5.0,4.0,3.0,307.6
51045,0,13.0,Mobile Phone,1,9.0,Debit Card,Male,1.0,4,Laptop & Accessory,3,Married,12,1,16.0,13.0,2.0,16.0,118.04
51046,0,20.0,Computer,3,6.0,UPI,Female,2.0,3,Laptop & Accessory,4,Married,2,1,13.0,8.0,3.0,3.0,311.19
51047,0,21.0,Phone,1,26.0,UPI,Male,1.0,4,Mobile Phone,4,Single,3,0,13.0,15.0,8.0,0.0,237.82
51048,0,20.0,Phone,2,10.0,UPI,Female,2.0,5,Grocery,5,Divorced,15,0,21.0,14.0,14.0,0.0,122.82
51049,0,29.0,Mobile Phone,2,6.0,CC,Female,2.0,5,Mobile,4,Single,13,0,21.0,9.0,16.0,13.0,107.74
51050,0,19.0,Mobile Phone,2,33.0,E wallet,Female,4.0,3,Others,3,Single,4,0,14.0,13.0,10.0,3.0,299.46
51051,0,23.0,Phone,3,11.0,Credit Card,Female,3.0,2,Grocery,5,Single,5,0,25.0,8.0,5.0,2.0,179.28
51052,1,22.0,Phone,3,20.0,Debit Card,Male,2.0,3,Mobile Phone,4,Married,14,0,19.0,9.0,10.0,0.0,336.28
51053,0,6.0,Mobile Phone,2,37.0,Credit Card,Male,3.0,1,Grocery,1,Divorced,13,0,22.0,7.0,5.0,18.0,346.88
51054,0,8.0,Mobile Phone,3,37.0,Debit Card,Male,0.0,3,Grocery,2,Married,7,1,19.0,11.0,5.0,17.0,300.53
51055,0,0.0,Mobile Phone,3,18.0,Credit Card,Male,2.0,3,Laptop & Accessory,5,Married,14,1,16.0,16.0,7.0,21.0,290.58
51056,1,17.0,Phone,3,16.0,UPI,Male,3.0,5,Laptop & Accessory,4,Married,6,1,15.0,10.0,9.0,10.0,279.01
51057,0,21.0,Mobile Phone,2,10.0,Cash on Delivery,Female,3.0,4,Mobile Phone,3,Single,12,0,26.0,10.0,1.0,3.0,149.7
51058,0,9.0,Phone,1,16.0,CC,Male,3.0,1,Mobile,2,Single,5,1,26.0,13.0,2.0,1.0,138.45
51059,0,5.0,Mobile Phone,2,35.0,UPI,Male,2.0,2,Laptop & Accessory,2,Single,13,0,23.0,0.0,8.0,13.0,201.1
51060,0,16.0,Phone,1,16.0,UPI,Female,2.0,4,Mobile,3,Married,6,1,16.0,14.0,8.0,1.0,336.3
51061,0,17.0,Mobile Phone,1,14.0,Credit Card,Male,5.0,4,Laptop & Accessory,5,Single,14,1,16.0,5.0,13.0,9.0,108.29
51062,0,9.0,Phone,1,31.0,Debit Card,Male,5.0,5,Mobile Phone,3,Married,13,0,19.0,4.0,11.0,0.0,305.14
51063,0,7.0,Mobile Phone,3,11.0,E wallet,Male,2.0,6,Mobile Phone,4,Divorced,1,0,20.0,12.0,11.0,12.0,202.95
51064,0,20.0,Mobile Phone,1,37.0,UPI,Female,3.0,5,Mobile Phone,2,Divorced,8,1,17.0,8.0,4.0,1.0,108.09
51065,0,5.0,Mobile Phone,2,31.0,Debit Card,Male,2.0,4,Mobile,4,Married,7,0,24.0,9.0,12.0,4.0,144.58
51066,0,20.0,Mobile Phone,2,12.0,Cash on Delivery,Female,2.0,3,Fashion,3,Married,14,0,23.0,7.0,15.0,1.0,345.31
51067,0,23.0,Mobile Phone,1,9.0,Debit Card,Male,4.0,5,Laptop & Accessory,2,Single,3,0,25.0,5.0,15.0,0.0,303.79
51068,0,51.0,Computer,2,22.0,Debit Card,Female,3.0,6,Fashion,4,Single,2,1,17.0,12.0,3.0,19.0,307.03
51069,0,17.0,Computer,2,25.0,Credit Card,Male,4.0,3,Mobile Phone,5,Married,9,0,14.0,5.0,1.0,12.0,237.25
51070,1,27.0,Mobile Phone,3,28.0,Credit Card,Female,3.0,4,Others,3,Single,5,1,15.0,13.0,13.0,17.0,109.86
51071,0,50.0,Computer,1,11.0,Credit Card,Female,3.0,3,Mobile Phone,4,Single,9,1,17.0,3.0,2.0,7.0,304.51
51072,0,11.0,Phone,1,23.0,Credit Card,Male,0.0,5,Fashion,3,Married,15,1,18.0,1.0,3.0,0.0,218.37
51073,0,26.0,Mobile Phone,2,35.0,Debit Card,Male,3.0,5,Grocery,1,Married,15,0,16.0,0.0,3.0,8.0,278.69
51074,0,9.0,Computer,1,31.0,UPI,Male,5.0,3,Mobile,3,Single,15,0,18.0,13.0,1.0,5.0,286.44
51075,1,50.0,Computer,1,33.0,UPI,Male,3.0,5,Grocery,4,Married,15,1,24.0,15.0,4.0,18.0,110.08
51076,0,25.0,Computer,1,27.0,COD,Female,1.0,6,Others,3,Divorced,9,0,19.0,13.0,16.0,7.0,156.32
51077,0,24.0,Mobile Phone,2,24.0,Debit Card,Male,5.0,3,Mobile Phone,5,Married,3,0,25.0,8.0,5.0,7.0,308.23
51078,0,10.0,Mobile Phone,1,10.0,Debit Card,Female,2.0,2,Grocery,4,Married,3,0,11.0,8.0,2.0,18.0,222.84
51079,0,22.0,Phone,2,16.0,CC,Female,2.0,5,Laptop & Accessory,3,Married,13,0,24.0,1.0,8.0,16.0,107.95
51080,0,17.0,Phone,3,16.0,COD,Male,3.0,4,Fashion,4,Single,15,0,14.0,10.0,7.0,18.0,339.8
51081,1,22.0,Mobile Phone,2,7.0,Cash on Delivery,Male,1.0,5,Laptop & Accessory,3,Married,14,0,26.0,11.0,7.0,6.0,254.52
51082,1,28.0,Computer,1,39.0,Debit Card,Male,2.0,3,Laptop & Accessory,1,Married,9,0,19.0,5.0,9.0,7.0,199.86
51083,0,30.0,Phone,2,23.0,Credit Card,Male,3.0,4,Fashion,1,Married,3,0,15.0,8.0,14.0,18.0,325.19
51084,0,6.0,Mobile Phone,1,8.0,UPI,Male,3.0,4,Laptop & Accessory,3,Married,7,0,21.0,6.0,16.0,1.0,133.02
51085,0,17.0,Phone,1,35.0,Cash on Delivery,Male,3.0,2,Laptop & Accessory,2,Divorced,3,0,14.0,2.0,12.0,20.0,343.64
51086,0,20.0,Phone,1,37.0,Debit Card,Female,3.0,6,Laptop & Accessory,3,Married,1,1,19.0,7.0,8.0,7.0,164.94
51087,0,1.0,Mobile Phone,1,10.0,Debit Card,Male,3.0,4,Grocery,4,Married,11,0,12.0,8.0,2.0,13.0,240.15
51088,1,17.0,Computer,2,12.0,UPI,Male,4.0,4,Mobile Phone,3,Married,12,0,12.0,14.0,8.0,1.0,304.5
51089,0,51.0,Mobile Phone,3,32.0,Debit Card,Male,5.0,3,Others,4,Married,15,1,21.0,7.0,8.0,20.0,166.39
51090,1,60.0,Mobile Phone,3,19.0,Credit Card,Female,2.0,4,Mobile Phone,5,Single,3,0,25.0,16.0,10.0,17.0,172.77
51091,0,19.0,Computer,1,35.0,Cash on Delivery,Male,1.0,5,Mobile Phone,4,Single,5,0,25.0,0.0,1.0,15.0,247.76
51092,1,61.0,Computer,2,12.0,Credit Card,Male,2.0,5,Mobile Phone,4,Married,13,1,18.0,13.0,10.0,7.0,118.45
51093,0,17.0,Computer,1,10.0,UPI,Female,0.0,6,Others,5,Single,10,1,26.0,3.0,12.0,10.0,289.5
51094,0,23.0,Computer,2,33.0,E wallet,Female,4.0,2,Laptop & Accessory,3,Married,8,1,18.0,6.0,11.0,6.0,177.13
51095,0,7.0,Phone,1,38.0,Debit Card,Female,2.0,2,Laptop & Accessory,2,Divorced,7,0,15.0,13.0,12.0,9.0,339.11
51096,0,29.0,Computer,3,11.0,Debit Card,Female,3.0,5,Fashion,4,Single,10,1,16.0,9.0,8.0,18.0,172.15
51097,0,9.0,Mobile Phone,3,14.0,UPI,Male,1.0,5,Grocery,1,Single,1,0,21.0,1.0,10.0,10.0,335.3
51098,1,22.0,Phone,1,17.0,Debit Card,Female,3.0,4,Fashion,3,Divorced,14,1,15.0,2.0,3.0,15.0,128.33
51099,0,10.0,Phone,2,26.0,Debit Card,Male,0.0,2,Mobile Phone,3,Single,13,1,18.0,7.0,7.0,20.0,200.16
51100,1,1.0,Mobile Phone,2,25.0,UPI,Male,4.0,4,Fashion,5,Single,2,0,26.0,15.0,5.0,12.0,262.38
51101,0,25.0,Phone,2,5.0,CC,Female,5.0,5,Mobile,3,Divorced,9,0,16.0,0.0,4.0,4.0,165.36
51102,0,51.0,Phone,2,22.0,E wallet,Male,2.0,2,Fashion,4,Divorced,10,0,16.0,11.0,6.0,19.0,286.65
51103,0,12.0,Phone,2,33.0,UPI,Male,2.0,2,Mobile Phone,3,Married,11,1,17.0,12.0,8.0,21.0,348.23
51104,0,24.0,Mobile Phone,3,15.0,Debit Card,Male,2.0,3,Laptop & Accessory,5,Married,12,0,12.0,14.0,5.0,16.0,335.56
51105,1,3.0,Computer,2,11.0,Debit Card,Male,3.0,2,Mobile,2,Single,8,1,19.0,2.0,14.0,10.0,344.57
51106,1,18.0,Mobile Phone,2,39.0,UPI,Male,1.0,2,Others,5,Married,2,0,19.0,8.0,9.0,0.0,113.71
51107,0,17.0,Mobile Phone,3,34.0,Debit Card,Female,4.0,3,Laptop & Accessory,3,Married,3,1,19.0,5.0,9.0,12.0,251.23
51108,1,29.0,Computer,3,20.0,Debit Card,Female,1.0,4,Laptop & Accessory,3,Married,15,0,20.0,4.0,8.0,10.0,314.74
51109,0,18.0,Phone,1,19.0,Credit Card,Male,0.0,2,Grocery,4,Married,8,1,15.0,2.0,8.0,6.0,318.47
51110,0,22.0,Mobile Phone,1,24.0,Credit Card,Female,3.0,4,Mobile,1,Single,4,0,25.0,11.0,14.0,5.0,221.81
51111,0,15.0,Mobile Phone,2,32.0,Debit Card,Male,3.0,3,Mobile Phone,4,Married,2,0,24.0,7.0,11.0,12.0,102.89
51112,0,0.0,Phone,3,7.0,Cash on Delivery,Male,3.0,3,Laptop & Accessory,2,Divorced,13,0,11.0,13.0,2.0,21.0,292.1
51113,0,11.0,Computer,1,33.0,Cash on Delivery,Female,1.0,6,Laptop & Accessory,2,Single,4,0,20.0,16.0,14.0,13.0,334.68
51114,0,23.0,Computer,1,13.0,UPI,Female,4.0,5,Grocery,5,Single,15,0,26.0,8.0,5.0,7.0,101.07
51115,0,60.0,Phone,1,31.0,Debit Card,Male,3.0,3,Fashion,5,Single,6,0,14.0,16.0,8.0,2.0,110.93
51116,1,7.0,Mobile Phone,2,36.0,E wallet,Male,3.0,3,Fashion,5,Married,14,0,26.0,0.0,6.0,4.0,293.43
51117,0,17.0,Mobile Phone,3,35.0,Credit Card,Male,1.0,2,Laptop & Accessory,5,Single,8,0,16.0,3.0,3.0,15.0,294.71
51118,0,4.0,Mobile Phone,2,30.0,Debit Card,Female,1.0,5,Laptop & Accessory,5,Single,3,0,13.0,0.0,10.0,11.0,152.63
51119,0,25.0,Mobile Phone,1,7.0,Credit Card,Male,3.0,1,Laptop & Accessory,5,Married,5,0,23.0,9.0,5.0,7.0,279.35
51120,1,29.0,Mobile Phone,3,15.0,UPI,Male,2.0,2,Others,2,Married,3,1,23.0,6.0,13.0,19.0,320.78
51121,0,12.0,Mobile Phone,1,33.0,Credit Card,Female,2.0,4,Mobile Phone,1,Single,8,0,22.0,9.0,9.0,3.0,164.4
51122,0,18.0,Phone,3,31.0,UPI,Male,3.0,2,Grocery,2,Single,8,0,16.0,5.0,9.0,16.0,211.73
51123,1,28.0,Mobile Phone,1,14.0,UPI,Female,2.0,4,Others,2,Single,6,0,19.0,2.0,12.0,4.0,221.55
51124,0,2.0,Phone,2,39.0,Credit Card,Female,4.0,1,Fashion,5,Single,10,0,21.0,4.0,14.0,9.0,203.58
51125,0,17.0,Computer,2,27.0,Credit Card,Male,5.0,2,Mobile Phone,5,Single,11,0,25.0,8.0,2.0,3.0,181.59
51126,0,11.0,Phone,2,10.0,Debit Card,Male,2.0,5,Laptop & Accessory,3,Married,1,0,11.0,2.0,2.0,6.0,347.33
51127,0,1.0,Phone,3,15.0,Debit Card,Male,3.0,4,Mobile Phone,1,Married,11,0,20.0,14.0,2.0,1.0,242.63
51128,0,10.0,Phone,3,31.0,UPI,Female,4.0,1,Mobile Phone,3,Single,3,0,19.0,8.0,14.0,8.0,278.78
51129,1,27.0,Mobile Phone,3,35.0,UPI,Male,1.0,3,Fashion,4,Single,7,0,19.0,7.0,8.0,20.0,126.65
51130,1,17.0,Mobile Phone,1,34.0,Debit Card,Female,1.0,3,Grocery,5,Single,13,0,25.0,9.0,5.0,18.0,227.38
51131,1,12.0,Mobile Phone,1,7.0,Credit Card,Male,3.0,5,Fashion,3,Divorced,11,0,19.0,10.0,12.0,6.0,324.02
51132,0,21.0,Mobile Phone,2,17.0,Debit Card,Male,3.0,4,Others,3,Single,8,1,21.0,3.0,10.0,1.0,278.31
51133,0,11.0,Phone,3,25.0,Credit Card,Male,2.0,4,Laptop & Accessory,4,Married,12,1,14.0,2.0,14.0,0.0,169.97
51134,0,1.0,Computer,2,15.0,Cash on Delivery,Male,2.0,2,Fashion,2,Married,3,0,12.0,7.0,7.0,9.0,310.71
51135,1,6.0,Computer,3,7.0,Debit Card,Male,2.0,4,Laptop & Accessory,4,Single,6,0,22.0,11.0,12.0,10.0,113.09
51136,0,25.0,Mobile Phone,3,35.0,Credit Card,Male,3.0,2,Mobile,3,Married,2,0,21.0,1.0,3.0,20.0,346.37
51137,0,25.0,Computer,2,28.0,CC,Male,1.0,4,Mobile Phone,5,Married,1,0,18.0,3.0,1.0,17.0,289.44
51138,0,23.0,Mobile Phone,3,16.0,Debit Card,Male,3.0,4,Fashion,5,Married,9,0,17.0,11.0,4.0,5.0,337.72
51139,0,11.0,Computer,3,31.0,E wallet,Male,5.0,5,Mobile Phone,4,Married,14,0,11.0,16.0,7.0,16.0,313.84
51140,1,15.0,Mobile Phone,3,25.0,Credit Card,Male,4.0,5,Laptop & Accessory,4,Married,11,0,16.0,14.0,13.0,13.0,292.78
51141,0,22.0,Mobile Phone,2,29.0,Credit Card,Male,3.0,2,Fashion,2,Single,9,0,20.0,4.0,3.0,16.0,210.58
51142,0,8.0,Mobile Phone,3,34.0,Debit Card,Male,1.0,6,Others,3,Married,5,0,22.0,15.0,15.0,14.0,301.89
51143,0,50.0,Computer,1,34.0,Credit Card,Female,3.0,1,Laptop & Accessory,5,Single,1,0,15.0,8.0,8.0,7.0,118.99
51144,0,14.0,Mobile Phone,2,14.0,UPI,Male,5.0,3,Grocery,3,Married,2,1,12.0,9.0,11.0,16.0,157.06
51145,1,17.0,Mobile Phone,1,7.0,Credit Card,Female,4.0,2,Mobile Phone,3,Divorced,11,0,23.0,5.0,4.0,20.0,321.87
51146,1,4.0,Computer,1,17.0,Cash on Delivery,Male,3.0,5,Laptop & Accessory,5,Married,1,1,26.0,4.0,10.0,18.0,274.77
51147,0,10.0,Computer,3,31.0,UPI,Female,1.0,4,Fashion,3,Divorced,6,0,23.0,2.0,11.0,4.0,146.59
51148,0,9.0,Mobile Phone,2,22.0,Debit Card,Male,3.0,2,Laptop & Accessory,5,Married,2,0,23.0,3.0,14.0,18.0,203.88
51149,0,12.0,Phone,1,28.0,Debit Card,Male,4.0,2,Fashion,1,Married,14,0,15.0,9.0,9.0,5.0,278.35
51150,0,14.0,Mobile Phone,1,18.0,Debit Card,Male,5.0,3,Mobile Phone,4,Single,1,0,16.0,2.0,3.0,0.0,299.08
51151,0,6.0,Mobile Phone,3,22.0,E wallet,Male,3.0,6,Laptop & Accessory,1,Married,10,0,20.0,11.0,8.0,10.0,310.11
51152,0,27.0,Phone,3,20.0,Debit Card,Male,3.0,4,Laptop & Accessory,4,Married,6,0,23.0,14.0,5.0,0.0,136.99
51153,0,50.0,Mobile Phone,1,14.0,UPI,Female,3.0,3,Grocery,4,Single,11,1,16.0,12.0,9.0,6.0,101.7
51154,0,61.0,Phone,3,31.0,UPI,Male,5.0,5,Grocery,4,Married,2,0,26.0,3.0,12.0,2.0,133.61
51155,0,14.0,Phone,1,5.0,E wallet,Male,3.0,2,Fashion,3,Married,9,1,26.0,7.0,10.0,7.0,223.06
51156,0,20.0,Phone,2,9.0,UPI,Female,2.0,4,Fashion,5,Married,10,0,12.0,7.0,9.0,6.0,330.44
51157,0,5.0,Phone,2,17.0,COD,Male,3.0,3,Grocery,4,Single,3,0,11.0,11.0,14.0,12.0,148.45
51158,0,0.0,Phone,3,7.0,Credit Card,Male,4.0,3,Mobile Phone,3,Single,10,0,19.0,13.0,7.0,20.0,292.84
51159,0,3.0,Mobile Phone,3,21.0,E wallet,Male,3.0,3,Laptop & Accessory,5,Single,13,1,25.0,8.0,12.0,16.0,269.71
51160,0,10.0,Mobile Phone,1,23.0,Debit Card,Male,3.0,4,Mobile Phone,5,Married,8,1,22.0,5.0,9.0,10.0,340.96
51161,0,25.0,Phone,2,22.0,Debit Card,Male,3.0,6,Mobile,2,Single,14,0,25.0,8.0,8.0,15.0,172.7
51162,0,22.0,Phone,1,28.0,Debit Card,Male,3.0,5,Mobile Phone,4,Married,9,0,25.0,7.0,10.0,10.0,271.48
51163,0,28.0,Phone,2,37.0,UPI,Male,1.0,4,Others,4,Divorced,14,0,14.0,6.0,14.0,20.0,107.39
51164,0,20.0,Phone,2,22.0,Credit Card,Male,3.0,5,Fashion,4,Married,10,1,19.0,7.0,13.0,1.0,160.03
51165,0,26.0,Mobile Phone,1,7.0,Debit Card,Male,2.0,4,Grocery,4,Divorced,5,1,22.0,3.0,8.0,12.0,256.32
51166,0,12.0,Phone,2,8.0,Debit Card,Female,5.0,2,Laptop & Accessory,2,Married,6,0,24.0,2.0,14.0,9.0,342.63
51167,0,22.0,Mobile Phone,1,36.0,Credit Card,Female,5.0,6,Mobile Phone,3,Single,13,0,11.0,3.0,3.0,13.0,199.77
51168,0,15.0,Computer,2,28.0,Debit Card,Male,2.0,4,Grocery,5,Married,12,0,19.0,16.0,3.0,8.0,266.09
51169,0,29.0,Phone,2,39.0,UPI,Male,5.0,3,Fashion,1,Single,10,0,19.0,10.0,10.0,18.0,118.4
51170,0,3.0,Mobile Phone,1,22.0,Debit Card,Male,2.0,5,Others,4,Married,12,1,25.0,1.0,2.0,2.0,102.85
51171,0,15.0,Phone,3,7.0,Credit Card,Male,3.0,4,Laptop & Accessory,5,Single,5,0,21.0,7.0,1.0,21.0,137.52
51172,0,30.0,Computer,1,22.0,UPI,Male,1.0,1,Grocery,2,Single,14,0,11.0,15.0,11.0,18.0,245.35
51173,0,24.0,Mobile Phone,2,28.0,Credit Card,Male,1.0,3,Laptop & Accessory,5,Married,14,0,19.0,9.0,8.0,11.0,302.41
51174,1,11.0,Phone,2,5.0,Debit Card,Male,4.0,4,Laptop & Accessory,2,Married,6,1,15.0,3.0,14.0,13.0,190.74
51175,0,17.0,Phone,1,38.0,Debit Card,Female,4.0,3,Fashion,1,Single,11,0,19.0,5.0,10.0,3.0,275.09
51176,0,51.0,Phone,1,16.0,Cash on Delivery,Female,3.0,4,Mobile,4,Single,2,1,16.0,14.0,14.0,15.0,219.12
51177,0,27.0,Mobile Phone,3,21.0,Credit Card,Female,2.0,2,Mobile,4,Divorced,15,1,20.0,15.0,14.0,9.0,304.57
51178,0,8.0,Phone,2,25.0,Credit Card,Male,3.0,4,Mobile Phone,2,Married,12,1,19.0,12.0,4.0,2.0,126.02
51179,0,11.0,Computer,1,25.0,Credit Card,Female,4.0,6,Grocery,1,Married,9,1,11.0,15.0,4.0,9.0,246.01
51180,1,4.0,Computer,1,7.0,Debit Card,Male,2.0,5,Fashion,4,Married,7,0,20.0,0.0,5.0,21.0,332.88
51181,0,27.0,Phone,3,22.0,E wallet,Male,2.0,4,Fashion,2,Single,6,0,23.0,14.0,10.0,3.0,122.15
51182,0,17.0,Computer,1,29.0,Cash on Delivery,Female,4.0,3,Grocery,2,Married,14,0,16.0,11.0,8.0,14.0,165.78
51183,0,4.0,Phone,3,10.0,Credit Card,Female,5.0,4,Mobile Phone,4,Married,15,1,21.0,11.0,8.0,19.0,168.29
51184,1,60.0,Mobile Phone,1,34.0,E wallet,Female,1.0,5,Grocery,4,Married,15,0,13.0,2.0,15.0,2.0,263.22
51185,0,60.0,Phone,2,36.0,Debit Card,Male,4.0,3,Fashion,5,Divorced,11,0,14.0,0.0,14.0,16.0,295.31
51186,0,12.0,Mobile Phone,1,26.0,Credit Card,Male,3.0,2,Laptop & Accessory,3,Single,4,1,13.0,7.0,7.0,11.0,259.94
51187,0,13.0,Mobile Phone,3,18.0,CC,Female,2.0,4,Mobile,2,Married,10,0,17.0,11.0,6.0,4.0,211.9
51188,0,10.0,Phone,2,38.0,UPI,Female,4.0,4,Mobile Phone,4,Single,9,0,22.0,10.0,5.0,16.0,162.63
51189,0,17.0,Computer,2,30.0,Debit Card,Female,3.0,5,Mobile,5,Married,11,0,21.0,9.0,15.0,7.0,332.23
51190,0,51.0,Phone,1,17.0,Credit Card,Male,1.0,4,Laptop & Accessory,4,Married,13,0,26.0,3.0,14.0,13.0,145.32
51191,0,6.0,Phone,2,34.0,Debit Card,Male,3.0,5,Others,3,Single,7,0,21.0,10.0,10.0,14.0,292.3
51192,0,7.0,Mobile Phone,1,22.0,E wallet,Male,4.0,3,Fashion,5,Single,15,0,19.0,14.0,10.0,7.0,139.24
51193,0,17.0,Mobile Phone,1,7.0,Debit Card,Female,1.0,1,Mobile Phone,4,Married,4,0,15.0,2.0,10.0,16.0,205.71
51194,0,14.0,Mobile Phone,3,35.0,Credit Card,Male,3.0,5,Others,2,Married,3,0,16.0,16.0,11.0,19.0,175.34
51195,0,14.0,Phone,2,16.0,UPI,Male,1.0,3,Fashion,5,Married,13,1,19.0,7.0,14.0,12.0,171.82
51196,0,4.0,Mobile Phone,1,19.0,Debit Card,Female,2.0,3,Grocery,3,Single,14,0,13.0,0.0,16.0,5.0,176.5
51197,0,28.0,Mobile Phone,3,22.0,E wallet,Male,2.0,2,Grocery,5,Single,10,0,13.0,8.0,6.0,0.0,306.34
51198,0,18.0,Mobile Phone,3,39.0,Credit Card,Female,3.0,5,Laptop & Accessory,4,Divorced,8,0,14.0,2.0,16.0,10.0,157.98
51199,0,9.0,Phone,2,20.0,UPI,Female,1.0,5,Laptop & Accessory,4,Married,6,0,15.0,8.0,16.0,9.0,156.31
51200,0,11.0,Computer,2,28.0,Debit Card,Male,2.0,3,Mobile Phone,3,Single,2,0,17.0,8.0,14.0,17.0,183.1
51201,0,3.0,Phone,3,21.0,Credit Card,Male,2.0,5,Others,2,Married,7,1,24.0,7.0,11.0,17.0,262.49
51202,0,30.0,Mobile Phone,2,22.0,Cash on Delivery,Female,3.0,3,Laptop & Accessory,2,Married,8,0,19.0,11.0,13.0,5.0,238.51
51203,0,17.0,Mobile Phone,2,21.0,Credit Card,Male,3.0,6,Laptop & Accessory,3,Married,5,1,15.0,8.0,9.0,16.0,206.18
51204,0,15.0,Mobile Phone,2,20.0,Credit Card,Male,1.0,6,Fashion,3,Married,3,0,12.0,5.0,8.0,3.0,334.92
51205,0,24.0,Mobile Phone,1,25.0,Debit Card,Male,5.0,5,Fashion,1,Divorced,12,0,23.0,2.0,8.0,16.0,142.96
51206,0,22.0,Mobile Phone,3,28.0,E wallet,Male,3.0,3,Laptop & Accessory,4,Married,8,1,19.0,6.0,6.0,1.0,130.09
51207,0,11.0,Mobile Phone,2,38.0,Credit Card,Male,3.0,3,Others,3,Married,2,0,15.0,3.0,14.0,3.0,144.16
51208,1,60.0,Mobile Phone,2,31.0,UPI,Male,3.0,4,Laptop & Accessory,2,Single,10,1,16.0,5.0,1.0,16.0,251.54
51209,0,2.0,Mobile Phone,1,21.0,UPI,Male,1.0,3,Laptop & Accessory,3,Married,15,0,26.0,1.0,1.0,10.0,297.18
51210,0,8.0,Mobile Phone,1,29.0,Credit Card,Male,5.0,5,Fashion,1,Married,11,0,19.0,15.0,8.0,3.0,286.31
51211,1,17.0,Phone,1,25.0,Cash on Delivery,Male,3.0,6,Mobile Phone,5,Divorced,6,0,19.0,9.0,8.0,0.0,327.63
51212,0,61.0,Computer,1,8.0,Credit Card,Male,3.0,6,Laptop & Accessory,3,Married,7,1,21.0,8.0,16.0,19.0,283.1
51213,1,60.0,Computer,2,29.0,E wallet,Female,3.0,3,Others,4,Married,10,0,24.0,13.0,5.0,20.0,349.95
51214,0,13.0,Mobile Phone,1,34.0,UPI,Male,5.0,3,Laptop & Accessory,3,Married,9,0,24.0,6.0,7.0,7.0,237.37
51215,1,3.0,Mobile Phone,1,37.0,Credit Card,Female,2.0,2,Laptop & Accessory,3,Married,5,1,22.0,1.0,2.0,8.0,348.71
51216,0,28.0,Computer,2,30.0,E wallet,Male,3.0,1,Others,5,Divorced,12,0,13.0,16.0,13.0,9.0,234.37
51217,0,14.0,Mobile Phone,2,29.0,Debit Card,Male,3.0,2,Laptop & Accessory,5,Married,11,0,14.0,15.0,11.0,11.0,120.18
51218,0,27.0,Computer,1,20.0,UPI,Female,0.0,3,Grocery,4,Single,1,1,19.0,6.0,7.0,6.0,301.11
51219,0,15.0,Phone,1,28.0,Credit Card,Male,1.0,3,Laptop & Accessory,4,Single,10,0,22.0,14.0,15.0,4.0,321.52
51220,1,11.0,Computer,3,9.0,E wallet,Male,2.0,2,Laptop & Accessory,5,Married,2,0,17.0,13.0,5.0,21.0,212.05
51221,0,4.0,Computer,1,17.0,Debit Card,Male,1.0,5,Laptop & Accessory,4,Divorced,8,0,17.0,5.0,8.0,7.0,137.21
51222,0,60.0,Phone,3,34.0,Debit Card,Male,0.0,4,Grocery,5,Married,1,0,21.0,12.0,15.0,17.0,334.21
51223,0,0.0,Phone,1,11.0,Debit Card,Male,3.0,4,Fashion,3,Married,2,1,11.0,5.0,14.0,12.0,325.31
51224,0,50.0,Mobile Phone,2,21.0,UPI,Male,4.0,4,Mobile Phone,4,Married,5,0,12.0,1.0,10.0,8.0,165.72
51225,0,25.0,Mobile Phone,1,31.0,Debit Card,Male,5.0,3,Fashion,4,Single,15,0,13.0,13.0,3.0,4.0,142.55
51226,0,16.0,Mobile Phone,3,39.0,Credit Card,Female,2.0,6,Fashion,2,Married,10,0,11.0,8.0,1.0,9.0,123.43
51227,1,26.0,Mobile Phone,1,9.0,E wallet,Female,2.0,3,Fashion,4,Divorced,12,0,19.0,16.0,12.0,6.0,155.38
51228,0,23.0,Mobile Phone,1,9.0,Credit Card,Male,4.0,4,Others,2,Married,13,1,19.0,9.0,13.0,15.0,306.07
51229,0,17.0,Mobile Phone,1,28.0,Debit Card,Female,4.0,3,Grocery,4,Married,11,0,24.0,16.0,12.0,1.0,245.75
51230,0,17.0,Computer,3,11.0,E wallet,Male,3.0,6,Grocery,1,Married,15,1,15.0,1.0,9.0,9.0,220.78
51231,1,22.0,Mobile Phone,3,11.0,Credit Card,Male,2.0,6,Mobile Phone,4,Single,13,0,21.0,13.0,10.0,9.0,324.76
51232,0,21.0,Mobile Phone,1,18.0,Debit Card,Female,5.0,3,Fashion,3,Divorced,11,0,25.0,2.0,7.0,12.0,185.41
51233,0,3.0,Mobile Phone,1,19.0,UPI,Male,1.0,6,Laptop & Accessory,2,Divorced,3,1,21.0,3.0,8.0,1.0,216.58
51234,0,8.0,Phone,2,9.0,Cash on Delivery,Male,0.0,4,Laptop & Accessory,3,Divorced,13,0,14.0,8.0,10.0,4.0,338.65
51235,0,3.0,Mobile Phone,3,8.0,Credit Card,Male,4.0,5,Mobile Phone,4,Married,4,0,13.0,12.0,10.0,3.0,169.13
51236,0,6.0,Computer,2,34.0,Credit Card,Male,3.0,3,Grocery,4,Divorced,15,0,19.0,6.0,4.0,21.0,273.02
51237,0,22.0,Phone,3,24.0,Debit Card,Male,2.0,3,Mobile Phone,3,Single,10,0,12.0,12.0,3.0,10.0,142.01
51238,1,1.0,Phone,1,30.0,Cash on Delivery,Female,3.0,5,Mobile Phone,3,Married,14,0,19.0,1.0,5.0,13.0,238.6
51239,0,23.0,Mobile Phone,1,13.0,UPI,Male,4.0,3,Mobile,1,Married,5,0,19.0,5.0,1.0,10.0,312.85
51240,0,30.0,Phone,1,34.0,Cash on Delivery,Male,4.0,6,Laptop & Accessory,5,Married,3,0,12.0,0.0,6.0,14.0,174.6
51241,0,30.0,Computer,2,26.0,Credit Card,Male,2.0,3,Fashion,3,Married,5,0,22.0,9.0,12.0,4.0,143.93
51242,0,60.0,Mobile Phone,1,34.0,Debit Card,Female,0.0,1,Laptop & Accessory,3,Married,3,0,13.0,13.0,8.0,11.0,318.67
51243,0,23.0,Mobile Phone,1,24.0,Debit Card,Male,3.0,4,Mobile Phone,2,Single,11,1,12.0,2.0,12.0,20.0,144.8
51244,0,25.0,Mobile Phone,1,32.0,Debit Card,Male,4.0,3,Mobile Phone,4,Married,1,0,25.0,11.0,8.0,16.0,327.0
51245,0,15.0,Computer,2,11.0,Debit Card,Female,2.0,6,Laptop & Accessory,5,Single,14,0,21.0,4.0,5.0,1.0,280.93
51246,0,12.0,Mobile Phone,1,8.0,Debit Card,Male,2.0,3,Fashion,3,Married,7,1,22.0,0.0,16.0,1.0,142.83
51247,0,14.0,Computer,1,32.0,Credit Card,Male,2.0,3,Mobile Phone,3,Divorced,4,1,13.0,3.0,16.0,21.0,324.2
51248,0,26.0,Mobile Phone,3,39.0,Credit Card,Male,0.0,4,Laptop & Accessory,2,Married,15,1,14.0,15.0,12.0,16.0,161.7
51249,0,3.0,Phone,1,37.0,Credit Card,Male,4.0,5,Others,5,Divorced,14,1,15.0,3.0,10.0,20.0,163.95
51250,0,15.0,Phone,1,11.0,Credit Card,Male,1.0,6,Laptop & Accessory,3,Married,8,0,12.0,11.0,12.0,0.0,289.28
51251,1,29.0,Mobile Phone,2,13.0,Cash on Delivery,Male,3.0,2,Mobile Phone,5,Married,4,1,22.0,2.0,7.0,4.0,254.17
51252,0,29.0,Mobile Phone,3,38.0,E wallet,Male,2.0,3,Others,5,Divorced,14,1,26.0,14.0,4.0,12.0,307.16
51253,0,2.0,Mobile Phone,2,38.0,Debit Card,Female,2.0,4,Laptop & Accessory,4,Married,11,0,22.0,16.0,5.0,16.0,198.56
51254,1,21.0,Mobile Phone,1,17.0,Credit Card,Male,5.0,1,Others,3,Divorced,7,0,22.0,10.0,8.0,10.0,281.64
51255,0,21.0,Computer,3,33.0,Debit Card,Male,3.0,4,Mobile Phone,1,Divorced,3,0,22.0,15.0,2.0,19.0,237.91
51256,0,11.0,Mobile Phone,2,39.0,Debit Card,Female,3.0,5,Grocery,2,Married,2,1,17.0,14.0,16.0,19.0,229.67
51257,0,20.0,Phone,1,14.0,Credit Card,Male,4.0,2,Mobile Phone,4,Married,11,0,22.0,6.0,7.0,11.0,257.43
51258,0,3.0,Mobile Phone,2,34.0,UPI,Male,2.0,3,Mobile Phone,4,Married,3,0,14.0,8.0,13.0,19.0,327.97
51259,1,30.0,Mobile Phone,2,30.0,Cash on Delivery,Male,3.0,3,Mobile Phone,4,Single,7,0,21.0,10.0,9.0,6.0,257.32
51260,1,30.0,Phone,2,39.0,UPI,Male,2.0,5,Others,2,Married,14,1,24.0,14.0,7.0,4.0,236.3
51261,1,22.0,Phone,3,32.0,Debit Card,Male,4.0,3,Fashion,2,Single,12,0,26.0,0.0,16.0,10.0,346.17
51262,0,19.0,Mobile Phone,2,33.0,E wallet,Male,3.0,3,Laptop & Accessory,5,Single,3,0,26.0,7.0,4.0,8.0,307.24
51263,1,14.0,Phone,3,10.0,Debit Card,Female,2.0,2,Fashion,4,Single,10,0,11.0,8.0,13.0,10.0,103.23
51264,0,22.0,Mobile Phone,2,7.0,Debit Card,Male,4.0,6,Others,4,Married,8,0,14.0,13.0,8.0,5.0,159.53
51265,0,27.0,Computer,1,33.0,Debit Card,Male,3.0,4,Laptop & Accessory,1,Single,8,1,19.0,8.0,11.0,20.0,209.23
51266,1,15.0,Mobile Phone,2,6.0,COD,Male,3.0,1,Mobile Phone,3,Married,1,0,23.0,6.0,11.0,17.0,210.49
51267,0,20.0,Mobile Phone,1,26.0,UPI,Female,0.0,2,Fashion,1,Married,7,1,24.0,5.0,15.0,14.0,338.32
51268,0,14.0,Phone,1,31.0,UPI,Male,5.0,2,Mobile,4,Divorced,8,0,15.0,0.0,14.0,16.0,175.23
51269,0,16.0,Mobile Phone,2,26.0,Cash on Delivery,Female,5.0,3,Mobile Phone,3,Married,9,0,25.0,15.0,8.0,11.0,342.52
51270,1,12.0,Mobile Phone,2,14.0,Credit Card,Female,3.0,5,Fashion,3,Married,8,0,12.0,3.0,6.0,18.0,108.25
51271,0,18.0,Mobile Phone,1,23.0,Cash on Delivery,Male,2.0,4,Laptop & Accessory,5,Married,14,1,22.0,16.0,3.0,4.0,326.03
51272,0,29.0,Computer,1,28.0,UPI,Male,2.0,5,Grocery,4,Divorced,15,0,16.0,12.0,13.0,4.0,259.37
51273,0,17.0,Computer,1,31.0,COD,Male,2.0,1,Laptop & Accessory,5,Single,10,1,17.0,3.0,12.0,6.0,202.39
51274,1,13.0,Phone,3,21.0,Cash on Delivery,Male,3.0,3,Mobile Phone,1,Married,6,0,12.0,12.0,11.0,10.0,347.56
51275,0,19.0,Phone,1,22.0,UPI,Male,1.0,3,Fashion,4,Married,15,0,20.0,8.0,2.0,0.0,349.47
51276,1,18.0,Phone,2,21.0,UPI,Female,5.0,3,Fashion,4,Married,8,0,12.0,14.0,3.0,16.0,204.98
51277,0,6.0,Mobile Phone,2,14.0,E wallet,Female,1.0,2,Mobile Phone,1,Single,3,0,20.0,16.0,8.0,10.0,148.34
51278,0,3.0,Mobile Phone,2,14.0,Credit Card,Male,3.0,4,Others,4,Married,2,0,13.0,10.0,12.0,3.0,214.18
51279,0,60.0,Computer,1,21.0,Credit Card,Female,2.0,3,Grocery,2,Divorced,1,1,19.0,9.0,7.0,17.0,308.21
51280,0,17.0,Mobile Phone,1,30.0,Cash on Delivery,Female,2.0,2,Fashion,4,Single,8,0,22.0,1.0,3.0,10.0,276.05
51281,0,4.0,Mobile Phone,3,30.0,Credit Card,Male,3.0,4,Laptop & Accessory,1,Divorced,7,1,21.0,8.0,7.0,17.0,114.75
51282,0,9.0,Computer,2,38.0,Debit Card,Male,4.0,2,Others,4,Single,6,0,20.0,1.0,3.0,17.0,155.7
51283,1,50.0,Phone,2,8.0,UPI,Male,3.0,5,Mobile Phone,4,Married,12,0,14.0,2.0,15.0,3.0,216.49
51284,0,12.0,Mobile Phone,2,31.0,Credit Card,Male,2.0,5,Mobile Phone,3,Married,11,0,25.0,4.0,4.0,10.0,339.61
51285,0,4.0,Mobile Phone,1,25.0,Debit Card,Male,2.0,3,Others,3,Married,3,0,15.0,12.0,11.0,4.0,254.2
51286,0,9.0,Phone,1,35.0,UPI,Female,4.0,6,Mobile,3,Divorced,14,0,13.0,1.0,5.0,17.0,112.67
51287,1,9.0,Phone,3,11.0,Cash on Delivery,Male,3.0,3,Fashion,3,Married,6,0,23.0,13.0,2.0,16.0,195.89
51288,0,26.0,Mobile Phone,3,38.0,Debit Card,Female,3.0,6,Grocery,3,Single,5,0,26.0,10.0,5.0,20.0,326.69
51289,0,20.0,Mobile Phone,2,22.0,Debit Card,Male,2.0,6,Laptop & Accessory,5,Single,11,0,14.0,14.0,11.0,1.0,226.48
51290,0,7.0,Computer,2,28.0,Cash on Delivery,Male,4.0,5,Laptop & Accessory,5,Single,5,0,17.0,4.0,10.0,3.0,124.27
51291,0,0.0,Mobile Phone,1,17.0,Credit Card,Female,2.0,2,Fashion,3,Married,13,1,16.0,2.0,6.0,19.0,249.62
51292,0,17.0,Phone,1,17.0,Debit Card,Male,2.0,4,Mobile,4,Divorced,4,1,12.0,7.0,9.0,10.0,269.37
51293,0,13.0,Mobile Phone,2,29.0,Cash on Delivery,Female,2.0,5,Grocery,4,Divorced,13,0,22.0,5.0,10.0,21.0,288.18
51294,0,20.0,Mobile Phone,3,9.0,Credit Card,Male,1.0,2,Grocery,5,Single,13,1,25.0,12.0,4.0,17.0,183.93
51295,0,29.0,Mobile Phone,1,33.0,UPI,Female,2.0,5,Laptop & Accessory,1,Married,5,0,17.0,9.0,15.0,10.0,275.25
51296,0,20.0,Computer,1,37.0,UPI,Male,0.0,5,Mobile Phone,3,Divorced,5,0,12.0,0.0,10.0,12.0,180.04
51297,0,8.0,Computer,1,28.0,Debit Card,Male,3.0,6,Mobile Phone,2,Single,5,1,23.0,9.0,16.0,14.0,230.08
51298,1,16.0,Mobile Phone,1,14.0,Cash on Delivery,Female,3.0,4,Mobile Phone,3,Single,10,0,22.0,10.0,16.0,10.0,104.88
51299,0,4.0,Computer,2,29.0,UPI,Female,5.0,3,Grocery,4,Divorced,13,0,25.0,8.0,5.0,0.0,268.53
51300,0,17.0,Mobile Phone,3,14.0,Credit Card,Male,1.0,4,Laptop & Accessory,5,Single,14,0,26.0,0.0,4.0,16.0,194.59
51301,0,18.0,Phone,3,20.0,E wallet,Female,2.0,5,Laptop & Accessory,5,Divorced,10,0,22.0,0.0,5.0,10.0,276.25
51302,0,51.0,Mobile Phone,3,32.0,Debit Card,Female,3.0,3,Mobile Phone,3,Divorced,8,0,25.0,4.0,13.0,10.0,341.09
51303,0,12.0,Computer,2,16.0,Debit Card,Male,1.0,3,Mobile Phone,1,Married,2,0,19.0,11.0,1.0,11.0,120.27
51304,0,13.0,Mobile Phone,2,36.0,Debit Card,Male,1.0,2,Others,3,Married,2,0,13.0,4.0,11.0,20.0,314.85
51305,1,51.0,Phone,3,33.0,Debit Card,Male,3.0,3,Laptop & Accessory,2,Married,6,0,19.0,4.0,8.0,20.0,158.15
51306,1,28.0,Phone,1,31.0,Credit Card,Male,3.0,3,Laptop & Accessory,4,Divorced,3,1,16.0,16.0,9.0,14.0,160.54
51307,0,9.0,Mobile Phone,3,30.0,Credit Card,Male,4.0,4,Laptop & Accessory,4,Married,10,0,21.0,3.0,3.0,4.0,156.51
51308,0,17.0,Mobile Phone,2,7.0,Debit Card,Female,5.0,3,Others,4,Single,15,0,23.0,16.0,14.0,8.0,134.38
51309,0,5.0,Mobile Phone,1,30.0,Debit Card,Female,4.0,1,Laptop & Accessory,3,Married,11,1,20.0,11.0,13.0,12.0,149.03
51310,0,0.0,Phone,2,5.0,Debit Card,Male,2.0,4,Mobile Phone,5,Single,10,0,23.0,16.0,10.0,5.0,285.6
51311,0,6.0,Mobile Phone,1,39.0,CC,Male,3.0,5,Fashion,4,Single,10,0,14.0,13.0,3.0,0.0,292.11
51312,0,26.0,Phone,1,31.0,Credit Card,Female,3.0,6,Laptop & Accessory,4,Single,10,0,19.0,16.0,9.0,7.0,340.31
51313,1,20.0,Computer,1,8.0,Credit Card,Male,3.0,2,Grocery,5,Single,4,0,14.0,13.0,12.0,14.0,125.94
51314,0,27.0,Mobile Phone,3,23.0,UPI,Male,5.0,3,Fashion,1,Married,11,1,21.0,16.0,9.0,4.0,137.64
51315,0,15.0,Mobile Phone,2,26.0,UPI,Female,3.0,5,Laptop & Accessory,2,Divorced,3,1,20.0,8.0,13.0,21.0,321.28
51316,0,22.0,Phone,1,10.0,Debit Card,Female,3.0,1,Mobile Phone,4,Married,4,0,16.0,14.0,7.0,4.0,241.15
51317,0,19.0,Phone,1,13.0,COD,Female,0.0,3,Fashion,4,Married,13,0,18.0,4.0,5.0,16.0,236.29
51318,0,24.0,Computer,2,15.0,Cash on Delivery,Female,4.0,4,Others,3,Married,2,0,15.0,16.0,1.0,17.0,292.98
51319,1,27.0,Mobile Phone,1,26.0,Credit Card,Female,4.0,3,Fashion,4,Married,9,0,13.0,0.0,9.0,12.0,238.24
51320,0,4.0,Mobile Phone,2,13.0,Credit Card,Male,2.0,4,Laptop & Accessory,3,Single,11,0,19.0,6.0,12.0,21.0,115.54
51321,0,20.0,Computer,2,33.0,UPI,Male,2.0,6,Mobile Phone,1,Single,3,1,21.0,5.0,6.0,6.0,324.79
51322,1,17.0,Computer,2,14.0,Debit Card,Male,1.0,1,Mobile Phone,3,Married,7,0,13.0,14.0,3.0,10.0,133.48
51323,0,17.0,Phone,1,38.0,Debit Card,Male,3.0,2,Mobile Phone,5,Single,9,0,25.0,16.0,8.0,21.0,220.04
51324,0,28.0,Mobile Phone,2,35.0,UPI,Male,3.0,2,Mobile Phone,4,Married,9,1,19.0,0.0,11.0,15.0,191.13
51325,0,18.0,Mobile Phone,1,26.0,Debit Card,Male,1.0,3,Mobile Phone,3,Divorced,6,0,23.0,10.0,15.0,4.0,192.47
51326,0,51.0,Mobile Phone,1,8.0,Debit Card,Male,5.0,4,Others,2,Single,1,1,25.0,0.0,13.0,15.0,171.06
51327,0,0.0,Computer,1,6.0,Credit Card,Male,4.0,1,Mobile Phone,5,Single,12,0,12.0,9.0,13.0,2.0,339.3
51328,1,2.0,Mobile Phone,1,9.0,E wallet,Male,2.0,5,Mobile Phone,2,Married,10,0,21.0,8.0,9.0,20.0,121.03
51329,0,20.0,Phone,3,19.0,E wallet,Male,2.0,5,Laptop & Accessory,4,Married,2,1,26.0,4.0,14.0,20.0,300.62
51330,0,61.0,Phone,2,23.0,Debit Card,Female,2.0,3,Mobile Phone,4,Married,9,0,18.0,13.0,15.0,10.0,198.13
51331,1,2.0,Mobile Phone,2,19.0,Debit Card,Female,1.0,3,Fashion,3,Single,5,0,22.0,2.0,15.0,8.0,113.16
51332,1,24.0,Mobile Phone,2,12.0,Credit Card,Female,0.0,1,Grocery,3,Single,10,1,23.0,16.0,1.0,11.0,243.26
51333,0,19.0,Phone,1,24.0,Cash on Delivery,Male,3.0,3,Grocery,4,Married,13,1,23.0,11.0,14.0,14.0,193.05
51334,0,60.0,Mobile Phone,1,22.0,CC,Male,5.0,3,Grocery,2,Married,2,1,16.0,6.0,16.0,10.0,155.15
51335,0,20.0,Mobile Phone,3,22.0,E wallet,Male,3.0,4,Mobile Phone,3,Divorced,15,0,19.0,11.0,10.0,12.0,192.6
51336,0,22.0,Mobile Phone,1,19.0,Credit Card,Female,4.0,4,Laptop & Accessory,5,Married,15,1,19.0,6.0,1.0,5.0,344.28
51337,0,5.0,Computer,2,5.0,Debit Card,Female,3.0,6,Mobile Phone,4,Single,6,1,15.0,12.0,10.0,13.0,291.48
51338,0,12.0,Computer,1,35.0,Debit Card,Male,4.0,5,Laptop & Accessory,1,Divorced,7,1,24.0,13.0,16.0,4.0,304.99
51339,1,22.0,Phone,3,13.0,Debit Card,Female,3.0,2,Mobile,3,Single,13,1,14.0,8.0,14.0,18.0,231.38
51340,0,8.0,Phone,3,27.0,Credit Card,Male,1.0,5,Mobile Phone,2,Single,12,1,23.0,15.0,13.0,15.0,173.87
51341,1,17.0,Phone,1,30.0,Debit Card,Male,3.0,2,Mobile Phone,3,Single,10,0,25.0,7.0,4.0,12.0,237.05
51342,0,1.0,Phone,2,22.0,Credit Card,Female,5.0,3,Laptop & Accessory,2,Married,10,0,12.0,8.0,6.0,13.0,236.39
51343,0,18.0,Computer,1,37.0,Credit Card,Male,0.0,4,Mobile,3,Married,11,0,11.0,3.0,3.0,3.0,137.08
51344,0,18.0,Mobile Phone,2,18.0,Debit Card,Male,2.0,4,Mobile Phone,4,Married,10,0,14.0,7.0,3.0,5.0,265.5
51345,0,6.0,Mobile Phone,1,5.0,E wallet,Male,2.0,4,Laptop & Accessory,3,Married,11,0,18.0,8.0,15.0,6.0,295.32
51346,0,19.0,Computer,1,17.0,UPI,Female,1.0,5,Laptop & Accessory,4,Married,6,1,20.0,0.0,4.0,17.0,237.23
51347,0,8.0,Phone,1,19.0,E wallet,Male,2.0,5,Fashion,5,Single,1,0,19.0,6.0,16.0,18.0,199.21
51348,0,17.0,Mobile Phone,3,9.0,E wallet,Male,2.0,2,Mobile Phone,2,Single,11,1,11.0,9.0,16.0,6.0,259.71
51349,0,26.0,Computer,3,22.0,Debit Card,Female,5.0,4,Mobile Phone,4,Married,1,1,12.0,13.0,12.0,9.0,234.32
51350,0,1.0,Mobile Phone,1,22.0,UPI,Male,4.0,6,Laptop & Accessory,3,Married,2,1,23.0,1.0,8.0,16.0,120.77
51351,0,18.0,Mobile Phone,2,9.0,Debit Card,Male,5.0,5,Laptop & Accessory,5,Married,11,0,25.0,16.0,1.0,0.0,193.62
51352,1,16.0,Phone,1,15.0,Cash on Delivery,Male,1.0,4,Fashion,3,Single,9,1,22.0,1.0,5.0,10.0,331.58
51353,0,4.0,Mobile Phone,1,36.0,UPI,Female,0.0,6,Mobile Phone,4,Married,14,0,26.0,8.0,8.0,10.0,115.38
51354,0,17.0,Phone,3,9.0,E wallet,Male,1.0,1,Grocery,4,Married,11,0,22.0,14.0,15.0,16.0,170.96
51355,1,6.0,Mobile Phone,1,19.0,Debit Card,Female,5.0,2,Grocery,5,Single,1,0,13.0,8.0,14.0,16.0,314.14
51356,1,16.0,Mobile Phone,2,11.0,Credit Card,Female,1.0,5,Fashion,2,Divorced,11,0,18.0,16.0,6.0,4.0,100.33
51357,1,3.0,Phone,1,9.0,COD,Female,3.0,4,Fashion,5,Married,14,0,21.0,9.0,3.0,16.0,335.29
51358,0,24.0,Phone,1,34.0,Credit Card,Male,2.0,2,Grocery,4,Single,9,1,19.0,5.0,4.0,13.0,272.04
51359,0,4.0,Mobile Phone,2,19.0,Debit Card,Female,0.0,3,Grocery,3,Married,6,0,13.0,0.0,5.0,20.0,194.78
51360,0,29.0,Computer,3,22.0,Credit Card,Female,1.0,2,Mobile Phone,3,Single,13,0,22.0,9.0,14.0,3.0,107.12
51361,1,11.0,Phone,2,18.0,Debit Card,Male,3.0,4,Laptop & Accessory,4,Divorced,2,0,14.0,4.0,11.0,21.0,111.41
51362,1,3.0,Mobile Phone,1,28.0,Debit Card,Male,1.0,2,Grocery,2,Single,10,0,26.0,7.0,5.0,4.0,173.89
51363,0,23.0,Mobile Phone,3,28.0,UPI,Female,2.0,1,Laptop & Accessory,5,Married,3,1,18.0,13.0,2.0,7.0,264.78
51364,0,28.0,Computer,3,22.0,Debit Card,Male,2.0,3,Grocery,2,Single,15,0,13.0,5.0,3.0,5.0,116.82
51365,0,8.0,Phone,1,9.0,Cash on Delivery,Male,3.0,3,Fashion,4,Single,9,0,21.0,0.0,10.0,7.0,320.41
51366,0,3.0,Mobile Phone,1,16.0,UPI,Female,3.0,3,Mobile Phone,3,Married,13,1,16.0,12.0,16.0,4.0,314.41
51367,0,23.0,Mobile Phone,1,24.0,Credit Card,Female,5.0,3,Others,2,Single,10,0,24.0,11.0,14.0,21.0,171.29
51368,1,17.0,Mobile Phone,1,9.0,Debit Card,Male,2.0,4,Fashion,5,Married,11,0,25.0,6.0,8.0,13.0,148.62
51369,0,4.0,Mobile Phone,2,25.0,Debit Card,Male,1.0,4,Mobile Phone,5,Married,2,0,11.0,12.0,13.0,19.0,207.36
51370,1,17.0,Phone,1,7.0,Debit Card,Female,3.0,2,Mobile Phone,1,Married,14,0,22.0,13.0,1.0,0.0,170.58
51371,0,18.0,Computer,1,33.0,Debit Card,Female,3.0,4,Mobile,5,Single,5,1,17.0,8.0,16.0,16.0,337.6
51372,0,11.0,Mobile Phone,1,29.0,UPI,Female,4.0,5,Grocery,3,Married,8,1,24.0,2.0,8.0,2.0,245.68
51373,0,17.0,Computer,2,31.0,Credit Card,Female,5.0,2,Laptop & Accessory,1,Married,10,0,15.0,14.0,2.0,4.0,284.02
51374,1,16.0,Computer,2,26.0,COD,Female,4.0,6,Grocery,3,Single,6,1,25.0,12.0,9.0,19.0,232.65
51375,0,29.0,Computer,2,39.0,UPI,Female,2.0,1,Laptop & Accessory,2,Single,15,0,26.0,7.0,11.0,7.0,309.15
51376,0,23.0,Computer,1,5.0,Debit Card,Male,2.0,2,Laptop & Accessory,3,Divorced,8,0,14.0,13.0,12.0,7.0,124.44
51377,0,10.0,Computer,2,7.0,Debit Card,Male,5.0,2,Mobile,4,Married,6,0,18.0,2.0,13.0,17.0,280.67
51378,0,61.0,Phone,1,28.0,E wallet,Male,2.0,4,Others,3,Single,14,0,18.0,7.0,15.0,20.0,291.89
51379,0,22.0,Mobile Phone,3,12.0,Credit Card,Male,4.0,3,Fashion,2,Single,4,0,17.0,13.0,7.0,5.0,190.07
51380,0,16.0,Phone,1,22.0,Cash on Delivery,Male,5.0,3,Fashion,2,Single,14,0,11.0,11.0,6.0,8.0,121.35
51381,0,0.0,Computer,1,7.0,Debit Card,Male,3.0,6,Laptop & Accessory,4,Married,8,0,20.0,10.0,4.0,11.0,263.32
51382,0,14.0,Mobile Phone,1,22.0,Debit Card,Female,3.0,3,Mobile Phone,5,Married,13,0,16.0,8.0,1.0,17.0,176.02
51383,1,50.0,Mobile Phone,1,20.0,Debit Card,Female,3.0,5,Mobile Phone,1,Married,15,0,13.0,0.0,9.0,19.0,245.91
51384,0,8.0,Mobile Phone,1,36.0,E wallet,Male,1.0,2,Laptop & Accessory,2,Single,9,1,18.0,7.0,3.0,9.0,320.26
51385,0,14.0,Computer,2,5.0,Debit Card,Male,3.0,5,Fashion,4,Single,5,1,20.0,3.0,13.0,12.0,307.99
51386,1,27.0,Phone,3,30.0,Credit Card,Male,2.0,6,Mobile Phone,5,Divorced,3,0,13.0,8.0,3.0,8.0,243.97
51387,0,23.0,Phone,1,16.0,UPI,Female,1.0,3,Fashion,4,Married,1,1,25.0,0.0,6.0,1.0,127.15
51388,1,61.0,Mobile Phone,2,25.0,UPI,Male,3.0,4,Laptop & Accessory,1,Married,2,0,25.0,12.0,13.0,4.0,211.88
51389,0,21.0,Phone,2,17.0,Debit Card,Female,3.0,2,Laptop & Accessory,2,Single,13,1,21.0,11.0,14.0,0.0,281.46
51390,1,26.0,Mobile Phone,1,16.0,Credit Card,Male,4.0,2,Laptop & Accessory,3,Married,1,0,19.0,8.0,6.0,0.0,241.75
51391,0,18.0,Phone,1,17.0,Debit Card,Male,4.0,5,Fashion,2,Divorced,10,0,15.0,6.0,11.0,10.0,182.32
51392,0,11.0,Mobile Phone,1,22.0,COD,Male,2.0,4,Fashion,2,Divorced,14,0,25.0,12.0,4.0,11.0,177.1
51393,0,19.0,Computer,3,23.0,Debit Card,Male,4.0,5,Laptop & Accessory,3,Divorced,13,0,15.0,12.0,5.0,8.0,269.61
51394,0,0.0,Phone,3,23.0,Debit Card,Female,2.0,3,Mobile Phone,3,Single,9,0,18.0,16.0,5.0,17.0,257.92
51395,0,20.0,Phone,1,10.0,UPI,Female,3.0,3,Fashion,3,Married,14,0,13.0,14.0,13.0,3.0,248.06
51396,0,0.0,Phone,1,11.0,Cash on Delivery,Male,4.0,3,Others,3,Married,11,0,14.0,3.0,11.0,9.0,338.0
51397,0,9.0,Phone,2,11.0,Debit Card,Female,2.0,2,Grocery,5,Married,14,0,11.0,6.0,6.0,21.0,323.71
51398,0,50.0,Mobile Phone,2,32.0,UPI,Male,3.0,3,Laptop & Accessory,5,Divorced,7,1,19.0,5.0,3.0,21.0,178.5
51399,0,21.0,Phone,2,32.0,Debit Card,Male,3.0,3,Laptop & Accessory,1,Married,10,0,13.0,5.0,14.0,5.0,162.24
51400,0,17.0,Computer,1,23.0,Debit Card,Female,4.0,5,Mobile Phone,3,Single,2,0,18.0,10.0,11.0,10.0,330.68
51401,1,50.0,Mobile Phone,3,20.0,Credit Card,Male,3.0,2,Laptop & Accessory,4,Married,3,0,11.0,6.0,9.0,6.0,152.08
51402,0,26.0,Phone,2,21.0,Debit Card,Male,3.0,3,Fashion,1,Married,11,0,11.0,8.0,7.0,6.0,344.29
51403,0,27.0,Computer,1,26.0,Credit Card,Male,2.0,3,Others,5,Single,3,1,22.0,1.0,4.0,4.0,153.86
51404,0,17.0,Computer,2,23.0,Cash on Delivery,Male,3.0,4,Mobile Phone,5,Married,1,0,16.0,6.0,3.0,2.0,127.07
51405,0,28.0,Phone,1,33.0,E wallet,Male,3.0,3,Mobile,2,Married,3,0,22.0,0.0,12.0,14.0,197.67
51406,0,17.0,Phone,1,23.0,Debit Card,Female,3.0,2,Laptop & Accessory,4,Married,14,1,21.0,6.0,10.0,8.0,325.25
51407,0,7.0,Computer,2,39.0,UPI,Male,2.0,3,Mobile Phone,4,Divorced,14,0,16.0,8.0,7.0,10.0,282.84
51408,0,17.0,Computer,1,29.0,CC,Male,3.0,3,Mobile Phone,1,Divorced,12,1,17.0,15.0,11.0,17.0,249.65
51409,0,60.0,Computer,2,24.0,Cash on Delivery,Male,0.0,4,Mobile Phone,3,Married,14,0,11.0,12.0,5.0,18.0,275.39
51410,0,6.0,Phone,1,23.0,Debit Card,Male,1.0,1,Mobile Phone,3,Married,1,0,13.0,5.0,13.0,11.0,230.04
51411,0,17.0,Mobile Phone,2,17.0,UPI,Female,1.0,3,Laptop & Accessory,5,Single,3,0,14.0,13.0,16.0,13.0,179.46
51412,0,8.0,Mobile Phone,1,16.0,E wallet,Female,4.0,5,Mobile Phone,5,Married,3,1,19.0,13.0,2.0,12.0,224.25
51413,0,17.0,Mobile Phone,2,19.0,UPI,Female,4.0,4,Grocery,1,Married,12,0,19.0,16.0,6.0,3.0,194.95
51414,0,7.0,Computer,1,8.0,Cash on Delivery,Male,4.0,4,Others,4,Single,5,1,18.0,3.0,3.0,20.0,292.01
51415,0,61.0,Computer,1,22.0,UPI,Female,4.0,4,Mobile Phone,2,Married,3,0,14.0,1.0,13.0,16.0,141.68
51416,0,17.0,Phone,2,21.0,Debit Card,Male,2.0,3,Fashion,4,Divorced,10,0,26.0,15.0,7.0,19.0,212.46
51417,0,4.0,Phone,1,31.0,Debit Card,Male,3.0,3,Others,5,Single,3,1,20.0,0.0,13.0,8.0,126.67
51418,0,13.0,Mobile Phone,1,15.0,Debit Card,Female,5.0,3,Grocery,1,Single,1,1,24.0,11.0,14.0,8.0,110.82
51419,0,27.0,Phone,1,27.0,Debit Card,Male,4.0,5,Mobile Phone,3,Single,9,0,17.0,6.0,10.0,1.0,158.12
51420,1,17.0,Phone,3,19.0,E wallet,Male,0.0,4,Laptop & Accessory,3,Single,11,1,19.0,15.0,5.0,11.0,140.26
51421,1,3.0,Mobile Phone,1,35.0,Credit Card,Female,3.0,4,Fashion,5,Married,1,0,25.0,3.0,7.0,17.0,295.46
51422,0,19.0,Mobile Phone,2,30.0,Credit Card,Female,0.0,5,Mobile,3,Married,7,1,19.0,5.0,14.0,17.0,140.1
51423,1,24.0,Phone,2,11.0,Credit Card,Male,2.0,3,Grocery,3,Single,7,0,19.0,11.0,4.0,21.0,268.09
51424,0,27.0,Mobile Phone,1,17.0,UPI,Female,2.0,5,Grocery,4,Married,8,1,20.0,15.0,14.0,4.0,225.72
51425,0,11.0,Computer,2,17.0,Debit Card,Female,4.0,6,Laptop & Accessory,2,Married,14,0,19.0,12.0,12.0,14.0,190.28
51426,0,1.0,Mobile Phone,3,24.0,E wallet,Female,3.0,4,Others,4,Married,7,0,22.0,11.0,1.0,10.0,115.42
51427,0,13.0,Computer,2,38.0,UPI,Male,2.0,3,Laptop & Accessory,3,Married,15,0,22.0,8.0,15.0,14.0,204.23
51428,0,17.0,Mobile Phone,3,14.0,UPI,Female,3.0,5,Others,4,Married,10,0,15.0,3.0,1.0,17.0,242.17
51429,0,30.0,Mobile Phone,1,31.0,COD,Female,4.0,4,Laptop & Accessory,4,Single,6,0,26.0,1.0,14.0,12.0,129.43
51430,0,22.0,Phone,2,22.0,UPI,Female,2.0,4,Fashion,2,Married,11,0,19.0,1.0,7.0,14.0,327.41
51431,0,19.0,Phone,1,20.0,E wallet,Female,3.0,5,Laptop & Accessory,5,Single,8,0,19.0,1.0,11.0,1.0,127.7
51432,0,3.0,Phone,1,25.0,E wallet,Male,2.0,4,Laptop & Accessory,3,Married,10,1,24.0,14.0,9.0,1.0,307.64
51433,0,14.0,Mobile Phone,2,20.0,Debit Card,Male,3.0,4,Laptop & Accessory,4,Single,4,0,19.0,0.0,13.0,20.0,295.81
51434,0,23.0,Mobile Phone,2,21.0,Debit Card,Female,0.0,3,Mobile Phone,4,Married,13,0,24.0,5.0,6.0,16.0,321.17
51435,1,24.0,Phone,1,19.0,COD,Male,4.0,4,Others,5,Single,4,1,21.0,4.0,16.0,3.0,126.54
51436,0,0.0,Mobile Phone,1,17.0,UPI,Male,0.0,6,Mobile Phone,3,Single,3,1,25.0,10.0,13.0,8.0,215.05
51437,0,6.0,Mobile Phone,2,37.0,Debit Card,Female,2.0,4,Laptop & Accessory,4,Divorced,13,0,13.0,11.0,3.0,15.0,178.63
51438,0,17.0,Phone,2,9.0,UPI,Male,2.0,6,Laptop & Accessory,1,Married,11,0,25.0,0.0,16.0,0.0,271.42
51439,0,11.0,Mobile Phone,1,31.0,Credit Card,Male,3.0,3,Laptop & Accessory,1,Single,8,0,25.0,12.0,9.0,6.0,146.78
51440,0,4.0,Mobile Phone,1,5.0,Cash on Delivery,Male,3.0,1,Laptop & Accessory,5,Single,6,1,16.0,14.0,9.0,20.0,122.49
51441,0,11.0,Mobile Phone,2,22.0,CC,Female,1.0,3,Mobile Phone,5,Divorced,8,0,22.0,0.0,13.0,2.0,154.7
51442,1,17.0,Computer,2,27.0,E wallet,Female,0.0,1,Mobile Phone,3,Divorced,14,0,13.0,8.0,12.0,20.0,347.98
51443,1,1.0,Mobile Phone,1,19.0,CC,Female,4.0,2,Mobile,4,Single,8,0,12.0,9.0,1.0,11.0,163.75
51444,1,9.0,Computer,1,23.0,Debit Card,Male,3.0,2,Mobile Phone,5,Divorced,14,0,24.0,13.0,10.0,4.0,171.65
51445,1,14.0,Mobile Phone,1,34.0,Credit Card,Female,4.0,4,Fashion,2,Married,7,0,17.0,7.0,5.0,2.0,280.46
51446,0,29.0,Phone,3,20.0,Debit Card,Male,3.0,6,Grocery,5,Married,13,0,13.0,13.0,3.0,11.0,177.94
51447,0,16.0,Mobile Phone,2,22.0,Debit Card,Male,4.0,1,Mobile Phone,5,Married,3,0,15.0,4.0,9.0,9.0,232.1
51448,0,3.0,Phone,1,30.0,Cash on Delivery,Male,2.0,3,Fashion,4,Single,5,0,19.0,14.0,7.0,13.0,287.71
51449,0,6.0,Computer,3,21.0,UPI,Female,3.0,6,Mobile,4,Married,2,0,26.0,11.0,4.0,17.0,183.71
51450,1,30.0,Computer,1,15.0,E wallet,Male,4.0,5,Mobile Phone,5,Single,1,0,19.0,15.0,5.0,10.0,190.17
51451,0,60.0,Phone,1,33.0,Debit Card,Female,1.0,5,Laptop & Accessory,4,Married,3,0,14.0,0.0,9.0,10.0,155.82
51452,0,5.0,Computer,3,13.0,Cash on Delivery,Male,2.0,2,Mobile Phone,4,Single,4,1,19.0,3.0,12.0,10.0,287.48
51453,0,60.0,Mobile Phone,3,21.0,Debit Card,Male,3.0,4,Mobile Phone,5,Single,4,1,22.0,5.0,14.0,18.0,348.23
51454,1,14.0,Phone,2,31.0,Debit Card,Female,3.0,3,Fashion,2,Single,11,0,16.0,16.0,16.0,17.0,115.59
51455,0,13.0,Phone,2,26.0,UPI,Male,3.0,4,Grocery,2,Divorced,2,1,13.0,11.0,4.0,16.0,201.75
51456,0,5.0,Computer,1,12.0,UPI,Female,2.0,3,Others,5,Single,3,0,21.0,2.0,7.0,6.0,185.82
51457,0,50.0,Mobile Phone,3,7.0,UPI,Male,0.0,4,Mobile Phone,1,Married,8,0,22.0,11.0,5.0,19.0,188.7
51458,0,2.0,Computer,2,39.0,CC,Female,0.0,3,Laptop & Accessory,1,Divorced,13,0,11.0,10.0,1.0,20.0,231.06
51459,0,2.0,Phone,1,36.0,Credit Card,Female,5.0,6,Mobile Phone,4,Single,9,0,18.0,16.0,15.0,13.0,264.67
51460,0,21.0,Phone,2,12.0,Debit Card,Male,5.0,1,Laptop & Accessory,3,Married,2,0,20.0,4.0,11.0,11.0,222.8
51461,0,21.0,Mobile Phone,3,31.0,Debit Card,Male,2.0,2,Laptop & Accessory,5,Married,6,0,14.0,7.0,1.0,15.0,290.35
51462,0,9.0,Mobile Phone,3,36.0,UPI,Female,1.0,5,Laptop & Accessory,3,Single,1,0,16.0,5.0,6.0,11.0,115.82
51463,0,2.0,Phone,2,38.0,UPI,Female,0.0,5,Others,3,Single,4,0,12.0,3.0,2.0,0.0,300.18
51464,1,11.0,Phone,2,29.0,Credit Card,Male,2.0,2,Grocery,5,Single,9,0,23.0,12.0,11.0,13.0,320.68
51465,0,28.0,Computer,1,35.0,Debit Card,Female,2.0,2,Laptop & Accessory,4,Married,15,1,22.0,6.0,5.0,13.0,249.37
51466,0,16.0,Phone,2,17.0,Cash on Delivery,Female,2.0,3,Others,4,Divorced,1,0,14.0,10.0,2.0,13.0,179.95
51467,0,6.0,Phone,2,19.0,Debit Card,Male,3.0,4,Others,5,Married,3,0,18.0,9.0,8.0,18.0,218.46
51468,1,12.0,Computer,1,17.0,Credit Card,Male,3.0,1,Others,3,Married,7,0,12.0,14.0,1.0,0.0,248.85
51469,0,1.0,Phone,3,37.0,Credit Card,Female,1.0,5,Laptop & Accessory,2,Married,8,1,16.0,14.0,8.0,9.0,299.07
51470,0,3.0,Phone,3,35.0,Debit Card,Female,3.0,4,Laptop & Accessory,4,Married,7,0,26.0,9.0,4.0,16.0,295.97
51471,0,9.0,Mobile Phone,1,29.0,Cash on Delivery,Female,3.0,6,Laptop & Accessory,3,Single,7,0,19.0,3.0,10.0,12.0,186.83
51472,0,23.0,Mobile Phone,3,27.0,Credit Card,Male,1.0,3,Mobile,2,Married,6,0,18.0,8.0,16.0,12.0,208.26
51473,0,16.0,Phone,2,7.0,Credit Card,Female,3.0,1,Fashion,2,Married,15,0,26.0,11.0,16.0,20.0,291.32
51474,0,5.0,Computer,2,20.0,UPI,Female,1.0,5,Laptop & Accessory,4,Married,15,0,26.0,8.0,14.0,3.0,207.09
51475,0,18.0,Mobile Phone,3,6.0,E wallet,Male,1.0,2,Others,1,Single,7,1,24.0,10.0,13.0,19.0,258.8
51476,0,4.0,Mobile Phone,1,27.0,Credit Card,Female,1.0,3,Mobile Phone,4,Divorced,7,0,13.0,14.0,8.0,10.0,346.73
51477,1,50.0,Phone,2,38.0,UPI,Female,5.0,4,Grocery,3,Married,12,0,26.0,6.0,6.0,8.0,310.15
51478,0,9.0,Mobile Phone,1,34.0,Debit Card,Male,3.0,4,Fashion,2,Single,9,0,26.0,7.0,8.0,5.0,154.5
51479,0,8.0,Phone,2,14.0,Debit Card,Female,3.0,1,Fashion,5,Divorced,13,0,19.0,4.0,15.0,15.0,202.96
51480,0,26.0,Phone,2,5.0,Debit Card,Female,4.0,4,Mobile Phone,4,Single,9,0,16.0,1.0,4.0,9.0,236.31
51481,1,12.0,Mobile Phone,1,26.0,COD,Male,2.0,2,Mobile Phone,4,Married,11,0,25.0,1.0,2.0,21.0,249.53
51482,0,18.0,Computer,1,37.0,UPI,Female,3.0,3,Laptop & Accessory,3,Married,10,0,13.0,9.0,12.0,16.0,174.46
51483,0,20.0,Phone,1,29.0,E wallet,Female,3.0,6,Laptop & Accessory,4,Single,10,0,21.0,16.0,2.0,6.0,329.93
51484,0,23.0,Phone,1,26.0,Debit Card,Male,3.0,3,Others,1,Single,15,0,12.0,12.0,16.0,7.0,327.47
51485,0,3.0,Mobile Phone,1,20.0,UPI,Male,4.0,5,Others,2,Single,10,0,24.0,8.0,1.0,1.0,140.97
51486,0,23.0,Mobile Phone,2,34.0,CC,Male,3.0,4,Fashion,3,Married,8,0,26.0,15.0,5.0,3.0,332.43
51487,0,61.0,Computer,3,22.0,Debit Card,Male,4.0,3,Mobile Phone,3,Married,13,0,18.0,6.0,6.0,20.0,211.35
51488,0,2.0,Mobile Phone,3,28.0,Credit Card,Female,4.0,5,Laptop & Accessory,1,Single,9,0,19.0,11.0,12.0,18.0,209.55
51489,1,3.0,Mobile Phone,3,9.0,E wallet,Male,1.0,4,Mobile Phone,4,Married,14,0,25.0,8.0,10.0,15.0,145.69
51490,0,61.0,Mobile Phone,3,27.0,CC,Female,2.0,4,Fashion,2,Single,6,0,25.0,3.0,16.0,1.0,120.97
51491,0,30.0,Mobile Phone,1,31.0,Cash on Delivery,Female,1.0,1,Mobile Phone,4,Single,15,0,14.0,2.0,2.0,10.0,162.12
51492,0,24.0,Mobile Phone,2,16.0,E wallet,Male,2.0,3,Mobile Phone,1,Single,4,1,18.0,8.0,14.0,4.0,320.02
51493,0,12.0,Mobile Phone,2,14.0,Credit Card,Male,2.0,5,Mobile Phone,5,Single,9,0,19.0,6.0,3.0,19.0,201.75
51494,0,17.0,Computer,1,38.0,Debit Card,Male,0.0,5,Mobile Phone,4,Married,2,0,22.0,1.0,11.0,13.0,329.91
51495,0,13.0,Phone,2,37.0,Credit Card,Male,2.0,5,Grocery,4,Married,8,0,25.0,10.0,3.0,10.0,249.93
51496,1,12.0,Mobile Phone,2,20.0,COD,Male,4.0,1,Mobile Phone,4,Married,2,0,12.0,6.0,11.0,11.0,102.06
51497,0,26.0,Phone,3,33.0,UPI,Male,4.0,2,Grocery,3,Divorced,7,1,25.0,14.0,11.0,10.0,182.71
51498,0,5.0,Mobile Phone,2,22.0,Debit Card,Male,0.0,6,Mobile Phone,2,Single,12,0,17.0,9.0,7.0,5.0,131.9
51499,0,16.0,Phone,3,31.0,Credit Card,Male,0.0,2,Laptop & Accessory,1,Married,9,0,14.0,4.0,8.0,14.0,286.37
51500,1,61.0,Mobile Phone,1,11.0,Credit Card,Female,1.0,3,Laptop & Accessory,4,Married,10,0,16.0,11.0,11.0,9.0,269.25
51501,0,16.0,Mobile Phone,1,31.0,Debit Card,Male,4.0,5,Fashion,3,Married,4,0,18.0,2.0,13.0,20.0,157.12
51502,0,1.0,Computer,3,14.0,Credit Card,Male,3.0,3,Mobile Phone,2,Single,11,0,19.0,16.0,2.0,15.0,152.14
51503,0,12.0,Mobile Phone,1,14.0,Credit Card,Female,5.0,2,Mobile Phone,5,Married,8,1,23.0,3.0,5.0,10.0,325.62
51504,0,1.0,Computer,1,15.0,Credit Card,Male,4.0,2,Mobile,4,Single,7,0,24.0,2.0,7.0,15.0,129.35
51505,1,27.0,Mobile Phone,2,34.0,UPI,Male,4.0,2,Fashion,5,Single,10,0,22.0,6.0,8.0,19.0,108.25
51506,0,25.0,Mobile Phone,3,7.0,Debit Card,Female,1.0,2,Laptop & Accessory,4,Single,3,0,14.0,13.0,8.0,13.0,191.57
51507,0,21.0,Phone,1,33.0,Credit Card,Male,3.0,4,Mobile Phone,5,Single,1,1,19.0,9.0,3.0,20.0,240.95
51508,0,2.0,Phone,1,18.0,Credit Card,Male,5.0,1,Fashion,2,Married,8,1,24.0,8.0,14.0,15.0,329.77
51509,0,61.0,Mobile Phone,2,17.0,UPI,Male,1.0,2,Laptop & Accessory,4,Single,13,1,12.0,12.0,6.0,1.0,327.89
51510,0,11.0,Mobile Phone,2,23.0,Debit Card,Male,3.0,6,Mobile Phone,1,Married,14,0,24.0,7.0,9.0,9.0,134.9
51511,0,23.0,Mobile Phone,1,29.0,UPI,Male,2.0,5,Mobile,1,Single,9,0,14.0,4.0,4.0,1.0,296.74
51512,1,4.0,Computer,3,14.0,UPI,Female,2.0,5,Grocery,5,Married,5,0,25.0,1.0,6.0,4.0,333.61
51513,0,19.0,Phone,2,19.0,COD,Male,4.0,5,Mobile Phone,3,Single,12,0,24.0,3.0,4.0,7.0,308.38
51514,0,12.0,Mobile Phone,3,32.0,Cash on Delivery,Male,3.0,4,Laptop & Accessory,3,Single,13,0,12.0,13.0,5.0,8.0,203.56
51515,0,11.0,Computer,1,11.0,E wallet,Female,4.0,3,Laptop & Accessory,2,Married,4,0,13.0,1.0,3.0,16.0,151.94
51516,1,12.0,Mobile Phone,2,18.0,UPI,Female,3.0,3,Grocery,3,Single,2,0,25.0,10.0,13.0,18.0,328.89
51517,0,9.0,Mobile Phone,3,34.0,UPI,Female,3.0,3,Mobile Phone,2,Single,1,0,11.0,8.0,4.0,15.0,233.0
51518,1,51.0,Mobile Phone,2,16.0,Debit Card,Male,4.0,6,Grocery,4,Married,4,0,26.0,3.0,3.0,9.0,163.29
51519,0,17.0,Phone,1,32.0,Credit Card,Male,5.0,4,Others,4,Married,15,0,23.0,6.0,4.0,1.0,180.88
51520,0,61.0,Mobile Phone,3,22.0,UPI,Male,5.0,6,Mobile Phone,4,Married,8,1,17.0,2.0,6.0,9.0,240.43
51521,0,2.0,Phone,2,22.0,Credit Card,Female,4.0,3,Others,3,Divorced,9,1,16.0,16.0,2.0,7.0,201.55
51522,0,4.0,Computer,3,8.0,UPI,Female,3.0,4,Laptop & Accessory,4,Married,1,0,11.0,5.0,12.0,10.0,110.01
51523,0,25.0,Mobile Phone,1,22.0,Debit Card,Male,1.0,5,Laptop & Accessory,3,Married,4,0,25.0,0.0,10.0,10.0,243.6
51524,0,10.0,Mobile Phone,2,36.0,Debit Card,Male,0.0,2,Laptop & Accessory,5,Single,12,1,23.0,10.0,1.0,21.0,201.46
51525,0,6.0,Mobile Phone,3,32.0,Cash on Delivery,Male,3.0,4,Laptop & Accessory,1,Married,5,0,19.0,1.0,8.0,21.0,218.36
51526,0,9.0,Phone,2,32.0,Debit Card,Male,2.0,2,Grocery,5,Married,2,0,26.0,5.0,3.0,8.0,288.17
51527,0,60.0,Computer,1,36.0,Debit Card,Female,1.0,3,Mobile Phone,3,Single,2,0,25.0,14.0,4.0,20.0,106.42
51528,0,17.0,Mobile Phone,1,12.0,E wallet,Male,2.0,5,Laptop & Accessory,3,Divorced,3,0,16.0,10.0,15.0,7.0,116.43
51529,1,7.0,Mobile Phone,1,29.0,Credit Card,Male,3.0,3,Laptop & Accessory,4,Single,13,1,15.0,12.0,4.0,11.0,100.26
51530,0,30.0,Mobile Phone,1,24.0,Debit Card,Female,3.0,6,Mobile Phone,5,Single,13,1,11.0,4.0,4.0,15.0,206.17
51531,0,10.0,Mobile Phone,2,37.0,Debit Card,Male,1.0,3,Mobile Phone,3,Married,1,0,25.0,7.0,8.0,10.0,170.12
51532,0,6.0,Phone,1,34.0,Debit Card,Male,3.0,2,Grocery,1,Single,8,0,25.0,14.0,14.0,0.0,202.36
51533,0,1.0,Mobile Phone,1,22.0,Credit Card,Male,2.0,3,Fashion,3,Married,1,0,20.0,10.0,4.0,5.0,244.3
51534,0,5.0,Mobile Phone,1,29.0,Cash on Delivery,Male,3.0,5,Laptop & Accessory,1,Single,4,0,15.0,1.0,3.0,13.0,102.08
51535,0,50.0,Phone,2,14.0,Debit Card,Male,4.0,5,Laptop & Accessory,2,Single,7,0,12.0,11.0,12.0,1.0,139.61
51536,0,19.0,Mobile Phone,2,9.0,E wallet,Male,1.0,3,Fashion,1,Married,3,0,17.0,16.0,6.0,10.0,131.92
51537,0,60.0,Phone,2,12.0,Debit Card,Male,5.0,5,Laptop & Accessory,3,Single,9,0,21.0,8.0,13.0,20.0,255.29
51538,0,15.0,Mobile Phone,3,37.0,Debit Card,Male,3.0,2,Grocery,1,Single,13,0,16.0,13.0,2.0,15.0,247.8
51539,0,24.0,Computer,1,5.0,COD,Male,1.0,1,Fashion,5,Divorced,3,1,14.0,2.0,10.0,1.0,119.39
51540,0,11.0,Mobile Phone,2,35.0,Debit Card,Female,2.0,5,Mobile Phone,4,Divorced,5,0,21.0,12.0,15.0,0.0,300.39
51541,0,6.0,Computer,1,11.0,E wallet,Male,4.0,5,Fashion,3,Divorced,13,0,13.0,14.0,12.0,17.0,140.25
51542,0,16.0,Mobile Phone,1,27.0,Credit Card,Male,3.0,2,Laptop & Accessory,4,Single,13,0,23.0,3.0,9.0,11.0,143.26
51543,0,10.0,Phone,2,28.0,Debit Card,Male,2.0,3,Mobile Phone,3,Single,2,1,26.0,8.0,13.0,21.0,200.68
51544,1,5.0,Mobile Phone,3,18.0,UPI,Male,5.0,5,Mobile Phone,4,Single,5,0,15.0,13.0,5.0,8.0,182.99
51545,0,22.0,Phone,1,27.0,UPI,Male,4.0,2,Mobile Phone,5,Single,2,0,13.0,0.0,14.0,1.0,341.26
51546,0,26.0,Mobile Phone,1,13.0,CC,Female,3.0,5,Mobile Phone,4,Single,8,0,19.0,7.0,7.0,4.0,326.83
51547,0,5.0,Phone,2,12.0,UPI,Male,4.0,4,Mobile Phone,1,Married,9,0,22.0,7.0,1.0,17.0,112.71
51548,0,1.0,Phone,2,12.0,UPI,Female,4.0,4,Others,1,Married,5,1,16.0,0.0,2.0,21.0,198.0
51549,0,21.0,Phone,1,7.0,Debit Card,Male,2.0,4,Mobile Phone,4,Married,6,0,20.0,8.0,14.0,19.0,295.9
51550,0,19.0,Phone,2,36.0,Credit Card,Female,3.0,4,Laptop & Accessory,2,Married,12,0,12.0,2.0,3.0,3.0,257.32
51551,0,24.0,Mobile Phone,3,8.0,Debit Card,Female,4.0,2,Laptop & Accessory,5,Married,14,0,17.0,5.0,14.0,4.0,292.92
51552,0,17.0,Mobile Phone,1,6.0,Debit Card,Male,1.0,3,Mobile Phone,1,Married,4,0,18.0,11.0,4.0,16.0,201.78
51553,0,28.0,Phone,1,13.0,COD,Male,1.0,4,Mobile Phone,4,Married,14,1,19.0,3.0,10.0,10.0,197.23
51554,0,7.0,Mobile Phone,1,5.0,Debit Card,Male,1.0,3,Mobile Phone,1,Single,10,0,26.0,7.0,3.0,17.0,291.8
51555,0,51.0,Mobile Phone,2,15.0,Debit Card,Female,1.0,4,Grocery,4,Married,7,1,14.0,8.0,2.0,7.0,173.0
51556,0,21.0,Mobile Phone,1,33.0,Credit Card,Male,1.0,3,Others,3,Married,10,0,11.0,15.0,14.0,21.0,114.41
51557,0,4.0,Mobile Phone,3,30.0,Cash on Delivery,Female,4.0,4,Mobile Phone,4,Single,11,0,26.0,8.0,6.0,9.0,322.58
51558,0,17.0,Phone,2,31.0,Debit Card,Female,4.0,2,Laptop & Accessory,4,Married,5,1,18.0,0.0,1.0,14.0,336.52
51559,0,29.0,Phone,1,33.0,Debit Card,Male,1.0,1,Mobile Phone,1,Single,5,0,20.0,10.0,8.0,14.0,252.88
51560,0,30.0,Computer,1,37.0,Debit Card,Male,3.0,6,Laptop & Accessory,4,Single,15,0,11.0,0.0,1.0,10.0,284.23
51561,0,9.0,Mobile Phone,2,32.0,Debit Card,Male,3.0,5,Laptop & Accessory,5,Married,13,1,15.0,2.0,10.0,18.0,272.4
51562,0,14.0,Computer,1,35.0,Credit Card,Female,2.0,4,Grocery,2,Single,13,0,12.0,14.0,2.0,6.0,234.18
51563,1,17.0,Phone,3,23.0,Credit Card,Male,2.0,4,Mobile Phone,1,Married,11,0,18.0,5.0,14.0,10.0,250.07
51564,0,22.0,Computer,1,30.0,Credit Card,Male,2.0,4,Grocery,4,Married,1,0,26.0,1.0,3.0,12.0,235.06
51565,0,51.0,Computer,1,33.0,UPI,Male,3.0,5,Mobile,4,Single,2,0,15.0,16.0,4.0,11.0,128.35
51566,0,15.0,Phone,2,15.0,Cash on Delivery,Male,2.0,5,Mobile Phone,3,Single,2,0,16.0,13.0,5.0,2.0,179.7
51567,0,61.0,Mobile Phone,1,36.0,UPI,Male,2.0,3,Others,5,Married,4,1,24.0,16.0,4.0,15.0,104.33
51568,0,60.0,Mobile Phone,2,25.0,E wallet,Female,0.0,3,Fashion,4,Divorced,14,1,17.0,2.0,6.0,11.0,119.27
51569,0,27.0,Mobile Phone,1,38.0,UPI,Female,5.0,2,Laptop & Accessory,3,Married,15,0,19.0,10.0,3.0,13.0,227.08
51570,0,1.0,Computer,2,26.0,Cash on Delivery,Female,4.0,2,Mobile Phone,5,Divorced,5,1,19.0,1.0,8.0,11.0,144.45
51571,1,29.0,Computer,2,31.0,UPI,Female,3.0,4,Fashion,1,Single,10,0,15.0,4.0,11.0,3.0,189.31
51572,0,12.0,Phone,2,12.0,UPI,Female,5.0,3,Fashion,2,Single,4,0,19.0,8.0,16.0,20.0,309.26
51573,1,15.0,Computer,2,35.0,Cash on Delivery,Male,2.0,3,Others,3,Married,15,0,16.0,0.0,2.0,6.0,121.73
51574,0,4.0,Computer,1,5.0,Debit Card,Female,3.0,2,Fashion,1,Divorced,3,0,18.0,14.0,9.0,4.0,307.96
51575,0,27.0,Phone,2,38.0,Credit Card,Male,2.0,6,Laptop & Accessory,5,Married,4,0,14.0,6.0,7.0,14.0,323.65
51576,0,19.0,Phone,1,28.0,Credit Card,Male,2.0,1,Laptop & Accessory,3,Divorced,14,1,21.0,9.0,8.0,7.0,179.64
51577,0,23.0,Mobile Phone,2,32.0,Cash on Delivery,Male,4.0,3,Mobile Phone,5,Married,5,1,24.0,3.0,6.0,9.0,213.82
51578,0,26.0,Mobile Phone,3,8.0,Credit Card,Male,4.0,3,Laptop & Accessory,3,Married,12,0,14.0,14.0,8.0,1.0,203.04
51579,0,29.0,Mobile Phone,1,22.0,UPI,Male,2.0,1,Laptop & Accessory,5,Single,13,0,24.0,1.0,5.0,20.0,136.12
51580,0,26.0,Mobile Phone,2,33.0,Debit Card,Male,3.0,6,Fashion,3,Divorced,11,0,18.0,8.0,12.0,6.0,123.5
51581,0,25.0,Phone,1,27.0,E wallet,Female,2.0,3,Mobile Phone,5,Married,11,0,21.0,10.0,5.0,1.0,212.54
51582,0,6.0,Mobile Phone,2,31.0,UPI,Male,4.0,4,Fashion,4,Married,3,1,13.0,5.0,12.0,14.0,241.74
51583,0,4.0,Computer,2,20.0,Cash on Delivery,Male,1.0,4,Mobile Phone,5,Divorced,6,0,24.0,13.0,14.0,9.0,222.12
51584,0,22.0,Mobile Phone,1,31.0,Debit Card,Female,3.0,4,Laptop & Accessory,4,Single,4,1,22.0,8.0,7.0,16.0,270.08
51585,0,27.0,Mobile Phone,2,13.0,Debit Card,Male,4.0,4,Fashion,2,Married,13,1,21.0,6.0,4.0,21.0,219.0
51586,1,60.0,Computer,1,9.0,UPI,Male,1.0,4,Laptop & Accessory,4,Divorced,2,0,23.0,0.0,1.0,14.0,315.9
51587,0,14.0,Phone,2,12.0,Credit Card,Female,4.0,5,Mobile,2,Single,13,0,24.0,8.0,6.0,15.0,251.29
51588,0,50.0,Mobile Phone,2,22.0,UPI,Male,1.0,6,Fashion,3,Single,12,1,15.0,1.0,5.0,0.0,156.57
51589,0,25.0,Phone,1,39.0,Debit Card,Male,3.0,4,Laptop & Accessory,4,Married,3,0,22.0,5.0,7.0,5.0,319.03
51590,1,30.0,Mobile Phone,2,10.0,Debit Card,Male,4.0,4,Fashion,1,Single,1,1,13.0,16.0,1.0,17.0,315.16
51591,1,18.0,Computer,1,27.0,Debit Card,Male,2.0,3,Laptop & Accessory,4,Married,10,0,11.0,0.0,7.0,2.0,192.53
51592,1,8.0,Phone,2,30.0,Debit Card,Male,2.0,5,Mobile Phone,4,Single,7,0,19.0,16.0,11.0,18.0,147.3
51593,0,28.0,Mobile Phone,2,22.0,Debit Card,Male,5.0,4,Laptop & Accessory,5,Married,5,1,13.0,14.0,10.0,11.0,294.61
51594,0,3.0,Phone,2,14.0,Cash on Delivery,Male,0.0,3,Fashion,4,Married,14,1,16.0,11.0,2.0,9.0,114.95
51595,0,17.0,Computer,3,19.0,UPI,Male,3.0,3,Mobile Phone,3,Married,7,1,21.0,4.0,7.0,21.0,206.98
51596,0,28.0,Phone,1,24.0,UPI,Female,2.0,6,Grocery,4,Divorced,5,0,16.0,5.0,10.0,3.0,214.92
51597,0,10.0,Computer,1,33.0,CC,Male,3.0,5,Laptop & Accessory,4,Divorced,1,0,17.0,3.0,11.0,5.0,257.27
51598,0,51.0,Mobile Phone,3,10.0,UPI,Female,3.0,3,Fashion,4,Married,14,0,13.0,4.0,2.0,10.0,167.85
51599,0,10.0,Computer,1,13.0,E wallet,Male,3.0,3,Fashion,1,Single,3,0,19.0,9.0,3.0,0.0,188.71
51600,0,17.0,Phone,2,9.0,Debit Card,Female,2.0,5,Mobile Phone,4,Single,9,0,23.0,16.0,7.0,9.0,338.34
51601,0,51.0,Phone,3,23.0,UPI,Male,3.0,4,Others,5,Married,11,1,20.0,1.0,2.0,5.0,318.24
51602,0,20.0,Mobile Phone,2,9.0,UPI,Male,0.0,3,Laptop & Accessory,3,Single,7,0,24.0,9.0,4.0,15.0,195.45
51603,0,30.0,Computer,1,24.0,UPI,Male,0.0,3,Grocery,4,Single,14,1,19.0,16.0,14.0,8.0,341.73
51604,0,1.0,Phone,1,15.0,Credit Card,Female,3.0,3,Laptop & Accessory,5,Married,15,1,12.0,15.0,8.0,8.0,115.56
51605,0,26.0,Computer,1,31.0,Debit Card,Male,3.0,2,Laptop & Accessory,4,Married,7,1,24.0,1.0,9.0,11.0,176.06
51606,0,10.0,Mobile Phone,1,33.0,Cash on Delivery,Male,2.0,4,Laptop & Accessory,1,Divorced,5,0,18.0,2.0,6.0,21.0,277.67
51607,0,17.0,Mobile Phone,1,11.0,UPI,Male,3.0,5,Fashion,1,Married,14,0,23.0,5.0,11.0,2.0,250.07
51608,0,0.0,Mobile Phone,2,7.0,Debit Card,Male,3.0,4,Fashion,4,Married,3,1,21.0,5.0,8.0,9.0,231.34
51609,0,61.0,Phone,1,9.0,Credit Card,Female,2.0,4,Mobile Phone,1,Single,10,0,12.0,2.0,14.0,14.0,292.54
51610,0,61.0,Phone,3,17.0,Cash on Delivery,Female,3.0,4,Mobile Phone,5,Single,4,0,12.0,13.0,15.0,10.0,344.34
51611,0,30.0,Phone,3,20.0,Debit Card,Male,5.0,2,Fashion,2,Married,4,0,25.0,15.0,14.0,21.0,274.27
51612,1,27.0,Phone,3,16.0,Debit Card,Male,3.0,2,Laptop & Accessory,4,Single,11,1,16.0,9.0,11.0,13.0,208.18
51613,0,0.0,Computer,1,31.0,Cash on Delivery,Male,4.0,3,Fashion,5,Divorced,13,0,18.0,2.0,15.0,21.0,270.75
51614,0,24.0,Mobile Phone,2,37.0,COD,Female,3.0,5,Laptop & Accessory,3,Married,13,0,11.0,6.0,16.0,14.0,232.12
51615,0,19.0,Mobile Phone,1,19.0,Debit Card,Male,4.0,3,Laptop & Accessory,4,Married,6,1,23.0,13.0,9.0,13.0,258.17
51616,0,2.0,Computer,1,25.0,CC,Male,3.0,3,Fashion,5,Married,6,0,18.0,14.0,12.0,7.0,268.15
51617,0,1.0,Phone,2,21.0,UPI,Male,3.0,2,Others,5,Single,11,0,18.0,0.0,16.0,7.0,348.39
51618,1,17.0,Phone,3,19.0,CC,Male,4.0,6,Laptop & Accessory,5,Single,7,0,14.0,4.0,9.0,4.0,224.11
51619,0,9.0,Phone,1,24.0,Credit Card,Female,2.0,5,Fashion,3,Married,8,0,26.0,5.0,15.0,4.0,291.05
51620,0,4.0,Phone,1,23.0,E wallet,Male,2.0,5,Laptop & Accessory,1,Married,9,0,16.0,0.0,7.0,2.0,337.52
51621,0,8.0,Mobile Phone,1,5.0,Cash on Delivery,Female,1.0,3,Others,2,Married,8,0,12.0,10.0,11.0,0.0,155.02
51622,0,1.0,Phone,2,8.0,Debit Card,Male,3.0,2,Mobile Phone,2,Married,9,0,11.0,3.0,14.0,11.0,195.79
51623,0,60.0,Computer,3,7.0,Debit Card,Female,4.0,3,Grocery,4,Single,9,0,21.0,3.0,10.0,20.0,239.04
51624,0,30.0,Phone,1,12.0,UPI,Male,2.0,5,Laptop & Accessory,5,Married,13,0,23.0,6.0,2.0,10.0,198.66
51625,0,9.0,Mobile Phone,1,9.0,Debit Card,Female,2.0,2,Others,1,Single,3,1,17.0,8.0,12.0,9.0,282.58
51626,0,11.0,Phone,3,13.0,UPI,Male,3.0,5,Mobile Phone,5,Divorced,7,1,17.0,16.0,11.0,11.0,141.48
51627,1,20.0,Mobile Phone,1,5.0,CC,Female,1.0,4,Laptop & Accessory,4,Married,3,0,13.0,13.0,11.0,8.0,336.62
51628,0,5.0,Mobile Phone,2,34.0,Debit Card,Female,2.0,5,Fashion,4,Divorced,5,0,13.0,6.0,6.0,9.0,194.22
51629,1,2.0,Computer,1,11.0,UPI,Male,2.0,4,Laptop & Accessory,5,Single,11,0,25.0,14.0,8.0,12.0,328.71
51630,0,9.0,Mobile Phone,1,26.0,UPI,Male,3.0,6,Laptop & Accessory,3,Single,10,0,22.0,1.0,12.0,8.0,339.44
51631,0,4.0,Computer,2,24.0,Credit Card,Female,3.0,3,Laptop & Accessory,2,Single,9,0,25.0,11.0,13.0,10.0,149.12
51632,1,25.0,Mobile Phone,2,33.0,Debit Card,Male,2.0,4,Laptop & Accessory,3,Single,15,0,20.0,15.0,4.0,11.0,241.06
51633,0,20.0,Phone,1,31.0,Debit Card,Female,3.0,2,Grocery,4,Single,11,1,19.0,10.0,9.0,0.0,290.43
51634,1,25.0,Phone,1,29.0,E wallet,Male,5.0,4,Mobile Phone,3,Single,13,0,26.0,10.0,8.0,17.0,108.54
51635,0,25.0,Mobile Phone,1,39.0,Cash on Delivery,Male,0.0,6,Mobile Phone,5,Married,8,0,11.0,2.0,1.0,8.0,200.55
51636,0,7.0,Phone,2,31.0,Cash on Delivery,Male,3.0,2,Others,5,Single,3,0,22.0,6.0,8.0,11.0,203.61
51637,0,4.0,Computer,3,15.0,Cash on Delivery,Male,3.0,4,Grocery,5,Married,14,0,11.0,16.0,13.0,11.0,266.37
51638,0,14.0,Phone,3,21.0,UPI,Male,5.0,4,Mobile Phone,5,Married,6,0,12.0,1.0,9.0,3.0,230.41
51639,0,15.0,Phone,1,35.0,Credit Card,Male,3.0,6,Laptop & Accessory,4,Single,5,0,20.0,1.0,12.0,3.0,282.92
51640,0,0.0,Computer,3,22.0,UPI,Female,3.0,3,Laptop & Accessory,4,Married,11,0,22.0,10.0,1.0,12.0,190.09
51641,0,15.0,Mobile Phone,1,23.0,Debit Card,Female,4.0,4,Fashion,2,Single,12,1,13.0,12.0,12.0,21.0,201.85
51642,1,2.0,Mobile Phone,1,33.0,UPI,Male,2.0,6,Fashion,3,Single,10,1,14.0,2.0,9.0,13.0,201.76
51643,0,30.0,Mobile Phone,2,19.0,Debit Card,Male,3.0,5,Mobile,5,Married,4,0,18.0,3.0,1.0,4.0,181.99
51644,0,12.0,Phone,1,11.0,UPI,Female,3.0,5,Laptop & Accessory,3,Divorced,11,0,15.0,8.0,10.0,6.0,119.56
51645,1,17.0,Computer,1,11.0,Debit Card,Male,2.0,5,Others,3,Married,6,1,25.0,9.0,7.0,10.0,214.43
51646,0,20.0,Phone,1,26.0,Credit Card,Female,1.0,4,Laptop & Accessory,3,Married,8,0,12.0,15.0,2.0,5.0,315.96
51647,0,1.0,Computer,2,16.0,UPI,Male,2.0,3,Mobile Phone,4,Divorced,14,1,17.0,6.0,15.0,10.0,206.36
51648,0,26.0,Phone,2,12.0,Credit Card,Female,2.0,3,Others,3,Single,8,0,18.0,10.0,4.0,12.0,135.86
51649,1,25.0,Mobile Phone,1,22.0,UPI,Male,3.0,4,Fashion,4,Married,14,0,25.0,10.0,15.0,12.0,176.79
51650,1,24.0,Mobile Phone,3,32.0,E wallet,Female,5.0,1,Fashion,5,Divorced,13,1,23.0,16.0,15.0,17.0,289.56
51651,0,10.0,Computer,2,22.0,Debit Card,Male,2.0,2,Mobile Phone,3,Divorced,3,1,23.0,3.0,13.0,6.0,163.62
51652,1,7.0,Mobile Phone,2,35.0,Credit Card,Male,1.0,3,Mobile,3,Married,13,0,19.0,5.0,15.0,21.0,114.77
51653,0,7.0,Phone,2,21.0,Credit Card,Male,5.0,3,Laptop & Accessory,3,Married,6,0,19.0,10.0,8.0,19.0,113.6
51654,0,51.0,Mobile Phone,1,27.0,CC,Male,3.0,5,Laptop & Accessory,3,Married,1,0,13.0,8.0,8.0,3.0,251.73
51655,0,17.0,Mobile Phone,1,15.0,UPI,Male,4.0,2,Mobile Phone,3,Married,1,1,16.0,13.0,10.0,2.0,324.46
51656,0,20.0,Phone,2,19.0,UPI,Female,1.0,5,Laptop & Accessory,4,Married,11,0,20.0,12.0,7.0,4.0,165.02
51657,0,7.0,Mobile Phone,2,34.0,Debit Card,Male,4.0,5,Mobile Phone,4,Married,1,1,18.0,0.0,4.0,20.0,346.99
51658,0,20.0,Computer,3,35.0,Debit Card,Male,4.0,4,Laptop & Accessory,4,Divorced,11,0,20.0,8.0,4.0,8.0,155.06
51659,1,19.0,Mobile Phone,1,10.0,UPI,Male,1.0,4,Others,5,Single,14,1,16.0,15.0,6.0,10.0,186.52
51660,0,7.0,Phone,1,16.0,Cash on Delivery,Female,1.0,4,Mobile Phone,2,Divorced,9,1,20.0,8.0,10.0,7.0,216.9
51661,0,30.0,Phone,1,27.0,Debit Card,Female,2.0,3,Fashion,2,Married,14,0,16.0,16.0,14.0,10.0,126.88
51662,0,28.0,Phone,1,39.0,Debit Card,Female,2.0,2,Others,4,Single,10,0,18.0,9.0,5.0,7.0,173.29
51663,1,8.0,Computer,2,7.0,Debit Card,Female,5.0,4,Grocery,3,Single,12,0,24.0,13.0,9.0,10.0,250.36
51664,0,14.0,Mobile Phone,3,32.0,Debit Card,Female,2.0,4,Others,2,Single,9,1,22.0,1.0,5.0,4.0,103.03
51665,0,29.0,Mobile Phone,2,19.0,E wallet,Female,4.0,1,Fashion,4,Single,10,0,11.0,15.0,6.0,8.0,220.86
51666,0,25.0,Mobile Phone,2,17.0,E wallet,Male,4.0,3,Laptop & Accessory,3,Married,12,0,12.0,16.0,8.0,16.0,264.85
51667,0,9.0,Computer,2,23.0,UPI,Male,2.0,3,Mobile Phone,2,Single,5,0,21.0,11.0,10.0,10.0,174.57
51668,1,28.0,Computer,1,22.0,Debit Card,Male,3.0,6,Mobile Phone,3,Divorced,12,0,26.0,15.0,14.0,16.0,317.78
51669,0,15.0,Mobile Phone,3,35.0,E wallet,Female,1.0,6,Mobile Phone,4,Married,7,0,13.0,9.0,4.0,5.0,169.31
51670,0,19.0,Phone,2,25.0,Debit Card,Male,2.0,5,Mobile,3,Single,4,1,17.0,13.0,10.0,13.0,328.01
51671,1,21.0,Mobile Phone,1,9.0,Credit Card,Male,5.0,5,Grocery,2,Married,2,0,11.0,5.0,10.0,13.0,308.31
51672,0,6.0,Mobile Phone,2,21.0,E wallet,Female,1.0,3,Grocery,5,Single,11,0,14.0,16.0,2.0,4.0,158.37
51673,0,22.0,Phone,2,23.0,UPI,Male,2.0,4,Mobile Phone,1,Divorced,6,0,13.0,11.0,2.0,16.0,115.74
51674,0,28.0,Mobile Phone,1,8.0,Debit Card,Female,4.0,3,Grocery,2,Married,15,0,18.0,9.0,13.0,3.0,107.9
51675,1,15.0,Phone,1,30.0,Debit Card,Female,3.0,5,Fashion,4,Married,2,0,17.0,0.0,16.0,8.0,293.99
51676,1,27.0,Phone,1,28.0,E wallet,Female,3.0,2,Mobile Phone,3,Married,7,0,26.0,3.0,11.0,6.0,240.49
51677,0,30.0,Phone,1,23.0,Debit Card,Female,4.0,3,Mobile Phone,4,Married,4,0,11.0,2.0,10.0,4.0,144.4
51678,0,13.0,Phone,1,34.0,UPI,Female,0.0,5,Grocery,4,Married,4,0,21.0,8.0,13.0,13.0,141.02
51679,0,51.0,Phone,2,30.0,Cash on Delivery,Female,4.0,6,Fashion,1,Single,2,1,19.0,2.0,8.0,19.0,194.45
51680,0,8.0,Phone,2,15.0,Cash on Delivery,Male,4.0,4,Laptop & Accessory,4,Married,9,1,21.0,13.0,16.0,12.0,121.66
51681,1,26.0,Mobile Phone,2,7.0,UPI,Female,0.0,2,Laptop & Accessory,5,Married,12,0,14.0,8.0,16.0,16.0,272.81
51682,0,23.0,Phone,3,26.0,Debit Card,Female,3.0,4,Grocery,4,Single,14,0,17.0,13.0,2.0,1.0,337.28
51683,0,12.0,Mobile Phone,2,21.0,Credit Card,Male,2.0,4,Laptop & Accessory,3,Married,12,1,22.0,15.0,13.0,1.0,203.51
51684,0,25.0,Mobile Phone,2,22.0,Debit Card,Male,1.0,6,Mobile Phone,1,Divorced,14,1,19.0,1.0,2.0,5.0,317.37
51685,0,28.0,Phone,3,31.0,Debit Card,Male,2.0,5,Fashion,5,Married,13,0,13.0,0.0,4.0,6.0,181.78
51686,1,27.0,Computer,2,33.0,Cash on Delivery,Male,3.0,1,Others,4,Married,15,0,24.0,8.0,7.0,15.0,161.72
51687,1,27.0,Mobile Phone,1,16.0,Debit Card,Male,5.0,3,Mobile Phone,1,Single,3,0,16.0,9.0,8.0,2.0,183.59
51688,0,7.0,Mobile Phone,1,17.0,Debit Card,Female,3.0,5,Laptop & Accessory,5,Single,6,1,17.0,2.0,5.0,19.0,152.21
51689,1,22.0,Mobile Phone,2,15.0,UPI,Male,4.0,6,Laptop & Accessory,1,Single,10,0,21.0,9.0,15.0,13.0,159.15
51690,0,28.0,Mobile Phone,2,35.0,UPI,Male,1.0,3,Laptop & Accessory,4,Single,12,1,19.0,12.0,3.0,11.0,272.37
51691,0,4.0,Phone,3,15.0,Credit Card,Male,2.0,4,Laptop & Accessory,4,Married,9,0,19.0,7.0,3.0,21.0,316.19
51692,0,6.0,Mobile Phone,2,6.0,Cash on Delivery,Male,5.0,3,Grocery,5,Single,8,0,14.0,0.0,8.0,17.0,195.26
51693,1,26.0,Computer,3,27.0,Credit Card,Male,4.0,1,Grocery,2,Single,9,0,21.0,12.0,12.0,19.0,247.82
51694,0,1.0,Phone,1,18.0,Credit Card,Male,2.0,5,Laptop & Accessory,4,Married,13,0,16.0,6.0,13.0,17.0,139.93
51695,0,24.0,Phone,2,31.0,Credit Card,Female,3.0,5,Mobile Phone,4,Married,7,1,20.0,14.0,4.0,10.0,289.13
51696,0,8.0,Phone,3,16.0,Debit Card,Female,2.0,2,Mobile Phone,1,Single,9,0,18.0,10.0,11.0,1.0,122.2
51697,0,26.0,Mobile Phone,1,33.0,UPI,Female,3.0,2,Fashion,4,Single,10,1,17.0,13.0,12.0,9.0,144.63
51698,1,0.0,Mobile Phone,1,10.0,Credit Card,Male,4.0,6,Mobile,3,Single,9,0,13.0,5.0,6.0,18.0,204.39
51699,0,22.0,Phone,1,27.0,Debit Card,Female,3.0,4,Fashion,3,Married,5,0,12.0,0.0,10.0,6.0,129.43
51700,1,9.0,Mobile Phone,2,14.0,Debit Card,Female,2.0,5,Grocery,2,Single,14,1,25.0,1.0,1.0,10.0,324.04
51701,0,24.0,Phone,1,38.0,UPI,Female,2.0,3,Mobile Phone,1,Single,7,1,20.0,5.0,2.0,7.0,223.11
51702,0,2.0,Mobile Phone,2,16.0,UPI,Male,2.0,4,Laptop & Accessory,2,Married,15,0,22.0,14.0,8.0,10.0,171.33
51703,0,5.0,Mobile Phone,1,36.0,UPI,Male,4.0,4,Mobile Phone,2,Married,5,0,15.0,11.0,15.0,3.0,134.71
51704,0,5.0,Mobile Phone,1,30.0,Credit Card,Male,3.0,5,Mobile Phone,4,Divorced,1,0,19.0,10.0,6.0,11.0,142.39
51705,0,17.0,Mobile Phone,3,11.0,UPI,Female,5.0,3,Mobile Phone,2,Married,14,0,26.0,8.0,8.0,5.0,282.55
51706,0,17.0,Computer,1,36.0,E wallet,Female,4.0,4,Laptop & Accessory,5,Married,7,1,21.0,14.0,7.0,11.0,320.37
51707,0,22.0,Mobile Phone,1,37.0,UPI,Male,2.0,5,Mobile Phone,2,Married,12,0,26.0,9.0,13.0,16.0,261.11
51708,1,1.0,Computer,1,22.0,UPI,Male,4.0,5,Fashion,4,Married,9,1,20.0,6.0,15.0,12.0,189.24
51709,0,11.0,Phone,2,39.0,Debit Card,Female,3.0,4,Mobile Phone,2,Married,5,0,15.0,3.0,6.0,20.0,165.24
51710,0,21.0,Computer,1,24.0,UPI,Female,2.0,4,Fashion,4,Divorced,4,0,20.0,8.0,3.0,5.0,221.79
51711,0,19.0,Phone,2,35.0,E wallet,Female,2.0,2,Laptop & Accessory,1,Married,5,1,21.0,13.0,5.0,1.0,175.32
51712,1,23.0,Computer,3,9.0,UPI,Female,5.0,4,Laptop & Accessory,4,Married,14,0,19.0,8.0,7.0,10.0,223.89
51713,0,19.0,Mobile Phone,1,36.0,Debit Card,Male,3.0,5,Others,3,Single,4,1,22.0,2.0,4.0,2.0,102.8
51714,1,0.0,Phone,1,23.0,UPI,Male,3.0,6,Fashion,3,Single,9,0,19.0,6.0,6.0,8.0,320.61
51715,0,0.0,Mobile Phone,2,5.0,Debit Card,Female,3.0,2,Laptop & Accessory,3,Married,14,0,26.0,0.0,1.0,19.0,247.1
51716,0,16.0,Mobile Phone,2,11.0,UPI,Female,2.0,6,Laptop & Accessory,3,Married,11,0,22.0,14.0,2.0,19.0,222.47
51717,1,0.0,Phone,1,26.0,UPI,Female,4.0,3,Mobile,1,Married,10,0,12.0,2.0,8.0,0.0,220.02
51718,0,29.0,Phone,2,38.0,UPI,Male,4.0,2,Laptop & Accessory,1,Married,15,1,23.0,3.0,6.0,14.0,291.25
51719,1,2.0,Mobile Phone,3,22.0,Cash on Delivery,Male,1.0,2,Fashion,4,Divorced,12,1,22.0,4.0,10.0,0.0,236.67
51720,0,10.0,Mobile Phone,1,30.0,Credit Card,Male,2.0,6,Fashion,2,Single,8,1,12.0,5.0,15.0,12.0,260.27
51721,1,23.0,Phone,2,36.0,UPI,Male,3.0,4,Mobile Phone,4,Single,14,0,16.0,1.0,6.0,2.0,299.28
51722,0,21.0,Phone,1,31.0,Credit Card,Male,2.0,3,Laptop & Accessory,4,Divorced,13,0,21.0,9.0,8.0,0.0,313.86
51723,0,25.0,Mobile Phone,2,16.0,Cash on Delivery,Female,4.0,3,Laptop & Accessory,4,Single,5,0,13.0,11.0,8.0,19.0,238.05
51724,1,12.0,Computer,1,27.0,Credit Card,Female,1.0,6,Mobile,4,Single,11,0,26.0,1.0,16.0,7.0,246.06
51725,0,0.0,Computer,2,18.0,Debit Card,Male,4.0,5,Laptop & Accessory,4,Married,5,1,15.0,4.0,1.0,11.0,271.16
51726,0,23.0,Computer,2,38.0,UPI,Male,3.0,3,Fashion,4,Single,5,0,25.0,10.0,9.0,5.0,218.07
51727,0,9.0,Computer,1,21.0,UPI,Female,2.0,2,Others,5,Single,13,0,26.0,16.0,4.0,21.0,325.8
51728,1,61.0,Mobile Phone,2,10.0,Debit Card,Male,2.0,5,Grocery,4,Divorced,7,0,15.0,12.0,2.0,17.0,235.91
51729,0,23.0,Computer,2,31.0,Debit Card,Female,1.0,6,Mobile Phone,3,Married,12,0,21.0,7.0,3.0,8.0,331.06
51730,0,27.0,Mobile Phone,1,12.0,Debit Card,Male,2.0,5,Mobile Phone,3,Married,12,0,13.0,0.0,7.0,3.0,300.89
51731,1,15.0,Mobile Phone,3,37.0,Cash on Delivery,Male,3.0,6,Others,1,Single,14,0,22.0,12.0,9.0,19.0,190.83
51732,0,15.0,Computer,1,39.0,UPI,Male,2.0,4,Mobile,5,Divorced,10,0,18.0,4.0,7.0,9.0,265.98
51733,0,16.0,Mobile Phone,2,21.0,UPI,Male,3.0,5,Laptop & Accessory,5,Married,7,1,23.0,6.0,12.0,9.0,279.23
51734,0,14.0,Phone,1,30.0,Credit Card,Male,3.0,6,Laptop & Accessory,1,Married,3,0,13.0,0.0,1.0,19.0,216.93
51735,0,15.0,Mobile Phone,2,11.0,Credit Card,Female,1.0,5,Mobile,5,Married,1,0,19.0,14.0,6.0,12.0,276.62
51736,0,14.0,Phone,1,28.0,UPI,Female,3.0,4,Others,2,Single,8,0,16.0,14.0,8.0,14.0,160.22
51737,0,60.0,Phone,1,29.0,UPI,Female,4.0,5,Laptop & Accessory,2,Married,14,1,25.0,2.0,15.0,8.0,172.27
51738,1,10.0,Mobile Phone,1,39.0,Debit Card,Female,2.0,5,Mobile,4,Married,11,0,19.0,7.0,5.0,8.0,260.94
51739,0,0.0,Mobile Phone,2,30.0,Credit Card,Male,3.0,5,Laptop & Accessory,4,Divorced,10,0,20.0,8.0,1.0,20.0,220.71
51740,1,14.0,Phone,2,9.0,UPI,Male,1.0,3,Laptop & Accessory,4,Single,4,1,23.0,15.0,8.0,8.0,195.84
51741,0,25.0,Phone,2,39.0,UPI,Female,1.0,1,Fashion,5,Married,4,1,15.0,0.0,5.0,16.0,116.66
51742,0,3.0,Mobile Phone,3,34.0,UPI,Male,2.0,4,Mobile Phone,3,Married,15,1,21.0,11.0,11.0,3.0,345.99
51743,0,4.0,Computer,3,29.0,Credit Card,Female,2.0,5,Laptop & Accessory,3,Married,11,0,21.0,8.0,13.0,4.0,156.98
51744,0,61.0,Mobile Phone,2,28.0,Credit Card,Male,4.0,2,Others,1,Married,9,0,21.0,2.0,8.0,12.0,255.61
51745,0,12.0,Computer,2,34.0,UPI,Female,3.0,4,Mobile Phone,5,Single,12,0,17.0,5.0,5.0,13.0,298.03
51746,0,9.0,Mobile Phone,1,24.0,Debit Card,Female,1.0,3,Mobile Phone,3,Married,14,0,16.0,8.0,5.0,7.0,227.0
51747,0,10.0,Mobile Phone,3,7.0,Credit Card,Male,3.0,5,Fashion,4,Married,14,0,19.0,8.0,9.0,16.0,244.78
51748,0,17.0,Mobile Phone,3,36.0,E wallet,Male,3.0,2,Laptop & Accessory,4,Married,7,1,19.0,12.0,6.0,9.0,232.85
51749,0,60.0,Mobile Phone,1,12.0,Cash on Delivery,Male,2.0,5,Fashion,1,Married,12,1,25.0,3.0,14.0,20.0,259.13
51750,0,22.0,Mobile Phone,2,27.0,COD,Male,4.0,4,Mobile Phone,5,Married,11,0,26.0,8.0,9.0,17.0,204.09
51751,1,6.0,Mobile Phone,3,20.0,Debit Card,Female,1.0,6,Fashion,3,Married,7,0,21.0,14.0,12.0,13.0,189.03
51752,0,2.0,Mobile Phone,1,39.0,Debit Card,Male,5.0,6,Laptop & Accessory,5,Single,11,0,12.0,14.0,10.0,10.0,346.29
51753,0,11.0,Mobile Phone,1,29.0,UPI,Male,2.0,5,Laptop & Accessory,3,Married,8,1,21.0,5.0,11.0,7.0,193.37
51754,0,6.0,Phone,1,19.0,Debit Card,Female,3.0,4,Laptop & Accessory,4,Single,1,0,21.0,7.0,9.0,17.0,211.58
51755,0,25.0,Computer,1,12.0,Debit Card,Female,3.0,2,Others,2,Divorced,9,0,20.0,4.0,4.0,12.0,140.52
51756,0,51.0,Mobile Phone,1,38.0,UPI,Male,4.0,3,Grocery,3,Divorced,11,0,16.0,15.0,12.0,15.0,306.8
51757,1,14.0,Phone,1,29.0,Debit Card,Female,1.0,3,Grocery,5,Married,1,0,22.0,5.0,3.0,19.0,293.41
51758,0,1.0,Phone,1,23.0,Debit Card,Male,3.0,5,Grocery,5,Married,10,0,20.0,13.0,7.0,17.0,282.98
51759,0,6.0,Phone,3,17.0,CC,Female,3.0,4,Fashion,5,Divorced,14,0,23.0,15.0,4.0,3.0,317.18
51760,0,50.0,Computer,1,16.0,Debit Card,Male,3.0,3,Laptop & Accessory,4,Married,11,0,20.0,2.0,6.0,3.0,104.64
51761,0,3.0,Computer,1,22.0,Debit Card,Female,3.0,4,Mobile Phone,5,Single,5,0,15.0,3.0,6.0,2.0,104.49
51762,0,19.0,Mobile Phone,1,27.0,Debit Card,Female,3.0,5,Fashion,3,Married,9,0,19.0,0.0,8.0,12.0,344.27
51763,0,50.0,Phone,1,6.0,Cash on Delivery,Male,1.0,1,Laptop & Accessory,5,Married,3,0,12.0,15.0,14.0,18.0,148.01
51764,0,27.0,Phone,3,27.0,Credit Card,Male,3.0,3,Laptop & Accessory,5,Married,13,1,22.0,9.0,9.0,6.0,321.82
51765,0,12.0,Mobile Phone,3,9.0,Debit Card,Male,0.0,4,Laptop & Accessory,5,Divorced,2,0,18.0,13.0,15.0,10.0,298.64
51766,0,0.0,Mobile Phone,2,38.0,Debit Card,Female,2.0,4,Laptop & Accessory,4,Married,2,0,25.0,2.0,7.0,8.0,229.96
51767,0,61.0,Computer,2,14.0,Credit Card,Female,3.0,4,Laptop & Accessory,5,Married,12,0,17.0,1.0,6.0,21.0,110.75
51768,0,29.0,Phone,2,31.0,Debit Card,Female,3.0,2,Laptop & Accessory,5,Single,14,0,11.0,6.0,14.0,21.0,151.39
51769,0,24.0,Mobile Phone,1,8.0,COD,Female,3.0,4,Mobile Phone,3,Divorced,14,0,13.0,9.0,13.0,15.0,116.62
51770,0,15.0,Mobile Phone,1,8.0,UPI,Female,1.0,4,Laptop & Accessory,3,Single,7,0,14.0,3.0,1.0,7.0,294.61
51771,0,18.0,Computer,1,12.0,Debit Card,Female,5.0,5,Others,2,Married,13,0,18.0,6.0,4.0,16.0,225.86
51772,0,0.0,Mobile Phone,3,10.0,E wallet,Female,3.0,5,Others,4,Divorced,5,1,12.0,7.0,2.0,15.0,346.61
51773,0,4.0,Phone,1,29.0,UPI,Male,2.0,1,Others,1,Married,8,0,18.0,15.0,6.0,4.0,234.17
51774,0,21.0,Mobile Phone,2,31.0,Debit Card,Female,5.0,4,Mobile Phone,4,Married,14,0,12.0,8.0,2.0,10.0,128.23
51775,0,23.0,Mobile Phone,1,24.0,UPI,Male,4.0,4,Grocery,1,Married,5,0,22.0,1.0,15.0,2.0,125.12
51776,0,3.0,Mobile Phone,1,31.0,Cash on Delivery,Female,1.0,4,Fashion,3,Single,2,0,13.0,9.0,5.0,13.0,230.99
51777,0,17.0,Mobile Phone,2,11.0,Debit Card,Male,3.0,4,Laptop & Accessory,3,Married,7,0,18.0,15.0,7.0,19.0,246.0
51778,0,15.0,Mobile Phone,1,27.0,UPI,Male,3.0,2,Fashion,1,Divorced,7,1,21.0,9.0,6.0,10.0,138.76
51779,1,17.0,Phone,3,24.0,Debit Card,Male,1.0,2,Grocery,1,Divorced,15,1,19.0,12.0,4.0,8.0,138.32
51780,1,21.0,Phone,1,38.0,Cash on Delivery,Female,2.0,4,Mobile Phone,3,Married,12,1,22.0,13.0,5.0,21.0,328.79
51781,0,1.0,Mobile Phone,1,33.0,UPI,Male,3.0,5,Grocery,5,Divorced,2,0,19.0,11.0,14.0,21.0,311.14
51782,0,20.0,Phone,2,9.0,Debit Card,Female,2.0,1,Grocery,3,Divorced,6,1,15.0,12.0,15.0,19.0,102.52
51783,0,28.0,Phone,2,31.0,Credit Card,Male,4.0,3,Fashion,2,Single,11,1,25.0,11.0,13.0,10.0,286.63
51784,0,25.0,Mobile Phone,1,16.0,Credit Card,Male,1.0,6,Others,3,Single,13,0,26.0,8.0,13.0,19.0,231.77
51785,0,20.0,Mobile Phone,2,21.0,Cash on Delivery,Male,5.0,5,Laptop & Accessory,4,Single,5,0,14.0,2.0,6.0,13.0,261.31
51786,0,16.0,Mobile Phone,2,38.0,UPI,Male,4.0,4,Grocery,1,Single,4,0,25.0,12.0,8.0,1.0,109.92
51787,0,15.0,Computer,1,34.0,Cash on Delivery,Male,3.0,2,Fashion,1,Single,12,0,13.0,13.0,10.0,18.0,209.36
51788,0,30.0,Phone,3,10.0,UPI,Male,2.0,3,Others,3,Married,13,1,25.0,2.0,11.0,9.0,218.32
51789,0,8.0,Mobile Phone,1,36.0,Debit Card,Male,3.0,2,Mobile Phone,4,Married,10,1,24.0,3.0,15.0,12.0,132.03
51790,0,30.0,Phone,1,36.0,Cash on Delivery,Male,2.0,6,Mobile Phone,4,Married,14,0,13.0,15.0,15.0,18.0,332.37
51791,0,13.0,Mobile Phone,2,13.0,UPI,Male,3.0,4,Others,4,Married,8,0,19.0,13.0,4.0,19.0,102.95
51792,0,1.0,Mobile Phone,1,26.0,Credit Card,Female,2.0,5,Others,2,Married,14,0,14.0,13.0,8.0,7.0,123.43
51793,0,13.0,Phone,2,14.0,CC,Male,4.0,5,Laptop & Accessory,4,Single,8,1,12.0,7.0,6.0,20.0,242.21
51794,0,51.0,Phone,2,33.0,Credit Card,Male,0.0,4,Grocery,3,Married,12,0,26.0,13.0,13.0,21.0,101.08
51795,0,61.0,Mobile Phone,1,15.0,Debit Card,Male,3.0,1,Laptop & Accessory,2,Married,5,0,23.0,2.0,9.0,21.0,348.42
51796,1,19.0,Computer,3,32.0,E wallet,Male,4.0,4,Laptop & Accessory,2,Married,11,0,22.0,6.0,9.0,15.0,107.45
51797,0,1.0,Mobile Phone,2,6.0,Debit Card,Male,3.0,5,Mobile Phone,4,Married,4,0,24.0,4.0,9.0,10.0,257.69
51798,0,18.0,Mobile Phone,2,25.0,UPI,Female,1.0,3,Laptop & Accessory,5,Married,9,0,25.0,11.0,4.0,7.0,190.38
51799,0,17.0,Computer,1,22.0,Debit Card,Female,2.0,6,Mobile Phone,2,Single,15,0,23.0,13.0,7.0,9.0,128.13
51800,1,15.0,Phone,1,21.0,Debit Card,Male,3.0,6,Grocery,3,Married,11,0,14.0,16.0,11.0,16.0,315.79
51801,0,3.0,Computer,2,31.0,Credit Card,Male,2.0,4,Others,2,Married,14,0,13.0,10.0,16.0,7.0,236.49
51802,0,11.0,Computer,3,34.0,UPI,Male,0.0,4,Laptop & Accessory,3,Single,5,0,24.0,15.0,12.0,18.0,267.8
51803,0,28.0,Computer,1,12.0,Credit Card,Male,3.0,4,Laptop & Accessory,2,Married,12,0,25.0,14.0,6.0,16.0,296.58
51804,0,6.0,Mobile Phone,2,9.0,Cash on Delivery,Male,4.0,4,Fashion,4,Divorced,15,1,15.0,11.0,4.0,21.0,238.03
51805,1,13.0,Mobile Phone,2,30.0,UPI,Male,1.0,2,Laptop & Accessory,1,Single,4,1,14.0,2.0,14.0,5.0,163.06
51806,1,11.0,Phone,1,10.0,Credit Card,Female,5.0,3,Laptop & Accessory,4,Married,2,0,12.0,12.0,10.0,17.0,178.04
51807,0,61.0,Phone,2,20.0,Cash on Delivery,Male,2.0,3,Laptop & Accessory,4,Married,6,0,24.0,4.0,8.0,4.0,306.4
51808,1,4.0,Phone,1,5.0,Credit Card,Male,4.0,2,Others,3,Single,5,1,21.0,0.0,7.0,10.0,296.54
51809,0,16.0,Mobile Phone,1,13.0,UPI,Female,1.0,2,Others,2,Single,6,0,25.0,7.0,12.0,20.0,103.61
51810,0,50.0,Mobile Phone,1,25.0,UPI,Male,5.0,6,Grocery,4,Married,1,1,20.0,11.0,9.0,6.0,244.7
51811,0,9.0,Phone,1,11.0,UPI,Male,0.0,4,Mobile Phone,5,Married,6,0,11.0,8.0,9.0,18.0,288.33
51812,0,16.0,Mobile Phone,1,19.0,UPI,Female,0.0,2,Fashion,4,Single,5,1,11.0,16.0,13.0,3.0,125.17
51813,0,4.0,Mobile Phone,3,28.0,UPI,Male,1.0,5,Mobile,3,Divorced,14,0,11.0,14.0,6.0,15.0,253.36
51814,0,8.0,Mobile Phone,2,9.0,Credit Card,Female,1.0,4,Fashion,4,Married,7,0,13.0,10.0,6.0,21.0,216.55
51815,0,51.0,Mobile Phone,1,33.0,Debit Card,Male,3.0,3,Mobile Phone,4,Single,12,1,19.0,2.0,13.0,4.0,154.45
51816,1,17.0,Phone,2,15.0,CC,Male,4.0,6,Grocery,1,Married,12,1,12.0,10.0,9.0,5.0,259.4
51817,1,8.0,Phone,2,8.0,Cash on Delivery,Female,2.0,3,Mobile Phone,4,Married,1,0,14.0,10.0,12.0,7.0,174.92
51818,0,28.0,Mobile Phone,1,14.0,Debit Card,Male,3.0,2,Fashion,2,Divorced,3,0,13.0,13.0,8.0,13.0,150.0
51819,0,13.0,Mobile Phone,1,38.0,Debit Card,Male,4.0,3,Mobile Phone,3,Single,13,1,17.0,16.0,8.0,16.0,212.32
51820,0,24.0,Phone,1,8.0,Credit Card,Male,5.0,6,Laptop & Accessory,3,Single,13,1,18.0,8.0,12.0,0.0,250.38
51821,1,14.0,Mobile Phone,1,14.0,Credit Card,Female,1.0,5,Laptop & Accessory,4,Divorced,13,0,22.0,4.0,6.0,11.0,208.1
51822,0,5.0,Computer,3,37.0,CC,Female,1.0,5,Mobile,4,Married,2,0,21.0,12.0,3.0,1.0,327.61
51823,0,28.0,Phone,2,22.0,Debit Card,Male,1.0,6,Mobile Phone,3,Married,15,0,15.0,1.0,12.0,9.0,325.02
51824,0,14.0,Computer,3,16.0,Debit Card,Female,2.0,2,Laptop & Accessory,4,Married,6,1,16.0,5.0,2.0,12.0,192.31
51825,0,28.0,Phone,2,27.0,E wallet,Female,3.0,5,Grocery,2,Single,1,1,24.0,5.0,10.0,5.0,152.84
51826,0,3.0,Mobile Phone,1,29.0,Debit Card,Female,3.0,4,Fashion,5,Married,15,0,25.0,3.0,4.0,13.0,325.05
51827,0,17.0,Phone,3,8.0,Credit Card,Male,2.0,6,Others,2,Married,11,0,17.0,8.0,8.0,16.0,204.15
51828,0,17.0,Mobile Phone,1,17.0,Debit Card,Female,3.0,5,Grocery,4,Divorced,13,0,19.0,7.0,13.0,3.0,177.66
51829,0,10.0,Mobile Phone,1,22.0,Cash on Delivery,Male,2.0,5,Laptop & Accessory,2,Single,14,0,11.0,12.0,13.0,17.0,339.57
51830,0,13.0,Mobile Phone,2,33.0,Debit Card,Female,2.0,5,Fashion,3,Single,3,0,25.0,12.0,2.0,20.0,223.19
51831,1,2.0,Mobile Phone,1,34.0,Credit Card,Male,1.0,4,Mobile Phone,3,Divorced,11,0,23.0,16.0,9.0,4.0,318.56
51832,0,17.0,Mobile Phone,1,32.0,UPI,Male,3.0,4,Mobile,3,Divorced,11,0,25.0,4.0,6.0,19.0,102.3
51833,0,19.0,Mobile Phone,2,11.0,CC,Female,3.0,6,Laptop & Accessory,5,Married,4,1,12.0,8.0,11.0,10.0,113.69
51834,0,24.0,Phone,3,28.0,Debit Card,Female,4.0,6,Laptop & Accessory,2,Single,6,0,11.0,13.0,16.0,21.0,219.72
51835,0,12.0,Computer,1,14.0,Debit Card,Male,5.0,3,Others,2,Divorced,15,1,19.0,12.0,8.0,7.0,263.02
51836,0,3.0,Mobile Phone,1,31.0,Debit Card,Male,4.0,3,Mobile Phone,4,Married,5,0,12.0,4.0,13.0,0.0,219.78
51837,0,13.0,Phone,2,25.0,E wallet,Male,2.0,4,Mobile Phone,5,Divorced,14,0,12.0,14.0,12.0,10.0,218.47
51838,0,51.0,Mobile Phone,2,33.0,Credit Card,Male,2.0,5,Others,4,Divorced,5,0,19.0,16.0,1.0,10.0,182.58
51839,0,27.0,Computer,1,11.0,UPI,Male,5.0,3,Laptop & Accessory,5,Married,15,1,19.0,1.0,3.0,3.0,214.08
51840,0,7.0,Mobile Phone,3,17.0,Debit Card,Male,4.0,4,Fashion,2,Single,5,0,25.0,7.0,1.0,16.0,308.38
51841,0,60.0,Computer,2,27.0,UPI,Male,4.0,3,Fashion,1,Married,1,0,23.0,15.0,4.0,10.0,290.36
51842,0,4.0,Mobile Phone,2,29.0,UPI,Male,3.0,3,Mobile Phone,3,Single,8,1,13.0,5.0,9.0,7.0,157.37
51843,0,4.0,Computer,3,17.0,UPI,Male,2.0,6,Mobile Phone,4,Married,10,0,20.0,13.0,11.0,1.0,279.7
51844,1,30.0,Mobile Phone,3,34.0,Cash on Delivery,Female,4.0,3,Grocery,4,Married,2,1,24.0,8.0,4.0,19.0,271.04
51845,0,8.0,Mobile Phone,1,30.0,Debit Card,Male,1.0,6,Laptop & Accessory,2,Single,6,0,25.0,11.0,7.0,16.0,133.41
51846,0,50.0,Mobile Phone,1,16.0,Credit Card,Female,2.0,3,Grocery,4,Single,7,1,26.0,14.0,8.0,15.0,315.88
51847,1,51.0,Mobile Phone,2,5.0,Cash on Delivery,Female,2.0,3,Mobile Phone,5,Single,10,0,18.0,1.0,10.0,5.0,115.04
51848,0,2.0,Computer,3,22.0,E wallet,Male,3.0,2,Laptop & Accessory,4,Divorced,10,0,20.0,12.0,8.0,6.0,101.17
51849,0,29.0,Phone,2,25.0,Credit Card,Male,3.0,5,Fashion,4,Married,4,0,11.0,11.0,9.0,19.0,301.35
51850,0,11.0,Mobile Phone,1,28.0,Debit Card,Male,3.0,1,Laptop & Accessory,3,Married,8,0,24.0,0.0,12.0,21.0,262.0
51851,0,28.0,Computer,2,21.0,Credit Card,Male,3.0,5,Mobile Phone,4,Single,1,1,22.0,15.0,1.0,21.0,147.49
51852,0,2.0,Phone,1,13.0,Debit Card,Male,2.0,4,Grocery,1,Divorced,9,0,23.0,9.0,12.0,14.0,281.1
51853,0,25.0,Computer,3,32.0,Debit Card,Male,3.0,5,Laptop & Accessory,3,Single,12,1,20.0,11.0,7.0,12.0,319.83
51854,0,29.0,Mobile Phone,1,19.0,Credit Card,Female,3.0,5,Laptop & Accessory,5,Single,13,0,12.0,8.0,5.0,5.0,144.11
51855,0,8.0,Computer,3,17.0,E wallet,Male,4.0,2,Mobile Phone,4,Single,4,0,18.0,3.0,9.0,21.0,183.73
51856,1,25.0,Mobile Phone,1,32.0,Debit Card,Female,3.0,1,Mobile Phone,5,Married,10,0,11.0,4.0,5.0,16.0,305.42
51857,0,1.0,Phone,3,21.0,Debit Card,Male,3.0,2,Mobile Phone,5,Married,14,0,19.0,15.0,13.0,0.0,290.54
51858,0,2.0,Mobile Phone,1,13.0,Credit Card,Male,3.0,3,Fashion,5,Divorced,15,1,19.0,13.0,2.0,11.0,251.56
51859,0,3.0,Phone,2,25.0,Debit Card,Male,3.0,2,Laptop & Accessory,2,Divorced,9,0,26.0,12.0,15.0,0.0,197.42
51860,0,24.0,Phone,3,34.0,Credit Card,Male,2.0,4,Laptop & Accessory,2,Single,15,0,13.0,3.0,5.0,10.0,203.88
51861,1,12.0,Mobile Phone,2,15.0,Debit Card,Female,3.0,3,Laptop & Accessory,5,Single,14,1,13.0,11.0,16.0,12.0,208.1
51862,0,61.0,Computer,2,34.0,Debit Card,Male,3.0,3,Mobile Phone,3,Single,12,0,11.0,12.0,9.0,10.0,331.1
51863,0,22.0,Computer,1,29.0,UPI,Male,3.0,6,Laptop & Accessory,3,Married,15,0,18.0,2.0,8.0,11.0,230.54
51864,0,8.0,Computer,2,11.0,E wallet,Male,1.0,5,Fashion,4,Married,2,1,14.0,4.0,7.0,17.0,227.68
51865,0,1.0,Computer,3,24.0,Credit Card,Male,3.0,4,Laptop & Accessory,3,Married,10,0,11.0,14.0,3.0,7.0,191.62
51866,0,30.0,Phone,1,39.0,Cash on Delivery,Female,4.0,4,Others,2,Married,11,0,21.0,8.0,13.0,10.0,259.71
51867,0,1.0,Computer,2,22.0,Debit Card,Female,2.0,4,Grocery,5,Married,8,0,15.0,8.0,14.0,0.0,238.42
51868,0,50.0,Computer,2,39.0,E wallet,Female,3.0,4,Grocery,5,Married,5,0,20.0,1.0,10.0,8.0,263.6
51869,0,17.0,Mobile Phone,1,5.0,UPI,Male,5.0,5,Grocery,4,Married,7,1,19.0,16.0,4.0,3.0,335.31
51870,0,12.0,Phone,1,18.0,E wallet,Male,4.0,2,Mobile,1,Married,5,0,18.0,8.0,4.0,3.0,301.28
51871,0,4.0,Computer,1,9.0,UPI,Male,4.0,3,Mobile Phone,2,Married,13,0,19.0,6.0,12.0,14.0,115.71
51872,1,9.0,Phone,1,38.0,Debit Card,Female,2.0,2,Mobile,3,Married,6,0,19.0,11.0,16.0,13.0,345.84
51873,0,24.0,Mobile Phone,3,28.0,Debit Card,Male,2.0,1,Others,4,Single,7,0,26.0,4.0,10.0,21.0,161.06
51874,0,60.0,Mobile Phone,2,22.0,Credit Card,Female,5.0,1,Mobile Phone,4,Single,9,0,26.0,11.0,2.0,11.0,260.83
51875,0,29.0,Computer,1,31.0,Debit Card,Female,2.0,1,Others,1,Single,6,1,13.0,7.0,3.0,6.0,255.17
51876,0,6.0,Computer,1,9.0,CC,Female,1.0,4,Others,5,Married,1,1,24.0,4.0,3.0,8.0,111.23
51877,0,5.0,Mobile Phone,2,22.0,Debit Card,Male,1.0,2,Laptop & Accessory,4,Single,1,0,22.0,14.0,12.0,4.0,346.65
51878,0,2.0,Mobile Phone,1,25.0,UPI,Male,3.0,3,Others,3,Divorced,1,1,14.0,1.0,13.0,18.0,207.67
51879,0,12.0,Mobile Phone,1,36.0,Debit Card,Female,2.0,3,Mobile Phone,2,Married,10,1,22.0,2.0,7.0,5.0,302.73
51880,0,2.0,Phone,1,35.0,Debit Card,Female,1.0,3,Grocery,5,Single,5,0,20.0,1.0,10.0,3.0,195.86
51881,1,25.0,Mobile Phone,3,36.0,Credit Card,Female,4.0,5,Laptop & Accessory,3,Married,6,0,26.0,10.0,13.0,10.0,193.42
51882,0,23.0,Phone,1,19.0,Credit Card,Male,3.0,4,Laptop & Accessory,2,Single,6,0,14.0,5.0,11.0,21.0,266.38
51883,0,5.0,Computer,1,34.0,Cash on Delivery,Female,3.0,3,Mobile,4,Married,9,0,26.0,1.0,13.0,5.0,185.27
51884,0,11.0,Phone,3,22.0,Debit Card,Male,1.0,3,Mobile Phone,3,Single,13,0,13.0,2.0,15.0,10.0,207.54
51885,0,1.0,Mobile Phone,1,35.0,E wallet,Male,1.0,4,Grocery,5,Married,10,1,16.0,15.0,8.0,2.0,218.78
51886,0,10.0,Computer,3,30.0,UPI,Female,1.0,2,Grocery,4,Single,1,0,13.0,16.0,8.0,13.0,207.87
51887,0,60.0,Phone,1,22.0,E wallet,Male,3.0,3,Grocery,2,Single,3,1,16.0,16.0,9.0,4.0,177.25
51888,0,25.0,Mobile Phone,1,6.0,Debit Card,Female,4.0,3,Grocery,4,Married,4,1,15.0,9.0,2.0,17.0,298.44
51889,0,17.0,Phone,1,13.0,Credit Card,Male,3.0,4,Others,3,Married,9,0,24.0,8.0,10.0,3.0,300.54
51890,0,20.0,Phone,1,9.0,Credit Card,Male,2.0,2,Fashion,3,Single,1,0,21.0,11.0,8.0,5.0,294.32
51891,0,21.0,Computer,1,31.0,UPI,Male,4.0,2,Mobile Phone,4,Married,8,0,12.0,1.0,12.0,17.0,105.09
51892,0,29.0,Computer,1,22.0,Debit Card,Male,1.0,6,Others,2,Married,3,1,18.0,8.0,6.0,10.0,229.44
51893,0,29.0,Mobile Phone,1,39.0,Credit Card,Male,1.0,6,Mobile Phone,5,Married,14,0,21.0,5.0,4.0,10.0,302.03
51894,0,7.0,Mobile Phone,1,33.0,Debit Card,Male,4.0,4,Fashion,4,Married,8,0,19.0,6.0,15.0,7.0,101.67
51895,0,60.0,Mobile Phone,2,20.0,UPI,Female,2.0,5,Others,2,Married,2,0,17.0,12.0,4.0,6.0,159.53
51896,0,8.0,Phone,3,23.0,Credit Card,Male,3.0,4,Others,1,Married,12,0,16.0,8.0,9.0,1.0,232.22
51897,0,19.0,Phone,3,31.0,Credit Card,Female,0.0,2,Others,4,Single,6,0,19.0,8.0,12.0,21.0,194.71
51898,0,24.0,Mobile Phone,2,22.0,COD,Male,1.0,4,Fashion,3,Married,2,1,14.0,15.0,4.0,0.0,296.9
51899,0,18.0,Mobile Phone,3,17.0,Debit Card,Female,3.0,2,Fashion,1,Single,7,0,24.0,3.0,2.0,10.0,238.65
51900,0,4.0,Computer,1,34.0,UPI,Male,1.0,4,Mobile Phone,4,Married,6,1,15.0,6.0,14.0,1.0,274.58
51901,1,10.0,Computer,1,30.0,UPI,Male,0.0,2,Laptop & Accessory,3,Married,11,0,26.0,16.0,5.0,1.0,107.52
51902,0,14.0,Mobile Phone,1,10.0,Credit Card,Female,3.0,2,Laptop & Accessory,3,Married,7,0,25.0,14.0,2.0,11.0,134.19
51903,0,7.0,Phone,2,7.0,CC,Male,2.0,5,Laptop & Accessory,2,Married,9,0,19.0,8.0,5.0,11.0,226.91
51904,0,18.0,Phone,3,27.0,COD,Female,4.0,5,Mobile,2,Married,14,0,25.0,6.0,7.0,21.0,305.97
51905,0,22.0,Mobile Phone,2,16.0,CC,Male,4.0,6,Grocery,2,Married,12,0,13.0,2.0,2.0,10.0,117.14
51906,1,26.0,Mobile Phone,1,19.0,E wallet,Female,3.0,5,Mobile Phone,5,Married,10,0,13.0,2.0,9.0,21.0,104.79
51907,0,50.0,Mobile Phone,2,5.0,COD,Male,2.0,6,Mobile Phone,4,Married,9,0,24.0,2.0,16.0,10.0,261.96
51908,0,25.0,Mobile Phone,1,12.0,UPI,Male,3.0,2,Laptop & Accessory,3,Divorced,13,0,26.0,14.0,13.0,0.0,214.01
51909,0,26.0,Phone,2,35.0,CC,Male,3.0,4,Laptop & Accessory,4,Divorced,6,0,22.0,10.0,1.0,21.0,174.1
51910,0,18.0,Mobile Phone,2,15.0,Cash on Delivery,Male,1.0,5,Grocery,3,Single,11,1,26.0,5.0,16.0,15.0,136.74
51911,0,28.0,Mobile Phone,1,21.0,Debit Card,Male,2.0,3,Mobile,5,Married,8,0,22.0,13.0,10.0,7.0,173.52
51912,1,17.0,Phone,1,22.0,Debit Card,Male,4.0,6,Laptop & Accessory,2,Married,10,1,18.0,12.0,16.0,15.0,165.99
51913,0,18.0,Mobile Phone,2,35.0,Debit Card,Male,2.0,3,Laptop & Accessory,5,Single,13,0,20.0,1.0,8.0,13.0,113.29
51914,0,18.0,Phone,2,31.0,Cash on Delivery,Female,3.0,4,Others,1,Divorced,6,0,16.0,12.0,9.0,3.0,250.16
51915,1,51.0,Mobile Phone,1,18.0,Credit Card,Female,1.0,5,Fashion,2,Single,10,1,23.0,12.0,4.0,18.0,313.73
51916,0,15.0,Phone,1,22.0,Debit Card,Male,4.0,3,Laptop & Accessory,5,Married,2,1,26.0,15.0,15.0,21.0,281.74
51917,0,22.0,Computer,3,9.0,Credit Card,Male,1.0,4,Laptop & Accessory,2,Married,15,0,12.0,0.0,3.0,14.0,254.36
51918,1,6.0,Mobile Phone,1,34.0,Debit Card,Male,4.0,5,Fashion,2,Single,15,1,13.0,1.0,10.0,15.0,174.9
51919,0,25.0,Phone,1,38.0,Cash on Delivery,Female,1.0,4,Mobile Phone,1,Married,5,0,18.0,1.0,3.0,16.0,231.76
51920,1,50.0,Mobile Phone,2,23.0,Cash on Delivery,Male,4.0,3,Mobile Phone,4,Single,11,0,25.0,3.0,9.0,3.0,168.45
51921,0,11.0,Computer,2,35.0,COD,Female,2.0,6,Mobile,3,Married,11,0,24.0,1.0,11.0,1.0,137.8
51922,0,7.0,Computer,1,20.0,Debit Card,Male,3.0,4,Laptop & Accessory,4,Single,5,1,15.0,3.0,7.0,12.0,123.58
51923,0,4.0,Mobile Phone,1,31.0,E wallet,Male,4.0,3,Mobile Phone,1,Married,11,1,23.0,12.0,16.0,9.0,120.89
51924,0,27.0,Phone,1,30.0,UPI,Male,0.0,5,Laptop & Accessory,3,Single,12,0,24.0,12.0,2.0,7.0,215.93
51925,0,4.0,Mobile Phone,2,33.0,UPI,Male,2.0,4,Mobile Phone,3,Single,4,0,25.0,0.0,3.0,4.0,280.15
51926,0,25.0,Computer,1,33.0,UPI,Male,5.0,2,Grocery,4,Married,9,0,25.0,2.0,1.0,4.0,217.14
51927,0,4.0,Mobile Phone,2,35.0,Credit Card,Female,2.0,3,Laptop & Accessory,3,Single,13,0,12.0,14.0,5.0,13.0,248.1
51928,0,21.0,Computer,3,22.0,COD,Male,3.0,2,Fashion,5,Single,15,0,13.0,2.0,5.0,3.0,241.58
51929,0,14.0,Mobile Phone,3,10.0,Credit Card,Male,1.0,2,Laptop & Accessory,3,Married,12,0,26.0,0.0,14.0,5.0,176.51
51930,0,12.0,Phone,2,13.0,E wallet,Female,3.0,3,Laptop & Accessory,4,Married,2,0,26.0,13.0,14.0,7.0,330.16
51931,0,27.0,Computer,2,19.0,Debit Card,Male,1.0,3,Laptop & Accessory,3,Single,7,1,21.0,9.0,9.0,15.0,283.94
51932,0,51.0,Computer,3,24.0,UPI,Male,3.0,4,Fashion,4,Single,6,0,12.0,10.0,15.0,9.0,280.61
51933,0,22.0,Mobile Phone,3,6.0,UPI,Female,2.0,6,Mobile,2,Single,3,0,15.0,7.0,10.0,10.0,226.8
51934,0,51.0,Phone,3,7.0,UPI,Female,3.0,6,Fashion,2,Married,15,1,15.0,0.0,3.0,20.0,147.44
51935,0,17.0,Mobile Phone,1,34.0,COD,Male,1.0,5,Others,5,Married,7,0,19.0,12.0,8.0,9.0,207.5
51936,0,29.0,Mobile Phone,1,12.0,Credit Card,Female,3.0,4,Mobile Phone,4,Married,8,0,16.0,10.0,12.0,13.0,156.02
51937,0,25.0,Mobile Phone,3,25.0,UPI,Male,2.0,6,Fashion,3,Single,14,0,12.0,8.0,16.0,15.0,147.32
51938,0,15.0,Mobile Phone,3,17.0,Cash on Delivery,Male,2.0,2,Others,4,Married,4,1,26.0,10.0,6.0,11.0,125.26
51939,0,12.0,Phone,2,36.0,UPI,Male,3.0,3,Laptop & Accessory,2,Married,12,0,21.0,10.0,15.0,14.0,166.94
51940,0,51.0,Mobile Phone,3,18.0,Debit Card,Male,1.0,4,Fashion,5,Single,8,0,11.0,8.0,15.0,13.0,268.58
51941,1,25.0,Phone,2,5.0,UPI,Female,4.0,5,Fashion,2,Married,6,0,17.0,0.0,9.0,5.0,293.61
51942,0,0.0,Mobile Phone,2,31.0,Credit Card,Female,3.0,4,Laptop & Accessory,4,Married,5,0,17.0,7.0,3.0,3.0,333.72
51943,1,1.0,Mobile Phone,1,28.0,COD,Male,3.0,5,Laptop & Accessory,2,Single,8,0,20.0,2.0,7.0,2.0,223.83
51944,0,5.0,Phone,2,26.0,Debit Card,Male,1.0,2,Fashion,4,Divorced,6,0,16.0,12.0,2.0,12.0,264.0
51945,0,17.0,Mobile Phone,2,18.0,UPI,Female,3.0,2,Mobile Phone,3,Married,10,0,25.0,8.0,6.0,16.0,336.14
51946,0,17.0,Mobile Phone,3,12.0,Debit Card,Female,0.0,5,Mobile Phone,3,Single,8,1,23.0,4.0,11.0,19.0,267.99
51947,0,26.0,Mobile Phone,2,31.0,Debit Card,Male,4.0,3,Fashion,3,Single,6,0,19.0,5.0,7.0,15.0,277.71
51948,0,7.0,Phone,3,7.0,Credit Card,Male,2.0,3,Mobile Phone,1,Single,15,1,12.0,15.0,8.0,2.0,295.16
51949,0,27.0,Phone,3,37.0,Debit Card,Female,1.0,5,Grocery,1,Married,4,1,23.0,8.0,2.0,4.0,161.02
51950,0,9.0,Mobile Phone,1,25.0,Credit Card,Female,1.0,2,Grocery,4,Single,2,1,24.0,8.0,15.0,17.0,293.22
51951,0,17.0,Mobile Phone,1,36.0,UPI,Male,5.0,2,Fashion,4,Single,3,0,26.0,7.0,1.0,19.0,322.99
51952,0,28.0,Computer,2,36.0,Debit Card,Female,4.0,3,Laptop & Accessory,4,Divorced,7,1,18.0,2.0,8.0,11.0,116.56
51953,1,5.0,Computer,1,28.0,UPI,Male,2.0,5,Grocery,1,Single,11,1,14.0,11.0,7.0,16.0,326.9
51954,0,13.0,Mobile Phone,2,15.0,Debit Card,Male,5.0,3,Laptop & Accessory,5,Married,11,0,21.0,12.0,8.0,1.0,175.59
51955,0,21.0,Phone,1,22.0,E wallet,Male,1.0,3,Mobile Phone,4,Single,6,0,17.0,8.0,3.0,10.0,315.0
51956,1,5.0,Mobile Phone,1,22.0,Debit Card,Male,3.0,4,Fashion,2,Divorced,15,0,26.0,14.0,7.0,11.0,112.57
51957,0,25.0,Mobile Phone,1,15.0,Debit Card,Female,3.0,1,Fashion,4,Single,6,0,18.0,5.0,12.0,2.0,331.01
51958,0,11.0,Mobile Phone,1,31.0,Credit Card,Male,4.0,5,Mobile Phone,2,Married,9,0,17.0,2.0,7.0,2.0,179.44
51959,0,17.0,Phone,1,5.0,COD,Male,2.0,4,Fashion,4,Single,5,0,22.0,5.0,14.0,14.0,293.22
51960,0,13.0,Mobile Phone,3,33.0,E wallet,Female,2.0,2,Laptop & Accessory,3,Single,11,0,13.0,16.0,4.0,13.0,122.02
51961,0,21.0,Computer,1,25.0,Debit Card,Male,3.0,4,Grocery,3,Married,9,0,18.0,0.0,11.0,12.0,302.33
51962,0,17.0,Phone,3,33.0,Debit Card,Female,2.0,3,Mobile,1,Married,1,0,26.0,11.0,16.0,14.0,187.79
51963,0,6.0,Mobile Phone,3,13.0,Credit Card,Female,0.0,2,Fashion,4,Single,13,1,14.0,11.0,8.0,6.0,322.77
51964,0,24.0,Phone,3,11.0,Cash on Delivery,Male,3.0,2,Mobile Phone,5,Divorced,3,0,25.0,15.0,15.0,10.0,228.85
51965,0,12.0,Mobile Phone,2,22.0,UPI,Male,3.0,2,Mobile Phone,3,Married,5,1,18.0,3.0,5.0,1.0,327.03
51966,0,20.0,Mobile Phone,2,31.0,UPI,Female,2.0,4,Laptop & Accessory,1,Single,7,1,25.0,2.0,8.0,4.0,229.59
51967,0,9.0,Mobile Phone,1,36.0,Debit Card,Male,2.0,2,Fashion,4,Married,14,1,15.0,8.0,10.0,3.0,317.58
51968,0,8.0,Mobile Phone,1,9.0,Debit Card,Male,2.0,2,Fashion,4,Married,5,1,19.0,3.0,5.0,3.0,227.23
51969,0,14.0,Mobile Phone,3,37.0,Credit Card,Female,3.0,6,Mobile,4,Divorced,15,1,13.0,12.0,2.0,10.0,208.69
51970,1,1.0,Mobile Phone,1,19.0,Debit Card,Male,3.0,1,Mobile Phone,4,Divorced,4,0,26.0,8.0,2.0,10.0,289.81
51971,0,24.0,Mobile Phone,3,9.0,Debit Card,Male,4.0,4,Others,3,Married,14,1,24.0,3.0,10.0,16.0,189.64
51972,0,12.0,Mobile Phone,2,24.0,Debit Card,Female,4.0,6,Grocery,2,Single,5,0,12.0,1.0,5.0,11.0,285.35
51973,0,60.0,Computer,1,21.0,UPI,Female,4.0,1,Laptop & Accessory,1,Single,1,0,14.0,3.0,12.0,20.0,210.99
51974,0,60.0,Mobile Phone,1,8.0,Debit Card,Male,2.0,6,Laptop & Accessory,3,Divorced,11,0,12.0,2.0,4.0,18.0,146.7
51975,0,61.0,Mobile Phone,2,25.0,UPI,Male,1.0,4,Fashion,5,Married,5,0,21.0,9.0,12.0,12.0,343.96
51976,0,2.0,Computer,2,38.0,E wallet,Male,4.0,5,Mobile Phone,1,Divorced,9,0,21.0,5.0,9.0,18.0,168.31
51977,0,5.0,Phone,2,9.0,Debit Card,Female,1.0,4,Mobile,5,Married,3,0,22.0,2.0,5.0,19.0,189.96
51978,0,18.0,Phone,1,8.0,Credit Card,Female,5.0,4,Laptop & Accessory,5,Divorced,10,0,12.0,13.0,2.0,20.0,231.81
51979,0,2.0,Mobile Phone,1,26.0,Cash on Delivery,Male,4.0,5,Mobile Phone,4,Single,6,0,11.0,2.0,7.0,4.0,300.32
51980,0,17.0,Phone,1,18.0,UPI,Female,3.0,2,Grocery,5,Single,9,0,18.0,15.0,9.0,7.0,214.13
51981,0,8.0,Mobile Phone,1,8.0,Debit Card,Male,2.0,3,Grocery,4,Married,15,0,11.0,3.0,1.0,1.0,160.21
51982,0,17.0,Phone,1,12.0,Debit Card,Female,3.0,6,Fashion,3,Single,6,0,18.0,9.0,13.0,10.0,271.31
51983,0,4.0,Computer,1,7.0,Credit Card,Male,3.0,2,Mobile Phone,4,Married,10,0,19.0,7.0,11.0,19.0,294.47
51984,0,2.0,Phone,1,33.0,Credit Card,Female,4.0,3,Laptop & Accessory,5,Married,6,1,16.0,6.0,6.0,15.0,301.53
51985,0,10.0,Mobile Phone,2,30.0,Debit Card,Female,1.0,4,Mobile Phone,5,Single,6,1,17.0,16.0,8.0,1.0,234.25
51986,1,29.0,Phone,2,34.0,Cash on Delivery,Female,4.0,2,Fashion,5,Single,7,0,16.0,15.0,3.0,16.0,272.0
51987,0,3.0,Phone,1,16.0,Credit Card,Female,3.0,4,Grocery,2,Married,6,0,11.0,3.0,4.0,16.0,186.18
51988,0,4.0,Phone,2,19.0,Debit Card,Female,0.0,5,Grocery,4,Single,8,0,11.0,9.0,4.0,10.0,136.28
51989,1,0.0,Phone,2,6.0,Cash on Delivery,Female,2.0,5,Grocery,3,Divorced,2,0,22.0,10.0,15.0,9.0,138.03
51990,0,26.0,Phone,2,5.0,Debit Card,Female,3.0,4,Mobile Phone,3,Single,8,0,11.0,8.0,12.0,19.0,110.74
51991,0,27.0,Phone,2,32.0,Credit Card,Female,1.0,4,Fashion,3,Married,4,0,13.0,10.0,11.0,14.0,158.52
51992,1,28.0,Computer,1,39.0,Debit Card,Female,1.0,5,Mobile,1,Single,2,0,25.0,0.0,6.0,12.0,264.87
51993,1,17.0,Computer,1,38.0,Credit Card,Male,0.0,2,Laptop & Accessory,5,Single,9,1,24.0,16.0,9.0,19.0,327.19
51994,1,11.0,Mobile Phone,1,8.0,Debit Card,Male,5.0,4,Grocery,5,Single,14,0,17.0,3.0,9.0,7.0,298.24
51995,0,12.0,Phone,1,22.0,Credit Card,Male,1.0,6,Mobile Phone,2,Single,5,0,21.0,14.0,9.0,10.0,291.61
51996,0,1.0,Mobile Phone,2,16.0,Debit Card,Male,2.0,4,Laptop & Accessory,4,Divorced,14,1,18.0,6.0,8.0,19.0,327.35
51997,0,15.0,Phone,3,25.0,Credit Card,Female,2.0,1,Mobile Phone,4,Married,3,0,22.0,0.0,12.0,13.0,156.98
51998,0,23.0,Mobile Phone,1,14.0,Debit Card,Male,3.0,4,Laptop & Accessory,5,Married,15,0,11.0,13.0,6.0,10.0,114.74
51999,0,61.0,Phone,2,25.0,Debit Card,Male,3.0,5,Grocery,4,Single,12,1,16.0,11.0,3.0,10.0,205.0
52000,0,21.0,Phone,3,29.0,Debit Card,Male,4.0,1,Mobile Phone,4,Single,3,1,22.0,8.0,6.0,8.0,194.16
52001,0,10.0,Mobile Phone,1,21.0,Debit Card,Male,3.0,5,Others,5,Single,9,1,18.0,14.0,6.0,10.0,249.35
52002,0,28.0,Computer,3,10.0,Credit Card,Male,3.0,3,Mobile,4,Married,5,1,22.0,10.0,15.0,5.0,220.69
52003,0,61.0,Phone,1,18.0,COD,Female,2.0,4,Mobile,3,Single,10,1,15.0,1.0,4.0,12.0,287.08
52004,1,14.0,Mobile Phone,3,22.0,Cash on Delivery,Female,3.0,6,Laptop & Accessory,1,Married,7,1,19.0,8.0,10.0,12.0,299.1
52005,0,30.0,Mobile Phone,1,34.0,E wallet,Male,1.0,6,Mobile Phone,5,Divorced,2,0,12.0,7.0,4.0,14.0,244.27
52006,0,15.0,Computer,1,13.0,Debit Card,Male,3.0,4,Mobile Phone,4,Married,14,1,19.0,3.0,7.0,10.0,151.96
52007,0,9.0,Mobile Phone,2,18.0,Debit Card,Female,1.0,4,Others,4,Married,15,0,14.0,11.0,2.0,20.0,319.61
52008,1,50.0,Phone,3,21.0,Credit Card,Female,4.0,2,Laptop & Accessory,4,Married,6,0,26.0,15.0,16.0,6.0,166.08
52009,0,1.0,Phone,1,38.0,COD,Male,3.0,3,Fashion,3,Single,1,0,26.0,16.0,14.0,10.0,291.35
52010,0,23.0,Computer,2,26.0,Credit Card,Male,3.0,3,Mobile Phone,4,Divorced,8,0,14.0,12.0,16.0,12.0,227.01
52011,0,22.0,Phone,2,36.0,UPI,Male,3.0,5,Mobile,1,Divorced,1,1,25.0,8.0,2.0,15.0,239.18
52012,1,1.0,Phone,1,16.0,Debit Card,Male,4.0,5,Mobile,4,Single,15,0,14.0,15.0,11.0,9.0,140.29
52013,0,30.0,Computer,2,20.0,Debit Card,Male,3.0,3,Mobile Phone,2,Married,11,0,24.0,1.0,14.0,19.0,242.65
52014,0,25.0,Computer,2,26.0,UPI,Female,2.0,4,Mobile Phone,3,Married,15,0,18.0,12.0,9.0,3.0,308.68
52015,0,28.0,Phone,1,6.0,Credit Card,Female,2.0,4,Mobile Phone,1,Married,3,1,16.0,0.0,13.0,17.0,209.27
52016,0,2.0,Mobile Phone,2,12.0,Debit Card,Male,1.0,5,Grocery,5,Single,6,0,19.0,1.0,16.0,17.0,180.9
52017,0,13.0,Mobile Phone,3,5.0,E wallet,Female,1.0,5,Laptop & Accessory,2,Married,14,0,20.0,16.0,4.0,13.0,167.25
52018,0,24.0,Phone,2,9.0,CC,Female,0.0,5,Laptop & Accessory,3,Single,8,1,11.0,9.0,15.0,10.0,218.04
52019,0,0.0,Phone,3,21.0,E wallet,Female,4.0,4,Fashion,3,Divorced,15,0,11.0,8.0,3.0,7.0,161.62
52020,1,2.0,Mobile Phone,1,34.0,E wallet,Female,4.0,2,Laptop & Accessory,3,Married,11,0,12.0,0.0,12.0,10.0,209.67
52021,1,17.0,Mobile Phone,1,19.0,Debit Card,Female,2.0,3,Fashion,5,Married,14,0,15.0,8.0,2.0,8.0,224.3
52022,0,17.0,Phone,3,24.0,COD,Male,0.0,4,Laptop & Accessory,4,Married,10,0,21.0,12.0,8.0,18.0,142.69
52023,0,8.0,Mobile Phone,3,6.0,UPI,Male,3.0,4,Grocery,4,Married,1,1,16.0,2.0,1.0,15.0,313.89
52024,1,22.0,Mobile Phone,1,8.0,E wallet,Female,2.0,5,Grocery,2,Single,12,1,21.0,8.0,1.0,10.0,280.16
52025,0,20.0,Mobile Phone,1,28.0,Debit Card,Male,4.0,3,Laptop & Accessory,2,Single,10,0,13.0,11.0,5.0,9.0,304.37
52026,0,0.0,Phone,3,6.0,UPI,Female,2.0,6,Grocery,2,Single,4,0,11.0,15.0,8.0,1.0,315.78
52027,0,20.0,Phone,1,6.0,Debit Card,Female,4.0,2,Grocery,3,Single,3,1,17.0,15.0,10.0,18.0,227.38
52028,0,26.0,Mobile Phone,1,5.0,Debit Card,Male,1.0,1,Others,3,Married,11,0,26.0,4.0,13.0,12.0,321.0
52029,0,5.0,Mobile Phone,2,17.0,CC,Male,3.0,2,Fashion,3,Married,1,0,11.0,11.0,4.0,17.0,248.82
52030,0,27.0,Phone,3,10.0,Cash on Delivery,Male,5.0,4,Others,3,Married,5,0,19.0,8.0,8.0,3.0,340.05
52031,0,16.0,Phone,2,26.0,UPI,Male,0.0,5,Fashion,2,Married,13,0,19.0,3.0,8.0,4.0,207.39
52032,0,2.0,Phone,2,21.0,UPI,Male,2.0,2,Fashion,3,Divorced,14,0,25.0,14.0,9.0,17.0,294.5
52033,1,11.0,Mobile Phone,1,26.0,Credit Card,Male,2.0,4,Fashion,3,Divorced,8,0,23.0,8.0,1.0,15.0,187.57
52034,0,11.0,Mobile Phone,2,10.0,UPI,Male,3.0,5,Mobile Phone,4,Single,14,1,11.0,8.0,5.0,2.0,131.94
52035,1,1.0,Computer,1,7.0,Cash on Delivery,Male,2.0,1,Laptop & Accessory,3,Married,7,0,18.0,13.0,6.0,5.0,315.79
52036,0,21.0,Mobile Phone,3,10.0,UPI,Male,4.0,1,Mobile Phone,4,Married,3,1,20.0,15.0,14.0,0.0,274.7
52037,0,22.0,Phone,2,21.0,Credit Card,Female,5.0,4,Fashion,4,Married,5,0,19.0,8.0,7.0,15.0,245.66
52038,0,29.0,Mobile Phone,2,39.0,CC,Female,4.0,2,Fashion,1,Married,5,0,18.0,5.0,14.0,11.0,337.69
52039,0,4.0,Mobile Phone,3,39.0,UPI,Male,3.0,4,Mobile Phone,4,Divorced,8,1,11.0,13.0,10.0,1.0,297.14
52040,0,17.0,Mobile Phone,1,27.0,UPI,Male,5.0,1,Mobile Phone,3,Married,6,0,14.0,6.0,9.0,1.0,118.06
52041,0,20.0,Phone,3,12.0,E wallet,Female,3.0,6,Laptop & Accessory,4,Single,3,0,24.0,14.0,3.0,4.0,110.75
52042,0,10.0,Mobile Phone,1,11.0,E wallet,Male,2.0,4,Laptop & Accessory,3,Single,7,0,20.0,7.0,14.0,19.0,244.28
52043,0,4.0,Mobile Phone,1,22.0,COD,Male,1.0,4,Mobile Phone,4,Divorced,1,0,14.0,9.0,3.0,0.0,214.04
52044,1,61.0,Mobile Phone,1,30.0,Credit Card,Male,3.0,4,Fashion,2,Married,2,0,22.0,0.0,8.0,10.0,112.8
52045,0,26.0,Mobile Phone,3,22.0,UPI,Male,3.0,5,Grocery,5,Married,7,0,11.0,7.0,2.0,3.0,124.49
52046,0,1.0,Mobile Phone,3,23.0,Debit Card,Male,1.0,5,Mobile Phone,3,Married,15,1,23.0,15.0,10.0,1.0,185.42
52047,1,23.0,Mobile Phone,1,27.0,Debit Card,Male,3.0,2,Fashion,4,Married,14,0,26.0,3.0,6.0,14.0,206.88
52048,0,17.0,Mobile Phone,1,22.0,Credit Card,Male,5.0,5,Mobile Phone,4,Married,13,0,17.0,2.0,5.0,4.0,280.49
52049,0,51.0,Phone,3,37.0,Debit Card,Male,2.0,4,Mobile,4,Married,12,0,17.0,5.0,2.0,13.0,291.92
52050,0,29.0,Phone,1,6.0,Credit Card,Male,2.0,5,Others,4,Married,13,1,26.0,5.0,13.0,8.0,233.33
52051,0,27.0,Mobile Phone,2,32.0,E wallet,Female,5.0,6,Others,3,Married,2,1,20.0,8.0,2.0,8.0,136.61
52052,1,30.0,Mobile Phone,2,36.0,CC,Male,1.0,3,Fashion,2,Married,2,0,19.0,0.0,11.0,10.0,188.88
52053,1,10.0,Phone,3,37.0,Debit Card,Male,5.0,4,Mobile Phone,4,Married,10,0,18.0,10.0,1.0,18.0,301.9
52054,0,22.0,Mobile Phone,2,13.0,UPI,Female,4.0,5,Fashion,1,Married,7,0,13.0,11.0,2.0,9.0,328.3
52055,0,1.0,Mobile Phone,1,33.0,Cash on Delivery,Male,2.0,6,Laptop & Accessory,1,Divorced,10,0,21.0,9.0,16.0,10.0,176.09
52056,1,26.0,Phone,3,22.0,UPI,Male,1.0,4,Others,4,Single,4,0,23.0,11.0,2.0,9.0,113.97
52057,0,61.0,Computer,1,22.0,Cash on Delivery,Male,0.0,5,Laptop & Accessory,3,Married,9,0,12.0,0.0,6.0,16.0,169.13
52058,0,1.0,Phone,1,22.0,E wallet,Female,2.0,5,Grocery,4,Married,7,0,20.0,3.0,15.0,17.0,305.31
52059,0,20.0,Mobile Phone,1,22.0,UPI,Female,3.0,5,Laptop & Accessory,3,Single,10,0,22.0,4.0,16.0,21.0,199.51
52060,0,4.0,Computer,3,18.0,UPI,Male,3.0,6,Mobile Phone,4,Married,10,1,26.0,8.0,2.0,10.0,133.29
52061,0,20.0,Mobile Phone,2,33.0,UPI,Male,3.0,3,Grocery,2,Divorced,6,0,13.0,10.0,3.0,10.0,271.77
52062,0,28.0,Computer,1,23.0,Credit Card,Male,3.0,6,Mobile Phone,4,Single,4,0,18.0,0.0,4.0,5.0,307.96
52063,0,19.0,Mobile Phone,2,22.0,UPI,Female,3.0,3,Mobile Phone,5,Married,8,1,16.0,7.0,10.0,14.0,258.17
52064,0,19.0,Mobile Phone,1,22.0,Cash on Delivery,Female,5.0,4,Others,5,Single,13,1,21.0,1.0,3.0,12.0,295.13
52065,0,24.0,Phone,3,19.0,E wallet,Male,3.0,4,Laptop & Accessory,1,Married,5,0,13.0,10.0,1.0,10.0,311.43
52066,1,17.0,Computer,1,30.0,Debit Card,Male,5.0,5,Grocery,3,Married,8,0,12.0,3.0,8.0,4.0,168.6
52067,0,17.0,Computer,2,28.0,CC,Male,2.0,3,Others,4,Single,12,1,11.0,11.0,10.0,14.0,272.9
52068,0,17.0,Phone,2,23.0,Credit Card,Male,3.0,2,Fashion,4,Married,8,1,26.0,3.0,9.0,3.0,304.58
52069,0,5.0,Phone,1,24.0,E wallet,Female,3.0,5,Fashion,3,Married,13,1,18.0,5.0,6.0,5.0,103.1
52070,0,2.0,Phone,3,13.0,Debit Card,Male,5.0,4,Others,2,Single,11,0,19.0,5.0,3.0,11.0,303.32
52071,0,51.0,Phone,1,32.0,Debit Card,Male,3.0,5,Mobile Phone,3,Married,9,0,13.0,13.0,13.0,13.0,276.51
52072,0,0.0,Computer,2,20.0,UPI,Female,2.0,5,Others,5,Single,14,0,26.0,0.0,2.0,19.0,238.46
52073,0,4.0,Mobile Phone,2,15.0,UPI,Male,2.0,5,Mobile Phone,2,Single,13,1,15.0,8.0,12.0,15.0,100.96
52074,0,12.0,Mobile Phone,2,38.0,Debit Card,Female,2.0,5,Mobile Phone,5,Married,12,0,22.0,2.0,11.0,7.0,122.88
52075,0,18.0,Computer,1,29.0,E wallet,Male,2.0,4,Mobile,4,Married,11,0,25.0,0.0,15.0,10.0,188.59
52076,0,11.0,Computer,3,25.0,UPI,Male,3.0,4,Laptop & Accessory,3,Single,9,0,15.0,5.0,12.0,1.0,145.47
52077,0,24.0,Mobile Phone,1,9.0,CC,Female,4.0,1,Mobile Phone,3,Single,7,0,19.0,8.0,11.0,17.0,144.55
52078,0,61.0,Mobile Phone,2,15.0,Credit Card,Female,1.0,3,Mobile Phone,3,Single,10,1,15.0,14.0,9.0,0.0,175.61
52079,0,11.0,Computer,2,13.0,Debit Card,Male,2.0,5,Mobile Phone,3,Married,7,0,24.0,1.0,12.0,10.0,101.97
52080,0,29.0,Phone,3,15.0,UPI,Female,4.0,2,Laptop & Accessory,2,Married,13,0,17.0,2.0,6.0,20.0,128.73
52081,0,4.0,Phone,2,5.0,COD,Female,2.0,5,Mobile Phone,5,Single,6,0,17.0,11.0,10.0,21.0,206.24
52082,0,60.0,Mobile Phone,1,30.0,Credit Card,Female,5.0,4,Mobile Phone,5,Divorced,9,0,17.0,16.0,12.0,0.0,267.3
52083,0,21.0,Computer,3,14.0,Debit Card,Female,2.0,5,Laptop & Accessory,4,Married,8,1,15.0,14.0,2.0,10.0,216.52
52084,1,12.0,Mobile Phone,1,23.0,CC,Male,2.0,4,Grocery,5,Single,1,0,24.0,0.0,9.0,7.0,345.15
52085,1,2.0,Mobile Phone,1,20.0,Debit Card,Male,1.0,5,Laptop & Accessory,2,Married,8,1,13.0,13.0,14.0,13.0,108.04
52086,0,17.0,Mobile Phone,3,8.0,Credit Card,Female,5.0,2,Laptop & Accessory,1,Married,14,1,21.0,12.0,6.0,12.0,272.37
52087,0,17.0,Computer,2,18.0,UPI,Male,4.0,2,Fashion,4,Married,2,0,17.0,12.0,10.0,9.0,261.57
52088,0,4.0,Phone,1,34.0,UPI,Female,4.0,3,Fashion,5,Married,9,0,18.0,12.0,16.0,4.0,270.88
52089,0,23.0,Phone,2,11.0,Debit Card,Male,1.0,3,Grocery,5,Married,6,0,14.0,6.0,11.0,17.0,204.16
52090,0,51.0,Mobile Phone,1,16.0,E wallet,Female,5.0,6,Laptop & Accessory,4,Married,5,1,16.0,3.0,2.0,6.0,195.07
52091,0,7.0,Computer,1,28.0,E wallet,Male,5.0,5,Laptop & Accessory,4,Single,7,0,22.0,3.0,12.0,16.0,317.1
52092,0,23.0,Phone,1,26.0,UPI,Male,2.0,3,Laptop & Accessory,3,Single,11,0,15.0,12.0,7.0,10.0,139.39
52093,0,19.0,Phone,2,34.0,Debit Card,Female,3.0,6,Fashion,5,Married,13,0,20.0,11.0,12.0,3.0,176.13
52094,0,15.0,Computer,2,24.0,Debit Card,Female,5.0,5,Others,4,Single,15,1,12.0,0.0,15.0,10.0,137.62
52095,0,11.0,Mobile Phone,2,30.0,Debit Card,Male,2.0,4,Fashion,2,Single,4,0,22.0,11.0,16.0,15.0,131.96
52096,0,12.0,Phone,1,9.0,UPI,Male,1.0,3,Mobile Phone,3,Married,9,0,11.0,16.0,11.0,14.0,199.95
52097,0,24.0,Computer,2,10.0,UPI,Female,4.0,4,Others,2,Divorced,10,0,22.0,16.0,16.0,20.0,329.79
52098,0,50.0,Phone,1,22.0,Debit Card,Female,3.0,4,Fashion,4,Married,15,1,24.0,1.0,15.0,17.0,327.24
52099,0,23.0,Phone,2,9.0,UPI,Male,5.0,5,Fashion,2,Single,14,0,23.0,8.0,10.0,14.0,265.69
52100,0,8.0,Mobile Phone,3,14.0,Credit Card,Male,3.0,3,Mobile,2,Married,12,0,16.0,9.0,10.0,19.0,224.64
52101,0,22.0,Phone,2,32.0,E wallet,Male,0.0,5,Mobile,2,Married,8,0,26.0,6.0,15.0,17.0,244.71
52102,0,12.0,Phone,2,22.0,Credit Card,Female,3.0,4,Mobile Phone,3,Single,1,0,20.0,10.0,2.0,7.0,261.52
52103,0,50.0,Mobile Phone,3,17.0,Credit Card,Male,3.0,5,Fashion,5,Divorced,1,1,26.0,3.0,7.0,21.0,224.85
52104,1,14.0,Computer,2,6.0,UPI,Male,0.0,3,Laptop & Accessory,5,Married,3,0,16.0,2.0,13.0,8.0,232.23
52105,0,4.0,Mobile Phone,2,39.0,UPI,Male,2.0,3,Mobile Phone,5,Single,8,0,17.0,1.0,6.0,13.0,301.37
52106,0,21.0,Mobile Phone,2,32.0,Credit Card,Female,1.0,6,Laptop & Accessory,1,Married,8,0,15.0,3.0,7.0,10.0,310.03
52107,0,15.0,Phone,1,27.0,Credit Card,Female,3.0,4,Mobile Phone,4,Single,2,0,11.0,16.0,13.0,5.0,230.47
52108,0,9.0,Phone,2,27.0,UPI,Male,3.0,3,Fashion,3,Married,13,0,21.0,3.0,6.0,1.0,244.58
52109,0,23.0,Mobile Phone,2,39.0,UPI,Male,3.0,2,Laptop & Accessory,5,Single,1,0,16.0,9.0,4.0,2.0,143.48
52110,0,17.0,Mobile Phone,1,36.0,E wallet,Male,3.0,3,Laptop & Accessory,5,Divorced,4,1,14.0,15.0,14.0,17.0,193.57
52111,0,17.0,Mobile Phone,1,6.0,Credit Card,Male,2.0,5,Mobile Phone,5,Married,14,0,21.0,8.0,12.0,18.0,235.79
52112,1,6.0,Mobile Phone,3,20.0,Credit Card,Male,3.0,3,Laptop & Accessory,1,Married,2,0,17.0,9.0,16.0,18.0,209.76
52113,0,3.0,Mobile Phone,2,20.0,Cash on Delivery,Female,3.0,5,Grocery,2,Single,5,0,12.0,8.0,1.0,8.0,292.05
52114,0,25.0,Mobile Phone,1,7.0,Debit Card,Female,4.0,2,Mobile,4,Married,14,0,24.0,14.0,10.0,12.0,154.16
52115,0,4.0,Mobile Phone,1,32.0,UPI,Female,4.0,2,Grocery,2,Married,12,1,19.0,12.0,4.0,7.0,157.13
52116,0,15.0,Phone,2,33.0,CC,Male,3.0,4,Mobile Phone,5,Married,7,0,17.0,15.0,1.0,4.0,331.5
52117,0,61.0,Computer,1,24.0,UPI,Male,5.0,5,Fashion,4,Divorced,10,1,19.0,14.0,6.0,14.0,128.42
52118,0,25.0,Phone,1,37.0,Debit Card,Female,4.0,5,Grocery,2,Married,11,1,15.0,3.0,8.0,6.0,159.59
52119,0,17.0,Phone,2,26.0,Credit Card,Male,1.0,4,Laptop & Accessory,5,Married,12,0,22.0,2.0,4.0,3.0,285.06
52120,0,28.0,Mobile Phone,2,12.0,Debit Card,Male,3.0,4,Mobile Phone,3,Married,10,0,12.0,0.0,8.0,4.0,231.34
52121,0,22.0,Phone,1,28.0,Credit Card,Male,5.0,3,Laptop & Accessory,4,Married,5,1,11.0,3.0,2.0,11.0,130.36
52122,0,13.0,Phone,1,24.0,Debit Card,Female,5.0,4,Laptop & Accessory,2,Married,1,0,23.0,2.0,7.0,13.0,261.37
52123,0,14.0,Phone,2,16.0,Credit Card,Female,2.0,3,Grocery,4,Married,14,0,15.0,14.0,6.0,11.0,155.21
52124,0,51.0,Mobile Phone,1,24.0,Credit Card,Male,3.0,6,Others,4,Single,10,0,24.0,8.0,12.0,10.0,147.77
52125,0,24.0,Mobile Phone,1,24.0,UPI,Male,2.0,4,Laptop & Accessory,3,Divorced,12,1,26.0,6.0,5.0,9.0,170.89
52126,0,20.0,Phone,1,8.0,UPI,Female,1.0,4,Laptop & Accessory,2,Single,5,0,20.0,15.0,8.0,13.0,194.1
52127,1,16.0,Mobile Phone,1,34.0,Debit Card,Female,4.0,3,Laptop & Accessory,4,Single,6,0,15.0,11.0,1.0,9.0,325.77
52128,0,22.0,Computer,1,35.0,UPI,Female,5.0,3,Others,4,Single,9,0,25.0,7.0,15.0,2.0,227.07
52129,0,16.0,Mobile Phone,3,26.0,UPI,Male,3.0,5,Others,2,Single,13,1,21.0,10.0,9.0,16.0,142.69
52130,0,13.0,Mobile Phone,1,19.0,Debit Card,Male,0.0,3,Grocery,1,Married,1,1,13.0,9.0,15.0,18.0,342.22
52131,0,28.0,Phone,1,32.0,Cash on Delivery,Female,4.0,2,Grocery,2,Single,3,0,19.0,3.0,9.0,18.0,195.77
52132,1,19.0,Computer,1,15.0,Credit Card,Female,3.0,3,Mobile Phone,3,Divorced,11,0,21.0,3.0,14.0,4.0,334.97
52133,0,29.0,Mobile Phone,2,18.0,Debit Card,Male,1.0,5,Mobile Phone,1,Single,15,0,26.0,14.0,10.0,4.0,192.2
52134,0,18.0,Phone,3,15.0,Debit Card,Male,1.0,5,Laptop & Accessory,5,Married,5,1,20.0,3.0,12.0,2.0,121.6
52135,0,12.0,Mobile Phone,1,13.0,Debit Card,Male,1.0,3,Mobile,2,Married,1,1,25.0,16.0,8.0,7.0,259.07
52136,0,17.0,Phone,3,28.0,Credit Card,Male,3.0,5,Fashion,4,Married,14,0,11.0,13.0,12.0,17.0,334.44
52137,0,22.0,Phone,1,14.0,Debit Card,Male,2.0,3,Mobile Phone,3,Single,7,0,22.0,5.0,16.0,12.0,275.33
52138,1,51.0,Computer,3,36.0,Debit Card,Female,1.0,4,Laptop & Accessory,4,Married,1,0,15.0,2.0,9.0,15.0,110.21
52139,0,17.0,Mobile Phone,1,24.0,UPI,Male,5.0,1,Laptop & Accessory,4,Married,10,0,21.0,13.0,11.0,17.0,164.0
52140,0,8.0,Mobile Phone,1,18.0,CC,Male,5.0,5,Laptop & Accessory,4,Married,10,0,14.0,4.0,5.0,10.0,242.95
52141,1,51.0,Phone,1,8.0,Credit Card,Male,1.0,5,Fashion,4,Married,15,0,23.0,7.0,14.0,15.0,101.42
52142,0,50.0,Mobile Phone,1,28.0,E wallet,Female,2.0,2,Others,2,Married,3,0,12.0,8.0,12.0,7.0,234.02
52143,0,16.0,Phone,2,36.0,Debit Card,Female,3.0,3,Others,3,Divorced,11,1,22.0,4.0,13.0,17.0,300.3
52144,0,18.0,Phone,1,22.0,Debit Card,Male,1.0,4,Laptop & Accessory,4,Married,1,1,11.0,16.0,2.0,0.0,346.96
52145,0,26.0,Mobile Phone,2,20.0,Debit Card,Male,1.0,5,Fashion,3,Married,9,0,20.0,5.0,4.0,10.0,233.64
52146,0,5.0,Computer,1,36.0,CC,Male,2.0,5,Laptop & Accessory,2,Single,12,0,21.0,15.0,2.0,13.0,269.89
52147,0,61.0,Mobile Phone,2,22.0,UPI,Male,5.0,5,Mobile Phone,3,Single,7,1,14.0,6.0,2.0,10.0,138.46
52148,0,60.0,Computer,1,22.0,UPI,Male,5.0,3,Mobile Phone,2,Single,10,1,16.0,9.0,12.0,5.0,129.38
52149,0,19.0,Computer,2,11.0,UPI,Female,4.0,3,Grocery,2,Divorced,9,0,18.0,15.0,5.0,20.0,260.75
52150,1,24.0,Phone,1,22.0,Credit Card,Male,3.0,3,Laptop & Accessory,3,Married,9,0,20.0,16.0,12.0,9.0,140.04
52151,0,3.0,Mobile Phone,1,22.0,UPI,Female,3.0,4,Others,3,Divorced,11,0,12.0,5.0,1.0,12.0,290.86
52152,0,9.0,Computer,1,7.0,UPI,Male,3.0,4,Grocery,1,Divorced,13,0,22.0,1.0,10.0,12.0,273.26
52153,0,9.0,Phone,3,5.0,COD,Male,3.0,1,Fashion,4,Married,11,1,21.0,15.0,10.0,3.0,192.97
52154,0,23.0,Mobile Phone,2,37.0,UPI,Male,3.0,5,Laptop & Accessory,3,Divorced,9,1,12.0,11.0,5.0,7.0,267.08
52155,0,20.0,Mobile Phone,1,11.0,Credit Card,Male,3.0,3,Mobile Phone,2,Married,10,0,16.0,10.0,1.0,9.0,192.85
52156,0,10.0,Mobile Phone,1,14.0,UPI,Male,1.0,5,Laptop & Accessory,5,Married,5,1,14.0,11.0,3.0,5.0,254.77
52157,0,26.0,Computer,1,12.0,Cash on Delivery,Female,2.0,5,Fashion,1,Single,12,1,20.0,1.0,13.0,13.0,264.95
52158,0,15.0,Computer,1,36.0,Debit Card,Male,5.0,5,Fashion,3,Divorced,7,1,19.0,5.0,8.0,4.0,277.67
52159,1,17.0,Computer,2,27.0,Debit Card,Male,2.0,3,Laptop & Accessory,3,Married,6,1,14.0,11.0,8.0,14.0,231.58
52160,0,29.0,Phone,1,21.0,Cash on Delivery,Female,2.0,3,Fashion,4,Single,6,1,22.0,1.0,11.0,20.0,192.54
52161,0,15.0,Phone,1,18.0,UPI,Female,2.0,3,Mobile Phone,3,Divorced,3,0,19.0,0.0,1.0,6.0,254.33
52162,0,6.0,Mobile Phone,2,21.0,E wallet,Female,2.0,4,Grocery,4,Married,12,0,12.0,12.0,10.0,10.0,220.33
52163,0,15.0,Mobile Phone,1,29.0,Credit Card,Female,1.0,3,Grocery,5,Married,10,0,25.0,12.0,9.0,7.0,114.89
52164,0,61.0,Mobile Phone,1,25.0,Credit Card,Male,2.0,6,Mobile Phone,2,Single,13,0,22.0,14.0,15.0,19.0,222.41
52165,0,15.0,Phone,2,10.0,Debit Card,Male,3.0,4,Mobile,2,Single,6,1,11.0,8.0,15.0,6.0,191.72
52166,0,11.0,Computer,1,24.0,Credit Card,Male,2.0,2,Fashion,4,Married,10,0,26.0,10.0,15.0,16.0,114.31
52167,0,61.0,Computer,3,24.0,Credit Card,Female,3.0,6,Mobile,4,Divorced,6,0,16.0,12.0,6.0,10.0,127.03
52168,0,20.0,Mobile Phone,2,30.0,Credit Card,Male,1.0,4,Fashion,5,Married,5,0,21.0,4.0,9.0,0.0,242.82
52169,0,16.0,Phone,1,36.0,Debit Card,Male,0.0,6,Mobile Phone,5,Married,12,0,11.0,8.0,13.0,5.0,304.33
52170,0,50.0,Phone,1,12.0,CC,Male,4.0,3,Laptop & Accessory,3,Single,4,0,16.0,16.0,10.0,7.0,219.05
52171,0,5.0,Phone,1,33.0,UPI,Male,4.0,3,Mobile Phone,3,Single,10,0,19.0,7.0,2.0,20.0,112.12
52172,1,23.0,Phone,1,21.0,Debit Card,Male,3.0,5,Others,5,Married,5,0,16.0,3.0,2.0,3.0,310.5
52173,0,26.0,Mobile Phone,3,22.0,COD,Male,0.0,3,Laptop & Accessory,5,Single,14,0,14.0,15.0,6.0,18.0,266.13
52174,0,19.0,Computer,1,22.0,Credit Card,Male,2.0,5,Mobile Phone,3,Single,7,0,22.0,13.0,12.0,4.0,328.91
52175,0,24.0,Phone,3,15.0,UPI,Male,3.0,4,Mobile Phone,1,Married,12,0,12.0,0.0,1.0,19.0,347.53
52176,0,1.0,Phone,2,16.0,CC,Male,1.0,3,Others,4,Married,13,0,15.0,5.0,2.0,12.0,311.59
52177,0,8.0,Mobile Phone,3,19.0,Debit Card,Male,4.0,6,Grocery,3,Divorced,4,0,15.0,11.0,12.0,11.0,327.6
52178,0,27.0,Mobile Phone,2,30.0,Debit Card,Female,3.0,5,Fashion,5,Single,9,1,18.0,7.0,5.0,20.0,292.12
52179,0,2.0,Mobile Phone,2,7.0,Credit Card,Male,3.0,3,Mobile Phone,5,Married,4,0,13.0,7.0,14.0,12.0,329.28
52180,0,19.0,Phone,2,7.0,Debit Card,Female,3.0,4,Fashion,5,Married,9,0,12.0,13.0,6.0,21.0,217.73
52181,0,5.0,Computer,3,39.0,E wallet,Male,2.0,2,Mobile,1,Married,10,0,24.0,4.0,8.0,18.0,331.38
52182,0,51.0,Mobile Phone,1,13.0,Cash on Delivery,Male,2.0,2,Laptop & Accessory,5,Single,9,0,11.0,0.0,14.0,1.0,153.09
52183,0,0.0,Phone,3,8.0,UPI,Female,3.0,5,Others,4,Married,7,0,12.0,2.0,5.0,12.0,129.55
52184,0,5.0,Phone,2,24.0,E wallet,Male,4.0,6,Laptop & Accessory,2,Married,7,0,12.0,5.0,16.0,7.0,217.98
52185,1,17.0,Mobile Phone,1,19.0,Debit Card,Male,0.0,5,Laptop & Accessory,3,Single,10,0,11.0,10.0,3.0,10.0,164.42
52186,0,14.0,Phone,3,33.0,UPI,Female,2.0,6,Grocery,3,Divorced,1,1,18.0,9.0,6.0,13.0,263.69
52187,0,25.0,Phone,3,9.0,CC,Male,2.0,1,Grocery,4,Married,2,0,25.0,7.0,9.0,20.0,304.02
52188,0,13.0,Mobile Phone,2,11.0,E wallet,Male,3.0,3,Mobile Phone,2,Divorced,15,1,18.0,8.0,4.0,0.0,154.17
52189,0,6.0,Mobile Phone,1,22.0,UPI,Female,1.0,2,Grocery,2,Married,12,1,20.0,6.0,13.0,3.0,117.43
52190,0,30.0,Phone,3,36.0,Debit Card,Male,5.0,5,Grocery,5,Single,14,0,25.0,10.0,3.0,20.0,251.99
52191,0,17.0,Mobile Phone,2,37.0,Debit Card,Female,3.0,5,Fashion,5,Married,15,1,14.0,2.0,15.0,5.0,264.81
52192,0,30.0,Computer,2,36.0,UPI,Male,5.0,3,Laptop & Accessory,4,Single,3,0,13.0,4.0,10.0,10.0,245.04
52193,0,28.0,Phone,3,38.0,Credit Card,Male,4.0,5,Fashion,4,Married,14,0,19.0,0.0,7.0,15.0,272.78
52194,0,50.0,Mobile Phone,1,29.0,Debit Card,Male,1.0,5,Others,4,Single,3,0,26.0,13.0,8.0,4.0,114.41
52195,0,16.0,Mobile Phone,1,36.0,UPI,Male,1.0,2,Fashion,5,Divorced,15,1,11.0,13.0,11.0,8.0,271.14
52196,0,13.0,Computer,2,6.0,Cash on Delivery,Female,4.0,3,Mobile Phone,5,Single,3,0,18.0,3.0,8.0,11.0,227.27
52197,0,23.0,Phone,1,13.0,UPI,Female,3.0,2,Fashion,3,Married,9,1,23.0,14.0,10.0,8.0,171.82
52198,0,26.0,Phone,2,33.0,Debit Card,Male,0.0,4,Mobile,3,Married,11,1,18.0,15.0,13.0,10.0,210.14
52199,0,24.0,Mobile Phone,1,22.0,CC,Female,5.0,3,Mobile Phone,4,Single,2,0,14.0,6.0,9.0,5.0,146.67
52200,0,50.0,Computer,1,26.0,Debit Card,Male,3.0,4,Grocery,3,Married,1,1,19.0,15.0,11.0,19.0,106.05
52201,1,17.0,Mobile Phone,1,39.0,Cash on Delivery,Male,3.0,5,Laptop & Accessory,3,Married,1,0,14.0,8.0,8.0,8.0,149.15
52202,1,17.0,Phone,2,19.0,Debit Card,Female,3.0,3,Laptop & Accessory,5,Single,6,1,15.0,6.0,15.0,7.0,226.94
52203,1,25.0,Computer,1,11.0,UPI,Male,4.0,6,Mobile Phone,5,Single,12,0,25.0,1.0,7.0,15.0,210.19
52204,0,8.0,Mobile Phone,1,17.0,UPI,Male,1.0,3,Laptop & Accessory,3,Single,7,1,25.0,9.0,8.0,6.0,339.44
52205,1,61.0,Phone,1,20.0,UPI,Male,3.0,3,Mobile Phone,2,Married,2,0,21.0,12.0,16.0,20.0,325.21
52206,0,7.0,Mobile Phone,2,25.0,UPI,Male,2.0,4,Fashion,1,Married,2,1,14.0,3.0,5.0,17.0,161.42
52207,1,19.0,Phone,3,32.0,Debit Card,Male,4.0,3,Mobile Phone,1,Single,8,0,19.0,3.0,5.0,10.0,204.94
52208,0,21.0,Mobile Phone,1,14.0,UPI,Female,4.0,2,Mobile Phone,2,Single,7,0,11.0,16.0,13.0,1.0,341.88
52209,0,18.0,Computer,2,23.0,UPI,Female,2.0,1,Others,4,Single,4,0,20.0,13.0,10.0,0.0,199.82
52210,0,29.0,Mobile Phone,1,22.0,Debit Card,Male,3.0,5,Laptop & Accessory,2,Married,7,0,20.0,4.0,15.0,17.0,345.31
52211,0,27.0,Phone,1,22.0,COD,Male,2.0,6,Grocery,4,Divorced,13,0,13.0,8.0,1.0,10.0,157.27
52212,0,61.0,Computer,3,17.0,E wallet,Male,3.0,3,Fashion,3,Single,4,1,17.0,13.0,11.0,20.0,250.31
52213,1,10.0,Computer,1,24.0,E wallet,Male,3.0,2,Laptop & Accessory,5,Married,5,0,23.0,6.0,14.0,5.0,289.86
52214,0,30.0,Phone,1,22.0,Credit Card,Female,3.0,5,Laptop & Accessory,3,Single,11,0,16.0,13.0,7.0,12.0,132.0
52215,0,17.0,Phone,1,27.0,Debit Card,Female,5.0,5,Laptop & Accessory,4,Single,11,0,25.0,0.0,6.0,11.0,344.68
52216,0,22.0,Mobile Phone,3,28.0,Credit Card,Female,3.0,3,Mobile,3,Married,14,1,23.0,11.0,7.0,16.0,271.66
52217,1,18.0,Mobile Phone,2,9.0,Cash on Delivery,Female,1.0,3,Laptop & Accessory,5,Married,15,0,18.0,3.0,10.0,8.0,116.86
52218,0,11.0,Phone,2,36.0,Debit Card,Female,4.0,3,Grocery,4,Married,8,0,24.0,5.0,15.0,4.0,117.86
52219,1,14.0,Mobile Phone,2,21.0,UPI,Male,1.0,6,Mobile Phone,4,Divorced,11,0,24.0,8.0,8.0,13.0,176.09
52220,0,30.0,Mobile Phone,1,15.0,UPI,Male,3.0,3,Laptop & Accessory,4,Divorced,11,0,22.0,10.0,9.0,20.0,341.61
52221,1,14.0,Mobile Phone,3,31.0,Debit Card,Male,3.0,4,Fashion,5,Married,4,0,16.0,11.0,2.0,12.0,309.03
52222,0,28.0,Phone,1,8.0,UPI,Female,4.0,2,Mobile Phone,4,Single,11,1,21.0,12.0,3.0,19.0,286.55
52223,0,25.0,Mobile Phone,2,27.0,COD,Male,2.0,3,Mobile Phone,4,Divorced,7,0,25.0,13.0,10.0,11.0,163.12
52224,1,1.0,Mobile Phone,2,27.0,Credit Card,Male,4.0,3,Laptop & Accessory,1,Divorced,12,1,24.0,4.0,9.0,14.0,312.27
52225,0,19.0,Mobile Phone,1,38.0,Debit Card,Male,5.0,2,Mobile Phone,5,Single,14,0,22.0,6.0,3.0,4.0,235.67
52226,0,14.0,Phone,1,25.0,Credit Card,Female,1.0,2,Laptop & Accessory,4,Single,15,0,18.0,1.0,14.0,8.0,347.41
52227,1,3.0,Phone,2,26.0,Debit Card,Female,4.0,3,Others,3,Married,2,0,11.0,13.0,13.0,21.0,168.12
52228,0,21.0,Phone,1,5.0,Credit Card,Male,2.0,4,Fashion,4,Married,2,1,25.0,14.0,13.0,14.0,320.41
52229,0,22.0,Computer,1,36.0,E wallet,Female,1.0,3,Laptop & Accessory,4,Single,9,0,19.0,3.0,12.0,14.0,115.17
52230,0,25.0,Mobile Phone,1,32.0,Credit Card,Male,5.0,3,Mobile Phone,3,Married,10,1,15.0,1.0,4.0,1.0,305.22
52231,0,10.0,Mobile Phone,2,22.0,Credit Card,Female,2.0,5,Fashion,3,Married,13,0,20.0,3.0,5.0,13.0,243.15
52232,0,27.0,Mobile Phone,3,11.0,UPI,Male,3.0,3,Others,4,Married,15,1,19.0,14.0,16.0,1.0,217.25
52233,0,1.0,Phone,3,10.0,UPI,Male,3.0,1,Laptop & Accessory,2,Single,13,0,11.0,11.0,10.0,13.0,155.5
52234,0,7.0,Phone,2,18.0,Credit Card,Male,2.0,3,Mobile Phone,5,Divorced,8,1,14.0,9.0,12.0,5.0,142.24
52235,0,28.0,Mobile Phone,2,34.0,Cash on Delivery,Male,3.0,6,Fashion,1,Single,3,0,23.0,3.0,15.0,14.0,189.76
52236,0,10.0,Phone,1,18.0,Credit Card,Female,0.0,1,Laptop & Accessory,4,Married,7,0,22.0,9.0,6.0,18.0,141.1
52237,0,17.0,Phone,1,13.0,COD,Female,2.0,2,Laptop & Accessory,3,Married,1,0,20.0,2.0,16.0,15.0,159.9
52238,0,13.0,Computer,3,35.0,Cash on Delivery,Male,5.0,2,Mobile Phone,1,Single,4,0,19.0,16.0,12.0,8.0,346.82
52239,0,9.0,Phone,2,6.0,Cash on Delivery,Male,5.0,3,Others,4,Single,4,0,13.0,11.0,11.0,11.0,311.17
52240,0,61.0,Phone,2,22.0,Cash on Delivery,Female,3.0,4,Mobile Phone,4,Married,8,1,25.0,11.0,10.0,18.0,110.32
52241,0,8.0,Phone,2,9.0,Debit Card,Male,1.0,6,Mobile Phone,4,Single,14,0,25.0,3.0,10.0,15.0,179.67
52242,0,61.0,Computer,3,30.0,UPI,Male,2.0,5,Fashion,3,Married,4,0,20.0,6.0,8.0,11.0,141.31
52243,0,10.0,Computer,3,27.0,Credit Card,Male,4.0,3,Mobile Phone,5,Single,11,0,14.0,1.0,11.0,21.0,145.35
52244,0,11.0,Phone,1,16.0,UPI,Female,1.0,4,Others,1,Single,9,1,12.0,9.0,12.0,18.0,140.74
52245,0,2.0,Phone,1,18.0,Cash on Delivery,Female,1.0,4,Mobile,2,Married,14,0,12.0,1.0,6.0,7.0,241.47
52246,0,13.0,Phone,2,17.0,Debit Card,Female,4.0,2,Fashion,4,Married,10,0,12.0,5.0,15.0,11.0,143.8
52247,1,27.0,Mobile Phone,1,39.0,Debit Card,Male,2.0,3,Fashion,5,Single,7,0,20.0,4.0,3.0,10.0,349.04
52248,0,17.0,Phone,3,19.0,E wallet,Female,3.0,3,Fashion,5,Married,14,0,23.0,5.0,13.0,20.0,147.62
52249,0,24.0,Mobile Phone,1,39.0,Debit Card,Male,1.0,2,Laptop & Accessory,2,Divorced,10,0,11.0,10.0,8.0,2.0,317.41
52250,0,20.0,Computer,2,23.0,Debit Card,Male,4.0,2,Grocery,3,Married,11,0,20.0,3.0,9.0,14.0,297.73
52251,0,9.0,Phone,2,19.0,UPI,Female,3.0,1,Mobile Phone,4,Married,14,1,26.0,8.0,13.0,1.0,339.69
52252,0,14.0,Computer,2,22.0,Cash on Delivery,Female,1.0,5,Mobile,5,Married,5,1,24.0,0.0,5.0,21.0,334.93
52253,0,18.0,Phone,1,27.0,Credit Card,Female,4.0,3,Grocery,3,Single,8,0,20.0,9.0,8.0,16.0,229.75
52254,0,21.0,Phone,3,17.0,CC,Female,4.0,4,Fashion,3,Single,4,1,15.0,16.0,6.0,15.0,348.57
52255,0,20.0,Mobile Phone,1,27.0,Debit Card,Female,0.0,3,Others,1,Married,14,0,15.0,4.0,8.0,14.0,326.88
52256,0,50.0,Phone,2,35.0,E wallet,Female,3.0,2,Mobile,4,Single,13,1,21.0,10.0,4.0,11.0,220.17
52257,0,22.0,Phone,2,34.0,Debit Card,Female,2.0,3,Grocery,1,Married,10,1,23.0,0.0,7.0,13.0,218.27
52258,0,12.0,Mobile Phone,1,6.0,Debit Card,Male,3.0,2,Grocery,1,Married,11,0,13.0,15.0,12.0,16.0,282.07
52259,0,4.0,Computer,3,15.0,UPI,Male,2.0,5,Laptop & Accessory,4,Married,6,1,26.0,1.0,9.0,8.0,226.08
52260,0,3.0,Mobile Phone,2,29.0,Debit Card,Female,2.0,6,Fashion,3,Married,5,0,13.0,1.0,12.0,4.0,325.1
52261,1,27.0,Phone,2,33.0,UPI,Female,3.0,3,Mobile Phone,5,Married,10,0,18.0,10.0,7.0,20.0,126.86
52262,0,13.0,Mobile Phone,2,26.0,UPI,Male,3.0,5,Others,4,Married,3,0,20.0,16.0,2.0,15.0,337.65
52263,0,17.0,Computer,2,23.0,Debit Card,Female,2.0,3,Fashion,3,Divorced,8,0,24.0,15.0,5.0,15.0,346.05
52264,0,8.0,Mobile Phone,1,13.0,E wallet,Male,1.0,3,Mobile Phone,4,Single,6,0,17.0,12.0,9.0,8.0,347.98
52265,0,61.0,Phone,2,33.0,UPI,Female,5.0,4,Mobile Phone,5,Single,4,0,14.0,6.0,1.0,4.0,269.57
52266,1,20.0,Mobile Phone,2,14.0,COD,Female,1.0,5,Fashion,3,Married,14,0,24.0,16.0,4.0,15.0,105.67
52267,0,17.0,Mobile Phone,1,26.0,E wallet,Male,3.0,6,Mobile Phone,4,Single,1,1,25.0,14.0,9.0,8.0,298.64
52268,0,17.0,Computer,2,28.0,Debit Card,Female,1.0,5,Mobile Phone,2,Married,10,0,18.0,10.0,9.0,20.0,289.62
52269,0,7.0,Mobile Phone,2,12.0,UPI,Female,3.0,5,Laptop & Accessory,3,Married,1,0,20.0,8.0,10.0,7.0,139.25
52270,0,16.0,Phone,2,10.0,Credit Card,Female,1.0,4,Grocery,4,Married,3,0,19.0,13.0,5.0,15.0,171.06
52271,0,30.0,Mobile Phone,1,11.0,Cash on Delivery,Female,2.0,5,Mobile Phone,4,Single,8,0,16.0,10.0,16.0,19.0,150.77
52272,0,60.0,Mobile Phone,1,24.0,E wallet,Male,3.0,4,Laptop & Accessory,4,Married,8,1,17.0,5.0,1.0,4.0,329.84
52273,0,5.0,Phone,1,21.0,Credit Card,Male,2.0,5,Laptop & Accessory,5,Single,2,1,21.0,5.0,9.0,17.0,186.71
52274,0,21.0,Phone,2,12.0,Debit Card,Female,3.0,5,Laptop & Accessory,5,Divorced,12,0,22.0,13.0,16.0,12.0,336.61
52275,1,13.0,Phone,3,17.0,UPI,Female,1.0,5,Fashion,5,Single,15,0,23.0,2.0,1.0,1.0,191.86
52276,0,2.0,Phone,1,28.0,E wallet,Male,2.0,3,Laptop & Accessory,4,Single,12,0,17.0,8.0,14.0,2.0,192.36
52277,0,11.0,Mobile Phone,1,35.0,Credit Card,Male,3.0,2,Laptop & Accessory,2,Divorced,11,0,23.0,14.0,11.0,2.0,182.62
52278,0,11.0,Mobile Phone,2,27.0,E wallet,Male,0.0,4,Mobile Phone,4,Single,1,0,23.0,9.0,14.0,14.0,309.28
52279,0,1.0,Mobile Phone,1,21.0,Credit Card,Male,1.0,4,Laptop & Accessory,3,Married,14,1,22.0,5.0,10.0,1.0,152.21
52280,0,1.0,Phone,1,28.0,Debit Card,Female,2.0,5,Others,1,Married,5,0,26.0,11.0,14.0,5.0,272.47
52281,0,14.0,Computer,2,14.0,CC,Male,0.0,2,Fashion,2,Married,12,1,15.0,14.0,5.0,3.0,119.68
52282,0,22.0,Mobile Phone,2,35.0,E wallet,Male,1.0,6,Laptop & Accessory,4,Married,1,1,23.0,7.0,3.0,21.0,349.19
52283,0,28.0,Mobile Phone,2,22.0,Debit Card,Female,2.0,5,Laptop & Accessory,4,Married,8,0,21.0,10.0,1.0,5.0,220.95
52284,0,16.0,Mobile Phone,2,20.0,Debit Card,Male,1.0,1,Laptop & Accessory,5,Married,9,0,23.0,15.0,4.0,16.0,131.21
52285,0,50.0,Computer,1,18.0,UPI,Female,4.0,4,Fashion,5,Single,2,1,26.0,2.0,1.0,17.0,214.34
52286,0,6.0,Computer,3,7.0,Cash on Delivery,Male,1.0,3,Laptop & Accessory,4,Divorced,13,1,26.0,7.0,10.0,17.0,119.82
52287,0,29.0,Mobile Phone,1,34.0,UPI,Female,4.0,3,Laptop & Accessory,2,Single,11,0,25.0,9.0,1.0,9.0,270.7
52288,0,27.0,Phone,1,22.0,Debit Card,Male,4.0,6,Fashion,3,Divorced,4,0,14.0,4.0,6.0,13.0,222.89
52289,0,13.0,Mobile Phone,1,10.0,UPI,Male,1.0,5,Mobile Phone,2,Married,6,1,23.0,13.0,15.0,10.0,131.12
52290,0,29.0,Phone,1,24.0,UPI,Male,0.0,1,Grocery,3,Married,7,0,12.0,7.0,7.0,10.0,252.52
52291,0,17.0,Phone,1,39.0,UPI,Female,0.0,2,Grocery,5,Single,5,0,26.0,0.0,4.0,21.0,172.54
52292,1,50.0,Mobile Phone,2,23.0,Credit Card,Male,3.0,5,Laptop & Accessory,5,Single,1,1,21.0,8.0,8.0,11.0,335.54
52293,0,5.0,Computer,2,30.0,E wallet,Male,3.0,5,Laptop & Accessory,2,Married,7,1,11.0,16.0,15.0,13.0,263.85
52294,0,23.0,Phone,1,39.0,Credit Card,Female,3.0,5,Mobile Phone,4,Single,7,0,18.0,15.0,3.0,5.0,201.37
52295,0,17.0,Mobile Phone,2,16.0,Credit Card,Male,3.0,4,Laptop & Accessory,4,Divorced,5,0,12.0,16.0,10.0,10.0,134.8
52296,0,17.0,Phone,2,12.0,Credit Card,Female,1.0,6,Fashion,3,Divorced,2,1,18.0,7.0,11.0,7.0,274.82
52297,1,17.0,Phone,1,14.0,Credit Card,Male,3.0,5,Laptop & Accessory,5,Married,2,1,19.0,13.0,4.0,10.0,218.19
52298,1,23.0,Computer,1,25.0,UPI,Male,2.0,4,Grocery,3,Married,9,0,14.0,3.0,5.0,4.0,287.27
52299,1,23.0,Mobile Phone,1,33.0,UPI,Male,5.0,4,Others,3,Married,9,0,11.0,7.0,16.0,17.0,262.2
52300,1,60.0,Mobile Phone,1,35.0,UPI,Male,2.0,1,Mobile,4,Divorced,11,0,16.0,16.0,3.0,7.0,255.58
52301,0,14.0,Phone,2,11.0,E wallet,Male,2.0,6,Mobile Phone,3,Single,4,0,18.0,0.0,6.0,5.0,283.61
52302,0,10.0,Phone,1,38.0,Cash on Delivery,Male,4.0,3,Fashion,5,Single,4,0,24.0,5.0,15.0,10.0,188.89
52303,1,21.0,Mobile Phone,1,38.0,Credit Card,Male,3.0,4,Others,4,Married,7,0,11.0,0.0,11.0,11.0,341.84
52304,0,23.0,Computer,1,34.0,E wallet,Female,3.0,4,Mobile Phone,5,Married,5,0,24.0,4.0,1.0,20.0,334.06
52305,1,0.0,Mobile Phone,3,8.0,E wallet,Female,2.0,2,Mobile Phone,4,Single,12,0,15.0,8.0,2.0,21.0,279.34
52306,0,17.0,Mobile Phone,1,34.0,E wallet,Female,4.0,3,Laptop & Accessory,4,Single,1,1,21.0,8.0,7.0,17.0,129.92
52307,0,11.0,Computer,2,29.0,Debit Card,Male,5.0,4,Mobile Phone,1,Married,5,1,26.0,8.0,10.0,20.0,303.43
52308,0,27.0,Mobile Phone,1,18.0,Credit Card,Female,2.0,6,Laptop & Accessory,4,Married,4,0,11.0,7.0,5.0,2.0,180.91
52309,0,6.0,Mobile Phone,2,28.0,Credit Card,Male,2.0,5,Mobile Phone,4,Single,3,1,17.0,5.0,14.0,12.0,133.66
52310,0,22.0,Phone,3,35.0,Credit Card,Female,3.0,4,Mobile Phone,1,Single,1,1,16.0,2.0,5.0,0.0,267.92
52311,0,20.0,Mobile Phone,2,32.0,Debit Card,Male,5.0,3,Fashion,2,Married,9,0,22.0,6.0,7.0,10.0,293.41
52312,0,60.0,Computer,3,29.0,Credit Card,Female,3.0,6,Mobile Phone,3,Single,4,1,26.0,15.0,11.0,6.0,314.85
52313,0,10.0,Phone,2,23.0,UPI,Female,5.0,3,Mobile Phone,5,Married,3,0,14.0,0.0,5.0,16.0,129.94
52314,0,21.0,Phone,2,8.0,Cash on Delivery,Female,2.0,2,Laptop & Accessory,4,Married,8,0,22.0,9.0,10.0,17.0,151.46
52315,0,61.0,Mobile Phone,2,38.0,Cash on Delivery,Female,3.0,1,Fashion,5,Married,7,0,24.0,5.0,16.0,21.0,325.44
52316,0,28.0,Mobile Phone,1,36.0,Debit Card,Male,1.0,6,Mobile Phone,5,Single,6,1,18.0,4.0,10.0,15.0,155.42
52317,0,27.0,Phone,2,29.0,Debit Card,Female,2.0,5,Others,4,Married,11,0,23.0,16.0,11.0,6.0,247.97
52318,0,17.0,Phone,3,26.0,Credit Card,Male,3.0,3,Others,3,Single,6,0,18.0,2.0,11.0,15.0,146.55
52319,1,13.0,Phone,1,32.0,Credit Card,Male,3.0,2,Laptop & Accessory,5,Married,2,1,12.0,5.0,4.0,7.0,133.84
52320,1,17.0,Mobile Phone,3,22.0,Credit Card,Male,2.0,6,Mobile Phone,4,Married,9,0,15.0,0.0,14.0,11.0,160.08
52321,1,27.0,Phone,2,11.0,Cash on Delivery,Female,5.0,3,Fashion,4,Married,1,0,23.0,11.0,7.0,20.0,157.06
52322,0,23.0,Mobile Phone,2,15.0,E wallet,Male,5.0,4,Laptop & Accessory,4,Divorced,4,1,11.0,15.0,10.0,12.0,148.91
52323,0,7.0,Phone,2,15.0,Debit Card,Male,4.0,4,Laptop & Accessory,2,Single,4,0,13.0,7.0,7.0,20.0,124.28
52324,1,7.0,Phone,3,13.0,Credit Card,Male,1.0,2,Laptop & Accessory,1,Single,11,0,25.0,5.0,5.0,4.0,117.85
52325,0,3.0,Mobile Phone,1,39.0,Cash on Delivery,Female,1.0,3,Mobile Phone,4,Married,9,0,22.0,8.0,14.0,12.0,179.11
52326,0,17.0,Phone,1,27.0,E wallet,Female,3.0,6,Others,5,Married,12,0,13.0,4.0,8.0,5.0,181.57
52327,0,4.0,Mobile Phone,2,37.0,Debit Card,Male,4.0,5,Laptop & Accessory,2,Married,3,1,20.0,10.0,12.0,1.0,294.99
52328,0,17.0,Phone,3,5.0,Debit Card,Male,1.0,3,Laptop & Accessory,5,Single,9,0,26.0,0.0,8.0,14.0,307.72
52329,0,60.0,Phone,2,24.0,Debit Card,Male,3.0,5,Fashion,1,Married,14,1,13.0,2.0,14.0,16.0,137.58
52330,0,17.0,Mobile Phone,1,22.0,CC,Male,3.0,5,Mobile Phone,4,Single,2,0,13.0,4.0,5.0,8.0,298.16
52331,0,7.0,Computer,1,33.0,UPI,Female,3.0,2,Laptop & Accessory,2,Divorced,1,0,20.0,15.0,1.0,21.0,166.92
52332,0,25.0,Phone,3,30.0,UPI,Male,2.0,4,Fashion,5,Single,7,0,19.0,3.0,15.0,18.0,224.51
52333,1,60.0,Computer,1,7.0,Debit Card,Male,3.0,3,Laptop & Accessory,2,Married,2,0,25.0,1.0,4.0,10.0,121.49
52334,0,6.0,Mobile Phone,2,25.0,Debit Card,Female,1.0,4,Fashion,3,Married,1,0,17.0,5.0,8.0,10.0,199.57
52335,0,27.0,Computer,1,17.0,Credit Card,Male,2.0,4,Mobile Phone,5,Married,11,0,25.0,15.0,10.0,5.0,113.24
52336,0,27.0,Mobile Phone,1,35.0,Credit Card,Female,5.0,4,Mobile Phone,4,Married,9,0,17.0,2.0,7.0,17.0,101.7
52337,0,13.0,Phone,1,21.0,Credit Card,Female,2.0,4,Fashion,3,Single,12,0,14.0,10.0,10.0,4.0,333.08
52338,0,3.0,Computer,1,39.0,Debit Card,Male,5.0,2,Fashion,5,Married,8,0,22.0,5.0,9.0,13.0,299.64
52339,0,17.0,Mobile Phone,2,27.0,UPI,Male,0.0,2,Mobile Phone,4,Single,3,0,18.0,0.0,2.0,2.0,153.2
52340,0,24.0,Mobile Phone,1,7.0,Cash on Delivery,Male,3.0,4,Laptop & Accessory,3,Single,15,0,25.0,2.0,3.0,21.0,170.97
52341,0,6.0,Phone,1,6.0,Debit Card,Male,2.0,6,Fashion,4,Divorced,2,0,20.0,7.0,8.0,2.0,132.07
52342,0,27.0,Phone,2,7.0,E wallet,Male,5.0,5,Fashion,3,Single,1,0,20.0,8.0,7.0,10.0,137.67
52343,0,4.0,Phone,3,24.0,Debit Card,Female,5.0,3,Grocery,5,Married,14,0,18.0,14.0,14.0,1.0,245.56
52344,1,2.0,Mobile Phone,2,13.0,Debit Card,Female,2.0,3,Laptop & Accessory,4,Married,10,1,24.0,16.0,12.0,14.0,244.08
52345,0,30.0,Phone,1,8.0,UPI,Male,2.0,3,Laptop & Accessory,3,Married,4,0,23.0,3.0,13.0,10.0,240.94
52346,0,19.0,Mobile Phone,1,29.0,CC,Female,3.0,5,Grocery,2,Divorced,6,0,14.0,8.0,16.0,19.0,109.22
52347,0,18.0,Computer,2,5.0,UPI,Male,4.0,6,Mobile Phone,5,Single,11,1,16.0,13.0,12.0,9.0,271.4
52348,0,10.0,Phone,3,16.0,Credit Card,Female,3.0,3,Mobile Phone,3,Single,2,1,16.0,15.0,7.0,6.0,106.43
52349,0,2.0,Phone,1,28.0,Credit Card,Male,4.0,1,Laptop & Accessory,3,Married,6,1,25.0,16.0,14.0,2.0,347.63
52350,0,22.0,Mobile Phone,1,13.0,Debit Card,Male,1.0,6,Mobile Phone,1,Married,5,0,26.0,6.0,9.0,9.0,307.69
52351,0,6.0,Computer,2,22.0,Debit Card,Female,3.0,5,Fashion,4,Married,14,1,22.0,6.0,15.0,4.0,331.15
52352,0,22.0,Phone,2,9.0,CC,Male,3.0,5,Mobile Phone,3,Married,1,0,23.0,5.0,7.0,11.0,299.0
52353,0,6.0,Computer,2,24.0,Debit Card,Male,1.0,3,Others,3,Single,10,0,15.0,5.0,9.0,1.0,179.58
52354,0,60.0,Mobile Phone,1,25.0,Credit Card,Male,4.0,4,Laptop & Accessory,5,Single,7,0,19.0,12.0,2.0,10.0,148.97
52355,0,18.0,Phone,1,6.0,CC,Male,5.0,3,Laptop & Accessory,2,Married,7,0,25.0,2.0,9.0,10.0,223.0
52356,0,8.0,Phone,1,25.0,Debit Card,Female,4.0,1,Fashion,1,Single,13,1,14.0,2.0,5.0,15.0,298.87
52357,0,17.0,Mobile Phone,1,28.0,UPI,Female,2.0,2,Fashion,4,Single,5,0,23.0,13.0,4.0,14.0,231.47
52358,0,24.0,Mobile Phone,3,13.0,Debit Card,Male,2.0,6,Laptop & Accessory,4,Single,4,0,22.0,1.0,13.0,12.0,175.05
52359,0,13.0,Mobile Phone,1,34.0,Debit Card,Male,3.0,3,Others,4,Married,2,0,24.0,8.0,8.0,0.0,165.32
52360,0,24.0,Mobile Phone,2,22.0,Debit Card,Male,1.0,4,Mobile Phone,3,Divorced,12,0,25.0,6.0,6.0,4.0,221.23
52361,0,18.0,Mobile Phone,2,14.0,Credit Card,Female,5.0,6,Mobile Phone,3,Single,7,0,19.0,1.0,14.0,17.0,199.73
52362,0,14.0,Phone,1,25.0,Credit Card,Male,1.0,2,Mobile,2,Single,8,0,16.0,3.0,2.0,17.0,256.46
52363,0,15.0,Phone,3,26.0,Credit Card,Female,4.0,5,Mobile Phone,3,Divorced,15,0,17.0,3.0,9.0,16.0,103.19
52364,0,26.0,Phone,2,21.0,E wallet,Female,2.0,4,Fashion,4,Married,9,0,24.0,6.0,4.0,8.0,258.1
52365,0,17.0,Mobile Phone,3,9.0,Debit Card,Male,3.0,3,Mobile Phone,3,Single,6,0,26.0,0.0,11.0,4.0,218.78
52366,1,3.0,Phone,1,10.0,UPI,Male,0.0,3,Laptop & Accessory,5,Married,11,0,22.0,12.0,3.0,2.0,300.09
52367,1,18.0,Computer,1,14.0,UPI,Female,2.0,1,Mobile,2,Single,13,0,24.0,16.0,6.0,6.0,171.77
52368,0,27.0,Mobile Phone,1,6.0,Debit Card,Male,2.0,3,Laptop & Accessory,3,Single,2,0,15.0,6.0,3.0,7.0,296.18
52369,0,17.0,Mobile Phone,1,22.0,Debit Card,Male,3.0,3,Mobile,4,Single,1,0,12.0,16.0,11.0,0.0,339.07
52370,0,13.0,Phone,1,8.0,UPI,Female,4.0,5,Mobile Phone,3,Married,2,0,21.0,11.0,14.0,6.0,213.45
52371,0,51.0,Phone,3,23.0,Cash on Delivery,Female,0.0,3,Laptop & Accessory,3,Married,15,0,16.0,3.0,6.0,2.0,191.33
52372,0,9.0,Phone,1,32.0,CC,Male,1.0,4,Laptop & Accessory,2,Single,13,1,21.0,12.0,13.0,8.0,313.89
52373,0,18.0,Phone,3,24.0,Debit Card,Male,3.0,5,Fashion,5,Married,3,0,21.0,9.0,1.0,1.0,158.89
52374,0,29.0,Mobile Phone,2,34.0,Cash on Delivery,Male,4.0,4,Fashion,2,Married,1,0,13.0,1.0,4.0,19.0,283.19
52375,0,21.0,Computer,2,6.0,Cash on Delivery,Female,2.0,4,Others,5,Married,5,0,19.0,3.0,6.0,13.0,243.17
52376,0,2.0,Mobile Phone,1,7.0,UPI,Female,2.0,4,Laptop & Accessory,3,Married,7,1,26.0,4.0,3.0,1.0,207.84
52377,0,17.0,Mobile Phone,1,29.0,Debit Card,Female,1.0,5,Mobile Phone,5,Married,9,0,26.0,3.0,3.0,19.0,148.04
52378,0,10.0,Mobile Phone,3,6.0,COD,Female,1.0,3,Mobile,1,Married,6,1,16.0,11.0,12.0,20.0,103.33
52379,0,1.0,Mobile Phone,1,19.0,Credit Card,Male,0.0,4,Mobile Phone,4,Married,14,0,13.0,13.0,7.0,18.0,234.59
52380,0,11.0,Phone,2,7.0,COD,Male,3.0,6,Mobile Phone,4,Married,8,0,24.0,9.0,16.0,13.0,114.48
52381,0,5.0,Phone,2,9.0,UPI,Male,5.0,4,Laptop & Accessory,4,Divorced,2,0,18.0,15.0,10.0,14.0,126.63
52382,0,28.0,Computer,3,22.0,UPI,Female,1.0,4,Others,4,Divorced,13,0,26.0,6.0,8.0,3.0,251.1
52383,0,29.0,Mobile Phone,2,9.0,Debit Card,Male,4.0,4,Mobile Phone,4,Single,13,0,26.0,1.0,7.0,13.0,160.17
52384,0,1.0,Computer,1,21.0,COD,Female,3.0,2,Fashion,2,Single,5,1,17.0,13.0,5.0,10.0,272.3
52385,0,17.0,Phone,2,16.0,Debit Card,Female,5.0,4,Laptop & Accessory,4,Single,11,0,11.0,15.0,1.0,8.0,137.02
52386,0,1.0,Phone,1,35.0,Debit Card,Female,4.0,5,Fashion,4,Married,13,1,23.0,10.0,8.0,19.0,117.61
52387,0,28.0,Computer,2,37.0,UPI,Female,4.0,4,Others,3,Single,9,0,26.0,5.0,3.0,1.0,231.0
52388,0,51.0,Phone,1,33.0,UPI,Male,3.0,2,Grocery,4,Married,15,0,14.0,9.0,1.0,4.0,159.63
52389,0,9.0,Mobile Phone,1,7.0,Debit Card,Male,4.0,3,Laptop & Accessory,3,Married,13,1,26.0,6.0,1.0,8.0,206.77
52390,0,60.0,Computer,1,34.0,Credit Card,Male,2.0,3,Fashion,4,Divorced,7,0,12.0,13.0,8.0,10.0,127.3
52391,0,7.0,Phone,3,26.0,UPI,Male,2.0,3,Fashion,1,Single,7,1,21.0,12.0,9.0,9.0,173.17
52392,1,51.0,Phone,2,36.0,UPI,Male,5.0,3,Mobile Phone,1,Married,3,0,21.0,2.0,8.0,1.0,114.81
52393,0,17.0,Computer,3,14.0,Debit Card,Male,3.0,3,Grocery,4,Divorced,3,1,21.0,14.0,4.0,16.0,302.68
52394,1,18.0,Mobile Phone,1,36.0,Credit Card,Female,1.0,5,Grocery,5,Married,15,1,16.0,16.0,12.0,14.0,101.09
52395,1,50.0,Phone,2,8.0,Debit Card,Male,4.0,5,Fashion,3,Divorced,14,0,15.0,0.0,14.0,14.0,339.89
52396,0,26.0,Phone,1,33.0,Debit Card,Female,2.0,4,Grocery,1,Divorced,2,1,12.0,4.0,12.0,1.0,168.07
52397,0,0.0,Phone,1,12.0,Credit Card,Male,2.0,5,Laptop & Accessory,3,Single,9,0,11.0,4.0,9.0,5.0,119.48
52398,0,51.0,Mobile Phone,3,24.0,UPI,Female,3.0,6,Others,3,Married,4,0,17.0,16.0,3.0,9.0,313.8
52399,0,50.0,Phone,3,11.0,Debit Card,Male,3.0,3,Fashion,5,Single,9,0,22.0,15.0,13.0,2.0,267.1
52400,0,4.0,Mobile Phone,1,5.0,Credit Card,Male,3.0,6,Mobile Phone,2,Married,4,0,19.0,0.0,14.0,12.0,313.2
52401,1,16.0,Phone,3,29.0,Debit Card,Male,2.0,3,Laptop & Accessory,5,Married,8,1,26.0,4.0,3.0,19.0,236.55
52402,0,7.0,Computer,2,30.0,Debit Card,Female,5.0,6,Fashion,5,Single,1,0,19.0,1.0,8.0,19.0,164.43
52403,0,60.0,Mobile Phone,3,13.0,Credit Card,Male,5.0,5,Laptop & Accessory,4,Married,13,0,24.0,4.0,9.0,18.0,124.64
52404,0,8.0,Mobile Phone,2,27.0,Credit Card,Female,0.0,2,Mobile Phone,2,Married,12,0,21.0,5.0,14.0,10.0,236.77
52405,0,22.0,Mobile Phone,3,6.0,Credit Card,Female,2.0,3,Fashion,4,Single,1,0,20.0,16.0,2.0,11.0,261.84
52406,1,17.0,Phone,3,30.0,UPI,Male,0.0,5,Fashion,5,Married,15,0,13.0,10.0,6.0,14.0,211.71
52407,0,6.0,Computer,1,18.0,UPI,Male,4.0,2,Laptop & Accessory,3,Married,6,0,25.0,14.0,12.0,21.0,183.1
52408,0,14.0,Phone,1,35.0,Cash on Delivery,Female,4.0,4,Laptop & Accessory,5,Married,14,0,25.0,1.0,14.0,20.0,312.19
52409,0,19.0,Mobile Phone,1,30.0,Debit Card,Male,3.0,4,Laptop & Accessory,1,Married,6,0,19.0,11.0,3.0,0.0,260.0
52410,0,24.0,Phone,2,23.0,Debit Card,Female,4.0,3,Grocery,3,Single,7,1,16.0,15.0,8.0,20.0,137.87
52411,0,2.0,Phone,3,9.0,Credit Card,Male,3.0,3,Fashion,5,Single,14,0,20.0,11.0,11.0,21.0,329.39
52412,0,23.0,Mobile Phone,2,10.0,UPI,Female,3.0,4,Fashion,4,Single,7,0,19.0,0.0,2.0,10.0,142.72
52413,1,17.0,Phone,2,39.0,Credit Card,Female,2.0,3,Fashion,4,Divorced,10,0,11.0,13.0,16.0,17.0,323.04
52414,1,21.0,Mobile Phone,1,20.0,Debit Card,Female,2.0,2,Laptop & Accessory,2,Divorced,3,0,21.0,6.0,7.0,6.0,110.48
52415,0,10.0,Phone,1,35.0,UPI,Male,2.0,5,Laptop & Accessory,5,Single,9,1,11.0,7.0,8.0,14.0,342.72
52416,0,7.0,Mobile Phone,1,22.0,E wallet,Female,3.0,4,Fashion,3,Single,9,1,16.0,12.0,16.0,0.0,225.2
52417,0,61.0,Mobile Phone,2,18.0,UPI,Female,1.0,3,Fashion,4,Single,3,1,22.0,11.0,15.0,0.0,130.78
52418,0,7.0,Computer,1,29.0,Credit Card,Male,1.0,2,Mobile Phone,5,Married,15,1,16.0,6.0,14.0,17.0,127.05
52419,0,26.0,Phone,1,19.0,Debit Card,Female,0.0,4,Laptop & Accessory,2,Single,12,0,15.0,1.0,11.0,17.0,204.48
52420,0,27.0,Mobile Phone,1,30.0,Debit Card,Male,3.0,4,Mobile Phone,4,Married,7,0,22.0,2.0,4.0,8.0,205.87
52421,0,60.0,Computer,1,15.0,Debit Card,Female,5.0,4,Laptop & Accessory,3,Married,4,0,16.0,7.0,10.0,16.0,245.24
52422,0,50.0,Phone,1,11.0,UPI,Female,3.0,3,Fashion,2,Married,6,0,20.0,3.0,4.0,10.0,189.31
52423,0,14.0,Mobile Phone,1,22.0,COD,Male,3.0,5,Grocery,2,Single,13,0,15.0,12.0,7.0,14.0,227.3
52424,1,16.0,Phone,3,24.0,E wallet,Male,4.0,5,Mobile Phone,1,Divorced,6,1,16.0,6.0,13.0,11.0,251.05
52425,0,51.0,Computer,1,6.0,Credit Card,Female,2.0,3,Mobile Phone,4,Married,5,0,19.0,11.0,9.0,20.0,315.51
52426,0,15.0,Phone,3,30.0,E wallet,Male,2.0,4,Laptop & Accessory,4,Single,6,0,23.0,3.0,13.0,4.0,339.72
52427,0,28.0,Mobile Phone,1,27.0,Credit Card,Female,2.0,3,Laptop & Accessory,3,Married,14,1,17.0,4.0,15.0,5.0,320.79
52428,0,8.0,Phone,3,36.0,UPI,Female,1.0,1,Mobile Phone,4,Married,7,0,24.0,13.0,8.0,19.0,120.45
52429,0,51.0,Phone,2,17.0,Debit Card,Male,3.0,5,Fashion,3,Divorced,13,0,26.0,14.0,16.0,11.0,175.34
52430,0,28.0,Computer,3,17.0,Credit Card,Male,1.0,5,Fashion,4,Single,2,0,13.0,7.0,1.0,2.0,132.44
52431,0,12.0,Mobile Phone,3,21.0,Debit Card,Male,4.0,4,Mobile Phone,4,Single,11,1,19.0,6.0,15.0,8.0,247.53
52432,0,20.0,Phone,2,29.0,UPI,Female,1.0,5,Mobile,5,Single,7,1,16.0,7.0,1.0,10.0,279.15
52433,0,20.0,Mobile Phone,3,26.0,Cash on Delivery,Male,2.0,5,Others,4,Married,7,0,24.0,14.0,5.0,7.0,277.69
52434,0,4.0,Phone,2,31.0,Debit Card,Male,5.0,5,Others,1,Single,12,1,15.0,4.0,2.0,10.0,213.81
52435,0,9.0,Computer,2,21.0,Debit Card,Female,1.0,5,Mobile Phone,5,Married,7,1,14.0,0.0,9.0,0.0,251.94
52436,0,5.0,Mobile Phone,1,30.0,Debit Card,Male,3.0,5,Grocery,1,Single,10,0,25.0,11.0,11.0,10.0,170.02
52437,0,12.0,Mobile Phone,3,18.0,Credit Card,Male,1.0,5,Others,5,Married,14,0,23.0,10.0,8.0,1.0,268.39
52438,1,0.0,Phone,3,18.0,Debit Card,Male,1.0,4,Grocery,5,Single,5,1,19.0,3.0,13.0,2.0,138.73
52439,0,19.0,Phone,1,16.0,UPI,Male,3.0,5,Mobile Phone,3,Married,14,0,11.0,16.0,11.0,1.0,125.48
52440,0,7.0,Mobile Phone,2,9.0,UPI,Male,3.0,3,Laptop & Accessory,2,Divorced,3,0,17.0,3.0,8.0,9.0,193.38
52441,0,9.0,Phone,3,8.0,UPI,Male,1.0,5,Mobile,1,Married,5,1,15.0,2.0,2.0,15.0,295.86
52442,0,8.0,Computer,2,33.0,Debit Card,Male,4.0,5,Mobile,2,Single,1,0,11.0,5.0,15.0,9.0,165.73
52443,0,2.0,Phone,3,29.0,COD,Male,3.0,2,Fashion,4,Single,14,0,14.0,3.0,2.0,7.0,149.68
52444,0,10.0,Phone,1,8.0,UPI,Female,2.0,3,Mobile Phone,5,Married,5,0,20.0,14.0,6.0,5.0,326.42
52445,0,11.0,Mobile Phone,1,20.0,Credit Card,Female,2.0,2,Others,5,Single,14,0,11.0,12.0,14.0,7.0,242.29
52446,0,9.0,Computer,2,6.0,Credit Card,Male,4.0,2,Mobile,4,Divorced,3,0,20.0,12.0,14.0,3.0,148.86
52447,0,24.0,Mobile Phone,1,27.0,UPI,Male,3.0,3,Mobile Phone,1,Married,7,0,14.0,3.0,13.0,13.0,146.74
52448,0,24.0,Mobile Phone,1,8.0,Debit Card,Male,1.0,4,Mobile Phone,5,Married,14,1,17.0,2.0,11.0,3.0,129.46
52449,1,10.0,Mobile Phone,2,24.0,UPI,Male,2.0,3,Mobile Phone,4,Single,12,0,19.0,8.0,4.0,1.0,130.97
52450,0,25.0,Phone,1,21.0,Credit Card,Male,2.0,3,Laptop & Accessory,3,Single,11,0,26.0,4.0,9.0,5.0,300.7
52451,0,13.0,Computer,1,10.0,UPI,Female,2.0,2,Fashion,5,Single,4,1,22.0,4.0,4.0,11.0,300.76
52452,0,0.0,Mobile Phone,1,22.0,Debit Card,Male,2.0,3,Mobile Phone,4,Single,6,0,22.0,0.0,16.0,19.0,338.41
52453,0,3.0,Computer,2,24.0,Debit Card,Male,5.0,4,Others,4,Married,6,0,24.0,12.0,12.0,20.0,174.35
52454,0,29.0,Computer,1,38.0,UPI,Female,4.0,3,Laptop & Accessory,5,Married,11,0,12.0,0.0,8.0,12.0,243.32
52455,1,11.0,Phone,1,28.0,Debit Card,Female,4.0,4,Laptop & Accessory,5,Single,11,1,22.0,16.0,16.0,14.0,234.29
52456,0,61.0,Phone,2,22.0,E wallet,Female,2.0,3,Grocery,3,Married,4,1,14.0,7.0,6.0,12.0,125.54
52457,0,12.0,Mobile Phone,1,34.0,Debit Card,Male,0.0,5,Laptop & Accessory,2,Divorced,1,1,23.0,4.0,13.0,16.0,231.09
52458,0,30.0,Mobile Phone,3,5.0,UPI,Male,1.0,5,Mobile Phone,2,Married,3,0,11.0,1.0,4.0,17.0,152.99
52459,0,22.0,Computer,1,27.0,Credit Card,Male,3.0,4,Laptop & Accessory,3,Single,3,1,16.0,11.0,14.0,11.0,160.87
52460,0,3.0,Phone,3,33.0,Cash on Delivery,Male,2.0,3,Fashion,3,Divorced,6,0,18.0,9.0,16.0,20.0,305.27
52461,1,15.0,Mobile Phone,2,36.0,UPI,Male,1.0,2,Laptop & Accessory,3,Married,10,0,24.0,11.0,16.0,0.0,174.6
52462,0,6.0,Phone,3,6.0,Debit Card,Female,0.0,6,Mobile Phone,1,Married,8,1,19.0,14.0,8.0,9.0,294.86
52463,0,21.0,Computer,1,21.0,Debit Card,Female,4.0,5,Mobile Phone,2,Married,15,0,19.0,15.0,7.0,1.0,115.8
52464,0,28.0,Phone,1,6.0,UPI,Male,3.0,3,Laptop & Accessory,4,Married,13,1,13.0,7.0,4.0,20.0,235.36
52465,0,10.0,Mobile Phone,3,8.0,UPI,Male,1.0,2,Fashion,4,Single,2,1,21.0,4.0,1.0,10.0,261.59
52466,0,51.0,Phone,1,22.0,UPI,Female,4.0,1,Laptop & Accessory,3,Married,6,0,23.0,8.0,14.0,14.0,296.93
52467,0,28.0,Phone,2,5.0,Debit Card,Male,4.0,2,Others,3,Married,7,0,26.0,15.0,15.0,10.0,291.13
52468,0,11.0,Mobile Phone,1,27.0,E wallet,Female,2.0,5,Grocery,5,Married,15,1,19.0,8.0,15.0,1.0,164.99
52469,0,6.0,Mobile Phone,2,10.0,Debit Card,Female,1.0,4,Others,2,Single,11,0,15.0,8.0,10.0,10.0,261.38
52470,0,25.0,Phone,3,20.0,UPI,Female,4.0,6,Laptop & Accessory,3,Divorced,11,1,21.0,1.0,15.0,3.0,145.14
52471,0,8.0,Phone,3,6.0,COD,Female,2.0,3,Laptop & Accessory,4,Married,3,0,11.0,14.0,15.0,2.0,139.9
52472,0,60.0,Mobile Phone,1,16.0,Credit Card,Male,4.0,5,Mobile Phone,4,Single,1,1,22.0,4.0,1.0,13.0,148.68
52473,0,12.0,Mobile Phone,1,31.0,UPI,Female,0.0,2,Fashion,1,Married,2,0,15.0,7.0,8.0,19.0,151.84
52474,0,24.0,Mobile Phone,3,23.0,Debit Card,Male,3.0,4,Laptop & Accessory,1,Married,5,1,11.0,7.0,7.0,20.0,138.37
52475,0,23.0,Mobile Phone,3,32.0,CC,Male,1.0,4,Mobile Phone,1,Married,1,1,15.0,16.0,9.0,16.0,182.87
52476,1,16.0,Mobile Phone,1,39.0,Debit Card,Male,3.0,5,Fashion,4,Divorced,4,0,25.0,4.0,5.0,5.0,278.1
52477,0,1.0,Phone,2,8.0,Credit Card,Male,5.0,5,Laptop & Accessory,4,Single,15,1,19.0,7.0,16.0,10.0,296.3
52478,0,17.0,Phone,1,11.0,E wallet,Male,2.0,2,Grocery,1,Single,6,0,17.0,9.0,6.0,20.0,186.56
52479,0,30.0,Phone,3,29.0,Debit Card,Male,1.0,6,Others,2,Married,11,1,17.0,2.0,10.0,17.0,281.81
52480,0,28.0,Mobile Phone,1,21.0,Credit Card,Male,2.0,5,Fashion,4,Married,1,1,19.0,2.0,8.0,15.0,292.71
52481,0,27.0,Mobile Phone,2,18.0,COD,Female,4.0,3,Others,3,Single,6,0,23.0,5.0,3.0,4.0,196.78
52482,0,26.0,Mobile Phone,2,6.0,Credit Card,Male,4.0,5,Laptop & Accessory,5,Single,14,1,21.0,3.0,3.0,0.0,348.71
52483,1,14.0,Mobile Phone,3,28.0,UPI,Male,2.0,6,Laptop & Accessory,3,Married,12,0,15.0,15.0,12.0,9.0,238.14
52484,0,30.0,Mobile Phone,3,19.0,E wallet,Male,5.0,5,Laptop & Accessory,3,Single,8,0,18.0,8.0,13.0,4.0,275.27
52485,0,14.0,Mobile Phone,1,37.0,Credit Card,Male,3.0,4,Fashion,3,Divorced,11,0,19.0,7.0,16.0,6.0,125.14
52486,0,51.0,Computer,2,16.0,Credit Card,Female,1.0,4,Fashion,5,Single,1,0,16.0,6.0,10.0,9.0,241.08
52487,0,19.0,Mobile Phone,3,22.0,Credit Card,Female,3.0,2,Laptop & Accessory,4,Married,8,0,19.0,16.0,13.0,1.0,283.2
52488,0,11.0,Computer,2,9.0,Debit Card,Male,3.0,2,Mobile Phone,5,Single,8,0,17.0,14.0,10.0,21.0,232.94
52489,0,8.0,Mobile Phone,2,5.0,Debit Card,Male,4.0,6,Mobile Phone,3,Single,11,0,20.0,4.0,10.0,21.0,312.11
52490,0,22.0,Mobile Phone,2,13.0,Debit Card,Female,2.0,5,Mobile,4,Married,2,0,22.0,5.0,1.0,0.0,118.47
52491,1,7.0,Phone,1,38.0,Debit Card,Male,4.0,1,Mobile Phone,1,Married,3,0,13.0,4.0,16.0,6.0,321.81
52492,0,50.0,Mobile Phone,2,33.0,Debit Card,Male,4.0,4,Laptop & Accessory,4,Married,6,0,21.0,7.0,2.0,1.0,292.65
52493,0,13.0,Mobile Phone,1,6.0,UPI,Female,3.0,3,Fashion,1,Divorced,15,1,15.0,6.0,2.0,9.0,100.89
52494,0,26.0,Computer,1,23.0,Debit Card,Female,2.0,3,Laptop & Accessory,2,Married,8,0,22.0,2.0,16.0,13.0,120.49
52495,0,24.0,Phone,3,32.0,E wallet,Male,5.0,4,Mobile Phone,5,Married,13,0,24.0,0.0,11.0,3.0,126.4
52496,0,12.0,Mobile Phone,1,39.0,Cash on Delivery,Male,3.0,3,Fashion,4,Single,5,1,12.0,7.0,8.0,1.0,202.49
52497,0,20.0,Mobile Phone,1,26.0,Credit Card,Female,5.0,3,Others,5,Single,11,0,15.0,0.0,8.0,18.0,134.23
52498,1,17.0,Computer,1,8.0,UPI,Male,2.0,6,Others,1,Single,9,0,19.0,14.0,12.0,21.0,110.19
52499,0,4.0,Computer,1,12.0,Debit Card,Female,5.0,1,Grocery,3,Married,15,0,22.0,8.0,8.0,1.0,305.97
52500,0,12.0,Phone,3,5.0,UPI,Male,4.0,3,Mobile Phone,5,Married,14,0,18.0,2.0,11.0,2.0,153.72
52501,0,27.0,Mobile Phone,2,11.0,Credit Card,Male,5.0,4,Others,3,Divorced,4,0,23.0,14.0,14.0,15.0,250.91
52502,0,24.0,Computer,1,29.0,Cash on Delivery,Male,2.0,3,Fashion,3,Married,4,0,24.0,6.0,1.0,10.0,247.25
52503,0,61.0,Mobile Phone,2,33.0,Debit Card,Female,3.0,4,Mobile Phone,3,Divorced,8,0,17.0,8.0,1.0,20.0,300.81
52504,0,6.0,Mobile Phone,2,5.0,Credit Card,Female,1.0,1,Fashion,3,Married,13,0,22.0,3.0,5.0,10.0,235.28
52505,0,50.0,Phone,1,22.0,Credit Card,Female,1.0,5,Mobile Phone,5,Married,5,0,13.0,2.0,1.0,19.0,343.06
52506,0,2.0,Mobile Phone,2,8.0,Credit Card,Male,2.0,4,Laptop & Accessory,3,Married,8,0,23.0,1.0,12.0,5.0,232.66
52507,0,21.0,Phone,1,24.0,Debit Card,Female,5.0,4,Mobile Phone,5,Married,1,0,17.0,9.0,15.0,3.0,268.4
52508,0,7.0,Computer,2,12.0,UPI,Female,3.0,4,Grocery,5,Married,10,0,12.0,9.0,2.0,14.0,326.59
52509,1,17.0,Phone,1,31.0,UPI,Male,2.0,3,Laptop & Accessory,3,Married,13,0,26.0,4.0,16.0,10.0,280.04
52510,0,26.0,Mobile Phone,1,39.0,UPI,Female,5.0,2,Fashion,5,Married,5,0,14.0,11.0,3.0,16.0,282.34
52511,1,51.0,Mobile Phone,1,29.0,UPI,Female,3.0,4,Fashion,4,Single,8,1,20.0,16.0,13.0,20.0,114.5
52512,0,16.0,Mobile Phone,1,18.0,Debit Card,Female,5.0,3,Others,5,Single,8,0,12.0,8.0,1.0,4.0,121.08
52513,0,11.0,Mobile Phone,3,35.0,Debit Card,Female,5.0,4,Grocery,5,Single,7,0,17.0,12.0,9.0,21.0,168.66
52514,1,26.0,Phone,1,9.0,Debit Card,Female,4.0,1,Mobile Phone,1,Single,3,0,15.0,6.0,16.0,20.0,240.7
52515,0,7.0,Mobile Phone,1,22.0,Debit Card,Female,2.0,2,Fashion,5,Married,10,0,22.0,10.0,4.0,0.0,321.11
52516,0,22.0,Mobile Phone,3,14.0,Debit Card,Male,5.0,5,Others,3,Single,10,0,24.0,12.0,11.0,21.0,121.9
52517,0,28.0,Mobile Phone,2,20.0,Debit Card,Female,2.0,3,Laptop & Accessory,4,Married,7,0,25.0,9.0,14.0,9.0,135.52
52518,1,19.0,Mobile Phone,1,8.0,Debit Card,Male,3.0,5,Mobile Phone,3,Single,13,0,26.0,16.0,16.0,12.0,232.2
52519,1,15.0,Phone,3,9.0,Credit Card,Female,4.0,2,Laptop & Accessory,4,Married,3,0,19.0,14.0,13.0,14.0,134.52
52520,0,16.0,Phone,1,24.0,Cash on Delivery,Female,1.0,4,Mobile Phone,1,Single,15,1,17.0,16.0,14.0,0.0,217.2
52521,0,15.0,Phone,2,10.0,UPI,Female,3.0,3,Laptop & Accessory,3,Single,6,0,12.0,7.0,14.0,10.0,325.84
52522,0,18.0,Phone,1,15.0,UPI,Female,2.0,5,Others,4,Married,14,0,14.0,5.0,15.0,11.0,286.71
52523,0,7.0,Phone,2,21.0,Cash on Delivery,Male,2.0,2,Mobile,2,Married,9,1,13.0,14.0,11.0,10.0,286.66
52524,0,28.0,Mobile Phone,2,7.0,Credit Card,Male,0.0,3,Fashion,4,Divorced,8,0,20.0,1.0,8.0,2.0,204.29
52525,0,25.0,Mobile Phone,1,20.0,Debit Card,Male,4.0,2,Fashion,5,Married,4,0,12.0,12.0,6.0,12.0,268.69
52526,0,30.0,Phone,2,30.0,Credit Card,Male,1.0,4,Mobile,1,Married,15,0,12.0,12.0,3.0,18.0,284.21
52527,1,11.0,Mobile Phone,2,28.0,UPI,Female,4.0,3,Mobile Phone,4,Divorced,5,0,18.0,5.0,8.0,15.0,105.05
52528,0,16.0,Mobile Phone,2,38.0,Credit Card,Male,3.0,2,Fashion,4,Single,4,1,16.0,2.0,14.0,11.0,303.59
52529,0,14.0,Computer,3,24.0,COD,Male,3.0,4,Grocery,4,Single,12,0,13.0,2.0,8.0,8.0,322.99
52530,0,8.0,Mobile Phone,2,22.0,UPI,Male,4.0,1,Mobile Phone,4,Single,6,0,18.0,6.0,6.0,19.0,130.31
52531,0,11.0,Phone,2,24.0,CC,Male,3.0,5,Laptop & Accessory,3,Married,12,0,13.0,16.0,13.0,17.0,310.23
52532,0,50.0,Phone,2,20.0,UPI,Female,2.0,6,Grocery,3,Single,14,0,15.0,7.0,1.0,19.0,189.56
52533,0,24.0,Mobile Phone,2,8.0,UPI,Female,1.0,5,Laptop & Accessory,5,Married,8,0,11.0,13.0,12.0,5.0,179.51
52534,1,17.0,Mobile Phone,1,22.0,UPI,Male,3.0,6,Grocery,4,Married,6,0,23.0,2.0,7.0,4.0,251.25
52535,0,14.0,Phone,2,39.0,Cash on Delivery,Female,3.0,5,Others,3,Divorced,5,0,11.0,7.0,12.0,5.0,303.05
52536,0,50.0,Mobile Phone,2,34.0,Debit Card,Male,2.0,5,Mobile Phone,5,Married,9,1,20.0,16.0,4.0,14.0,199.2
52537,1,5.0,Mobile Phone,3,22.0,Credit Card,Female,3.0,3,Laptop & Accessory,2,Married,7,0,22.0,3.0,8.0,11.0,258.24
52538,0,61.0,Computer,2,25.0,Cash on Delivery,Male,2.0,3,Mobile,2,Married,10,0,12.0,1.0,13.0,1.0,307.17
52539,0,60.0,Phone,1,36.0,UPI,Female,4.0,5,Grocery,5,Divorced,3,0,21.0,14.0,3.0,2.0,296.0
52540,0,4.0,Mobile Phone,2,9.0,Debit Card,Male,3.0,4,Laptop & Accessory,4,Single,10,1,17.0,7.0,15.0,18.0,169.06
52541,0,17.0,Mobile Phone,3,27.0,Debit Card,Female,5.0,6,Fashion,4,Married,11,0,11.0,4.0,4.0,5.0,276.5
52542,0,15.0,Phone,3,34.0,Credit Card,Male,3.0,5,Mobile Phone,1,Divorced,2,0,17.0,2.0,12.0,17.0,259.39
52543,0,7.0,Mobile Phone,3,31.0,E wallet,Male,4.0,5,Mobile Phone,3,Married,15,0,25.0,9.0,14.0,6.0,272.71
52544,0,24.0,Mobile Phone,3,19.0,UPI,Male,3.0,3,Fashion,3,Divorced,5,1,26.0,10.0,11.0,8.0,206.1
52545,0,50.0,Mobile Phone,1,18.0,Credit Card,Male,3.0,2,Fashion,4,Single,5,0,25.0,6.0,1.0,2.0,105.09
52546,0,25.0,Mobile Phone,2,25.0,Debit Card,Female,2.0,4,Laptop & Accessory,3,Divorced,12,1,20.0,6.0,1.0,8.0,185.23
52547,0,21.0,Phone,2,38.0,UPI,Male,2.0,3,Laptop & Accessory,3,Married,11,0,19.0,4.0,12.0,11.0,284.43
52548,1,30.0,Phone,1,30.0,UPI,Female,5.0,6,Others,5,Married,6,0,15.0,5.0,3.0,5.0,293.65
52549,0,9.0,Mobile Phone,1,29.0,Credit Card,Female,2.0,5,Mobile Phone,5,Single,1,1,21.0,6.0,9.0,2.0,317.5
52550,0,11.0,Mobile Phone,3,35.0,COD,Male,1.0,6,Mobile Phone,1,Single,15,0,21.0,10.0,6.0,3.0,157.71
52551,0,27.0,Mobile Phone,2,10.0,Cash on Delivery,Male,4.0,4,Grocery,2,Married,5,0,24.0,3.0,2.0,12.0,262.85
52552,0,5.0,Phone,3,8.0,Debit Card,Female,3.0,4,Laptop & Accessory,5,Single,7,0,16.0,1.0,2.0,9.0,150.31
52553,0,19.0,Mobile Phone,3,28.0,Credit Card,Male,2.0,5,Fashion,3,Single,11,0,25.0,0.0,16.0,5.0,142.63
52554,0,4.0,Mobile Phone,1,35.0,Debit Card,Male,2.0,4,Mobile Phone,4,Married,13,1,24.0,0.0,7.0,6.0,275.14
52555,0,22.0,Computer,3,23.0,Debit Card,Female,3.0,6,Grocery,4,Married,9,0,22.0,10.0,5.0,7.0,143.45
52556,0,8.0,Mobile Phone,1,15.0,Debit Card,Male,3.0,1,Fashion,3,Single,3,0,20.0,6.0,15.0,20.0,108.07
52557,0,28.0,Computer,2,33.0,UPI,Male,4.0,3,Fashion,1,Married,7,0,21.0,15.0,13.0,5.0,251.57
52558,0,15.0,Mobile Phone,1,9.0,Credit Card,Male,2.0,5,Others,5,Divorced,7,0,17.0,3.0,12.0,15.0,108.56
52559,0,21.0,Mobile Phone,1,22.0,UPI,Female,3.0,3,Fashion,4,Married,7,0,19.0,12.0,11.0,0.0,234.18
52560,0,7.0,Phone,3,7.0,CC,Male,4.0,3,Mobile Phone,1,Single,4,0,22.0,13.0,13.0,15.0,301.22
52561,0,19.0,Mobile Phone,1,15.0,Debit Card,Female,4.0,1,Laptop & Accessory,5,Married,3,0,18.0,15.0,11.0,10.0,111.03
52562,0,13.0,Mobile Phone,2,25.0,UPI,Male,2.0,3,Mobile Phone,5,Married,1,0,21.0,8.0,10.0,2.0,267.51
52563,0,60.0,Mobile Phone,1,34.0,UPI,Male,2.0,3,Others,3,Married,6,0,19.0,8.0,3.0,2.0,118.2
52564,0,10.0,Computer,1,23.0,Debit Card,Female,3.0,5,Mobile Phone,1,Married,4,0,12.0,6.0,4.0,11.0,255.68
52565,0,51.0,Mobile Phone,1,29.0,COD,Male,4.0,4,Mobile,3,Married,15,0,12.0,6.0,1.0,4.0,317.75
52566,0,30.0,Phone,2,39.0,UPI,Male,4.0,3,Fashion,5,Single,14,0,24.0,10.0,13.0,12.0,207.37
52567,1,60.0,Phone,1,16.0,CC,Male,3.0,5,Grocery,3,Married,14,0,26.0,6.0,11.0,14.0,194.49
52568,0,6.0,Phone,1,30.0,UPI,Female,5.0,3,Mobile Phone,3,Married,8,0,19.0,6.0,12.0,6.0,305.63
52569,0,22.0,Phone,2,9.0,Debit Card,Male,2.0,3,Fashion,2,Divorced,6,0,16.0,15.0,3.0,17.0,256.89
52570,0,6.0,Mobile Phone,1,22.0,Debit Card,Female,4.0,4,Mobile,3,Single,15,0,17.0,15.0,12.0,11.0,212.51
52571,0,24.0,Mobile Phone,1,31.0,E wallet,Male,4.0,5,Mobile Phone,5,Single,13,0,22.0,14.0,4.0,12.0,257.26
52572,0,2.0,Mobile Phone,3,33.0,Debit Card,Male,3.0,5,Laptop & Accessory,5,Married,6,0,15.0,1.0,13.0,20.0,175.3
52573,1,19.0,Mobile Phone,1,16.0,CC,Male,5.0,5,Fashion,4,Divorced,8,1,11.0,6.0,14.0,18.0,328.02
52574,0,60.0,Mobile Phone,1,23.0,UPI,Female,3.0,4,Others,5,Single,12,1,18.0,14.0,15.0,2.0,101.6
52575,0,29.0,Mobile Phone,2,13.0,Debit Card,Female,1.0,4,Laptop & Accessory,3,Married,15,0,23.0,0.0,9.0,4.0,167.11
52576,0,16.0,Computer,2,22.0,Credit Card,Female,3.0,3,Mobile,4,Divorced,5,0,26.0,6.0,8.0,17.0,309.58
52577,0,9.0,Computer,2,33.0,Debit Card,Male,4.0,3,Mobile Phone,5,Married,8,1,11.0,15.0,10.0,4.0,149.73
52578,0,61.0,Mobile Phone,3,7.0,Debit Card,Male,4.0,5,Grocery,3,Single,1,0,25.0,12.0,5.0,10.0,158.71
52579,0,19.0,Mobile Phone,1,27.0,Cash on Delivery,Female,2.0,5,Laptop & Accessory,5,Married,14,1,11.0,8.0,8.0,19.0,240.42
52580,0,17.0,Mobile Phone,3,34.0,UPI,Female,0.0,4,Laptop & Accessory,4,Divorced,10,1,12.0,6.0,16.0,9.0,269.02
52581,0,26.0,Mobile Phone,3,28.0,UPI,Female,3.0,3,Mobile,4,Divorced,2,0,15.0,7.0,5.0,15.0,110.46
52582,0,22.0,Mobile Phone,3,8.0,Debit Card,Male,3.0,6,Laptop & Accessory,1,Single,8,1,14.0,10.0,5.0,16.0,307.07
52583,0,50.0,Computer,2,32.0,Debit Card,Female,1.0,2,Mobile Phone,5,Single,1,1,14.0,8.0,16.0,19.0,242.08
52584,0,9.0,Mobile Phone,3,20.0,UPI,Male,4.0,5,Laptop & Accessory,4,Single,5,0,11.0,14.0,8.0,15.0,111.92
52585,1,10.0,Mobile Phone,1,17.0,UPI,Male,2.0,3,Mobile Phone,1,Single,12,0,11.0,12.0,3.0,11.0,234.75
52586,0,5.0,Mobile Phone,2,12.0,Cash on Delivery,Female,3.0,3,Laptop & Accessory,4,Single,5,0,23.0,6.0,5.0,15.0,140.95
52587,0,60.0,Computer,1,29.0,UPI,Female,1.0,3,Mobile Phone,4,Married,2,1,20.0,1.0,13.0,6.0,135.25
52588,0,16.0,Computer,3,6.0,Cash on Delivery,Male,4.0,4,Laptop & Accessory,4,Married,14,1,12.0,5.0,13.0,1.0,240.29
52589,0,11.0,Phone,2,34.0,Debit Card,Female,3.0,4,Grocery,1,Single,12,0,23.0,12.0,5.0,1.0,276.59
52590,0,20.0,Mobile Phone,1,7.0,Debit Card,Male,2.0,2,Mobile Phone,4,Single,15,0,23.0,5.0,1.0,10.0,171.5
52591,0,18.0,Mobile Phone,3,27.0,Debit Card,Male,3.0,1,Grocery,2,Married,11,1,12.0,11.0,16.0,4.0,327.25
52592,0,2.0,Mobile Phone,2,33.0,Cash on Delivery,Female,1.0,5,Fashion,3,Divorced,2,1,11.0,11.0,3.0,9.0,205.29
52593,0,17.0,Mobile Phone,2,34.0,Cash on Delivery,Male,5.0,4,Others,4,Married,1,0,20.0,14.0,4.0,9.0,191.44
52594,0,18.0,Phone,1,15.0,Debit Card,Male,4.0,3,Grocery,1,Single,4,1,21.0,11.0,10.0,11.0,244.04
52595,0,17.0,Mobile Phone,3,25.0,Debit Card,Male,4.0,3,Others,3,Married,13,0,18.0,2.0,6.0,7.0,296.11
52596,1,15.0,Mobile Phone,2,31.0,Credit Card,Male,1.0,5,Mobile Phone,4,Married,6,0,13.0,0.0,12.0,10.0,119.97
52597,0,7.0,Phone,1,28.0,E wallet,Male,0.0,5,Others,5,Single,3,1,18.0,11.0,6.0,12.0,312.05
52598,0,17.0,Mobile Phone,2,35.0,Cash on Delivery,Female,3.0,5,Laptop & Accessory,3,Married,10,1,15.0,9.0,16.0,6.0,224.86
52599,0,11.0,Phone,2,34.0,Debit Card,Male,1.0,3,Laptop & Accessory,3,Married,4,0,21.0,0.0,5.0,7.0,230.33
52600,0,9.0,Mobile Phone,2,5.0,Credit Card,Male,4.0,5,Mobile Phone,5,Married,8,1,22.0,9.0,16.0,18.0,307.83
52601,0,6.0,Mobile Phone,1,5.0,Cash on Delivery,Female,2.0,6,Grocery,2,Single,2,0,13.0,11.0,16.0,8.0,239.51
52602,1,0.0,Mobile Phone,1,12.0,Debit Card,Female,2.0,4,Laptop & Accessory,4,Married,9,0,16.0,14.0,11.0,10.0,211.64
52603,0,20.0,Computer,2,38.0,UPI,Female,1.0,1,Mobile,3,Divorced,10,1,12.0,7.0,2.0,19.0,306.94
52604,0,23.0,Mobile Phone,3,20.0,UPI,Male,5.0,5,Laptop & Accessory,5,Single,6,1,21.0,5.0,4.0,16.0,341.24
52605,0,24.0,Mobile Phone,2,31.0,Debit Card,Male,5.0,4,Fashion,4,Single,13,0,11.0,15.0,11.0,6.0,287.6
52606,0,6.0,Mobile Phone,1,8.0,CC,Female,1.0,5,Others,2,Single,13,0,19.0,7.0,13.0,21.0,328.74
52607,0,16.0,Phone,1,23.0,E wallet,Male,2.0,2,Mobile,2,Divorced,9,1,19.0,1.0,5.0,6.0,294.36
52608,0,28.0,Computer,2,33.0,UPI,Male,2.0,4,Fashion,1,Single,1,0,13.0,2.0,7.0,12.0,297.55
52609,0,29.0,Mobile Phone,3,7.0,Debit Card,Female,2.0,4,Fashion,4,Single,11,0,17.0,1.0,13.0,5.0,155.34
52610,1,6.0,Mobile Phone,1,15.0,Credit Card,Male,5.0,4,Laptop & Accessory,3,Married,4,0,19.0,3.0,6.0,16.0,332.03
52611,1,17.0,Computer,2,12.0,Debit Card,Female,3.0,5,Laptop & Accessory,1,Divorced,7,1,25.0,16.0,15.0,1.0,128.54
52612,1,6.0,Phone,1,37.0,Debit Card,Female,5.0,4,Mobile,2,Married,10,0,14.0,4.0,2.0,4.0,232.85
52613,0,23.0,Phone,1,22.0,UPI,Female,3.0,3,Laptop & Accessory,3,Married,9,0,19.0,3.0,8.0,7.0,103.21
52614,0,10.0,Mobile Phone,1,29.0,UPI,Female,4.0,3,Laptop & Accessory,3,Married,12,0,14.0,10.0,10.0,6.0,191.2
52615,0,8.0,Mobile Phone,3,28.0,Debit Card,Male,3.0,4,Mobile Phone,5,Married,1,1,12.0,8.0,13.0,15.0,271.59
52616,0,11.0,Phone,3,30.0,Credit Card,Female,4.0,4,Mobile Phone,4,Married,1,0,16.0,8.0,14.0,1.0,108.79
52617,0,61.0,Phone,1,30.0,Debit Card,Female,3.0,3,Mobile Phone,5,Divorced,3,0,19.0,1.0,10.0,21.0,118.0
52618,0,3.0,Phone,2,21.0,E wallet,Male,1.0,3,Mobile Phone,3,Divorced,14,0,13.0,3.0,8.0,10.0,233.44
52619,0,17.0,Mobile Phone,1,31.0,E wallet,Female,3.0,4,Laptop & Accessory,3,Single,6,0,19.0,4.0,4.0,16.0,114.71
52620,0,12.0,Phone,2,33.0,Credit Card,Female,3.0,3,Mobile,5,Married,14,0,15.0,12.0,8.0,6.0,176.48
52621,0,17.0,Computer,2,13.0,UPI,Female,5.0,6,Laptop & Accessory,3,Single,5,0,23.0,3.0,3.0,1.0,290.29
52622,0,18.0,Computer,1,18.0,Debit Card,Female,3.0,4,Fashion,4,Married,12,0,17.0,9.0,8.0,21.0,179.93
52623,0,23.0,Mobile Phone,1,9.0,Credit Card,Male,0.0,4,Laptop & Accessory,4,Married,11,0,21.0,12.0,6.0,6.0,199.01
52624,0,15.0,Phone,3,34.0,CC,Male,2.0,2,Grocery,4,Married,5,0,16.0,11.0,1.0,11.0,292.34
52625,1,51.0,Phone,2,32.0,Debit Card,Male,5.0,4,Laptop & Accessory,4,Single,9,1,19.0,11.0,3.0,8.0,137.12
52626,0,11.0,Computer,1,12.0,UPI,Male,5.0,3,Fashion,4,Married,15,0,19.0,1.0,8.0,2.0,309.2
52627,0,60.0,Phone,2,19.0,UPI,Male,3.0,4,Grocery,2,Single,14,0,23.0,13.0,12.0,1.0,102.47
52628,0,6.0,Computer,3,32.0,UPI,Male,1.0,4,Laptop & Accessory,4,Single,3,1,11.0,9.0,2.0,19.0,159.19
52629,0,10.0,Computer,2,37.0,UPI,Female,0.0,4,Grocery,2,Married,13,0,24.0,14.0,9.0,19.0,201.38
52630,0,30.0,Mobile Phone,1,10.0,CC,Male,3.0,5,Laptop & Accessory,3,Married,5,0,24.0,1.0,9.0,20.0,153.65
52631,1,28.0,Phone,2,22.0,Debit Card,Male,5.0,2,Laptop & Accessory,5,Divorced,15,0,20.0,15.0,4.0,18.0,308.37
52632,0,12.0,Phone,2,11.0,UPI,Male,4.0,2,Mobile Phone,4,Single,7,0,11.0,6.0,4.0,4.0,332.21
52633,0,30.0,Mobile Phone,2,32.0,CC,Female,5.0,2,Mobile Phone,5,Divorced,11,0,17.0,8.0,5.0,12.0,172.58
52634,0,1.0,Mobile Phone,3,11.0,UPI,Female,3.0,5,Mobile Phone,3,Married,2,0,15.0,14.0,13.0,4.0,131.81
52635,0,14.0,Mobile Phone,1,5.0,E wallet,Female,4.0,2,Laptop & Accessory,5,Married,14,0,25.0,8.0,8.0,12.0,302.36
52636,0,10.0,Phone,2,28.0,Debit Card,Male,2.0,6,Laptop & Accessory,4,Married,7,0,14.0,13.0,4.0,14.0,348.56
52637,0,60.0,Mobile Phone,1,23.0,CC,Male,0.0,6,Laptop & Accessory,3,Divorced,11,0,26.0,7.0,9.0,2.0,250.5
52638,0,3.0,Computer,1,36.0,Debit Card,Female,5.0,6,Mobile,4,Married,1,0,19.0,11.0,3.0,18.0,346.34
52639,0,10.0,Phone,2,34.0,COD,Male,2.0,6,Mobile Phone,5,Divorced,7,0,15.0,1.0,9.0,13.0,105.64
52640,1,28.0,Phone,3,5.0,Debit Card,Female,3.0,2,Fashion,4,Single,2,1,13.0,8.0,13.0,14.0,293.54
52641,0,17.0,Mobile Phone,1,36.0,UPI,Male,3.0,4,Fashion,1,Married,7,0,19.0,6.0,1.0,10.0,225.83
52642,0,15.0,Phone,3,24.0,UPI,Male,1.0,3,Fashion,1,Married,15,0,11.0,14.0,8.0,13.0,199.04
52643,0,12.0,Mobile Phone,1,25.0,UPI,Male,3.0,5,Others,2,Married,3,1,19.0,0.0,7.0,11.0,245.91
52644,0,16.0,Mobile Phone,1,23.0,Debit Card,Female,2.0,3,Laptop & Accessory,5,Single,13,1,22.0,3.0,10.0,16.0,160.18
52645,0,20.0,Computer,1,34.0,CC,Male,4.0,3,Mobile Phone,4,Married,14,0,15.0,15.0,8.0,5.0,218.59
52646,0,18.0,Phone,2,22.0,UPI,Male,0.0,6,Mobile Phone,4,Divorced,12,0,20.0,8.0,15.0,19.0,226.01
52647,0,6.0,Mobile Phone,2,36.0,Credit Card,Male,2.0,4,Laptop & Accessory,4,Married,11,0,16.0,11.0,2.0,15.0,290.22
52648,0,7.0,Computer,1,34.0,Debit Card,Male,3.0,5,Laptop & Accessory,4,Single,5,0,26.0,9.0,10.0,9.0,240.19
52649,0,12.0,Mobile Phone,2,27.0,Cash on Delivery,Female,1.0,4,Grocery,3,Single,11,0,25.0,3.0,7.0,13.0,238.79
52650,1,1.0,Mobile Phone,2,31.0,UPI,Male,1.0,4,Laptop & Accessory,4,Single,14,0,18.0,14.0,4.0,3.0,108.79
52651,0,10.0,Phone,2,30.0,COD,Male,2.0,3,Laptop & Accessory,5,Single,9,1,20.0,13.0,1.0,18.0,310.85
52652,0,23.0,Mobile Phone,1,7.0,UPI,Male,2.0,3,Mobile Phone,4,Married,1,0,24.0,8.0,3.0,19.0,210.67
52653,0,5.0,Phone,3,35.0,Debit Card,Male,3.0,5,Mobile Phone,5,Married,13,1,16.0,13.0,5.0,15.0,319.28
52654,0,25.0,Phone,2,22.0,UPI,Male,5.0,1,Laptop & Accessory,2,Married,6,0,20.0,0.0,12.0,15.0,312.02
52655,0,17.0,Phone,1,14.0,Credit Card,Male,0.0,2,Laptop & Accessory,3,Single,7,0,13.0,11.0,4.0,18.0,248.02
52656,0,18.0,Mobile Phone,1,23.0,Credit Card,Female,5.0,2,Others,4,Single,13,1,26.0,15.0,8.0,12.0,103.05
52657,0,5.0,Mobile Phone,2,35.0,Cash on Delivery,Female,2.0,6,Others,3,Single,10,0,24.0,8.0,2.0,1.0,207.63
52658,1,28.0,Mobile Phone,1,33.0,Debit Card,Male,3.0,1,Mobile Phone,3,Married,9,0,18.0,8.0,8.0,7.0,165.77
52659,1,1.0,Computer,2,29.0,Credit Card,Female,4.0,1,Grocery,4,Divorced,4,0,12.0,12.0,10.0,14.0,142.69
52660,0,17.0,Mobile Phone,1,22.0,CC,Female,3.0,3,Grocery,5,Single,9,0,17.0,8.0,10.0,10.0,233.67
52661,0,3.0,Mobile Phone,2,21.0,Debit Card,Male,1.0,3,Fashion,5,Married,1,1,16.0,11.0,5.0,3.0,191.93
52662,0,17.0,Computer,1,27.0,Debit Card,Male,1.0,4,Grocery,2,Married,4,0,21.0,15.0,14.0,1.0,285.03
52663,0,17.0,Phone,3,22.0,Credit Card,Female,4.0,6,Others,1,Single,14,0,12.0,9.0,8.0,13.0,161.57
52664,0,29.0,Computer,3,15.0,UPI,Female,2.0,4,Fashion,3,Single,6,0,24.0,16.0,12.0,14.0,238.92
52665,0,17.0,Computer,3,24.0,Credit Card,Male,3.0,3,Mobile Phone,4,Married,7,1,14.0,8.0,10.0,21.0,226.23
52666,0,8.0,Mobile Phone,1,17.0,UPI,Male,2.0,5,Laptop & Accessory,4,Married,1,1,23.0,12.0,12.0,20.0,202.07
52667,1,24.0,Mobile Phone,3,28.0,COD,Male,2.0,3,Mobile Phone,3,Single,11,0,25.0,8.0,8.0,21.0,315.43
52668,0,51.0,Mobile Phone,2,24.0,E wallet,Male,4.0,2,Grocery,3,Divorced,11,1,13.0,14.0,14.0,13.0,251.28
52669,0,0.0,Mobile Phone,2,22.0,Credit Card,Female,3.0,5,Grocery,2,Single,1,0,11.0,14.0,1.0,19.0,292.89
52670,0,5.0,Phone,1,39.0,Debit Card,Female,3.0,1,Fashion,2,Married,9,1,13.0,9.0,14.0,1.0,302.45
52671,0,17.0,Mobile Phone,2,25.0,Debit Card,Female,2.0,3,Laptop & Accessory,2,Married,12,0,17.0,2.0,5.0,19.0,137.04
52672,0,9.0,Phone,3,10.0,E wallet,Male,2.0,4,Others,3,Single,7,0,25.0,8.0,1.0,0.0,118.39
52673,0,27.0,Mobile Phone,1,11.0,Credit Card,Male,3.0,2,Mobile Phone,4,Single,9,1,23.0,7.0,1.0,8.0,121.26
52674,0,10.0,Mobile Phone,1,33.0,Cash on Delivery,Female,4.0,3,Fashion,2,Married,5,1,21.0,9.0,11.0,13.0,213.71
52675,0,51.0,Phone,1,22.0,UPI,Male,3.0,3,Mobile Phone,3,Married,11,0,24.0,6.0,11.0,9.0,196.53
52676,0,0.0,Mobile Phone,1,9.0,Debit Card,Female,5.0,3,Mobile Phone,4,Single,9,1,16.0,1.0,2.0,5.0,337.45
52677,0,12.0,Phone,2,26.0,UPI,Female,0.0,6,Mobile Phone,3,Married,5,0,13.0,0.0,8.0,12.0,207.02
52678,0,17.0,Computer,3,13.0,Debit Card,Female,5.0,4,Mobile Phone,3,Single,6,0,23.0,4.0,10.0,12.0,136.62
52679,0,0.0,Phone,1,36.0,Cash on Delivery,Female,3.0,1,Mobile Phone,3,Married,8,0,12.0,16.0,4.0,7.0,141.12
52680,0,2.0,Mobile Phone,2,14.0,Credit Card,Female,4.0,3,Grocery,4,Married,9,1,24.0,15.0,15.0,4.0,184.69
52681,0,17.0,Computer,2,32.0,Debit Card,Male,2.0,4,Laptop & Accessory,5,Single,10,0,16.0,3.0,12.0,0.0,312.52
52682,0,13.0,Mobile Phone,1,15.0,Credit Card,Female,3.0,5,Laptop & Accessory,2,Married,13,0,23.0,13.0,5.0,16.0,272.51
52683,0,30.0,Phone,2,11.0,E wallet,Male,4.0,3,Laptop & Accessory,3,Divorced,3,1,22.0,1.0,1.0,17.0,292.43
52684,0,26.0,Mobile Phone,1,34.0,Credit Card,Female,4.0,5,Fashion,4,Single,11,1,17.0,8.0,14.0,13.0,178.64
52685,0,16.0,Mobile Phone,2,38.0,UPI,Male,2.0,6,Mobile Phone,3,Single,2,0,12.0,14.0,9.0,0.0,225.63
52686,0,28.0,Computer,1,32.0,UPI,Male,3.0,4,Mobile Phone,1,Married,5,0,24.0,0.0,5.0,6.0,324.61
52687,0,25.0,Mobile Phone,2,36.0,E wallet,Female,3.0,4,Fashion,3,Married,6,0,17.0,8.0,14.0,5.0,268.97
52688,0,16.0,Computer,1,20.0,UPI,Female,5.0,5,Mobile Phone,2,Married,13,1,13.0,15.0,8.0,19.0,275.64
52689,0,21.0,Mobile Phone,3,5.0,E wallet,Female,2.0,5,Laptop & Accessory,3,Divorced,8,0,24.0,15.0,16.0,3.0,136.02
52690,0,24.0,Computer,3,38.0,Cash on Delivery,Male,2.0,3,Mobile Phone,3,Married,4,0,24.0,3.0,14.0,7.0,260.51
52691,0,1.0,Computer,1,27.0,Cash on Delivery,Female,4.0,4,Mobile,4,Married,1,0,16.0,12.0,2.0,8.0,257.97
52692,0,21.0,Mobile Phone,1,24.0,COD,Male,3.0,3,Mobile,3,Married,13,0,15.0,7.0,10.0,1.0,291.49
52693,0,4.0,Phone,1,22.0,Credit Card,Male,2.0,6,Mobile,2,Single,4,1,22.0,16.0,7.0,4.0,266.8
52694,1,3.0,Phone,2,22.0,Debit Card,Female,1.0,2,Laptop & Accessory,4,Married,10,0,22.0,7.0,10.0,0.0,276.28
52695,0,5.0,Computer,1,25.0,Debit Card,Female,3.0,6,Laptop & Accessory,4,Married,8,0,25.0,8.0,6.0,17.0,301.61
52696,0,20.0,Mobile Phone,2,12.0,Debit Card,Male,2.0,4,Laptop & Accessory,2,Married,2,0,11.0,13.0,4.0,2.0,288.83
52697,1,12.0,Phone,1,38.0,Debit Card,Male,1.0,3,Grocery,3,Single,10,0,22.0,8.0,8.0,6.0,271.26
52698,0,24.0,Mobile Phone,1,15.0,Debit Card,Female,3.0,5,Mobile,2,Single,8,0,19.0,16.0,10.0,3.0,204.46
52699,0,25.0,Mobile Phone,1,14.0,UPI,Female,2.0,2,Mobile Phone,2,Married,4,0,14.0,6.0,10.0,5.0,130.73
52700,0,19.0,Mobile Phone,1,12.0,Debit Card,Male,2.0,3,Fashion,5,Single,11,0,15.0,13.0,9.0,17.0,179.51
52701,0,51.0,Phone,2,12.0,UPI,Female,3.0,5,Mobile Phone,2,Married,2,0,13.0,4.0,11.0,20.0,274.98
52702,0,13.0,Computer,1,23.0,E wallet,Female,3.0,5,Grocery,5,Divorced,12,0,17.0,12.0,13.0,8.0,346.22
52703,1,16.0,Mobile Phone,3,5.0,Credit Card,Male,2.0,2,Fashion,3,Married,4,1,26.0,0.0,16.0,0.0,151.52
52704,0,20.0,Phone,2,7.0,CC,Male,1.0,6,Grocery,4,Married,1,0,20.0,10.0,8.0,10.0,138.13
52705,0,15.0,Phone,1,36.0,Debit Card,Male,2.0,2,Mobile Phone,3,Married,10,0,14.0,5.0,6.0,19.0,221.7
52706,0,15.0,Mobile Phone,2,20.0,UPI,Female,1.0,3,Laptop & Accessory,4,Married,15,1,14.0,14.0,13.0,18.0,300.89
52707,0,19.0,Computer,2,34.0,UPI,Male,3.0,2,Mobile Phone,4,Married,7,0,26.0,13.0,7.0,10.0,115.76
52708,1,28.0,Mobile Phone,2,32.0,UPI,Female,5.0,2,Mobile Phone,3,Single,15,0,19.0,8.0,5.0,12.0,314.49
52709,0,27.0,Mobile Phone,1,32.0,Credit Card,Female,3.0,6,Fashion,3,Married,14,0,13.0,13.0,3.0,18.0,144.18
52710,1,7.0,Mobile Phone,1,20.0,Debit Card,Female,2.0,6,Laptop & Accessory,5,Married,3,0,23.0,9.0,7.0,9.0,236.11
52711,1,23.0,Computer,1,22.0,Debit Card,Male,1.0,4,Mobile Phone,5,Divorced,4,1,15.0,2.0,15.0,1.0,247.62
52712,0,2.0,Computer,2,29.0,Credit Card,Male,2.0,6,Laptop & Accessory,1,Married,3,0,13.0,0.0,8.0,4.0,185.29
52713,0,24.0,Mobile Phone,3,22.0,Cash on Delivery,Female,2.0,4,Grocery,2,Married,8,0,26.0,15.0,8.0,6.0,230.26
52714,0,18.0,Mobile Phone,3,30.0,Credit Card,Female,3.0,5,Mobile Phone,4,Married,15,0,23.0,5.0,13.0,0.0,198.16
52715,0,51.0,Phone,1,10.0,Debit Card,Male,1.0,2,Grocery,5,Single,3,0,12.0,8.0,5.0,6.0,330.59
52716,0,1.0,Phone,2,7.0,UPI,Male,4.0,3,Laptop & Accessory,4,Married,7,1,16.0,1.0,5.0,1.0,106.01
52717,0,14.0,Phone,3,10.0,Debit Card,Female,3.0,4,Laptop & Accessory,5,Single,2,0,18.0,3.0,5.0,14.0,317.07
52718,0,21.0,Computer,1,18.0,CC,Male,3.0,5,Others,3,Divorced,15,0,15.0,14.0,6.0,13.0,119.26
52719,0,9.0,Computer,2,22.0,E wallet,Female,1.0,3,Fashion,2,Married,10,1,12.0,14.0,4.0,20.0,236.04
52720,0,17.0,Computer,2,20.0,Debit Card,Male,4.0,6,Laptop & Accessory,2,Married,9,0,22.0,4.0,2.0,17.0,349.53
52721,0,21.0,Phone,2,28.0,Debit Card,Female,1.0,5,Others,3,Single,14,1,15.0,13.0,6.0,17.0,151.82
52722,0,26.0,Mobile Phone,2,17.0,Credit Card,Male,1.0,4,Mobile,5,Married,6,1,24.0,4.0,12.0,13.0,206.69
52723,0,12.0,Phone,3,5.0,Debit Card,Female,2.0,3,Fashion,2,Married,3,1,23.0,10.0,12.0,10.0,212.61
52724,0,51.0,Mobile Phone,1,18.0,CC,Male,2.0,4,Fashion,4,Single,11,0,20.0,6.0,1.0,20.0,268.4
52725,0,4.0,Mobile Phone,2,21.0,Cash on Delivery,Male,2.0,4,Laptop & Accessory,5,Single,12,0,22.0,4.0,14.0,12.0,178.16
52726,0,25.0,Mobile Phone,1,17.0,Debit Card,Male,1.0,4,Grocery,4,Single,12,1,26.0,6.0,16.0,18.0,306.18
52727,1,12.0,Phone,1,17.0,Debit Card,Female,1.0,4,Laptop & Accessory,3,Single,15,1,16.0,8.0,4.0,20.0,152.63
52728,0,26.0,Phone,3,13.0,Cash on Delivery,Male,4.0,3,Others,3,Single,14,0,25.0,16.0,6.0,18.0,348.95
52729,0,13.0,Phone,2,10.0,UPI,Male,2.0,5,Mobile Phone,4,Married,8,0,22.0,9.0,14.0,2.0,310.21
52730,0,23.0,Mobile Phone,1,10.0,Credit Card,Female,2.0,3,Laptop & Accessory,5,Single,8,0,11.0,8.0,1.0,18.0,108.46
52731,1,17.0,Phone,2,34.0,Debit Card,Male,3.0,4,Laptop & Accessory,5,Divorced,6,0,22.0,8.0,12.0,11.0,275.14
52732,0,29.0,Mobile Phone,1,18.0,Debit Card,Male,0.0,4,Mobile Phone,5,Married,4,0,24.0,2.0,6.0,17.0,137.72
52733,0,61.0,Phone,1,8.0,Credit Card,Female,3.0,5,Laptop & Accessory,3,Married,3,1,13.0,2.0,6.0,6.0,303.34
52734,0,13.0,Mobile Phone,2,22.0,UPI,Female,2.0,4,Mobile,1,Single,9,0,17.0,4.0,14.0,17.0,194.65
52735,1,11.0,Computer,2,6.0,Debit Card,Male,3.0,5,Laptop & Accessory,2,Divorced,5,0,19.0,14.0,3.0,11.0,163.86
52736,0,27.0,Phone,2,21.0,Debit Card,Female,3.0,6,Mobile Phone,1,Married,4,1,24.0,0.0,1.0,21.0,123.35
52737,1,28.0,Phone,2,18.0,Credit Card,Male,4.0,2,Fashion,3,Married,13,0,18.0,5.0,16.0,9.0,167.99
52738,0,16.0,Phone,1,22.0,Credit Card,Male,2.0,4,Fashion,3,Married,9,0,14.0,9.0,3.0,5.0,114.31
52739,0,20.0,Phone,1,34.0,Debit Card,Male,3.0,5,Fashion,5,Married,7,0,16.0,11.0,12.0,2.0,347.52
52740,0,22.0,Mobile Phone,1,33.0,Credit Card,Male,5.0,5,Laptop & Accessory,1,Married,3,0,20.0,3.0,11.0,13.0,165.82
52741,0,17.0,Phone,3,11.0,Debit Card,Male,3.0,2,Mobile Phone,2,Single,6,0,24.0,16.0,12.0,15.0,175.3
52742,0,10.0,Phone,3,13.0,UPI,Male,5.0,4,Mobile Phone,4,Married,8,1,25.0,6.0,1.0,8.0,188.32
52743,0,60.0,Phone,1,27.0,Credit Card,Male,5.0,3,Laptop & Accessory,5,Single,5,1,25.0,5.0,8.0,6.0,206.17
52744,0,9.0,Mobile Phone,1,18.0,Credit Card,Male,3.0,5,Mobile Phone,1,Single,2,0,21.0,11.0,7.0,13.0,183.2
52745,1,9.0,Computer,2,24.0,Debit Card,Male,2.0,1,Fashion,2,Divorced,8,0,19.0,7.0,3.0,12.0,245.73
52746,1,5.0,Mobile Phone,2,21.0,Debit Card,Male,4.0,3,Laptop & Accessory,4,Married,11,0,23.0,8.0,16.0,15.0,252.53
52747,0,23.0,Mobile Phone,1,36.0,Debit Card,Male,3.0,3,Laptop & Accessory,3,Divorced,2,0,17.0,16.0,8.0,17.0,111.34
52748,1,17.0,Computer,2,29.0,Cash on Delivery,Male,3.0,3,Laptop & Accessory,5,Single,14,0,24.0,15.0,16.0,11.0,240.68
52749,0,22.0,Computer,3,34.0,Debit Card,Female,3.0,6,Laptop & Accessory,3,Married,1,1,20.0,2.0,4.0,20.0,317.91
52750,0,17.0,Mobile Phone,2,31.0,Debit Card,Female,3.0,3,Others,5,Married,5,0,26.0,9.0,10.0,14.0,139.16
52751,0,5.0,Computer,1,31.0,Debit Card,Female,3.0,3,Grocery,5,Married,5,0,21.0,10.0,2.0,10.0,182.59
52752,0,0.0,Mobile Phone,2,35.0,UPI,Female,2.0,2,Laptop & Accessory,3,Married,1,0,12.0,14.0,12.0,17.0,251.79
52753,1,5.0,Phone,1,30.0,Cash on Delivery,Male,3.0,6,Fashion,3,Divorced,6,0,16.0,3.0,6.0,13.0,256.23
52754,0,21.0,Phone,1,22.0,Debit Card,Female,4.0,3,Grocery,3,Married,7,1,19.0,12.0,16.0,17.0,118.49
52755,0,23.0,Phone,3,25.0,UPI,Female,4.0,3,Mobile Phone,3,Divorced,9,1,18.0,4.0,9.0,20.0,206.54
52756,0,24.0,Phone,1,32.0,Debit Card,Male,3.0,3,Grocery,1,Married,11,0,11.0,8.0,7.0,14.0,109.44
52757,0,14.0,Mobile Phone,1,19.0,UPI,Female,2.0,4,Others,5,Single,14,0,21.0,9.0,5.0,5.0,332.08
52758,0,25.0,Mobile Phone,2,34.0,Debit Card,Male,0.0,6,Mobile Phone,2,Single,14,0,11.0,11.0,3.0,10.0,269.24
52759,0,7.0,Phone,3,29.0,Debit Card,Male,0.0,6,Others,5,Single,9,0,11.0,15.0,5.0,17.0,124.96
52760,0,23.0,Mobile Phone,2,15.0,UPI,Male,1.0,6,Laptop & Accessory,4,Single,12,0,14.0,8.0,7.0,2.0,263.2
52761,0,5.0,Computer,1,15.0,Cash on Delivery,Female,2.0,3,Others,3,Married,2,1,12.0,12.0,3.0,2.0,124.68
52762,0,61.0,Phone,2,32.0,Credit Card,Female,1.0,6,Grocery,4,Divorced,8,0,17.0,11.0,11.0,1.0,114.08
52763,0,0.0,Mobile Phone,2,22.0,UPI,Female,3.0,3,Grocery,5,Single,15,0,14.0,5.0,2.0,11.0,153.82
52764,0,11.0,Phone,2,32.0,Debit Card,Male,3.0,4,Laptop & Accessory,3,Single,9,0,17.0,16.0,6.0,21.0,343.23
52765,1,10.0,Mobile Phone,2,12.0,Debit Card,Female,5.0,4,Fashion,3,Married,4,0,19.0,5.0,11.0,15.0,244.78
52766,0,11.0,Mobile Phone,1,30.0,UPI,Male,2.0,2,Mobile Phone,3,Married,7,0,20.0,1.0,8.0,9.0,181.36
52767,0,17.0,Mobile Phone,3,10.0,E wallet,Male,3.0,2,Fashion,3,Married,5,0,21.0,5.0,15.0,11.0,116.41
52768,0,10.0,Computer,2,36.0,CC,Female,3.0,5,Laptop & Accessory,1,Divorced,1,0,12.0,16.0,7.0,3.0,103.9
52769,0,30.0,Mobile Phone,1,36.0,Credit Card,Male,5.0,5,Laptop & Accessory,4,Single,10,0,23.0,10.0,4.0,21.0,323.55
52770,0,51.0,Mobile Phone,2,16.0,UPI,Male,2.0,3,Mobile Phone,4,Divorced,8,0,13.0,2.0,14.0,18.0,220.1
52771,0,12.0,Mobile Phone,1,10.0,Credit Card,Male,2.0,3,Fashion,4,Single,2,0,19.0,8.0,11.0,15.0,122.81
52772,0,17.0,Mobile Phone,2,17.0,UPI,Male,2.0,5,Fashion,2,Married,3,0,11.0,12.0,4.0,1.0,236.3
52773,0,23.0,Mobile Phone,1,38.0,Credit Card,Male,1.0,3,Laptop & Accessory,5,Married,5,1,19.0,7.0,16.0,10.0,116.31
52774,1,8.0,Computer,1,27.0,Debit Card,Male,3.0,5,Mobile Phone,3,Married,7,0,22.0,2.0,4.0,10.0,201.33
52775,1,30.0,Computer,2,21.0,Debit Card,Male,2.0,5,Others,4,Single,5,1,21.0,5.0,16.0,18.0,327.69
52776,0,9.0,Mobile Phone,3,5.0,Debit Card,Male,3.0,5,Laptop & Accessory,2,Married,10,0,16.0,15.0,5.0,8.0,331.56
52777,0,1.0,Phone,1,11.0,UPI,Male,2.0,5,Laptop & Accessory,5,Single,4,0,23.0,13.0,7.0,17.0,338.11
52778,1,14.0,Computer,2,17.0,Credit Card,Female,3.0,5,Mobile Phone,3,Single,2,1,21.0,3.0,14.0,12.0,135.68
52779,0,2.0,Mobile Phone,2,18.0,Cash on Delivery,Female,2.0,6,Laptop & Accessory,5,Single,1,0,19.0,9.0,10.0,4.0,145.84
52780,0,30.0,Mobile Phone,1,21.0,Cash on Delivery,Female,3.0,5,Laptop & Accessory,3,Divorced,3,0,20.0,1.0,9.0,9.0,312.74
52781,0,5.0,Computer,1,34.0,COD,Female,3.0,4,Mobile Phone,2,Single,6,0,23.0,0.0,8.0,5.0,125.63
52782,0,2.0,Phone,2,38.0,Debit Card,Male,3.0,2,Mobile Phone,4,Married,9,1,20.0,8.0,1.0,21.0,103.1
52783,0,10.0,Mobile Phone,1,22.0,UPI,Female,1.0,4,Fashion,4,Married,13,0,17.0,10.0,8.0,16.0,274.77
52784,0,14.0,Mobile Phone,3,29.0,UPI,Female,2.0,6,Fashion,3,Married,9,0,21.0,8.0,1.0,7.0,210.9
52785,0,27.0,Mobile Phone,2,39.0,Cash on Delivery,Male,2.0,6,Laptop & Accessory,5,Divorced,5,0,14.0,9.0,14.0,15.0,300.89
52786,0,9.0,Mobile Phone,3,13.0,Debit Card,Male,3.0,5,Fashion,3,Married,3,1,14.0,10.0,12.0,9.0,138.77
52787,1,6.0,Phone,1,10.0,Debit Card,Female,1.0,4,Mobile Phone,2,Married,13,1,20.0,14.0,11.0,10.0,209.24
52788,0,14.0,Phone,3,30.0,UPI,Male,3.0,6,Grocery,1,Single,3,0,23.0,1.0,15.0,4.0,304.2
52789,0,17.0,Phone,1,31.0,COD,Female,1.0,3,Mobile Phone,5,Married,7,1,20.0,16.0,5.0,7.0,164.67
52790,0,17.0,Mobile Phone,2,35.0,E wallet,Female,2.0,2,Mobile,3,Single,12,1,23.0,10.0,12.0,14.0,217.8
52791,0,23.0,Mobile Phone,1,22.0,UPI,Male,3.0,3,Fashion,4,Single,7,0,18.0,8.0,12.0,9.0,255.55
52792,1,1.0,Mobile Phone,2,22.0,E wallet,Male,2.0,6,Mobile Phone,2,Married,12,1,11.0,5.0,9.0,5.0,280.01
52793,0,19.0,Computer,1,19.0,Debit Card,Female,2.0,3,Mobile Phone,3,Married,3,0,21.0,4.0,4.0,1.0,230.59
52794,0,60.0,Phone,1,10.0,UPI,Male,3.0,3,Laptop & Accessory,4,Divorced,10,0,17.0,13.0,6.0,16.0,280.73
52795,0,25.0,Mobile Phone,2,15.0,Credit Card,Female,3.0,2,Fashion,3,Married,7,0,14.0,4.0,1.0,20.0,288.23
52796,0,6.0,Mobile Phone,2,34.0,Debit Card,Male,2.0,4,Mobile,5,Married,15,0,14.0,15.0,1.0,17.0,308.34
52797,0,29.0,Computer,2,22.0,Debit Card,Female,2.0,5,Mobile Phone,4,Single,8,0,18.0,13.0,6.0,5.0,327.02
52798,0,4.0,Phone,1,33.0,E wallet,Male,3.0,3,Mobile,5,Married,3,0,16.0,1.0,7.0,9.0,275.73
52799,0,10.0,Mobile Phone,1,27.0,Credit Card,Female,5.0,2,Laptop & Accessory,2,Married,5,0,15.0,8.0,15.0,15.0,324.3
52800,0,0.0,Mobile Phone,3,7.0,COD,Male,2.0,5,Fashion,5,Married,12,0,24.0,7.0,7.0,17.0,115.16
52801,1,60.0,Mobile Phone,2,30.0,Debit Card,Male,3.0,4,Fashion,4,Married,14,1,19.0,10.0,16.0,5.0,132.5
52802,1,0.0,Computer,1,18.0,UPI,Female,5.0,4,Mobile Phone,3,Divorced,12,1,22.0,16.0,8.0,0.0,201.09
52803,0,18.0,Phone,2,23.0,UPI,Male,3.0,6,Mobile Phone,4,Married,15,1,24.0,8.0,1.0,16.0,141.61
52804,0,1.0,Phone,3,22.0,E wallet,Male,2.0,4,Others,4,Single,11,0,26.0,10.0,14.0,16.0,184.34
52805,1,20.0,Computer,3,25.0,Debit Card,Male,3.0,5,Fashion,4,Single,10,0,24.0,11.0,4.0,0.0,320.9
52806,0,19.0,Computer,1,13.0,UPI,Male,0.0,2,Grocery,2,Married,11,0,12.0,3.0,13.0,13.0,130.67
52807,0,22.0,Mobile Phone,3,17.0,Debit Card,Male,2.0,3,Fashion,4,Married,13,1,17.0,1.0,2.0,3.0,258.91
52808,1,20.0,Mobile Phone,1,28.0,Cash on Delivery,Female,3.0,3,Fashion,3,Married,13,0,12.0,3.0,14.0,16.0,157.23
52809,0,23.0,Phone,2,15.0,Debit Card,Male,2.0,3,Laptop & Accessory,3,Married,8,1,26.0,16.0,3.0,18.0,222.95
52810,1,3.0,Mobile Phone,1,33.0,Debit Card,Male,1.0,4,Fashion,5,Divorced,7,1,19.0,11.0,15.0,13.0,198.99
52811,0,11.0,Phone,2,21.0,UPI,Male,3.0,2,Mobile Phone,2,Married,1,0,26.0,8.0,14.0,5.0,316.12
52812,0,21.0,Computer,2,30.0,UPI,Female,5.0,5,Mobile Phone,5,Married,2,1,22.0,11.0,1.0,10.0,234.74
52813,0,19.0,Phone,1,30.0,Debit Card,Female,2.0,3,Others,4,Single,12,0,15.0,5.0,12.0,8.0,305.38
52814,0,17.0,Mobile Phone,2,16.0,Debit Card,Male,0.0,5,Mobile,2,Divorced,6,0,13.0,1.0,10.0,7.0,203.51
52815,0,0.0,Mobile Phone,2,22.0,E wallet,Female,3.0,4,Fashion,5,Single,15,1,19.0,15.0,12.0,11.0,265.43
52816,0,29.0,Mobile Phone,2,13.0,Debit Card,Female,3.0,2,Laptop & Accessory,4,Married,13,0,16.0,12.0,6.0,5.0,327.29
52817,0,51.0,Computer,1,7.0,Debit Card,Male,3.0,4,Mobile Phone,3,Single,8,0,16.0,3.0,7.0,15.0,137.17
52818,0,23.0,Mobile Phone,1,14.0,Debit Card,Male,3.0,1,Laptop & Accessory,3,Married,5,0,24.0,8.0,4.0,19.0,240.06
52819,0,13.0,Mobile Phone,2,6.0,CC,Male,5.0,5,Fashion,3,Single,7,0,13.0,14.0,11.0,9.0,258.01
52820,1,4.0,Mobile Phone,3,12.0,Debit Card,Male,1.0,6,Others,2,Married,10,0,19.0,12.0,16.0,20.0,254.3
52821,1,10.0,Computer,2,22.0,Cash on Delivery,Female,1.0,4,Grocery,5,Single,15,1,22.0,9.0,9.0,2.0,237.85
52822,0,23.0,Phone,1,35.0,E wallet,Male,2.0,6,Mobile Phone,3,Single,7,0,17.0,2.0,4.0,6.0,298.65
52823,0,30.0,Computer,2,18.0,UPI,Male,3.0,3,Others,5,Single,3,0,24.0,3.0,11.0,9.0,114.68
52824,0,12.0,Phone,1,37.0,Debit Card,Male,5.0,3,Others,4,Single,1,0,15.0,15.0,12.0,20.0,265.73
52825,0,15.0,Phone,3,33.0,Credit Card,Female,5.0,3,Mobile Phone,5,Married,6,0,20.0,3.0,10.0,11.0,321.56
52826,1,23.0,Mobile Phone,1,37.0,Credit Card,Male,3.0,2,Mobile Phone,1,Married,5,0,24.0,2.0,13.0,5.0,328.72
52827,0,12.0,Mobile Phone,1,39.0,Cash on Delivery,Male,2.0,5,Laptop & Accessory,3,Single,9,0,26.0,6.0,5.0,1.0,144.39
52828,1,23.0,Phone,2,6.0,Cash on Delivery,Female,3.0,4,Laptop & Accessory,4,Married,12,0,17.0,4.0,1.0,11.0,250.43
52829,0,25.0,Computer,3,39.0,Debit Card,Male,2.0,4,Mobile Phone,5,Single,1,0,24.0,12.0,5.0,9.0,170.08
52830,0,1.0,Mobile Phone,1,36.0,Credit Card,Male,5.0,4,Grocery,2,Single,15,1,20.0,0.0,3.0,10.0,280.72
52831,0,15.0,Mobile Phone,1,27.0,Debit Card,Female,2.0,2,Fashion,5,Divorced,5,0,12.0,2.0,3.0,3.0,119.87
52832,0,0.0,Phone,2,9.0,UPI,Female,1.0,5,Others,1,Married,14,0,16.0,15.0,13.0,0.0,130.98
52833,0,10.0,Mobile Phone,2,20.0,Credit Card,Male,4.0,3,Fashion,3,Divorced,3,0,15.0,0.0,8.0,0.0,268.13
52834,0,61.0,Phone,1,28.0,Debit Card,Female,3.0,2,Laptop & Accessory,1,Divorced,6,0,16.0,5.0,3.0,13.0,237.01
52835,0,28.0,Mobile Phone,2,32.0,Debit Card,Female,4.0,2,Laptop & Accessory,2,Married,15,1,21.0,8.0,4.0,1.0,324.0
52836,0,16.0,Mobile Phone,2,29.0,Debit Card,Male,3.0,3,Laptop & Accessory,4,Single,5,0,22.0,5.0,4.0,2.0,107.06
52837,0,27.0,Mobile Phone,3,11.0,UPI,Male,4.0,2,Grocery,1,Single,4,1,25.0,15.0,3.0,19.0,275.39
52838,0,28.0,Phone,1,11.0,E wallet,Female,3.0,3,Mobile,4,Married,8,1,23.0,2.0,16.0,10.0,278.55
52839,1,2.0,Phone,1,26.0,UPI,Male,3.0,6,Laptop & Accessory,1,Married,9,1,24.0,14.0,14.0,17.0,307.31
52840,1,9.0,Mobile Phone,2,26.0,Credit Card,Male,3.0,4,Grocery,5,Married,11,1,22.0,16.0,8.0,2.0,292.64
52841,0,13.0,Computer,2,31.0,Debit Card,Female,4.0,4,Mobile Phone,5,Single,14,0,18.0,9.0,8.0,20.0,229.74
52842,1,11.0,Mobile Phone,2,37.0,Debit Card,Male,2.0,2,Mobile Phone,4,Married,11,1,22.0,14.0,1.0,10.0,171.74
52843,0,29.0,Mobile Phone,2,36.0,Debit Card,Male,1.0,1,Mobile,4,Single,14,0,25.0,14.0,11.0,7.0,198.54
52844,0,50.0,Phone,1,36.0,UPI,Male,3.0,3,Mobile Phone,4,Married,9,0,25.0,14.0,9.0,10.0,230.64
52845,0,50.0,Mobile Phone,1,5.0,UPI,Female,3.0,5,Fashion,3,Married,1,0,13.0,4.0,5.0,4.0,101.12
52846,0,17.0,Phone,1,14.0,E wallet,Male,1.0,4,Fashion,3,Single,9,0,20.0,8.0,10.0,11.0,122.62
52847,0,25.0,Computer,3,8.0,UPI,Female,2.0,1,Grocery,4,Married,4,0,18.0,12.0,4.0,10.0,235.57
52848,0,0.0,Phone,2,33.0,UPI,Female,3.0,5,Others,3,Married,11,1,19.0,13.0,7.0,17.0,348.96
52849,0,1.0,Phone,1,11.0,Debit Card,Male,2.0,2,Fashion,1,Single,13,1,15.0,9.0,8.0,16.0,194.12
52850,0,16.0,Phone,1,10.0,Debit Card,Female,1.0,3,Fashion,2,Single,4,1,26.0,9.0,11.0,4.0,299.69
52851,0,29.0,Mobile Phone,3,22.0,Debit Card,Female,4.0,6,Fashion,4,Married,9,0,15.0,8.0,8.0,13.0,195.52
52852,0,6.0,Mobile Phone,3,22.0,Credit Card,Male,1.0,2,Laptop & Accessory,3,Married,1,0,17.0,10.0,6.0,17.0,131.11
52853,0,26.0,Mobile Phone,3,34.0,UPI,Male,2.0,5,Laptop & Accessory,5,Single,14,0,23.0,0.0,8.0,12.0,310.51
52854,0,8.0,Computer,1,26.0,Debit Card,Male,2.0,5,Grocery,3,Single,5,1,14.0,7.0,10.0,19.0,264.38
52855,0,21.0,Mobile Phone,2,13.0,Credit Card,Male,3.0,3,Laptop & Accessory,2,Divorced,14,1,13.0,16.0,1.0,2.0,133.18
52856,0,60.0,Phone,1,37.0,UPI,Male,3.0,6,Fashion,3,Married,8,0,23.0,8.0,8.0,17.0,209.01
52857,0,0.0,Computer,1,30.0,Debit Card,Male,5.0,3,Laptop & Accessory,4,Divorced,5,0,22.0,11.0,4.0,13.0,156.36
52858,0,8.0,Phone,1,20.0,Credit Card,Male,3.0,3,Mobile Phone,4,Divorced,8,0,25.0,10.0,12.0,12.0,266.69
52859,0,19.0,Computer,1,22.0,Cash on Delivery,Male,2.0,2,Fashion,4,Divorced,5,0,24.0,0.0,8.0,21.0,216.13
52860,0,18.0,Phone,2,27.0,Debit Card,Male,2.0,3,Fashion,2,Divorced,2,0,13.0,0.0,7.0,12.0,174.61
52861,0,3.0,Mobile Phone,3,19.0,Credit Card,Male,3.0,3,Fashion,5,Married,12,0,19.0,11.0,3.0,21.0,239.13
52862,0,8.0,Computer,1,23.0,Debit Card,Male,0.0,4,Mobile Phone,5,Divorced,2,0,21.0,7.0,3.0,4.0,326.33
52863,0,21.0,Mobile Phone,3,20.0,Cash on Delivery,Male,5.0,1,Laptop & Accessory,2,Single,8,0,20.0,12.0,2.0,13.0,203.79
52864,0,17.0,Mobile Phone,1,29.0,E wallet,Female,2.0,3,Fashion,4,Married,13,0,11.0,1.0,12.0,10.0,341.5
52865,0,11.0,Phone,1,39.0,UPI,Male,3.0,1,Laptop & Accessory,2,Single,3,1,24.0,14.0,15.0,14.0,277.93
52866,0,8.0,Phone,1,17.0,Debit Card,Female,4.0,1,Laptop & Accessory,2,Single,12,0,19.0,14.0,9.0,11.0,250.65
52867,1,5.0,Computer,1,11.0,UPI,Male,4.0,5,Laptop & Accessory,2,Single,2,0,18.0,9.0,4.0,14.0,114.94
52868,0,18.0,Computer,1,38.0,Debit Card,Female,1.0,5,Laptop & Accessory,4,Divorced,15,0,24.0,7.0,3.0,14.0,302.52
52869,0,6.0,Computer,2,18.0,Debit Card,Male,3.0,5,Laptop & Accessory,5,Single,14,1,11.0,3.0,7.0,21.0,268.14
52870,0,15.0,Mobile Phone,2,22.0,Credit Card,Female,1.0,3,Laptop & Accessory,5,Married,14,0,18.0,6.0,9.0,3.0,131.73
52871,0,4.0,Phone,3,27.0,Debit Card,Male,4.0,4,Laptop & Accessory,2,Married,1,0,14.0,14.0,3.0,10.0,102.65
52872,0,15.0,Phone,1,21.0,Debit Card,Female,3.0,3,Mobile Phone,4,Married,4,1,16.0,12.0,4.0,16.0,333.92
52873,0,0.0,Computer,2,17.0,Credit Card,Male,1.0,3,Fashion,2,Married,11,1,26.0,9.0,2.0,12.0,149.61
52874,1,18.0,Mobile Phone,2,31.0,Credit Card,Male,3.0,4,Mobile Phone,3,Single,3,0,18.0,4.0,9.0,15.0,205.49
52875,0,16.0,Mobile Phone,3,6.0,Debit Card,Male,2.0,4,Mobile,4,Married,13,0,11.0,11.0,8.0,15.0,204.71
52876,1,25.0,Computer,1,34.0,Credit Card,Female,1.0,3,Others,5,Married,13,1,25.0,1.0,8.0,17.0,121.49
52877,1,17.0,Mobile Phone,3,8.0,CC,Female,3.0,4,Mobile,5,Married,8,0,14.0,12.0,7.0,13.0,301.04
52878,0,7.0,Phone,2,34.0,Debit Card,Male,2.0,6,Mobile Phone,1,Married,1,0,12.0,9.0,8.0,2.0,250.92
52879,0,51.0,Mobile Phone,2,7.0,UPI,Female,5.0,4,Laptop & Accessory,4,Single,14,1,11.0,12.0,14.0,15.0,233.77
52880,1,17.0,Mobile Phone,1,22.0,Credit Card,Female,2.0,3,Others,3,Married,11,1,23.0,11.0,7.0,16.0,315.73
52881,1,29.0,Phone,2,15.0,Credit Card,Male,3.0,3,Mobile Phone,3,Divorced,5,1,14.0,4.0,8.0,1.0,327.58
52882,0,19.0,Mobile Phone,2,27.0,Debit Card,Female,5.0,3,Fashion,2,Single,10,0,22.0,2.0,5.0,7.0,132.17
52883,0,17.0,Phone,1,36.0,Debit Card,Male,2.0,4,Grocery,1,Married,6,0,13.0,16.0,6.0,15.0,271.9
52884,1,9.0,Mobile Phone,1,7.0,Cash on Delivery,Male,2.0,6,Fashion,5,Married,13,1,24.0,14.0,6.0,4.0,167.07
52885,0,23.0,Mobile Phone,3,5.0,CC,Female,1.0,3,Grocery,2,Single,15,0,19.0,8.0,16.0,4.0,295.1
52886,0,3.0,Mobile Phone,1,13.0,Cash on Delivery,Male,5.0,3,Laptop & Accessory,5,Single,1,0,11.0,2.0,8.0,9.0,129.2
52887,0,3.0,Phone,1,13.0,CC,Female,4.0,6,Laptop & Accessory,1,Single,9,0,25.0,3.0,9.0,8.0,147.0
52888,0,12.0,Mobile Phone,2,16.0,Credit Card,Female,2.0,4,Fashion,3,Married,2,0,21.0,7.0,4.0,13.0,153.24
52889,1,24.0,Phone,1,5.0,E wallet,Female,3.0,5,Fashion,4,Divorced,4,1,16.0,1.0,14.0,19.0,255.75
52890,1,12.0,Phone,2,20.0,Credit Card,Male,5.0,5,Others,3,Single,7,1,24.0,11.0,16.0,4.0,266.99
52891,0,17.0,Phone,2,34.0,E wallet,Male,3.0,2,Grocery,5,Divorced,11,1,19.0,2.0,10.0,9.0,329.65
52892,0,23.0,Phone,1,12.0,Debit Card,Male,3.0,4,Mobile,4,Married,9,0,14.0,11.0,6.0,5.0,118.53
52893,1,1.0,Mobile Phone,2,14.0,Cash on Delivery,Female,3.0,2,Mobile,2,Married,3,0,13.0,8.0,15.0,9.0,271.06
52894,0,51.0,Mobile Phone,1,37.0,Debit Card,Male,4.0,4,Fashion,4,Single,10,0,12.0,8.0,16.0,19.0,103.12
52895,0,18.0,Phone,3,26.0,Debit Card,Male,5.0,6,Mobile Phone,5,Divorced,2,0,14.0,5.0,15.0,6.0,227.33
52896,0,8.0,Mobile Phone,3,22.0,UPI,Male,4.0,2,Grocery,2,Married,12,0,17.0,9.0,16.0,17.0,215.12
52897,0,27.0,Computer,1,23.0,UPI,Male,5.0,3,Laptop & Accessory,5,Single,8,0,17.0,2.0,10.0,18.0,111.26
52898,0,61.0,Computer,3,15.0,Debit Card,Male,4.0,6,Mobile Phone,5,Married,14,0,11.0,15.0,12.0,1.0,146.7
52899,0,9.0,Mobile Phone,2,15.0,COD,Male,0.0,1,Grocery,2,Divorced,9,0,26.0,8.0,11.0,11.0,300.45
52900,0,0.0,Phone,2,18.0,Credit Card,Male,1.0,2,Others,2,Single,2,0,20.0,8.0,13.0,19.0,176.02
52901,0,20.0,Computer,1,30.0,E wallet,Female,4.0,2,Others,4,Married,13,0,23.0,2.0,12.0,2.0,220.52
52902,0,8.0,Mobile Phone,1,24.0,COD,Female,0.0,5,Laptop & Accessory,5,Married,11,0,13.0,8.0,10.0,5.0,198.57
52903,0,14.0,Phone,3,24.0,UPI,Female,4.0,5,Laptop & Accessory,4,Married,3,0,22.0,11.0,9.0,13.0,146.4
52904,0,61.0,Mobile Phone,1,9.0,Debit Card,Male,4.0,5,Laptop & Accessory,4,Single,6,0,19.0,2.0,14.0,20.0,335.25
52905,1,4.0,Phone,1,5.0,Debit Card,Female,2.0,5,Mobile Phone,2,Single,13,0,13.0,4.0,13.0,17.0,113.24
52906,0,21.0,Computer,1,15.0,UPI,Female,3.0,5,Laptop & Accessory,5,Divorced,3,0,24.0,0.0,4.0,0.0,215.56
52907,0,22.0,Phone,2,14.0,Credit Card,Female,1.0,5,Laptop & Accessory,1,Divorced,14,1,16.0,8.0,8.0,13.0,184.09
52908,1,6.0,Phone,3,32.0,UPI,Male,0.0,4,Fashion,2,Married,6,0,17.0,16.0,16.0,15.0,266.69
52909,0,22.0,Computer,2,38.0,UPI,Female,3.0,5,Laptop & Accessory,3,Married,13,0,14.0,3.0,10.0,18.0,261.75
52910,0,24.0,Phone,1,17.0,Debit Card,Male,1.0,4,Others,4,Married,15,0,22.0,13.0,5.0,20.0,274.18
52911,0,26.0,Phone,1,29.0,UPI,Male,5.0,3,Mobile Phone,1,Single,6,0,17.0,4.0,11.0,4.0,224.79
52912,0,5.0,Phone,1,27.0,Debit Card,Male,2.0,5,Laptop & Accessory,1,Single,3,0,24.0,11.0,14.0,1.0,127.67
52913,0,60.0,Phone,1,16.0,E wallet,Female,4.0,5,Grocery,2,Married,2,0,25.0,12.0,14.0,18.0,225.82
52914,0,8.0,Computer,2,6.0,Debit Card,Male,1.0,2,Others,1,Married,12,1,16.0,12.0,6.0,12.0,319.81
52915,0,51.0,Computer,1,24.0,UPI,Male,3.0,1,Others,5,Single,8,1,11.0,16.0,7.0,1.0,182.19
52916,0,5.0,Phone,3,20.0,Debit Card,Female,2.0,3,Mobile Phone,2,Single,14,0,11.0,16.0,13.0,6.0,321.54
52917,0,30.0,Phone,2,18.0,Cash on Delivery,Male,0.0,3,Others,5,Single,7,1,22.0,6.0,14.0,2.0,275.71
52918,1,60.0,Mobile Phone,3,6.0,UPI,Male,3.0,2,Fashion,4,Married,9,0,14.0,14.0,12.0,15.0,337.13
52919,1,28.0,Computer,3,20.0,Debit Card,Male,5.0,5,Laptop & Accessory,4,Married,1,0,17.0,0.0,9.0,20.0,222.03
52920,0,13.0,Phone,3,8.0,UPI,Male,0.0,1,Mobile Phone,4,Married,1,0,14.0,7.0,2.0,0.0,169.71
52921,0,14.0,Phone,1,17.0,E wallet,Male,2.0,4,Mobile Phone,3,Single,1,0,17.0,7.0,4.0,11.0,118.31
52922,0,7.0,Mobile Phone,3,5.0,E wallet,Male,3.0,2,Mobile Phone,4,Married,1,0,16.0,9.0,9.0,19.0,102.05
52923,0,25.0,Computer,2,13.0,Debit Card,Female,4.0,4,Mobile Phone,5,Married,5,0,14.0,16.0,2.0,5.0,326.05
52924,0,20.0,Mobile Phone,2,25.0,Credit Card,Female,1.0,4,Laptop & Accessory,4,Married,2,0,20.0,0.0,16.0,10.0,241.1
52925,0,27.0,Mobile Phone,1,22.0,Debit Card,Male,1.0,5,Mobile Phone,2,Married,4,0,18.0,13.0,7.0,9.0,126.85
52926,0,3.0,Phone,1,36.0,Debit Card,Male,0.0,4,Mobile Phone,2,Married,9,0,11.0,7.0,12.0,3.0,187.78
52927,0,15.0,Phone,3,38.0,UPI,Male,2.0,5,Laptop & Accessory,3,Divorced,15,0,17.0,14.0,8.0,10.0,246.33
52928,0,21.0,Mobile Phone,1,24.0,Debit Card,Male,1.0,4,Laptop & Accessory,2,Divorced,3,0,22.0,0.0,1.0,6.0,330.51
52929,0,11.0,Phone,1,6.0,Cash on Delivery,Male,2.0,5,Laptop & Accessory,5,Single,15,0,22.0,9.0,1.0,15.0,285.31
52930,0,15.0,Mobile Phone,1,8.0,CC,Male,2.0,5,Laptop & Accessory,3,Married,14,0,11.0,3.0,5.0,5.0,204.7
52931,0,28.0,Mobile Phone,3,11.0,Debit Card,Male,3.0,5,Mobile Phone,2,Single,11,1,16.0,8.0,11.0,20.0,109.95
52932,0,17.0,Mobile Phone,2,26.0,Debit Card,Male,1.0,4,Laptop & Accessory,4,Single,12,0,17.0,10.0,7.0,5.0,260.37
52933,0,9.0,Computer,3,24.0,UPI,Male,3.0,5,Fashion,3,Married,8,0,16.0,9.0,8.0,2.0,191.11
52934,0,17.0,Mobile Phone,1,39.0,Credit Card,Female,0.0,3,Mobile Phone,2,Single,14,0,23.0,16.0,2.0,17.0,117.5
52935,0,17.0,Mobile Phone,1,8.0,E wallet,Female,3.0,2,Others,1,Married,9,0,14.0,6.0,15.0,8.0,307.59
52936,1,20.0,Phone,2,24.0,E wallet,Female,2.0,3,Laptop & Accessory,1,Married,9,0,18.0,6.0,13.0,9.0,334.13
52937,1,0.0,Mobile Phone,2,39.0,Credit Card,Female,1.0,2,Mobile Phone,4,Married,2,0,21.0,0.0,3.0,16.0,231.51
52938,0,14.0,Phone,1,37.0,Debit Card,Male,4.0,4,Grocery,4,Single,8,1,18.0,9.0,6.0,2.0,128.99
52939,0,3.0,Computer,1,22.0,Cash on Delivery,Female,2.0,3,Fashion,5,Married,8,0,26.0,3.0,4.0,9.0,200.61
52940,0,19.0,Computer,1,18.0,Debit Card,Male,4.0,6,Mobile Phone,4,Married,15,0,12.0,7.0,14.0,4.0,119.31
52941,0,9.0,Mobile Phone,1,35.0,CC,Female,3.0,3,Others,4,Single,11,0,24.0,1.0,9.0,1.0,300.47
52942,0,22.0,Phone,2,26.0,Debit Card,Female,3.0,2,Laptop & Accessory,2,Married,15,0,23.0,9.0,5.0,2.0,235.28
52943,0,60.0,Phone,1,34.0,Credit Card,Male,3.0,5,Mobile Phone,3,Married,3,0,19.0,1.0,7.0,20.0,198.34
52944,0,51.0,Mobile Phone,1,33.0,Debit Card,Male,0.0,3,Laptop & Accessory,3,Married,13,1,25.0,16.0,9.0,16.0,282.47
52945,0,60.0,Mobile Phone,1,33.0,UPI,Male,1.0,3,Mobile Phone,5,Married,14,0,11.0,7.0,8.0,8.0,309.23
52946,0,9.0,Phone,1,11.0,Credit Card,Male,2.0,5,Fashion,3,Married,11,0,24.0,5.0,1.0,0.0,295.73
52947,0,19.0,Mobile Phone,3,36.0,Credit Card,Female,2.0,4,Laptop & Accessory,2,Divorced,1,1,18.0,5.0,13.0,4.0,305.28
52948,0,0.0,Computer,1,22.0,Cash on Delivery,Female,2.0,4,Laptop & Accessory,5,Single,1,1,19.0,5.0,4.0,8.0,316.98
52949,0,12.0,Phone,1,17.0,Credit Card,Male,3.0,3,Mobile Phone,3,Married,11,0,20.0,16.0,5.0,8.0,217.08
52950,0,0.0,Mobile Phone,1,18.0,Debit Card,Male,0.0,3,Laptop & Accessory,1,Divorced,13,0,21.0,8.0,2.0,5.0,264.82
52951,0,4.0,Mobile Phone,2,10.0,E wallet,Male,5.0,4,Fashion,4,Married,15,0,12.0,13.0,9.0,5.0,247.61
52952,0,15.0,Computer,2,20.0,Cash on Delivery,Female,1.0,4,Laptop & Accessory,4,Married,14,0,15.0,6.0,5.0,15.0,131.97
52953,0,14.0,Mobile Phone,1,25.0,Debit Card,Female,2.0,3,Mobile,5,Married,12,0,15.0,5.0,5.0,8.0,159.75
52954,0,27.0,Phone,2,20.0,Cash on Delivery,Male,5.0,2,Fashion,5,Divorced,14,0,17.0,3.0,12.0,16.0,142.95
52955,0,30.0,Mobile Phone,2,9.0,COD,Female,0.0,5,Mobile Phone,2,Single,11,1,12.0,5.0,1.0,12.0,262.29
52956,0,17.0,Computer,1,28.0,Credit Card,Female,5.0,4,Mobile Phone,4,Single,12,0,19.0,1.0,16.0,2.0,315.81
52957,0,16.0,Phone,1,5.0,Debit Card,Male,0.0,6,Grocery,3,Married,11,0,19.0,0.0,1.0,8.0,289.59
52958,0,60.0,Mobile Phone,2,14.0,Credit Card,Female,1.0,4,Mobile Phone,3,Married,4,0,15.0,15.0,15.0,13.0,194.31
52959,1,12.0,Mobile Phone,2,22.0,UPI,Male,2.0,6,Grocery,2,Single,15,0,21.0,16.0,10.0,2.0,264.53
52960,0,13.0,Phone,3,35.0,Credit Card,Male,2.0,4,Fashion,3,Married,9,1,23.0,9.0,8.0,3.0,202.49
52961,0,17.0,Computer,1,19.0,UPI,Male,3.0,4,Fashion,3,Married,15,0,12.0,5.0,11.0,19.0,168.62
52962,0,27.0,Mobile Phone,2,15.0,E wallet,Female,1.0,3,Others,2,Divorced,9,0,22.0,5.0,1.0,13.0,323.39
52963,0,50.0,Phone,1,13.0,Credit Card,Male,1.0,2,Mobile Phone,4,Married,12,0,17.0,7.0,15.0,17.0,151.18
52964,0,61.0,Mobile Phone,3,6.0,Debit Card,Female,0.0,6,Laptop & Accessory,2,Married,15,0,14.0,11.0,13.0,0.0,258.61
52965,0,30.0,Computer,2,34.0,Credit Card,Female,3.0,6,Mobile Phone,2,Married,2,0,26.0,10.0,7.0,19.0,287.66
52966,0,16.0,Phone,2,20.0,UPI,Female,5.0,4,Others,5,Married,14,1,21.0,0.0,11.0,18.0,254.64
52967,0,8.0,Mobile Phone,1,5.0,Debit Card,Female,2.0,3,Laptop & Accessory,4,Married,7,0,13.0,0.0,3.0,4.0,130.03
52968,0,9.0,Mobile Phone,1,10.0,UPI,Male,4.0,6,Grocery,4,Married,1,0,21.0,7.0,5.0,7.0,167.4
52969,0,7.0,Mobile Phone,2,15.0,Debit Card,Male,1.0,5,Grocery,3,Divorced,14,1,17.0,12.0,16.0,6.0,103.65
52970,1,20.0,Phone,1,37.0,CC,Male,1.0,2,Mobile Phone,2,Married,13,0,17.0,4.0,2.0,20.0,289.67
52971,0,12.0,Mobile Phone,1,21.0,UPI,Male,3.0,3,Laptop & Accessory,2,Single,15,1,11.0,4.0,14.0,15.0,146.27
52972,0,4.0,Mobile Phone,1,38.0,Cash on Delivery,Female,4.0,1,Mobile Phone,1,Married,5,1,17.0,9.0,2.0,10.0,314.05
52973,1,5.0,Computer,1,29.0,Debit Card,Female,4.0,4,Mobile Phone,4,Married,12,1,23.0,9.0,8.0,7.0,141.37
52974,0,29.0,Phone,2,26.0,Credit Card,Male,3.0,4,Others,3,Divorced,14,0,20.0,8.0,1.0,5.0,192.95
52975,0,30.0,Phone,1,30.0,Credit Card,Female,2.0,2,Laptop & Accessory,3,Single,10,1,15.0,7.0,11.0,12.0,135.54
52976,0,16.0,Mobile Phone,1,31.0,UPI,Female,1.0,3,Mobile,2,Single,5,0,26.0,9.0,8.0,10.0,233.19
52977,1,10.0,Mobile Phone,1,13.0,COD,Female,3.0,6,Laptop & Accessory,2,Married,8,1,17.0,2.0,8.0,14.0,248.45
52978,0,19.0,Mobile Phone,3,9.0,UPI,Male,2.0,4,Mobile,3,Married,9,0,18.0,12.0,5.0,10.0,157.12
52979,0,8.0,Phone,3,22.0,Credit Card,Female,4.0,5,Laptop & Accessory,4,Married,3,0,20.0,10.0,8.0,3.0,201.82
52980,0,1.0,Phone,2,22.0,Debit Card,Male,3.0,5,Laptop & Accessory,5,Single,6,0,25.0,4.0,2.0,19.0,129.28
52981,0,0.0,Computer,2,16.0,UPI,Male,4.0,6,Laptop & Accessory,3,Married,11,1,25.0,0.0,5.0,16.0,296.96
52982,0,3.0,Mobile Phone,1,26.0,E wallet,Male,3.0,1,Mobile Phone,4,Married,7,0,19.0,1.0,8.0,7.0,296.64
52983,0,24.0,Mobile Phone,2,10.0,Cash on Delivery,Male,4.0,3,Fashion,2,Married,15,0,19.0,11.0,9.0,6.0,164.62
52984,0,2.0,Computer,2,31.0,UPI,Male,2.0,3,Fashion,4,Divorced,6,1,23.0,12.0,2.0,17.0,166.06
52985,1,8.0,Mobile Phone,2,19.0,E wallet,Male,3.0,4,Mobile Phone,4,Married,9,1,20.0,16.0,11.0,2.0,252.41
52986,0,21.0,Mobile Phone,1,21.0,UPI,Female,0.0,4,Laptop & Accessory,1,Divorced,14,0,26.0,1.0,15.0,15.0,252.25
52987,0,22.0,Mobile Phone,2,7.0,Credit Card,Female,3.0,3,Mobile,3,Single,10,0,12.0,5.0,15.0,11.0,283.33
52988,0,17.0,Phone,3,14.0,UPI,Female,3.0,2,Laptop & Accessory,3,Married,4,0,14.0,14.0,13.0,10.0,124.13
52989,0,9.0,Computer,3,29.0,Credit Card,Male,4.0,3,Mobile Phone,3,Single,1,0,16.0,14.0,11.0,5.0,268.0
52990,0,60.0,Mobile Phone,2,25.0,UPI,Female,3.0,3,Mobile Phone,4,Married,11,0,23.0,12.0,8.0,4.0,283.88
52991,0,9.0,Mobile Phone,1,13.0,UPI,Female,3.0,6,Grocery,1,Divorced,4,0,23.0,14.0,2.0,9.0,169.73
52992,0,29.0,Phone,1,28.0,CC,Male,1.0,6,Laptop & Accessory,5,Single,10,0,19.0,8.0,8.0,0.0,164.55
52993,0,21.0,Computer,3,36.0,Debit Card,Female,5.0,2,Laptop & Accessory,4,Married,6,1,15.0,11.0,16.0,20.0,266.15
52994,0,17.0,Mobile Phone,1,7.0,Debit Card,Female,0.0,5,Mobile,1,Single,13,1,22.0,6.0,1.0,14.0,129.15
52995,0,1.0,Computer,2,37.0,Debit Card,Male,4.0,3,Grocery,5,Married,15,0,12.0,8.0,14.0,10.0,235.39
52996,0,29.0,Mobile Phone,1,16.0,UPI,Female,3.0,5,Mobile Phone,3,Married,6,0,14.0,1.0,15.0,0.0,225.47
52997,0,1.0,Mobile Phone,2,33.0,UPI,Female,4.0,5,Laptop & Accessory,5,Married,3,0,18.0,6.0,10.0,13.0,268.14
52998,0,50.0,Mobile Phone,2,25.0,Debit Card,Female,3.0,1,Others,2,Divorced,2,0,14.0,1.0,14.0,10.0,251.54
52999,0,15.0,Mobile Phone,3,38.0,UPI,Female,3.0,4,Grocery,1,Single,8,0,26.0,12.0,16.0,6.0,303.59
53000,0,11.0,Mobile Phone,1,37.0,Credit Card,Female,2.0,5,Fashion,4,Divorced,9,0,18.0,11.0,9.0,3.0,115.22
53001,1,0.0,Computer,2,36.0,Cash on Delivery,Female,3.0,3,Mobile Phone,5,Married,10,0,14.0,8.0,4.0,13.0,261.66
53002,0,7.0,Mobile Phone,3,24.0,COD,Female,2.0,2,Others,1,Married,10,0,18.0,2.0,9.0,7.0,279.41
53003,1,12.0,Mobile Phone,3,7.0,Credit Card,Female,3.0,4,Laptop & Accessory,4,Married,4,0,23.0,8.0,12.0,7.0,298.12
53004,0,14.0,Mobile Phone,2,8.0,Debit Card,Female,1.0,4,Mobile Phone,1,Married,3,1,13.0,6.0,7.0,21.0,192.54
53005,0,7.0,Phone,2,21.0,Debit Card,Female,3.0,5,Others,4,Married,11,1,14.0,10.0,16.0,17.0,173.11
53006,0,9.0,Computer,3,21.0,Cash on Delivery,Male,2.0,4,Fashion,4,Divorced,10,1,20.0,2.0,12.0,9.0,266.15
53007,0,4.0,Mobile Phone,2,23.0,Credit Card,Female,2.0,3,Mobile,4,Married,15,1,19.0,1.0,4.0,3.0,228.76
53008,0,18.0,Mobile Phone,2,8.0,Debit Card,Male,4.0,5,Fashion,3,Married,1,0,15.0,6.0,14.0,6.0,194.08
53009,0,10.0,Mobile Phone,1,33.0,Debit Card,Male,4.0,2,Laptop & Accessory,5,Married,2,0,13.0,10.0,7.0,15.0,286.27
53010,0,19.0,Phone,1,21.0,Cash on Delivery,Male,3.0,2,Laptop & Accessory,3,Single,14,0,25.0,10.0,8.0,6.0,220.27
53011,0,19.0,Mobile Phone,1,26.0,Credit Card,Male,5.0,4,Laptop & Accessory,3,Single,8,1,13.0,2.0,10.0,12.0,214.49
53012,0,17.0,Phone,2,6.0,Credit Card,Male,1.0,2,Others,5,Divorced,6,0,14.0,6.0,10.0,2.0,189.63
53013,0,17.0,Phone,2,16.0,Debit Card,Female,2.0,6,Grocery,2,Divorced,6,1,25.0,10.0,10.0,17.0,112.27
53014,1,9.0,Phone,1,15.0,Credit Card,Female,2.0,4,Grocery,4,Married,15,0,12.0,11.0,6.0,8.0,308.4
53015,0,60.0,Mobile Phone,3,33.0,Cash on Delivery,Male,2.0,5,Fashion,4,Married,1,0,19.0,12.0,6.0,18.0,185.69
53016,0,25.0,Mobile Phone,2,24.0,E wallet,Female,2.0,3,Laptop & Accessory,2,Single,8,0,17.0,0.0,8.0,3.0,209.14
53017,0,29.0,Phone,2,22.0,Credit Card,Female,3.0,4,Laptop & Accessory,3,Married,14,0,19.0,6.0,4.0,7.0,129.52
53018,0,8.0,Phone,3,29.0,Credit Card,Male,3.0,2,Laptop & Accessory,3,Single,6,1,18.0,3.0,8.0,16.0,253.43
53019,0,30.0,Mobile Phone,1,38.0,Credit Card,Male,2.0,3,Others,5,Married,4,0,13.0,2.0,4.0,14.0,248.63
53020,0,3.0,Computer,2,16.0,UPI,Male,3.0,4,Laptop & Accessory,3,Married,11,1,15.0,16.0,9.0,2.0,176.07
53021,0,5.0,Phone,2,32.0,Debit Card,Female,1.0,3,Grocery,3,Single,3,0,18.0,2.0,8.0,5.0,189.54
53022,1,13.0,Mobile Phone,2,38.0,E wallet,Male,2.0,6,Grocery,4,Married,11,0,25.0,9.0,7.0,21.0,287.29
53023,0,3.0,Mobile Phone,1,10.0,UPI,Female,1.0,6,Laptop & Accessory,3,Married,6,0,18.0,4.0,14.0,1.0,233.58
53024,0,25.0,Computer,1,23.0,Credit Card,Male,5.0,1,Others,3,Divorced,3,0,12.0,15.0,5.0,16.0,162.53
53025,0,16.0,Mobile Phone,2,22.0,COD,Male,2.0,5,Others,4,Divorced,4,0,23.0,16.0,5.0,13.0,240.93
53026,0,18.0,Computer,1,29.0,COD,Male,4.0,2,Fashion,3,Married,10,0,22.0,1.0,9.0,10.0,318.74
53027,0,5.0,Mobile Phone,1,17.0,Credit Card,Male,3.0,4,Mobile Phone,2,Single,8,0,11.0,16.0,7.0,13.0,349.16
53028,0,28.0,Mobile Phone,3,21.0,Debit Card,Female,3.0,3,Fashion,4,Married,11,0,26.0,7.0,13.0,7.0,122.64
53029,0,10.0,Phone,2,16.0,UPI,Male,1.0,6,Mobile Phone,1,Married,7,1,15.0,8.0,5.0,9.0,211.93
53030,0,15.0,Mobile Phone,3,7.0,CC,Male,3.0,5,Fashion,5,Single,13,1,11.0,6.0,8.0,0.0,211.73
53031,0,29.0,Mobile Phone,2,28.0,Debit Card,Male,5.0,4,Mobile,4,Single,7,0,23.0,0.0,15.0,1.0,335.96
53032,0,24.0,Mobile Phone,2,12.0,COD,Female,1.0,2,Laptop & Accessory,2,Married,6,0,17.0,7.0,11.0,3.0,330.07
53033,1,10.0,Computer,3,30.0,Debit Card,Female,1.0,5,Laptop & Accessory,2,Divorced,8,0,18.0,8.0,5.0,15.0,212.32
53034,0,6.0,Phone,3,12.0,Credit Card,Female,2.0,4,Mobile Phone,3,Married,9,0,21.0,15.0,1.0,10.0,167.05
53035,0,25.0,Mobile Phone,1,22.0,UPI,Female,2.0,4,Laptop & Accessory,5,Married,1,0,16.0,1.0,8.0,20.0,261.21
53036,0,17.0,Mobile Phone,3,36.0,Debit Card,Male,4.0,5,Mobile,5,Married,3,0,13.0,7.0,12.0,14.0,130.14
53037,0,17.0,Phone,1,5.0,CC,Male,3.0,3,Fashion,2,Single,15,1,24.0,8.0,3.0,21.0,150.87
53038,0,18.0,Mobile Phone,1,7.0,Credit Card,Male,1.0,1,Mobile Phone,4,Married,8,0,22.0,0.0,13.0,0.0,305.5
53039,0,30.0,Mobile Phone,2,5.0,Debit Card,Male,5.0,3,Others,5,Married,1,0,20.0,13.0,7.0,21.0,309.4
53040,0,25.0,Mobile Phone,3,19.0,UPI,Male,2.0,3,Laptop & Accessory,4,Married,9,0,11.0,5.0,15.0,19.0,326.18
53041,0,22.0,Phone,3,24.0,Credit Card,Female,3.0,3,Laptop & Accessory,4,Married,12,0,12.0,11.0,1.0,9.0,286.4
53042,0,12.0,Mobile Phone,1,7.0,Debit Card,Female,3.0,5,Mobile,2,Married,15,0,12.0,0.0,8.0,10.0,141.72
53043,0,24.0,Phone,2,19.0,E wallet,Male,1.0,3,Fashion,5,Single,1,1,20.0,8.0,2.0,20.0,172.9
53044,0,1.0,Phone,3,25.0,Debit Card,Male,0.0,3,Others,5,Single,12,0,12.0,5.0,14.0,15.0,215.73
53045,0,1.0,Computer,1,27.0,Debit Card,Female,1.0,2,Mobile,3,Divorced,14,0,20.0,15.0,6.0,14.0,179.93
53046,0,15.0,Phone,2,39.0,Debit Card,Female,5.0,5,Mobile Phone,3,Divorced,9,0,15.0,14.0,11.0,4.0,233.53
53047,0,8.0,Mobile Phone,2,22.0,Debit Card,Male,4.0,3,Fashion,1,Married,7,1,12.0,11.0,6.0,16.0,123.71
53048,0,27.0,Phone,1,21.0,UPI,Male,1.0,3,Grocery,4,Married,14,0,19.0,5.0,6.0,18.0,338.03
53049,0,12.0,Computer,2,35.0,COD,Female,3.0,4,Laptop & Accessory,1,Single,6,0,25.0,14.0,7.0,12.0,344.86
53050,0,61.0,Phone,1,30.0,Debit Card,Female,3.0,6,Mobile Phone,5,Divorced,15,1,26.0,0.0,2.0,1.0,118.33
53051,0,17.0,Mobile Phone,1,26.0,Debit Card,Male,0.0,3,Laptop & Accessory,5,Married,12,0,16.0,15.0,9.0,7.0,110.09
53052,0,30.0,Mobile Phone,1,39.0,Debit Card,Male,2.0,3,Fashion,3,Married,9,0,17.0,10.0,14.0,0.0,221.8
53053,0,20.0,Computer,2,15.0,Credit Card,Male,3.0,1,Laptop & Accessory,4,Divorced,15,0,13.0,8.0,2.0,1.0,135.86
53054,1,50.0,Mobile Phone,2,31.0,Credit Card,Female,1.0,5,Mobile Phone,3,Married,14,0,20.0,15.0,10.0,8.0,134.67
53055,0,60.0,Mobile Phone,1,38.0,Cash on Delivery,Male,4.0,3,Others,5,Married,13,0,17.0,15.0,13.0,11.0,191.91
53056,0,7.0,Phone,2,22.0,Debit Card,Female,3.0,5,Others,1,Single,10,0,14.0,0.0,1.0,8.0,339.58
53057,0,1.0,Computer,1,31.0,Credit Card,Male,0.0,3,Grocery,4,Married,4,0,18.0,1.0,9.0,0.0,334.2
53058,0,50.0,Mobile Phone,3,8.0,Credit Card,Female,4.0,1,Laptop & Accessory,3,Single,5,1,19.0,6.0,9.0,7.0,331.97
53059,1,27.0,Phone,2,21.0,UPI,Female,0.0,4,Mobile Phone,3,Married,15,0,15.0,16.0,7.0,6.0,142.07
53060,0,0.0,Computer,1,10.0,UPI,Male,4.0,6,Fashion,2,Married,10,0,13.0,6.0,6.0,19.0,121.26
53061,0,9.0,Phone,1,15.0,Cash on Delivery,Male,2.0,3,Laptop & Accessory,4,Married,15,0,24.0,2.0,14.0,9.0,127.54
53062,0,3.0,Phone,1,9.0,UPI,Male,3.0,2,Laptop & Accessory,2,Divorced,2,0,21.0,12.0,12.0,0.0,247.52
53063,0,61.0,Phone,3,22.0,Debit Card,Female,3.0,2,Laptop & Accessory,4,Married,13,0,16.0,11.0,1.0,10.0,184.79
53064,0,9.0,Computer,2,29.0,UPI,Male,2.0,4,Mobile Phone,3,Divorced,11,1,19.0,12.0,13.0,2.0,318.82
53065,0,10.0,Phone,2,14.0,UPI,Female,2.0,3,Others,2,Divorced,11,0,16.0,5.0,10.0,17.0,264.72
53066,0,13.0,Computer,1,20.0,Debit Card,Female,3.0,3,Mobile Phone,4,Single,14,0,17.0,16.0,10.0,20.0,349.53
53067,1,11.0,Mobile Phone,2,14.0,Credit Card,Male,3.0,3,Others,3,Married,12,0,16.0,14.0,10.0,4.0,327.09
53068,0,17.0,Mobile Phone,3,14.0,E wallet,Female,2.0,3,Laptop & Accessory,1,Married,3,1,14.0,3.0,1.0,20.0,242.66
53069,0,15.0,Mobile Phone,1,25.0,Credit Card,Female,5.0,4,Laptop & Accessory,5,Single,12,1,17.0,2.0,1.0,16.0,307.84
53070,0,61.0,Phone,2,18.0,UPI,Female,3.0,2,Grocery,3,Married,7,0,12.0,12.0,8.0,0.0,140.08
53071,0,1.0,Computer,3,12.0,Cash on Delivery,Male,2.0,4,Mobile Phone,5,Married,5,0,23.0,0.0,16.0,17.0,315.05
53072,0,10.0,Mobile Phone,2,5.0,Credit Card,Female,3.0,3,Mobile Phone,4,Single,8,0,15.0,11.0,7.0,2.0,278.97
53073,0,2.0,Mobile Phone,1,20.0,UPI,Male,2.0,6,Mobile Phone,5,Married,3,1,16.0,3.0,11.0,1.0,196.82
53074,0,17.0,Mobile Phone,1,30.0,Credit Card,Female,4.0,3,Mobile Phone,3,Single,3,0,16.0,11.0,8.0,11.0,301.76
53075,0,17.0,Mobile Phone,1,10.0,Credit Card,Male,2.0,2,Others,2,Single,1,0,15.0,4.0,14.0,8.0,264.29
53076,0,19.0,Mobile Phone,3,6.0,Debit Card,Female,1.0,6,Mobile Phone,1,Single,14,0,20.0,1.0,11.0,8.0,121.73
53077,1,13.0,Mobile Phone,2,13.0,UPI,Female,3.0,6,Mobile,4,Single,1,0,15.0,0.0,3.0,21.0,344.73
53078,0,60.0,Computer,3,9.0,Debit Card,Male,5.0,2,Grocery,4,Single,2,0,18.0,4.0,12.0,10.0,167.79
53079,1,30.0,Mobile Phone,1,9.0,COD,Male,2.0,5,Grocery,2,Single,7,1,15.0,9.0,11.0,5.0,236.81
53080,0,17.0,Phone,1,12.0,Debit Card,Male,2.0,5,Fashion,5,Single,9,0,25.0,16.0,15.0,8.0,317.31
53081,0,29.0,Phone,1,9.0,Debit Card,Male,3.0,3,Grocery,5,Married,6,1,26.0,13.0,13.0,4.0,172.18
53082,1,24.0,Phone,1,9.0,UPI,Female,2.0,2,Others,3,Single,5,1,21.0,4.0,9.0,19.0,157.73
53083,0,18.0,Mobile Phone,1,21.0,E wallet,Female,2.0,5,Laptop & Accessory,2,Married,4,1,16.0,3.0,8.0,20.0,238.83
53084,1,7.0,Computer,1,13.0,UPI,Male,3.0,1,Mobile Phone,3,Single,4,0,20.0,12.0,6.0,12.0,187.96
53085,1,27.0,Phone,3,38.0,Cash on Delivery,Male,1.0,4,Grocery,5,Married,7,0,11.0,15.0,12.0,13.0,272.97
53086,0,7.0,Mobile Phone,1,37.0,Credit Card,Female,3.0,3,Laptop & Accessory,4,Single,14,0,11.0,12.0,5.0,15.0,180.45
53087,0,30.0,Mobile Phone,2,26.0,Credit Card,Male,2.0,4,Fashion,5,Married,1,0,11.0,6.0,2.0,17.0,347.32
53088,0,2.0,Mobile Phone,3,25.0,Cash on Delivery,Female,3.0,5,Grocery,1,Married,6,1,14.0,7.0,7.0,7.0,170.7
53089,0,2.0,Phone,3,19.0,Debit Card,Male,2.0,5,Laptop & Accessory,5,Divorced,15,0,26.0,4.0,11.0,1.0,259.35
53090,0,21.0,Phone,1,5.0,E wallet,Female,3.0,6,Mobile Phone,4,Single,1,1,13.0,15.0,11.0,16.0,167.86
53091,1,16.0,Mobile Phone,3,11.0,Cash on Delivery,Male,1.0,4,Others,2,Married,4,0,15.0,13.0,8.0,10.0,215.36
53092,0,16.0,Mobile Phone,1,27.0,CC,Male,2.0,3,Mobile Phone,4,Married,10,0,17.0,2.0,15.0,5.0,172.82
53093,1,13.0,Computer,1,10.0,Cash on Delivery,Male,2.0,3,Fashion,5,Married,6,0,16.0,5.0,1.0,20.0,203.97
53094,0,8.0,Computer,3,24.0,E wallet,Female,3.0,3,Mobile Phone,2,Single,14,0,13.0,12.0,5.0,10.0,257.99
53095,0,29.0,Phone,2,30.0,Debit Card,Male,2.0,5,Others,4,Married,11,0,24.0,16.0,5.0,0.0,276.45
53096,0,20.0,Phone,3,16.0,UPI,Female,3.0,3,Mobile Phone,4,Single,2,1,12.0,10.0,6.0,10.0,158.92
53097,0,11.0,Computer,3,17.0,UPI,Male,3.0,4,Mobile Phone,3,Single,5,1,12.0,9.0,6.0,11.0,324.78
53098,1,50.0,Phone,1,17.0,Debit Card,Male,2.0,1,Laptop & Accessory,4,Married,13,0,13.0,8.0,16.0,5.0,180.56
53099,0,10.0,Mobile Phone,2,6.0,Credit Card,Male,3.0,3,Mobile Phone,5,Married,11,0,20.0,10.0,16.0,14.0,115.46
53100,0,19.0,Mobile Phone,1,36.0,Debit Card,Male,3.0,2,Fashion,5,Married,11,1,13.0,1.0,8.0,5.0,336.72
53101,0,61.0,Phone,2,22.0,Debit Card,Male,5.0,6,Laptop & Accessory,4,Married,10,0,13.0,5.0,6.0,17.0,168.08
53102,0,10.0,Mobile Phone,1,15.0,Cash on Delivery,Male,1.0,5,Fashion,4,Married,4,0,24.0,10.0,6.0,6.0,349.19
53103,0,7.0,Mobile Phone,1,8.0,E wallet,Female,1.0,2,Laptop & Accessory,3,Married,3,1,18.0,8.0,11.0,7.0,236.82
53104,0,3.0,Computer,3,22.0,Cash on Delivery,Female,2.0,3,Mobile Phone,3,Single,10,1,26.0,16.0,11.0,4.0,312.2
53105,0,26.0,Phone,3,20.0,Cash on Delivery,Female,2.0,2,Mobile Phone,5,Married,6,0,24.0,13.0,5.0,10.0,127.09
53106,0,17.0,Computer,2,35.0,Credit Card,Male,2.0,5,Laptop & Accessory,1,Divorced,7,0,13.0,2.0,8.0,5.0,237.9
53107,0,26.0,Phone,2,29.0,E wallet,Male,4.0,2,Fashion,2,Single,2,0,16.0,16.0,7.0,18.0,104.68
53108,1,20.0,Computer,2,12.0,UPI,Male,3.0,5,Laptop & Accessory,3,Married,12,0,19.0,3.0,8.0,10.0,194.94
53109,0,19.0,Mobile Phone,2,12.0,COD,Male,2.0,2,Laptop & Accessory,1,Married,6,0,26.0,9.0,13.0,10.0,110.28
53110,0,3.0,Phone,3,38.0,Debit Card,Male,5.0,4,Mobile Phone,4,Married,14,0,24.0,12.0,2.0,11.0,215.56
53111,0,10.0,Mobile Phone,1,19.0,Cash on Delivery,Male,1.0,4,Grocery,5,Divorced,10,1,18.0,0.0,11.0,16.0,278.27
53112,0,12.0,Mobile Phone,1,9.0,Credit Card,Male,1.0,3,Mobile,1,Single,13,0,16.0,8.0,11.0,10.0,319.39
53113,0,8.0,Mobile Phone,3,23.0,Credit Card,Male,2.0,2,Grocery,3,Married,15,0,23.0,2.0,7.0,11.0,266.27
53114,0,3.0,Phone,3,14.0,Credit Card,Male,1.0,3,Mobile Phone,5,Single,12,1,26.0,14.0,16.0,6.0,281.29
53115,0,11.0,Mobile Phone,2,13.0,Cash on Delivery,Male,4.0,4,Laptop & Accessory,3,Married,1,1,25.0,9.0,7.0,7.0,154.45
53116,1,8.0,Phone,1,33.0,E wallet,Male,2.0,6,Mobile Phone,5,Single,10,1,20.0,11.0,5.0,7.0,173.22
53117,0,12.0,Mobile Phone,3,23.0,Debit Card,Female,3.0,3,Laptop & Accessory,5,Divorced,11,1,15.0,0.0,6.0,3.0,334.45
53118,0,25.0,Mobile Phone,2,17.0,Debit Card,Male,4.0,2,Laptop & Accessory,5,Single,11,0,15.0,13.0,14.0,20.0,140.77
53119,0,12.0,Phone,2,20.0,Debit Card,Male,2.0,1,Laptop & Accessory,3,Single,4,0,18.0,1.0,9.0,17.0,347.68
53120,0,27.0,Computer,2,34.0,Debit Card,Male,3.0,1,Laptop & Accessory,3,Single,11,0,17.0,7.0,13.0,16.0,310.13
53121,0,18.0,Mobile Phone,1,9.0,Debit Card,Male,3.0,3,Laptop & Accessory,4,Married,6,1,25.0,2.0,3.0,15.0,300.59
53122,0,23.0,Phone,1,37.0,Credit Card,Female,4.0,3,Laptop & Accessory,4,Single,3,0,21.0,9.0,10.0,14.0,302.09
53123,0,17.0,Computer,2,23.0,UPI,Male,0.0,2,Laptop & Accessory,4,Married,15,0,15.0,8.0,11.0,7.0,193.16
53124,0,12.0,Phone,1,23.0,Cash on Delivery,Male,2.0,2,Mobile Phone,4,Divorced,9,0,21.0,4.0,12.0,12.0,298.17
53125,1,12.0,Phone,1,21.0,UPI,Female,4.0,3,Others,4,Single,3,0,24.0,0.0,15.0,7.0,188.59
53126,0,27.0,Mobile Phone,1,28.0,Credit Card,Male,3.0,4,Mobile,3,Married,12,0,20.0,4.0,7.0,4.0,191.59
53127,0,1.0,Phone,1,22.0,Debit Card,Female,1.0,4,Fashion,4,Married,4,0,16.0,11.0,8.0,6.0,298.48
53128,0,9.0,Mobile Phone,1,26.0,Cash on Delivery,Female,3.0,2,Others,3,Single,5,0,26.0,6.0,14.0,4.0,197.59
53129,0,21.0,Phone,1,20.0,Cash on Delivery,Male,2.0,2,Fashion,3,Single,10,0,22.0,10.0,8.0,13.0,301.99
53130,1,12.0,Computer,3,39.0,UPI,Male,3.0,6,Mobile Phone,4,Divorced,15,0,23.0,0.0,11.0,0.0,102.84
53131,1,8.0,Phone,1,31.0,UPI,Female,4.0,2,Laptop & Accessory,4,Married,8,0,25.0,15.0,3.0,2.0,142.9
53132,1,51.0,Mobile Phone,1,22.0,Debit Card,Female,3.0,2,Laptop & Accessory,4,Single,10,0,23.0,2.0,11.0,16.0,333.35
53133,0,13.0,Computer,1,32.0,Cash on Delivery,Female,3.0,3,Laptop & Accessory,4,Married,2,1,15.0,4.0,15.0,11.0,257.36
53134,0,19.0,Phone,3,5.0,Credit Card,Male,2.0,3,Laptop & Accessory,3,Single,4,0,21.0,7.0,5.0,19.0,217.01
53135,0,14.0,Computer,1,22.0,Credit Card,Male,4.0,3,Laptop & Accessory,4,Single,11,0,24.0,15.0,9.0,12.0,245.02
53136,0,50.0,Phone,1,27.0,Debit Card,Female,3.0,5,Laptop & Accessory,1,Married,14,0,19.0,10.0,15.0,0.0,200.52
53137,0,51.0,Mobile Phone,1,26.0,Debit Card,Male,2.0,2,Mobile Phone,3,Married,2,0,21.0,8.0,11.0,10.0,133.19
53138,0,16.0,Phone,2,8.0,Debit Card,Male,2.0,3,Mobile Phone,4,Married,3,0,16.0,10.0,3.0,16.0,322.79
53139,1,23.0,Phone,2,15.0,Debit Card,Female,4.0,4,Mobile Phone,3,Married,3,0,13.0,8.0,11.0,8.0,288.53
53140,0,29.0,Mobile Phone,1,22.0,Debit Card,Male,3.0,1,Fashion,1,Single,7,1,13.0,10.0,3.0,4.0,274.48
53141,0,12.0,Phone,1,11.0,Debit Card,Female,2.0,1,Mobile Phone,4,Single,5,0,20.0,6.0,8.0,5.0,310.96
53142,0,15.0,Phone,1,25.0,Credit Card,Female,2.0,4,Laptop & Accessory,3,Single,2,0,20.0,5.0,3.0,10.0,286.42
53143,0,1.0,Phone,2,39.0,UPI,Male,1.0,5,Fashion,2,Divorced,12,1,14.0,7.0,10.0,0.0,228.96
53144,1,16.0,Mobile Phone,2,34.0,UPI,Female,2.0,3,Mobile,5,Married,6,0,15.0,12.0,14.0,9.0,134.28
53145,0,50.0,Phone,1,21.0,Credit Card,Female,4.0,3,Grocery,5,Single,4,0,22.0,2.0,13.0,20.0,126.84
53146,0,7.0,Mobile Phone,2,37.0,Credit Card,Male,3.0,1,Mobile Phone,2,Single,13,0,19.0,2.0,5.0,2.0,107.86
53147,1,17.0,Mobile Phone,1,20.0,Credit Card,Male,3.0,5,Mobile Phone,4,Divorced,2,1,20.0,14.0,3.0,13.0,222.93
53148,0,11.0,Mobile Phone,2,19.0,Debit Card,Male,1.0,2,Laptop & Accessory,4,Single,3,0,19.0,7.0,14.0,21.0,139.88
53149,0,19.0,Mobile Phone,2,17.0,Cash on Delivery,Female,1.0,4,Fashion,3,Married,15,0,12.0,14.0,16.0,11.0,168.24
53150,1,15.0,Mobile Phone,3,7.0,E wallet,Male,0.0,3,Laptop & Accessory,4,Single,2,0,12.0,0.0,15.0,20.0,319.47
53151,1,13.0,Mobile Phone,1,28.0,UPI,Male,0.0,1,Fashion,3,Married,4,1,24.0,2.0,10.0,18.0,251.91
53152,0,15.0,Mobile Phone,2,27.0,Debit Card,Male,3.0,3,Grocery,5,Married,12,1,11.0,11.0,12.0,15.0,346.36
53153,0,51.0,Computer,1,5.0,E wallet,Male,2.0,4,Others,4,Married,14,0,25.0,8.0,12.0,12.0,337.49
53154,0,29.0,Phone,1,36.0,E wallet,Male,2.0,5,Mobile Phone,4,Single,12,0,18.0,6.0,10.0,12.0,210.53
53155,0,11.0,Phone,1,37.0,Debit Card,Male,5.0,4,Grocery,3,Married,14,0,11.0,0.0,15.0,14.0,264.36
53156,0,17.0,Computer,1,34.0,Debit Card,Male,2.0,5,Fashion,1,Married,3,0,23.0,10.0,6.0,18.0,337.05
53157,0,17.0,Computer,1,6.0,Cash on Delivery,Male,4.0,3,Mobile Phone,2,Married,8,1,16.0,9.0,12.0,13.0,296.12
53158,0,27.0,Computer,3,22.0,UPI,Female,2.0,6,Laptop & Accessory,1,Married,14,0,12.0,1.0,16.0,18.0,263.97
53159,0,22.0,Mobile Phone,2,34.0,E wallet,Female,2.0,3,Laptop & Accessory,1,Divorced,4,1,19.0,12.0,5.0,8.0,248.12
53160,0,13.0,Phone,1,22.0,Debit Card,Male,3.0,2,Grocery,1,Married,10,0,14.0,16.0,8.0,19.0,235.61
53161,0,29.0,Computer,1,9.0,E wallet,Female,0.0,3,Mobile Phone,1,Married,3,0,20.0,1.0,4.0,5.0,134.68
53162,0,51.0,Computer,1,9.0,Debit Card,Male,3.0,6,Fashion,4,Married,15,0,21.0,0.0,14.0,12.0,126.54
53163,0,14.0,Phone,1,12.0,Debit Card,Male,1.0,2,Grocery,3,Married,15,0,15.0,2.0,8.0,10.0,160.15
53164,1,6.0,Mobile Phone,1,13.0,COD,Male,2.0,5,Fashion,4,Married,14,1,12.0,9.0,14.0,6.0,243.38
53165,0,14.0,Computer,2,36.0,Debit Card,Male,3.0,2,Others,2,Married,10,0,15.0,0.0,8.0,16.0,332.63
53166,0,10.0,Phone,3,18.0,Debit Card,Male,3.0,5,Laptop & Accessory,5,Married,9,0,17.0,13.0,15.0,11.0,198.48
53167,0,28.0,Mobile Phone,2,17.0,E wallet,Male,2.0,3,Others,1,Married,9,1,15.0,5.0,1.0,6.0,314.64
53168,0,30.0,Mobile Phone,2,22.0,Debit Card,Male,2.0,5,Grocery,3,Single,3,0,11.0,13.0,16.0,20.0,105.47
53169,0,24.0,Mobile Phone,3,8.0,Debit Card,Male,4.0,1,Others,3,Single,12,0,19.0,11.0,2.0,9.0,285.07
53170,0,23.0,Mobile Phone,1,26.0,UPI,Male,1.0,3,Grocery,2,Single,4,0,12.0,10.0,9.0,21.0,122.38
53171,0,18.0,Mobile Phone,1,24.0,Credit Card,Female,3.0,4,Laptop & Accessory,2,Married,7,1,23.0,14.0,6.0,2.0,325.14
53172,0,1.0,Computer,2,19.0,Credit Card,Male,5.0,1,Laptop & Accessory,4,Married,3,0,14.0,5.0,7.0,6.0,220.95
53173,0,21.0,Mobile Phone,2,11.0,E wallet,Female,2.0,2,Laptop & Accessory,1,Single,10,0,26.0,1.0,8.0,14.0,226.89
53174,1,19.0,Phone,2,17.0,UPI,Male,1.0,2,Mobile Phone,4,Married,9,0,24.0,13.0,10.0,3.0,329.69
53175,0,51.0,Computer,1,38.0,UPI,Male,5.0,4,Mobile Phone,1,Married,7,0,16.0,4.0,2.0,16.0,209.73
53176,0,7.0,Phone,3,34.0,UPI,Female,2.0,2,Fashion,5,Single,14,0,19.0,14.0,15.0,12.0,325.65
53177,0,24.0,Mobile Phone,1,9.0,Cash on Delivery,Female,2.0,6,Mobile Phone,5,Divorced,6,0,19.0,4.0,6.0,21.0,270.29
53178,0,8.0,Phone,2,5.0,Credit Card,Male,3.0,5,Laptop & Accessory,3,Married,14,0,26.0,9.0,13.0,19.0,170.69
53179,0,60.0,Mobile Phone,3,35.0,E wallet,Male,2.0,3,Laptop & Accessory,2,Single,12,0,19.0,13.0,8.0,0.0,115.18
53180,0,22.0,Mobile Phone,1,24.0,CC,Male,5.0,3,Laptop & Accessory,5,Married,14,0,18.0,1.0,5.0,20.0,326.18
53181,0,4.0,Phone,3,23.0,UPI,Female,0.0,6,Laptop & Accessory,4,Married,12,0,19.0,16.0,8.0,11.0,181.19
53182,0,24.0,Computer,2,33.0,UPI,Male,3.0,3,Fashion,4,Divorced,6,0,23.0,5.0,11.0,12.0,106.13
53183,1,7.0,Phone,3,14.0,Credit Card,Female,3.0,3,Laptop & Accessory,3,Single,8,1,14.0,0.0,12.0,0.0,326.68
53184,0,15.0,Mobile Phone,1,33.0,Debit Card,Female,3.0,5,Laptop & Accessory,4,Single,9,0,19.0,3.0,8.0,0.0,233.15
53185,1,14.0,Mobile Phone,3,35.0,Debit Card,Male,3.0,3,Grocery,3,Single,14,0,14.0,14.0,6.0,10.0,274.34
53186,0,0.0,Mobile Phone,1,15.0,E wallet,Female,5.0,6,Others,3,Single,3,0,15.0,3.0,11.0,20.0,338.28
53187,1,21.0,Phone,2,27.0,UPI,Female,3.0,4,Laptop & Accessory,5,Single,3,1,16.0,4.0,13.0,19.0,149.33
53188,0,2.0,Mobile Phone,1,34.0,Credit Card,Male,2.0,4,Mobile,5,Single,8,0,21.0,14.0,6.0,9.0,257.84
53189,1,13.0,Computer,1,29.0,Credit Card,Male,3.0,4,Mobile,5,Married,3,0,17.0,13.0,14.0,21.0,143.33
53190,0,17.0,Mobile Phone,1,22.0,Cash on Delivery,Female,0.0,2,Mobile Phone,5,Married,4,1,21.0,12.0,10.0,15.0,164.77
53191,0,17.0,Mobile Phone,1,27.0,Debit Card,Male,2.0,5,Laptop & Accessory,5,Married,7,0,13.0,0.0,13.0,2.0,235.24
53192,0,2.0,Phone,1,37.0,Credit Card,Female,1.0,4,Laptop & Accessory,3,Married,7,1,12.0,10.0,4.0,19.0,155.72
53193,1,9.0,Mobile Phone,1,32.0,UPI,Male,3.0,2,Grocery,1,Single,2,0,22.0,11.0,1.0,12.0,217.71
53194,0,0.0,Phone,1,31.0,E wallet,Male,2.0,5,Fashion,4,Married,13,1,25.0,2.0,9.0,18.0,104.0
53195,1,26.0,Computer,1,10.0,UPI,Female,3.0,5,Fashion,3,Married,11,0,15.0,15.0,3.0,17.0,262.5
53196,1,26.0,Mobile Phone,1,10.0,CC,Male,2.0,3,Others,4,Married,13,0,20.0,3.0,8.0,19.0,291.45
53197,0,10.0,Mobile Phone,1,29.0,UPI,Male,5.0,3,Mobile Phone,2,Married,2,0,13.0,15.0,14.0,17.0,158.25
53198,0,4.0,Computer,3,17.0,CC,Female,2.0,4,Mobile Phone,4,Single,4,0,25.0,5.0,7.0,10.0,107.05
53199,0,6.0,Phone,2,37.0,E wallet,Female,4.0,1,Grocery,2,Married,5,0,21.0,7.0,2.0,13.0,116.86
53200,0,18.0,Computer,1,37.0,Credit Card,Male,3.0,5,Laptop & Accessory,5,Married,14,1,19.0,5.0,7.0,0.0,257.91
53201,0,17.0,Mobile Phone,2,29.0,UPI,Female,5.0,6,Mobile Phone,5,Married,6,0,13.0,3.0,8.0,15.0,349.94
53202,0,14.0,Mobile Phone,2,18.0,UPI,Male,3.0,3,Mobile Phone,5,Divorced,15,0,17.0,1.0,5.0,20.0,271.47
53203,0,61.0,Mobile Phone,1,13.0,Cash on Delivery,Female,3.0,4,Others,3,Married,7,0,16.0,7.0,11.0,21.0,102.32
53204,0,11.0,Mobile Phone,1,22.0,Credit Card,Male,2.0,5,Grocery,3,Married,15,1,23.0,2.0,3.0,14.0,334.45
53205,1,29.0,Phone,2,19.0,UPI,Male,3.0,3,Laptop & Accessory,5,Single,3,0,21.0,15.0,16.0,20.0,314.45
53206,0,19.0,Mobile Phone,3,8.0,Credit Card,Female,2.0,4,Laptop & Accessory,4,Married,13,0,22.0,5.0,16.0,10.0,230.68
53207,1,2.0,Phone,2,38.0,Credit Card,Female,0.0,2,Mobile Phone,4,Divorced,1,1,13.0,16.0,3.0,9.0,302.61
53208,0,8.0,Mobile Phone,2,22.0,Debit Card,Female,3.0,5,Fashion,5,Married,2,0,19.0,2.0,4.0,10.0,173.53
53209,0,25.0,Computer,1,11.0,Debit Card,Male,2.0,5,Fashion,4,Divorced,1,0,20.0,13.0,15.0,19.0,130.52
53210,0,1.0,Mobile Phone,2,36.0,Debit Card,Female,2.0,2,Laptop & Accessory,2,Married,14,0,21.0,0.0,8.0,10.0,139.19
53211,0,17.0,Mobile Phone,1,27.0,Debit Card,Male,2.0,5,Laptop & Accessory,4,Married,2,0,20.0,6.0,8.0,0.0,159.03
53212,0,22.0,Phone,1,24.0,UPI,Male,1.0,3,Others,4,Married,6,1,16.0,9.0,7.0,17.0,167.94
53213,1,20.0,Mobile Phone,2,6.0,Cash on Delivery,Female,1.0,6,Mobile Phone,2,Divorced,10,1,11.0,8.0,6.0,6.0,205.4
53214,0,15.0,Phone,3,25.0,UPI,Male,2.0,6,Mobile Phone,2,Single,7,0,24.0,13.0,15.0,5.0,272.46
53215,0,8.0,Mobile Phone,1,16.0,Debit Card,Male,1.0,5,Fashion,3,Divorced,12,0,15.0,7.0,3.0,13.0,132.95
53216,0,12.0,Computer,1,31.0,UPI,Female,3.0,5,Mobile Phone,5,Married,8,0,14.0,5.0,10.0,12.0,149.74
53217,0,27.0,Phone,2,14.0,COD,Female,0.0,3,Laptop & Accessory,2,Divorced,8,1,13.0,4.0,12.0,1.0,128.47
53218,0,26.0,Phone,2,12.0,UPI,Female,5.0,3,Mobile Phone,3,Married,10,1,13.0,8.0,9.0,9.0,220.93
53219,0,16.0,Computer,1,25.0,CC,Male,5.0,3,Laptop & Accessory,3,Married,7,0,18.0,10.0,9.0,11.0,278.42
53220,0,0.0,Computer,1,26.0,Debit Card,Male,2.0,3,Laptop & Accessory,5,Married,2,0,13.0,0.0,1.0,20.0,210.67
53221,0,17.0,Phone,1,17.0,Debit Card,Male,2.0,4,Mobile Phone,3,Divorced,11,1,21.0,0.0,6.0,5.0,286.04
53222,0,8.0,Phone,2,16.0,Credit Card,Male,1.0,5,Mobile Phone,2,Single,15,0,12.0,4.0,15.0,7.0,241.97
53223,0,12.0,Phone,3,21.0,UPI,Male,5.0,4,Grocery,3,Married,9,1,15.0,6.0,7.0,20.0,179.09
53224,1,14.0,Mobile Phone,1,13.0,Cash on Delivery,Male,3.0,4,Mobile Phone,2,Married,5,0,20.0,11.0,10.0,10.0,236.24
53225,1,3.0,Computer,3,16.0,E wallet,Male,3.0,2,Mobile Phone,3,Married,4,0,13.0,4.0,14.0,0.0,307.82
53226,0,51.0,Phone,1,13.0,Debit Card,Male,4.0,6,Mobile,4,Married,2,0,20.0,13.0,2.0,21.0,143.24
53227,0,23.0,Mobile Phone,1,34.0,Credit Card,Female,5.0,4,Grocery,4,Married,11,0,26.0,8.0,12.0,5.0,240.83
53228,0,9.0,Mobile Phone,2,10.0,Credit Card,Male,3.0,5,Laptop & Accessory,1,Married,8,0,13.0,9.0,9.0,9.0,268.65
53229,1,19.0,Mobile Phone,2,29.0,E wallet,Female,4.0,6,Laptop & Accessory,3,Divorced,10,0,18.0,16.0,8.0,6.0,326.0
53230,0,10.0,Mobile Phone,1,32.0,UPI,Male,4.0,5,Fashion,5,Single,4,0,19.0,4.0,4.0,16.0,250.97
53231,0,17.0,Mobile Phone,2,14.0,Debit Card,Male,4.0,4,Fashion,4,Married,1,1,12.0,4.0,9.0,6.0,110.64
53232,0,17.0,Mobile Phone,2,32.0,Credit Card,Male,2.0,5,Mobile Phone,3,Divorced,6,0,23.0,0.0,9.0,19.0,242.18
53233,0,29.0,Mobile Phone,1,33.0,CC,Male,5.0,4,Laptop & Accessory,3,Single,13,1,24.0,5.0,14.0,1.0,150.81
53234,0,19.0,Phone,1,15.0,Debit Card,Male,3.0,5,Mobile Phone,4,Married,11,0,11.0,6.0,1.0,9.0,216.05
53235,0,24.0,Mobile Phone,1,25.0,Debit Card,Female,2.0,4,Grocery,1,Married,4,0,18.0,10.0,14.0,14.0,241.71
53236,0,11.0,Mobile Phone,2,30.0,UPI,Male,2.0,3,Fashion,4,Divorced,12,0,22.0,0.0,1.0,8.0,264.66
53237,0,20.0,Phone,1,22.0,Cash on Delivery,Female,3.0,3,Laptop & Accessory,5,Married,7,0,20.0,8.0,15.0,7.0,118.31
53238,0,24.0,Computer,2,8.0,UPI,Female,3.0,4,Mobile Phone,4,Married,15,1,20.0,12.0,4.0,9.0,311.76
53239,0,10.0,Phone,2,19.0,Debit Card,Male,4.0,5,Mobile Phone,5,Single,7,0,25.0,15.0,14.0,11.0,335.96
53240,0,8.0,Mobile Phone,2,27.0,Credit Card,Male,1.0,4,Mobile Phone,4,Single,10,0,16.0,12.0,7.0,2.0,274.63
53241,0,24.0,Phone,2,10.0,Debit Card,Female,5.0,4,Mobile Phone,1,Married,11,0,22.0,8.0,10.0,0.0,250.85
53242,0,17.0,Mobile Phone,1,11.0,Debit Card,Female,2.0,3,Mobile Phone,3,Divorced,5,1,23.0,5.0,9.0,20.0,254.69
53243,0,50.0,Mobile Phone,3,19.0,UPI,Female,1.0,1,Grocery,3,Married,14,0,19.0,2.0,8.0,7.0,274.5
53244,0,13.0,Mobile Phone,2,13.0,UPI,Female,4.0,4,Mobile Phone,2,Married,12,0,22.0,4.0,5.0,17.0,320.14
53245,0,17.0,Phone,2,34.0,UPI,Male,2.0,4,Fashion,4,Married,13,0,23.0,2.0,16.0,11.0,137.62
53246,1,16.0,Phone,2,32.0,Debit Card,Male,4.0,6,Fashion,3,Single,9,1,25.0,4.0,16.0,8.0,108.59
53247,0,24.0,Phone,2,34.0,UPI,Female,2.0,4,Others,2,Divorced,7,1,11.0,10.0,2.0,5.0,117.8
53248,0,7.0,Mobile Phone,1,12.0,Cash on Delivery,Male,5.0,4,Fashion,4,Single,10,0,25.0,9.0,7.0,7.0,169.54
53249,0,4.0,Phone,1,39.0,UPI,Male,2.0,3,Laptop & Accessory,5,Married,5,0,15.0,13.0,2.0,9.0,200.7
53250,1,4.0,Mobile Phone,1,39.0,Credit Card,Female,1.0,2,Fashion,4,Divorced,12,0,25.0,3.0,16.0,4.0,216.41
53251,0,61.0,Mobile Phone,3,30.0,Debit Card,Male,5.0,5,Fashion,2,Married,8,0,15.0,9.0,4.0,7.0,156.2
53252,0,18.0,Mobile Phone,2,34.0,Debit Card,Male,1.0,5,Laptop & Accessory,4,Married,15,1,19.0,16.0,5.0,9.0,118.83
53253,1,17.0,Phone,1,39.0,E wallet,Female,5.0,5,Laptop & Accessory,5,Single,12,1,12.0,7.0,8.0,2.0,162.19
53254,0,8.0,Mobile Phone,2,15.0,UPI,Male,4.0,3,Laptop & Accessory,3,Single,12,0,19.0,4.0,4.0,17.0,293.09
53255,1,29.0,Phone,1,24.0,UPI,Female,1.0,5,Laptop & Accessory,1,Married,12,0,21.0,7.0,2.0,21.0,252.33
53256,0,15.0,Computer,1,35.0,E wallet,Female,2.0,3,Laptop & Accessory,5,Married,11,1,17.0,7.0,8.0,6.0,285.12
53257,0,51.0,Mobile Phone,1,38.0,Credit Card,Male,1.0,3,Mobile,4,Married,14,0,25.0,3.0,14.0,10.0,231.7
53258,1,1.0,Phone,2,16.0,Cash on Delivery,Male,2.0,6,Laptop & Accessory,5,Single,10,0,26.0,9.0,16.0,6.0,163.71
53259,0,13.0,Mobile Phone,3,32.0,Credit Card,Female,2.0,5,Laptop & Accessory,4,Single,11,0,25.0,8.0,14.0,21.0,341.33
53260,0,0.0,Mobile Phone,3,7.0,Debit Card,Male,3.0,3,Others,2,Married,14,1,19.0,14.0,8.0,21.0,312.03
53261,0,25.0,Mobile Phone,1,9.0,CC,Male,5.0,3,Grocery,3,Divorced,14,1,13.0,5.0,1.0,7.0,327.69
53262,0,24.0,Computer,2,17.0,E wallet,Female,1.0,4,Fashion,1,Single,11,0,11.0,11.0,4.0,15.0,153.71
53263,0,15.0,Mobile Phone,3,16.0,Debit Card,Female,2.0,1,Mobile Phone,3,Married,2,1,12.0,6.0,8.0,10.0,274.38
53264,0,14.0,Phone,1,5.0,Cash on Delivery,Male,3.0,6,Laptop & Accessory,4,Married,6,0,16.0,11.0,10.0,21.0,236.99
53265,0,25.0,Mobile Phone,2,23.0,UPI,Male,1.0,2,Grocery,4,Married,8,0,16.0,13.0,7.0,14.0,153.68
53266,0,15.0,Computer,3,33.0,Credit Card,Female,3.0,5,Others,3,Single,7,0,26.0,13.0,14.0,13.0,304.37
53267,1,13.0,Computer,2,29.0,Debit Card,Female,2.0,6,Mobile Phone,5,Married,15,0,23.0,10.0,15.0,16.0,100.79
53268,0,28.0,Phone,1,20.0,UPI,Male,5.0,5,Fashion,2,Married,4,0,12.0,16.0,16.0,14.0,142.86
53269,0,17.0,Computer,3,21.0,Debit Card,Female,3.0,6,Mobile Phone,4,Married,1,0,19.0,2.0,10.0,10.0,141.59
53270,0,14.0,Mobile Phone,3,32.0,UPI,Male,2.0,1,Laptop & Accessory,4,Divorced,3,0,20.0,5.0,11.0,12.0,245.09
53271,0,18.0,Phone,2,9.0,Debit Card,Male,3.0,3,Mobile Phone,5,Divorced,5,0,24.0,7.0,14.0,10.0,227.82
53272,1,7.0,Phone,1,5.0,UPI,Male,4.0,4,Fashion,2,Single,6,0,11.0,2.0,1.0,20.0,332.34
53273,0,60.0,Phone,2,7.0,Credit Card,Male,4.0,5,Laptop & Accessory,4,Single,3,1,14.0,8.0,12.0,18.0,307.18
53274,0,1.0,Computer,1,28.0,E wallet,Female,2.0,4,Mobile Phone,1,Married,2,1,14.0,11.0,14.0,17.0,182.51
53275,0,26.0,Mobile Phone,1,33.0,Debit Card,Male,2.0,5,Grocery,4,Single,15,0,24.0,7.0,12.0,18.0,232.13
53276,0,9.0,Mobile Phone,2,19.0,E wallet,Female,3.0,2,Mobile Phone,4,Divorced,3,1,11.0,7.0,9.0,10.0,177.53
53277,0,61.0,Mobile Phone,3,8.0,UPI,Male,2.0,5,Laptop & Accessory,5,Married,15,0,22.0,0.0,16.0,5.0,150.22
53278,1,22.0,Computer,3,5.0,Cash on Delivery,Male,2.0,5,Others,3,Divorced,5,1,15.0,6.0,8.0,9.0,252.7
53279,0,7.0,Computer,2,19.0,UPI,Male,4.0,5,Fashion,4,Divorced,3,0,16.0,9.0,4.0,7.0,306.34
53280,0,27.0,Phone,2,28.0,E wallet,Male,0.0,5,Fashion,1,Married,8,0,19.0,15.0,12.0,19.0,107.5
53281,0,22.0,Phone,1,35.0,Credit Card,Male,3.0,3,Fashion,2,Divorced,7,0,21.0,3.0,12.0,3.0,112.31
53282,0,3.0,Phone,3,24.0,UPI,Male,1.0,2,Laptop & Accessory,4,Married,9,1,18.0,12.0,15.0,19.0,109.32
53283,0,13.0,Phone,2,14.0,UPI,Female,1.0,5,Mobile Phone,5,Divorced,3,0,25.0,16.0,15.0,3.0,275.41
53284,0,28.0,Mobile Phone,3,15.0,CC,Female,2.0,6,Mobile Phone,1,Divorced,13,0,14.0,10.0,12.0,10.0,187.11
53285,0,0.0,Phone,2,22.0,Cash on Delivery,Female,4.0,3,Grocery,2,Divorced,14,0,16.0,14.0,6.0,7.0,277.25
53286,0,3.0,Phone,2,38.0,UPI,Female,5.0,3,Fashion,2,Married,12,0,17.0,15.0,15.0,18.0,155.69
53287,0,50.0,Phone,3,32.0,Debit Card,Female,3.0,5,Fashion,4,Married,8,0,16.0,8.0,8.0,0.0,102.62
53288,0,51.0,Mobile Phone,1,20.0,Cash on Delivery,Male,2.0,4,Fashion,2,Married,9,0,15.0,15.0,4.0,10.0,266.22
53289,0,17.0,Phone,1,28.0,COD,Female,4.0,3,Mobile Phone,5,Married,14,0,11.0,11.0,2.0,16.0,148.64
53290,1,16.0,Computer,1,16.0,Debit Card,Male,1.0,2,Grocery,3,Married,12,1,17.0,8.0,3.0,21.0,239.08
53291,0,22.0,Phone,3,11.0,E wallet,Female,1.0,1,Fashion,2,Divorced,11,0,21.0,14.0,8.0,20.0,208.45
53292,0,50.0,Phone,2,21.0,Debit Card,Female,2.0,4,Laptop & Accessory,4,Married,8,1,17.0,16.0,13.0,5.0,322.64
53293,0,14.0,Phone,2,8.0,CC,Male,2.0,2,Laptop & Accessory,4,Single,5,0,15.0,11.0,6.0,20.0,109.44
53294,1,12.0,Phone,1,37.0,Credit Card,Female,4.0,5,Grocery,5,Single,6,0,25.0,9.0,6.0,18.0,211.61
53295,1,1.0,Mobile Phone,2,23.0,UPI,Male,5.0,6,Others,5,Married,10,1,26.0,5.0,2.0,15.0,309.46
53296,0,18.0,Phone,2,30.0,UPI,Male,3.0,4,Mobile Phone,5,Married,9,0,22.0,5.0,2.0,10.0,270.07
53297,0,23.0,Phone,1,15.0,Credit Card,Male,3.0,2,Mobile Phone,4,Divorced,15,1,24.0,0.0,14.0,15.0,319.64
53298,0,23.0,Phone,3,35.0,Credit Card,Male,2.0,4,Fashion,2,Single,14,1,19.0,1.0,10.0,11.0,347.82
53299,1,10.0,Phone,1,5.0,E wallet,Female,3.0,4,Mobile Phone,3,Single,13,0,22.0,9.0,10.0,0.0,239.21
53300,0,21.0,Phone,1,33.0,Cash on Delivery,Male,5.0,2,Grocery,3,Married,14,1,13.0,7.0,4.0,11.0,186.35
53301,0,14.0,Phone,1,29.0,UPI,Female,2.0,4,Grocery,5,Married,2,1,11.0,9.0,5.0,2.0,120.22
53302,0,9.0,Phone,1,22.0,E wallet,Female,2.0,3,Mobile Phone,3,Single,9,0,15.0,8.0,13.0,17.0,257.05
53303,0,26.0,Computer,2,7.0,Credit Card,Male,2.0,5,Grocery,3,Single,1,0,14.0,10.0,7.0,11.0,294.25
53304,0,8.0,Phone,1,22.0,Cash on Delivery,Male,3.0,4,Laptop & Accessory,4,Divorced,11,0,16.0,3.0,12.0,10.0,224.85
53305,0,27.0,Computer,3,11.0,Cash on Delivery,Male,3.0,3,Mobile Phone,3,Married,15,0,12.0,4.0,6.0,5.0,151.26
53306,0,0.0,Phone,1,32.0,E wallet,Female,2.0,6,Laptop & Accessory,2,Single,10,0,26.0,6.0,8.0,18.0,326.2
53307,0,16.0,Mobile Phone,2,21.0,Debit Card,Female,4.0,4,Grocery,5,Married,15,0,25.0,16.0,5.0,7.0,323.97
53308,0,30.0,Computer,2,29.0,Credit Card,Male,3.0,5,Mobile,5,Married,6,0,26.0,8.0,10.0,11.0,195.78
53309,1,9.0,Phone,2,22.0,UPI,Male,3.0,3,Fashion,3,Married,1,0,15.0,8.0,8.0,7.0,264.33
53310,0,28.0,Computer,1,7.0,UPI,Male,4.0,3,Grocery,3,Married,1,1,19.0,8.0,15.0,3.0,292.43
53311,0,17.0,Phone,3,29.0,UPI,Male,4.0,2,Mobile Phone,4,Married,3,0,18.0,4.0,12.0,5.0,125.45
53312,1,5.0,Mobile Phone,2,11.0,Cash on Delivery,Female,2.0,3,Fashion,5,Married,14,0,22.0,12.0,10.0,5.0,311.24
53313,0,11.0,Mobile Phone,1,14.0,UPI,Female,3.0,5,Mobile Phone,2,Single,11,0,12.0,16.0,2.0,21.0,283.16
53314,0,13.0,Phone,1,23.0,UPI,Male,3.0,5,Fashion,4,Single,4,0,24.0,0.0,6.0,20.0,230.41
53315,0,9.0,Computer,1,19.0,Debit Card,Female,1.0,6,Laptop & Accessory,5,Married,12,1,26.0,13.0,12.0,8.0,330.03
53316,0,19.0,Phone,3,25.0,Debit Card,Male,4.0,5,Laptop & Accessory,1,Married,4,0,13.0,11.0,12.0,3.0,296.31
53317,0,14.0,Mobile Phone,1,25.0,Credit Card,Male,1.0,3,Others,5,Single,12,0,19.0,3.0,16.0,11.0,223.15
53318,0,30.0,Phone,1,32.0,Debit Card,Female,4.0,2,Others,4,Married,10,0,21.0,7.0,14.0,10.0,319.37
53319,0,6.0,Phone,1,36.0,Debit Card,Male,1.0,2,Grocery,5,Divorced,10,0,21.0,5.0,13.0,0.0,319.12
53320,1,9.0,Mobile Phone,1,31.0,UPI,Male,3.0,4,Grocery,1,Divorced,13,1,17.0,16.0,12.0,8.0,255.06
53321,0,9.0,Mobile Phone,2,27.0,Debit Card,Male,1.0,3,Fashion,2,Married,5,1,19.0,0.0,1.0,13.0,321.55
53322,0,27.0,Mobile Phone,2,14.0,Debit Card,Male,2.0,3,Others,4,Single,6,0,23.0,6.0,6.0,4.0,282.61
53323,0,29.0,Mobile Phone,1,10.0,E wallet,Male,1.0,5,Laptop & Accessory,5,Married,4,0,14.0,5.0,10.0,5.0,124.15
53324,0,2.0,Mobile Phone,1,28.0,Cash on Delivery,Female,2.0,5,Others,5,Married,7,1,21.0,16.0,2.0,2.0,319.22
53325,1,14.0,Mobile Phone,1,22.0,UPI,Male,5.0,3,Others,4,Married,15,1,19.0,16.0,14.0,6.0,287.54
53326,0,20.0,Computer,2,14.0,UPI,Male,1.0,2,Fashion,3,Married,15,1,17.0,13.0,11.0,6.0,182.95
53327,1,11.0,Mobile Phone,3,19.0,CC,Male,2.0,5,Fashion,2,Married,12,1,23.0,1.0,10.0,14.0,135.51
53328,0,3.0,Mobile Phone,1,38.0,Debit Card,Male,3.0,6,Laptop & Accessory,3,Married,2,0,17.0,15.0,8.0,10.0,118.68
53329,0,8.0,Mobile Phone,1,12.0,Credit Card,Male,1.0,2,Others,2,Married,8,1,20.0,12.0,1.0,18.0,340.95
53330,0,27.0,Phone,1,39.0,Credit Card,Female,1.0,6,Fashion,4,Single,4,0,25.0,15.0,2.0,18.0,248.2
53331,0,22.0,Phone,3,31.0,Cash on Delivery,Female,1.0,3,Fashion,3,Divorced,6,0,21.0,12.0,14.0,17.0,115.83
53332,0,21.0,Mobile Phone,2,29.0,CC,Male,3.0,6,Fashion,4,Married,12,0,23.0,10.0,7.0,20.0,106.18
53333,0,23.0,Phone,1,7.0,UPI,Female,5.0,5,Others,4,Single,10,0,15.0,0.0,10.0,13.0,126.93
53334,0,25.0,Phone,1,22.0,UPI,Male,4.0,6,Laptop & Accessory,4,Single,1,0,16.0,12.0,8.0,4.0,271.11
53335,0,29.0,Mobile Phone,1,36.0,Credit Card,Male,5.0,4,Laptop & Accessory,4,Married,2,0,14.0,11.0,16.0,19.0,152.31
53336,0,51.0,Phone,2,25.0,CC,Female,3.0,2,Laptop & Accessory,4,Single,15,0,21.0,4.0,3.0,8.0,228.78
53337,0,15.0,Phone,1,13.0,E wallet,Female,5.0,2,Mobile Phone,2,Divorced,14,0,19.0,14.0,10.0,17.0,307.94
53338,0,21.0,Mobile Phone,1,5.0,Credit Card,Male,2.0,4,Mobile Phone,3,Single,4,1,14.0,2.0,16.0,10.0,292.01
53339,0,17.0,Phone,2,8.0,E wallet,Male,3.0,2,Mobile Phone,1,Single,10,0,19.0,3.0,9.0,0.0,199.87
53340,0,6.0,Computer,1,8.0,Debit Card,Male,2.0,3,Laptop & Accessory,1,Married,13,0,19.0,14.0,12.0,12.0,310.56
53341,0,25.0,Phone,2,30.0,UPI,Male,0.0,3,Grocery,5,Single,9,0,15.0,14.0,15.0,10.0,177.31
53342,1,7.0,Mobile Phone,1,38.0,Debit Card,Male,4.0,3,Mobile Phone,2,Divorced,1,1,19.0,13.0,4.0,8.0,161.76
53343,0,5.0,Computer,2,31.0,Debit Card,Female,0.0,4,Others,5,Divorced,1,0,19.0,8.0,8.0,3.0,288.42
53344,0,29.0,Phone,1,19.0,Credit Card,Male,3.0,6,Grocery,5,Married,7,0,22.0,5.0,10.0,3.0,224.22
53345,0,22.0,Mobile Phone,3,36.0,E wallet,Male,2.0,6,Laptop & Accessory,2,Divorced,14,0,13.0,10.0,6.0,9.0,336.97
53346,0,50.0,Mobile Phone,1,11.0,Credit Card,Male,0.0,6,Laptop & Accessory,3,Single,10,1,22.0,15.0,12.0,14.0,167.61
53347,1,21.0,Phone,1,18.0,Credit Card,Female,2.0,5,Fashion,4,Married,8,0,23.0,12.0,5.0,10.0,232.43
53348,1,8.0,Computer,3,27.0,Debit Card,Male,2.0,6,Laptop & Accessory,5,Divorced,13,0,13.0,10.0,13.0,0.0,150.63
53349,1,30.0,Mobile Phone,3,5.0,Credit Card,Male,5.0,5,Fashion,2,Single,7,0,14.0,1.0,9.0,18.0,120.06
53350,0,6.0,Mobile Phone,1,36.0,UPI,Male,3.0,6,Laptop & Accessory,5,Married,3,0,18.0,8.0,2.0,21.0,146.92
53351,0,8.0,Phone,3,30.0,Credit Card,Female,3.0,2,Mobile Phone,5,Single,8,0,13.0,14.0,12.0,15.0,114.75
53352,0,12.0,Computer,1,13.0,UPI,Male,1.0,6,Mobile Phone,4,Single,13,0,12.0,13.0,16.0,21.0,150.08
53353,0,2.0,Mobile Phone,2,20.0,Credit Card,Male,2.0,3,Fashion,2,Married,8,0,22.0,9.0,12.0,5.0,105.69
53354,0,17.0,Computer,1,35.0,UPI,Male,0.0,4,Mobile Phone,3,Single,5,0,24.0,6.0,9.0,21.0,134.15
53355,0,17.0,Phone,1,6.0,Credit Card,Male,4.0,4,Laptop & Accessory,5,Divorced,12,1,16.0,3.0,5.0,2.0,208.17
53356,0,20.0,Phone,2,36.0,Debit Card,Male,1.0,4,Grocery,2,Married,8,0,25.0,14.0,7.0,3.0,169.61
53357,0,30.0,Phone,2,14.0,UPI,Male,3.0,5,Laptop & Accessory,3,Married,13,1,25.0,11.0,7.0,2.0,182.22
53358,0,60.0,Mobile Phone,2,29.0,UPI,Male,3.0,4,Laptop & Accessory,2,Married,2,0,13.0,5.0,2.0,8.0,142.76
53359,0,50.0,Phone,2,22.0,Credit Card,Female,2.0,4,Mobile Phone,5,Married,9,0,26.0,5.0,13.0,20.0,332.75
53360,0,61.0,Computer,3,38.0,Credit Card,Male,3.0,4,Others,4,Single,14,1,19.0,11.0,8.0,15.0,323.81
53361,0,14.0,Mobile Phone,1,33.0,E wallet,Female,4.0,1,Laptop & Accessory,5,Single,13,0,20.0,4.0,9.0,16.0,182.72
53362,0,50.0,Phone,1,28.0,Credit Card,Male,1.0,4,Mobile Phone,5,Married,5,1,19.0,8.0,10.0,17.0,329.34
53363,0,5.0,Mobile Phone,2,7.0,UPI,Female,3.0,4,Mobile Phone,3,Married,3,1,26.0,1.0,9.0,12.0,209.77
53364,0,20.0,Mobile Phone,1,19.0,Cash on Delivery,Female,3.0,4,Laptop & Accessory,5,Married,11,0,20.0,11.0,9.0,9.0,173.9
53365,0,51.0,Phone,2,7.0,UPI,Female,2.0,1,Others,1,Married,6,1,16.0,10.0,7.0,17.0,347.41
53366,0,50.0,Mobile Phone,2,35.0,Debit Card,Female,1.0,4,Grocery,2,Married,12,0,15.0,2.0,4.0,3.0,207.45
53367,0,18.0,Phone,1,14.0,Credit Card,Male,2.0,5,Laptop & Accessory,4,Single,6,1,21.0,8.0,5.0,5.0,120.89
53368,0,51.0,Mobile Phone,3,26.0,Debit Card,Female,3.0,3,Laptop & Accessory,4,Single,3,0,12.0,7.0,9.0,5.0,245.85
53369,1,27.0,Computer,1,18.0,Debit Card,Male,2.0,3,Laptop & Accessory,5,Married,7,1,18.0,1.0,14.0,15.0,145.43
53370,0,30.0,Mobile Phone,1,13.0,Cash on Delivery,Female,1.0,2,Mobile,4,Married,14,0,13.0,4.0,9.0,19.0,253.53
53371,0,20.0,Mobile Phone,1,22.0,Cash on Delivery,Male,3.0,4,Mobile Phone,4,Married,8,1,15.0,15.0,14.0,20.0,112.02
53372,0,60.0,Mobile Phone,1,12.0,Cash on Delivery,Male,1.0,3,Others,5,Married,15,0,20.0,8.0,2.0,13.0,127.69
53373,0,14.0,Computer,1,19.0,Debit Card,Female,1.0,5,Mobile Phone,3,Married,12,1,21.0,7.0,10.0,2.0,178.15
53374,0,13.0,Mobile Phone,2,19.0,E wallet,Male,3.0,1,Laptop & Accessory,2,Single,2,0,24.0,3.0,16.0,10.0,254.08
53375,0,18.0,Mobile Phone,2,10.0,Credit Card,Female,2.0,6,Mobile Phone,4,Married,1,1,14.0,13.0,5.0,20.0,261.54
53376,1,14.0,Computer,3,16.0,Cash on Delivery,Female,4.0,4,Mobile Phone,2,Single,11,1,13.0,11.0,13.0,12.0,261.9
53377,0,5.0,Computer,1,23.0,Credit Card,Male,4.0,4,Laptop & Accessory,2,Divorced,10,0,19.0,12.0,14.0,1.0,227.54
53378,0,8.0,Computer,1,9.0,Credit Card,Male,3.0,5,Laptop & Accessory,3,Single,9,0,13.0,2.0,15.0,17.0,182.66
53379,0,19.0,Mobile Phone,3,31.0,Debit Card,Male,4.0,2,Mobile Phone,4,Divorced,15,1,19.0,7.0,13.0,0.0,318.31
53380,0,60.0,Mobile Phone,1,14.0,Credit Card,Female,3.0,3,Mobile Phone,1,Single,10,0,12.0,8.0,7.0,14.0,212.97
53381,0,25.0,Phone,3,18.0,Credit Card,Female,3.0,5,Laptop & Accessory,5,Married,2,0,13.0,6.0,6.0,12.0,295.67
53382,0,17.0,Phone,3,38.0,UPI,Female,1.0,6,Mobile,4,Married,8,1,15.0,3.0,15.0,14.0,217.94
53383,1,27.0,Mobile Phone,3,19.0,Credit Card,Female,1.0,5,Mobile Phone,3,Single,2,0,26.0,16.0,8.0,1.0,314.47
53384,0,8.0,Mobile Phone,1,33.0,Credit Card,Male,1.0,1,Laptop & Accessory,2,Married,10,1,21.0,12.0,12.0,20.0,107.0
53385,0,50.0,Computer,1,30.0,Credit Card,Male,2.0,4,Mobile Phone,4,Married,3,0,21.0,11.0,12.0,4.0,167.06
53386,0,5.0,Mobile Phone,2,31.0,UPI,Male,4.0,4,Fashion,3,Single,5,0,22.0,8.0,1.0,17.0,295.01
53387,0,13.0,Phone,2,7.0,Debit Card,Male,1.0,5,Mobile Phone,3,Married,2,1,14.0,6.0,2.0,21.0,272.83
53388,0,27.0,Phone,1,7.0,Debit Card,Male,1.0,2,Mobile Phone,3,Divorced,14,0,22.0,12.0,7.0,16.0,326.78
53389,0,23.0,Phone,2,39.0,Cash on Delivery,Male,5.0,6,Laptop & Accessory,3,Married,15,0,19.0,2.0,4.0,16.0,248.03
53390,0,12.0,Phone,1,39.0,Debit Card,Female,3.0,3,Mobile Phone,4,Married,9,1,15.0,7.0,11.0,18.0,338.9
53391,0,11.0,Mobile Phone,2,22.0,Debit Card,Male,3.0,3,Laptop & Accessory,4,Divorced,11,0,26.0,10.0,8.0,4.0,328.78
53392,1,18.0,Mobile Phone,3,18.0,COD,Male,1.0,2,Mobile Phone,3,Married,15,1,20.0,8.0,13.0,15.0,331.59
53393,0,20.0,Phone,1,30.0,Debit Card,Male,4.0,1,Laptop & Accessory,5,Married,3,1,15.0,9.0,2.0,15.0,253.68
53394,1,26.0,Mobile Phone,1,7.0,Credit Card,Female,1.0,3,Fashion,3,Divorced,7,1,17.0,1.0,16.0,14.0,322.53
53395,0,18.0,Phone,1,37.0,E wallet,Male,3.0,2,Grocery,2,Divorced,2,0,14.0,1.0,8.0,16.0,207.45
53396,0,23.0,Phone,1,17.0,Credit Card,Male,3.0,5,Laptop & Accessory,5,Married,2,1,15.0,2.0,8.0,17.0,343.7
53397,0,25.0,Phone,1,33.0,Cash on Delivery,Female,2.0,5,Laptop & Accessory,3,Single,7,1,11.0,5.0,9.0,0.0,141.56
53398,0,27.0,Mobile Phone,1,13.0,COD,Male,5.0,5,Mobile Phone,4,Married,1,0,26.0,15.0,10.0,16.0,174.74
53399,0,17.0,Mobile Phone,1,36.0,E wallet,Male,1.0,1,Fashion,5,Single,13,0,17.0,14.0,10.0,3.0,227.99
53400,0,28.0,Phone,3,26.0,Credit Card,Female,4.0,3,Grocery,1,Married,3,0,21.0,9.0,1.0,14.0,340.3
53401,0,16.0,Mobile Phone,3,26.0,UPI,Male,3.0,1,Mobile Phone,3,Single,2,0,14.0,11.0,16.0,16.0,244.48
53402,0,3.0,Computer,1,38.0,UPI,Male,3.0,4,Mobile Phone,4,Married,4,0,12.0,12.0,16.0,3.0,115.65
53403,1,28.0,Computer,1,14.0,Cash on Delivery,Male,5.0,6,Others,3,Married,4,0,17.0,14.0,12.0,10.0,254.45
53404,0,3.0,Mobile Phone,1,29.0,E wallet,Male,3.0,3,Mobile Phone,1,Married,10,0,18.0,6.0,16.0,10.0,338.33
53405,1,9.0,Mobile Phone,2,16.0,Cash on Delivery,Male,4.0,5,Mobile Phone,3,Married,12,0,19.0,15.0,11.0,8.0,208.2
53406,1,24.0,Mobile Phone,2,7.0,Credit Card,Male,1.0,6,Mobile Phone,2,Divorced,1,0,18.0,12.0,6.0,10.0,175.31
53407,0,30.0,Computer,3,23.0,UPI,Female,4.0,3,Mobile Phone,2,Married,5,0,18.0,0.0,4.0,9.0,249.76
53408,0,2.0,Mobile Phone,1,37.0,UPI,Male,4.0,1,Fashion,4,Married,7,0,18.0,8.0,6.0,5.0,271.0
53409,0,1.0,Mobile Phone,2,30.0,Debit Card,Male,5.0,5,Laptop & Accessory,2,Single,12,0,23.0,0.0,8.0,4.0,200.8
53410,1,24.0,Phone,2,17.0,Cash on Delivery,Male,5.0,4,Mobile Phone,4,Married,9,1,17.0,5.0,13.0,20.0,119.13
53411,0,5.0,Mobile Phone,3,11.0,Debit Card,Female,2.0,3,Laptop & Accessory,5,Divorced,4,0,12.0,13.0,8.0,12.0,193.46
53412,0,17.0,Mobile Phone,2,38.0,UPI,Female,3.0,3,Fashion,2,Married,6,0,12.0,3.0,14.0,11.0,221.78
53413,0,17.0,Mobile Phone,1,26.0,Cash on Delivery,Male,5.0,2,Mobile,3,Single,9,1,22.0,2.0,8.0,17.0,229.84
53414,0,61.0,Phone,2,24.0,Debit Card,Male,3.0,5,Mobile Phone,5,Married,1,1,21.0,4.0,11.0,16.0,275.21
53415,1,26.0,Mobile Phone,3,27.0,E wallet,Male,3.0,3,Mobile,4,Married,10,1,19.0,13.0,3.0,19.0,104.11
53416,0,24.0,Phone,1,18.0,Debit Card,Male,1.0,2,Fashion,4,Married,11,0,25.0,1.0,4.0,8.0,320.87
53417,1,17.0,Computer,1,34.0,CC,Male,2.0,5,Grocery,4,Married,1,0,23.0,15.0,12.0,20.0,251.46
53418,0,0.0,Phone,1,27.0,UPI,Male,3.0,4,Mobile Phone,4,Single,8,0,23.0,8.0,13.0,13.0,232.26
53419,0,2.0,Phone,1,23.0,Debit Card,Male,4.0,5,Laptop & Accessory,5,Married,12,1,11.0,8.0,5.0,10.0,140.31
53420,0,3.0,Mobile Phone,1,10.0,Credit Card,Male,2.0,6,Fashion,3,Divorced,10,0,26.0,10.0,6.0,14.0,130.25
53421,0,14.0,Mobile Phone,3,27.0,E wallet,Male,1.0,3,Mobile,4,Married,11,0,25.0,6.0,8.0,12.0,239.77
53422,0,7.0,Mobile Phone,2,14.0,UPI,Male,3.0,2,Fashion,4,Single,13,0,11.0,15.0,8.0,3.0,279.32
53423,1,18.0,Phone,2,39.0,Credit Card,Male,5.0,3,Fashion,4,Single,9,0,25.0,10.0,12.0,9.0,290.58
53424,0,25.0,Mobile Phone,2,25.0,COD,Female,3.0,2,Mobile Phone,2,Married,15,0,17.0,4.0,16.0,15.0,242.74
53425,0,9.0,Mobile Phone,3,36.0,Debit Card,Female,5.0,2,Others,5,Married,1,1,20.0,2.0,14.0,14.0,188.71
53426,0,13.0,Mobile Phone,3,34.0,Cash on Delivery,Female,2.0,5,Fashion,5,Single,11,1,16.0,1.0,1.0,5.0,135.39
53427,0,18.0,Mobile Phone,2,37.0,Debit Card,Male,4.0,6,Fashion,3,Married,10,1,16.0,13.0,12.0,3.0,241.55
53428,0,29.0,Phone,2,22.0,UPI,Male,4.0,4,Laptop & Accessory,4,Single,7,0,18.0,4.0,15.0,11.0,183.21
53429,0,4.0,Phone,1,9.0,Debit Card,Female,5.0,5,Mobile,3,Single,15,0,25.0,2.0,8.0,15.0,302.21
53430,1,30.0,Mobile Phone,1,19.0,UPI,Male,4.0,5,Laptop & Accessory,3,Single,5,1,21.0,2.0,15.0,20.0,226.82
53431,0,6.0,Phone,1,29.0,Debit Card,Male,2.0,2,Mobile Phone,4,Married,11,0,21.0,14.0,3.0,14.0,156.11
53432,0,18.0,Phone,1,17.0,UPI,Male,5.0,1,Mobile Phone,4,Divorced,8,0,19.0,15.0,14.0,16.0,307.63
53433,0,30.0,Phone,2,10.0,UPI,Male,3.0,4,Laptop & Accessory,4,Married,13,1,24.0,11.0,16.0,6.0,328.51
53434,0,17.0,Computer,2,6.0,Credit Card,Female,1.0,1,Laptop & Accessory,4,Married,11,0,15.0,4.0,5.0,21.0,145.87
53435,0,60.0,Mobile Phone,1,21.0,Credit Card,Female,0.0,5,Laptop & Accessory,4,Divorced,6,0,26.0,2.0,16.0,13.0,237.72
53436,1,22.0,Mobile Phone,3,28.0,Credit Card,Female,2.0,4,Fashion,1,Married,10,0,15.0,10.0,11.0,12.0,311.84
53437,0,5.0,Phone,1,16.0,Debit Card,Female,4.0,2,Mobile,2,Single,4,0,24.0,6.0,12.0,0.0,316.42
53438,0,26.0,Computer,2,18.0,CC,Male,3.0,4,Others,3,Married,3,0,16.0,5.0,6.0,5.0,245.69
53439,0,10.0,Phone,2,11.0,UPI,Male,3.0,4,Laptop & Accessory,4,Single,12,0,11.0,13.0,13.0,10.0,233.01
53440,0,4.0,Computer,2,30.0,Debit Card,Male,0.0,3,Laptop & Accessory,4,Divorced,3,1,24.0,15.0,10.0,5.0,111.79
53441,0,16.0,Phone,1,36.0,Credit Card,Male,2.0,5,Fashion,4,Married,1,0,14.0,9.0,16.0,9.0,282.78
53442,0,6.0,Phone,2,33.0,Credit Card,Male,1.0,3,Laptop & Accessory,5,Married,2,0,13.0,3.0,7.0,9.0,145.73
53443,0,26.0,Phone,1,13.0,Debit Card,Male,3.0,3,Others,4,Divorced,9,0,25.0,15.0,5.0,15.0,321.03
53444,1,14.0,Mobile Phone,2,18.0,Debit Card,Male,5.0,4,Grocery,5,Married,5,0,24.0,6.0,5.0,6.0,297.15
53445,0,12.0,Phone,1,21.0,Cash on Delivery,Female,4.0,5,Grocery,1,Married,12,0,21.0,2.0,6.0,0.0,348.52
53446,0,10.0,Phone,2,29.0,UPI,Male,2.0,3,Fashion,3,Single,13,0,26.0,2.0,12.0,3.0,236.51
53447,0,25.0,Phone,1,34.0,UPI,Male,3.0,1,Mobile,3,Single,14,0,21.0,15.0,1.0,4.0,215.85
53448,0,21.0,Mobile Phone,2,22.0,CC,Male,3.0,2,Mobile Phone,4,Married,7,0,17.0,3.0,5.0,18.0,176.13
53449,0,27.0,Mobile Phone,1,33.0,Debit Card,Female,1.0,3,Mobile,5,Divorced,12,0,22.0,10.0,12.0,10.0,109.85
53450,0,17.0,Phone,3,22.0,Credit Card,Female,5.0,6,Others,1,Single,4,0,22.0,8.0,16.0,20.0,258.83
53451,0,28.0,Phone,3,35.0,UPI,Male,2.0,5,Laptop & Accessory,1,Single,2,0,11.0,0.0,6.0,3.0,336.79
53452,0,8.0,Computer,1,23.0,Debit Card,Female,3.0,4,Others,4,Married,5,0,12.0,10.0,5.0,1.0,218.27
53453,1,3.0,Mobile Phone,1,21.0,Debit Card,Male,3.0,5,Mobile Phone,3,Single,9,0,22.0,15.0,4.0,10.0,173.56
53454,0,17.0,Mobile Phone,2,10.0,Credit Card,Female,1.0,4,Grocery,2,Divorced,9,0,21.0,8.0,3.0,6.0,269.7
53455,0,15.0,Mobile Phone,1,22.0,Debit Card,Male,2.0,5,Laptop & Accessory,5,Married,12,0,22.0,6.0,8.0,14.0,278.62
53456,0,51.0,Phone,1,7.0,Credit Card,Male,1.0,3,Laptop & Accessory,1,Married,12,1,18.0,4.0,8.0,4.0,278.95
53457,0,28.0,Mobile Phone,1,39.0,CC,Male,2.0,4,Grocery,3,Divorced,12,1,12.0,9.0,7.0,6.0,339.51
53458,0,9.0,Computer,2,37.0,Cash on Delivery,Male,1.0,4,Mobile,3,Married,8,0,22.0,10.0,14.0,10.0,130.51
53459,0,17.0,Mobile Phone,1,33.0,UPI,Female,5.0,4,Laptop & Accessory,4,Single,5,0,21.0,4.0,15.0,20.0,302.89
53460,1,30.0,Computer,1,7.0,Debit Card,Female,3.0,5,Mobile Phone,4,Married,15,1,26.0,16.0,12.0,18.0,120.59
53461,0,27.0,Phone,2,9.0,UPI,Male,3.0,6,Fashion,3,Married,13,0,19.0,14.0,16.0,12.0,275.55
53462,0,2.0,Computer,1,18.0,UPI,Male,4.0,4,Mobile,2,Divorced,11,0,14.0,11.0,3.0,21.0,288.66
53463,0,13.0,Mobile Phone,1,32.0,COD,Male,3.0,2,Mobile Phone,2,Married,7,0,13.0,1.0,3.0,7.0,201.1
53464,0,24.0,Phone,3,36.0,COD,Male,2.0,4,Others,1,Married,1,0,14.0,6.0,9.0,14.0,279.67
53465,0,14.0,Mobile Phone,2,22.0,UPI,Female,3.0,4,Mobile,5,Single,4,1,19.0,2.0,15.0,17.0,150.92
53466,0,1.0,Mobile Phone,1,17.0,Debit Card,Male,1.0,3,Others,2,Married,13,0,17.0,11.0,3.0,2.0,108.14
53467,0,23.0,Mobile Phone,1,6.0,E wallet,Male,1.0,3,Grocery,5,Divorced,7,0,23.0,13.0,12.0,17.0,144.48
53468,1,13.0,Phone,2,29.0,Cash on Delivery,Female,3.0,4,Laptop & Accessory,2,Single,3,0,21.0,3.0,1.0,12.0,134.44
53469,0,6.0,Mobile Phone,1,24.0,UPI,Male,3.0,5,Fashion,5,Single,4,0,26.0,4.0,7.0,6.0,309.96
53470,0,23.0,Computer,3,11.0,UPI,Male,1.0,5,Grocery,4,Single,1,1,21.0,13.0,1.0,10.0,167.87
53471,0,17.0,Mobile Phone,2,15.0,UPI,Male,2.0,5,Mobile,3,Married,8,0,14.0,14.0,9.0,2.0,280.94
53472,1,29.0,Mobile Phone,3,9.0,E wallet,Male,1.0,2,Grocery,3,Single,14,0,23.0,6.0,7.0,7.0,307.85
53473,0,26.0,Mobile Phone,3,33.0,Debit Card,Male,3.0,3,Mobile Phone,3,Married,13,0,17.0,0.0,3.0,5.0,338.74
53474,0,14.0,Phone,2,22.0,Cash on Delivery,Male,5.0,2,Laptop & Accessory,2,Single,12,1,19.0,16.0,8.0,14.0,306.3
53475,0,25.0,Mobile Phone,2,12.0,Debit Card,Female,3.0,5,Mobile Phone,5,Single,2,0,21.0,5.0,5.0,1.0,310.94
53476,0,0.0,Computer,3,31.0,E wallet,Female,4.0,3,Fashion,2,Married,15,1,26.0,11.0,16.0,5.0,185.96
53477,0,3.0,Phone,2,6.0,UPI,Female,3.0,2,Mobile Phone,2,Married,10,0,21.0,13.0,7.0,14.0,172.48
53478,0,28.0,Computer,1,39.0,Debit Card,Female,1.0,2,Mobile Phone,3,Married,1,0,18.0,9.0,13.0,12.0,205.04
53479,0,0.0,Mobile Phone,2,30.0,Debit Card,Male,3.0,2,Laptop & Accessory,5,Divorced,3,1,26.0,6.0,1.0,14.0,269.32
53480,0,21.0,Phone,1,27.0,Credit Card,Male,2.0,3,Others,3,Single,3,0,23.0,11.0,10.0,15.0,177.36
53481,0,10.0,Phone,2,9.0,Debit Card,Female,2.0,5,Laptop & Accessory,3,Single,7,1,19.0,14.0,7.0,15.0,107.38
53482,0,9.0,Computer,2,20.0,Credit Card,Male,3.0,3,Mobile Phone,5,Single,14,1,16.0,6.0,14.0,6.0,236.28
53483,0,16.0,Mobile Phone,3,15.0,Debit Card,Male,5.0,3,Mobile Phone,4,Married,2,1,21.0,4.0,6.0,6.0,108.35
53484,0,25.0,Computer,2,23.0,Debit Card,Male,3.0,5,Mobile,5,Married,7,0,21.0,3.0,13.0,21.0,295.37
53485,0,20.0,Mobile Phone,3,20.0,UPI,Female,5.0,3,Others,2,Married,14,0,11.0,0.0,4.0,12.0,130.36
53486,1,12.0,Phone,1,36.0,Credit Card,Male,3.0,4,Fashion,4,Divorced,1,0,20.0,12.0,1.0,10.0,328.58
53487,0,8.0,Mobile Phone,1,16.0,UPI,Male,1.0,1,Fashion,5,Married,10,0,19.0,4.0,10.0,17.0,236.15
53488,0,10.0,Mobile Phone,3,22.0,UPI,Male,3.0,2,Mobile Phone,4,Divorced,15,0,21.0,4.0,7.0,3.0,259.95
53489,0,10.0,Mobile Phone,2,26.0,Credit Card,Female,4.0,5,Laptop & Accessory,3,Married,4,1,21.0,1.0,4.0,3.0,192.68
53490,0,5.0,Computer,2,30.0,UPI,Male,3.0,3,Laptop & Accessory,3,Single,8,0,26.0,14.0,6.0,19.0,262.64
53491,0,0.0,Computer,1,37.0,Debit Card,Male,3.0,2,Grocery,4,Married,13,0,24.0,12.0,2.0,13.0,163.44
53492,0,5.0,Mobile Phone,2,28.0,Debit Card,Female,3.0,3,Fashion,2,Married,7,0,13.0,8.0,15.0,19.0,303.18
53493,0,12.0,Computer,3,9.0,Debit Card,Female,3.0,1,Grocery,3,Married,11,0,19.0,13.0,13.0,10.0,180.28
53494,0,21.0,Phone,1,25.0,Credit Card,Male,2.0,5,Grocery,4,Single,5,0,11.0,5.0,2.0,0.0,259.22
53495,0,30.0,Phone,2,22.0,UPI,Male,2.0,2,Laptop & Accessory,4,Divorced,7,0,15.0,2.0,11.0,5.0,280.36
53496,0,21.0,Mobile Phone,1,9.0,UPI,Male,2.0,2,Mobile Phone,4,Married,9,0,12.0,15.0,11.0,15.0,179.17
53497,0,26.0,Phone,1,12.0,Cash on Delivery,Female,2.0,3,Fashion,4,Divorced,14,0,11.0,3.0,7.0,13.0,259.8
53498,1,13.0,Mobile Phone,2,25.0,UPI,Male,4.0,4,Others,1,Married,1,0,20.0,8.0,1.0,20.0,193.66
53499,0,4.0,Mobile Phone,1,9.0,Credit Card,Male,4.0,5,Grocery,1,Single,2,0,22.0,8.0,15.0,3.0,235.67
53500,0,50.0,Phone,1,17.0,Debit Card,Male,1.0,2,Mobile Phone,4,Single,1,0,13.0,7.0,14.0,10.0,296.4
53501,0,60.0,Computer,2,23.0,Credit Card,Female,3.0,3,Others,5,Married,5,1,23.0,16.0,7.0,1.0,282.4
53502,0,6.0,Phone,2,33.0,Credit Card,Female,2.0,3,Mobile Phone,2,Married,3,0,12.0,8.0,11.0,19.0,159.08
53503,0,9.0,Computer,1,22.0,Cash on Delivery,Male,3.0,5,Mobile Phone,4,Single,10,0,16.0,11.0,2.0,10.0,276.1
53504,0,16.0,Computer,3,30.0,E wallet,Male,3.0,3,Laptop & Accessory,3,Married,1,0,16.0,4.0,11.0,1.0,302.7
53505,0,29.0,Mobile Phone,1,33.0,Cash on Delivery,Female,2.0,4,Laptop & Accessory,2,Single,12,0,21.0,16.0,14.0,7.0,135.85
53506,0,20.0,Mobile Phone,3,9.0,Cash on Delivery,Female,5.0,4,Laptop & Accessory,1,Single,1,0,17.0,12.0,9.0,8.0,110.53
53507,1,12.0,Phone,2,36.0,UPI,Female,5.0,4,Mobile Phone,4,Single,7,0,17.0,15.0,13.0,10.0,211.6
53508,0,0.0,Computer,1,6.0,UPI,Female,1.0,3,Mobile Phone,2,Single,11,0,15.0,7.0,7.0,7.0,161.76
53509,0,0.0,Computer,1,9.0,CC,Male,3.0,3,Laptop & Accessory,3,Single,2,0,13.0,5.0,9.0,18.0,124.71
53510,0,51.0,Phone,1,37.0,E wallet,Male,3.0,2,Mobile Phone,3,Single,11,1,16.0,10.0,9.0,6.0,320.74
53511,0,24.0,Phone,1,39.0,UPI,Female,0.0,2,Mobile Phone,4,Single,13,0,13.0,8.0,8.0,17.0,108.47
53512,0,25.0,Phone,2,23.0,UPI,Male,3.0,2,Grocery,3,Married,13,0,15.0,14.0,15.0,8.0,183.38
53513,0,12.0,Mobile Phone,1,19.0,E wallet,Male,3.0,6,Laptop & Accessory,3,Married,9,1,13.0,8.0,2.0,11.0,293.15
53514,1,27.0,Mobile Phone,1,22.0,UPI,Male,2.0,6,Fashion,4,Married,12,1,16.0,6.0,6.0,16.0,110.07
53515,0,51.0,Phone,2,12.0,Debit Card,Female,3.0,3,Laptop & Accessory,1,Married,12,0,14.0,1.0,14.0,20.0,155.28
53516,0,29.0,Computer,1,5.0,Credit Card,Male,4.0,2,Mobile Phone,4,Single,7,0,19.0,15.0,10.0,7.0,256.06
53517,0,7.0,Computer,2,26.0,Debit Card,Male,4.0,3,Grocery,4,Divorced,10,1,12.0,5.0,4.0,18.0,216.76
53518,0,0.0,Mobile Phone,1,21.0,UPI,Female,0.0,5,Fashion,4,Single,1,0,17.0,8.0,6.0,4.0,121.93
53519,0,11.0,Phone,2,20.0,Cash on Delivery,Female,4.0,5,Fashion,3,Divorced,11,0,15.0,9.0,8.0,6.0,200.4
53520,0,4.0,Computer,2,5.0,Debit Card,Female,4.0,4,Laptop & Accessory,1,Married,1,0,19.0,10.0,11.0,11.0,176.55
53521,1,23.0,Phone,2,22.0,CC,Male,3.0,4,Grocery,1,Married,4,1,20.0,6.0,13.0,14.0,274.78
53522,0,5.0,Mobile Phone,1,10.0,CC,Male,3.0,4,Mobile,3,Single,3,1,15.0,7.0,16.0,10.0,239.69
53523,0,24.0,Phone,1,7.0,Cash on Delivery,Male,1.0,2,Laptop & Accessory,4,Married,6,1,23.0,7.0,4.0,20.0,232.06
53524,0,0.0,Phone,1,34.0,COD,Female,3.0,1,Others,5,Divorced,11,0,22.0,12.0,2.0,7.0,290.03
53525,1,24.0,Phone,1,15.0,UPI,Male,3.0,4,Mobile Phone,5,Married,14,0,15.0,1.0,13.0,17.0,152.86
53526,0,0.0,Phone,1,31.0,Credit Card,Female,4.0,5,Fashion,4,Divorced,12,0,22.0,12.0,10.0,13.0,255.1
53527,0,50.0,Computer,2,26.0,Cash on Delivery,Male,4.0,5,Mobile Phone,1,Married,8,0,12.0,3.0,7.0,12.0,147.39
53528,0,2.0,Mobile Phone,2,10.0,UPI,Male,3.0,6,Grocery,2,Single,14,0,13.0,3.0,11.0,8.0,224.51
53529,0,18.0,Mobile Phone,3,35.0,UPI,Male,4.0,5,Laptop & Accessory,5,Single,15,1,16.0,8.0,8.0,20.0,279.09
53530,0,28.0,Phone,1,10.0,Credit Card,Female,4.0,3,Mobile Phone,5,Married,10,1,14.0,3.0,16.0,19.0,275.31
53531,0,1.0,Mobile Phone,2,24.0,Credit Card,Female,3.0,2,Laptop & Accessory,2,Married,7,1,21.0,8.0,13.0,8.0,213.61
53532,0,8.0,Computer,3,15.0,Cash on Delivery,Female,2.0,3,Others,4,Single,1,0,13.0,6.0,5.0,1.0,165.23
53533,0,16.0,Mobile Phone,2,6.0,Credit Card,Male,2.0,3,Laptop & Accessory,3,Married,6,0,15.0,14.0,4.0,6.0,105.33
53534,0,17.0,Phone,2,35.0,Credit Card,Female,1.0,5,Mobile Phone,1,Married,12,1,19.0,8.0,13.0,1.0,197.09
53535,0,11.0,Computer,3,30.0,Credit Card,Female,0.0,2,Fashion,5,Married,9,1,13.0,8.0,7.0,13.0,248.95
53536,0,19.0,Mobile Phone,3,31.0,UPI,Male,1.0,6,Mobile Phone,5,Single,9,0,17.0,0.0,5.0,13.0,173.03
53537,0,2.0,Computer,1,35.0,Debit Card,Female,4.0,6,Mobile Phone,5,Married,2,0,19.0,8.0,10.0,7.0,302.43
53538,0,3.0,Phone,2,28.0,Cash on Delivery,Male,0.0,2,Laptop & Accessory,3,Divorced,8,0,14.0,7.0,8.0,16.0,310.9
53539,0,16.0,Mobile Phone,2,17.0,Debit Card,Female,2.0,3,Laptop & Accessory,4,Married,11,0,17.0,7.0,12.0,9.0,205.03
53540,0,14.0,Computer,2,29.0,COD,Female,5.0,5,Laptop & Accessory,3,Married,15,0,19.0,3.0,8.0,1.0,213.67
53541,0,51.0,Mobile Phone,3,29.0,Cash on Delivery,Male,4.0,2,Mobile Phone,5,Married,4,1,17.0,1.0,2.0,18.0,144.72
53542,0,15.0,Phone,1,33.0,Credit Card,Male,4.0,4,Mobile Phone,5,Single,3,1,21.0,1.0,4.0,15.0,139.26
53543,0,10.0,Mobile Phone,3,35.0,CC,Male,2.0,5,Laptop & Accessory,4,Married,7,0,13.0,8.0,4.0,0.0,157.76
53544,0,19.0,Mobile Phone,2,6.0,Credit Card,Male,3.0,3,Laptop & Accessory,3,Married,5,0,11.0,3.0,11.0,5.0,202.73
53545,0,23.0,Computer,1,22.0,Debit Card,Male,3.0,1,Laptop & Accessory,5,Married,15,1,14.0,14.0,11.0,16.0,342.9
53546,0,15.0,Phone,2,9.0,Credit Card,Female,3.0,4,Fashion,2,Single,6,0,19.0,9.0,14.0,12.0,256.18
53547,0,29.0,Mobile Phone,1,31.0,Debit Card,Male,2.0,4,Laptop & Accessory,2,Single,4,0,20.0,6.0,7.0,11.0,205.73
53548,0,60.0,Phone,1,38.0,UPI,Male,3.0,4,Laptop & Accessory,4,Married,9,0,17.0,6.0,1.0,18.0,154.53
53549,0,0.0,Phone,3,18.0,UPI,Female,5.0,2,Grocery,5,Married,12,0,20.0,12.0,10.0,0.0,294.74
53550,1,23.0,Computer,1,11.0,Cash on Delivery,Male,2.0,4,Laptop & Accessory,1,Married,3,0,19.0,6.0,3.0,18.0,260.19
53551,0,23.0,Phone,2,14.0,UPI,Female,2.0,4,Laptop & Accessory,4,Divorced,5,0,15.0,11.0,8.0,10.0,201.68
53552,0,8.0,Computer,3,33.0,UPI,Male,2.0,4,Mobile Phone,5,Divorced,2,0,26.0,5.0,8.0,6.0,252.5
53553,0,21.0,Phone,3,20.0,UPI,Female,3.0,5,Mobile Phone,4,Married,4,0,21.0,5.0,8.0,6.0,244.42
53554,0,11.0,Phone,3,25.0,UPI,Male,1.0,3,Mobile,2,Married,14,1,20.0,7.0,4.0,5.0,245.12
53555,1,16.0,Computer,2,22.0,Debit Card,Female,4.0,3,Others,4,Married,7,0,20.0,1.0,15.0,7.0,117.77
53556,0,24.0,Mobile Phone,2,33.0,Debit Card,Female,2.0,4,Fashion,2,Divorced,10,0,24.0,7.0,10.0,8.0,325.32
53557,0,27.0,Mobile Phone,1,21.0,Cash on Delivery,Female,2.0,6,Laptop & Accessory,3,Single,5,0,11.0,13.0,14.0,10.0,313.08
53558,0,14.0,Mobile Phone,2,17.0,UPI,Male,3.0,3,Mobile Phone,4,Single,6,0,14.0,9.0,13.0,10.0,120.6
53559,0,29.0,Mobile Phone,3,10.0,Debit Card,Male,4.0,3,Laptop & Accessory,3,Married,11,0,13.0,12.0,9.0,10.0,258.95
53560,0,26.0,Mobile Phone,2,6.0,UPI,Female,5.0,3,Others,3,Single,5,0,13.0,5.0,8.0,0.0,224.22
53561,0,21.0,Phone,1,12.0,Credit Card,Male,1.0,4,Fashion,4,Married,7,0,23.0,7.0,1.0,0.0,285.63
53562,0,9.0,Phone,1,36.0,Cash on Delivery,Male,2.0,3,Fashion,3,Single,12,0,22.0,9.0,5.0,12.0,200.25
53563,0,30.0,Mobile Phone,3,13.0,CC,Male,1.0,4,Mobile Phone,1,Divorced,9,0,21.0,8.0,1.0,10.0,344.43
53564,0,26.0,Mobile Phone,3,27.0,Credit Card,Male,4.0,2,Mobile Phone,4,Single,11,0,11.0,6.0,2.0,4.0,337.97
53565,1,11.0,Mobile Phone,2,11.0,UPI,Male,3.0,3,Mobile Phone,3,Single,14,1,13.0,0.0,2.0,15.0,123.98
53566,1,30.0,Mobile Phone,2,35.0,Debit Card,Male,4.0,3,Laptop & Accessory,3,Divorced,14,0,20.0,0.0,6.0,15.0,176.44
53567,0,50.0,Phone,1,25.0,Debit Card,Male,5.0,5,Fashion,2,Divorced,15,0,21.0,10.0,6.0,14.0,151.81
53568,0,50.0,Mobile Phone,2,5.0,Credit Card,Male,3.0,2,Mobile,1,Married,12,1,20.0,16.0,16.0,2.0,179.57
53569,1,61.0,Computer,2,6.0,UPI,Male,1.0,3,Laptop & Accessory,5,Single,7,0,18.0,12.0,12.0,6.0,219.35
53570,0,20.0,Mobile Phone,2,22.0,Credit Card,Female,2.0,4,Mobile,4,Single,3,0,14.0,1.0,9.0,10.0,128.82
53571,0,9.0,Computer,1,22.0,Debit Card,Female,0.0,2,Others,5,Married,7,0,17.0,10.0,3.0,16.0,277.74
53572,0,15.0,Mobile Phone,1,28.0,UPI,Male,4.0,1,Others,5,Married,3,0,19.0,14.0,13.0,21.0,243.54
53573,0,6.0,Phone,1,23.0,Debit Card,Female,0.0,4,Grocery,4,Married,4,0,22.0,15.0,10.0,18.0,136.79
53574,0,3.0,Phone,3,9.0,Cash on Delivery,Female,3.0,4,Others,3,Married,6,0,17.0,15.0,2.0,4.0,269.37
53575,0,26.0,Computer,3,33.0,Debit Card,Female,1.0,1,Laptop & Accessory,2,Married,7,0,16.0,14.0,13.0,3.0,261.01
53576,0,24.0,Phone,3,6.0,Credit Card,Female,0.0,1,Mobile Phone,3,Divorced,8,1,18.0,2.0,16.0,17.0,320.77
53577,0,30.0,Computer,3,21.0,Debit Card,Male,2.0,3,Mobile Phone,4,Divorced,9,0,18.0,5.0,3.0,7.0,152.92
53578,0,10.0,Phone,2,15.0,UPI,Female,3.0,6,Laptop & Accessory,5,Married,1,1,25.0,14.0,8.0,5.0,252.27
53579,0,17.0,Phone,1,17.0,Debit Card,Female,1.0,4,Mobile,4,Married,14,0,23.0,7.0,4.0,12.0,319.0
53580,0,16.0,Computer,2,33.0,Debit Card,Male,3.0,5,Fashion,4,Married,4,0,18.0,12.0,13.0,20.0,165.79
53581,0,10.0,Phone,1,36.0,Debit Card,Female,3.0,5,Mobile Phone,5,Single,3,0,25.0,14.0,6.0,1.0,157.95
53582,0,29.0,Phone,1,12.0,UPI,Male,5.0,6,Mobile,2,Married,6,1,20.0,1.0,16.0,14.0,168.78
53583,0,61.0,Mobile Phone,1,14.0,UPI,Male,4.0,6,Laptop & Accessory,4,Single,6,0,26.0,13.0,11.0,10.0,290.79
53584,1,21.0,Computer,1,29.0,Cash on Delivery,Male,3.0,2,Mobile Phone,4,Married,8,1,14.0,13.0,8.0,5.0,302.33
53585,0,26.0,Phone,2,15.0,Debit Card,Female,4.0,1,Laptop & Accessory,2,Married,11,0,19.0,13.0,3.0,9.0,108.62
53586,0,61.0,Phone,1,32.0,Debit Card,Female,2.0,4,Laptop & Accessory,4,Single,4,1,18.0,8.0,10.0,10.0,178.56
53587,1,3.0,Mobile Phone,1,37.0,Credit Card,Male,3.0,3,Laptop & Accessory,2,Married,4,0,14.0,4.0,9.0,17.0,131.7
53588,0,15.0,Phone,2,30.0,Credit Card,Male,2.0,4,Fashion,1,Married,13,0,23.0,1.0,5.0,10.0,138.4
53589,0,15.0,Phone,2,22.0,Debit Card,Male,2.0,2,Laptop & Accessory,3,Divorced,1,0,12.0,11.0,8.0,5.0,303.98
53590,1,20.0,Phone,2,22.0,Credit Card,Male,3.0,6,Mobile,3,Married,11,0,11.0,13.0,5.0,10.0,340.97
53591,0,25.0,Mobile Phone,1,36.0,Cash on Delivery,Female,2.0,5,Grocery,3,Divorced,11,0,22.0,12.0,8.0,15.0,203.42
53592,0,18.0,Mobile Phone,1,32.0,UPI,Female,2.0,4,Laptop & Accessory,2,Married,3,1,12.0,15.0,2.0,18.0,342.52
53593,0,16.0,Mobile Phone,2,11.0,UPI,Female,3.0,4,Grocery,3,Divorced,3,0,15.0,11.0,7.0,16.0,194.44
53594,0,25.0,Phone,2,22.0,Debit Card,Female,4.0,4,Mobile Phone,3,Divorced,12,0,21.0,8.0,12.0,16.0,279.04
53595,0,21.0,Mobile Phone,1,6.0,Debit Card,Female,1.0,4,Laptop & Accessory,5,Single,15,0,24.0,2.0,2.0,10.0,189.75
53596,0,27.0,Phone,3,26.0,COD,Male,2.0,4,Grocery,4,Single,8,0,15.0,14.0,7.0,19.0,179.99
53597,0,0.0,Phone,1,26.0,Debit Card,Male,4.0,4,Others,5,Married,8,0,23.0,10.0,12.0,8.0,246.89
53598,0,1.0,Computer,1,7.0,Debit Card,Male,0.0,4,Mobile,4,Single,8,1,20.0,12.0,15.0,13.0,317.38
53599,0,16.0,Mobile Phone,2,12.0,COD,Male,5.0,5,Mobile Phone,4,Married,9,1,12.0,2.0,8.0,21.0,248.32
53600,0,20.0,Mobile Phone,1,8.0,Credit Card,Female,4.0,4,Fashion,5,Divorced,14,0,24.0,3.0,10.0,17.0,242.51
53601,0,8.0,Phone,3,19.0,Credit Card,Male,2.0,3,Fashion,3,Single,8,1,14.0,3.0,5.0,6.0,226.1
53602,0,12.0,Phone,1,16.0,Credit Card,Female,3.0,3,Fashion,3,Single,6,1,18.0,2.0,15.0,10.0,337.13
53603,0,10.0,Mobile Phone,1,33.0,Credit Card,Male,5.0,2,Mobile Phone,5,Single,5,0,11.0,13.0,3.0,0.0,303.67
53604,0,15.0,Computer,1,13.0,Cash on Delivery,Female,3.0,3,Laptop & Accessory,1,Married,15,0,23.0,8.0,9.0,14.0,201.7
53605,0,15.0,Phone,2,24.0,Debit Card,Male,1.0,5,Laptop & Accessory,1,Married,4,1,25.0,7.0,2.0,17.0,306.06
53606,0,1.0,Mobile Phone,1,22.0,UPI,Male,4.0,2,Others,4,Married,3,1,12.0,16.0,6.0,20.0,127.12
53607,0,7.0,Mobile Phone,1,30.0,Debit Card,Female,1.0,2,Mobile Phone,5,Married,14,1,25.0,9.0,6.0,14.0,208.85
53608,0,12.0,Computer,1,25.0,Debit Card,Female,2.0,5,Laptop & Accessory,4,Married,7,0,12.0,7.0,5.0,0.0,127.94
53609,0,16.0,Mobile Phone,2,27.0,UPI,Female,3.0,4,Mobile,4,Single,14,0,15.0,16.0,13.0,10.0,349.29
53610,0,17.0,Mobile Phone,2,22.0,Credit Card,Female,2.0,4,Grocery,3,Single,9,0,22.0,0.0,15.0,12.0,111.76
53611,0,2.0,Mobile Phone,2,28.0,Debit Card,Male,3.0,3,Mobile,4,Divorced,1,1,12.0,6.0,8.0,15.0,327.04
53612,0,29.0,Phone,2,33.0,UPI,Male,2.0,4,Laptop & Accessory,4,Single,2,0,18.0,5.0,6.0,1.0,332.95
53613,0,12.0,Computer,1,17.0,Credit Card,Female,4.0,5,Mobile Phone,4,Divorced,8,0,13.0,3.0,13.0,15.0,173.21
53614,0,18.0,Mobile Phone,3,36.0,Credit Card,Male,2.0,5,Grocery,4,Married,4,0,13.0,8.0,3.0,10.0,337.38
53615,0,6.0,Mobile Phone,2,23.0,E wallet,Female,2.0,6,Fashion,5,Single,8,0,18.0,1.0,5.0,8.0,225.15
53616,0,8.0,Mobile Phone,1,21.0,Cash on Delivery,Male,2.0,5,Mobile Phone,1,Divorced,15,1,11.0,10.0,3.0,11.0,334.52
53617,0,18.0,Phone,2,6.0,CC,Male,3.0,2,Laptop & Accessory,5,Single,14,0,25.0,8.0,2.0,3.0,221.41
53618,0,21.0,Mobile Phone,2,22.0,Credit Card,Male,2.0,3,Fashion,5,Married,6,0,14.0,8.0,15.0,1.0,217.6
53619,1,17.0,Computer,1,22.0,Credit Card,Female,2.0,5,Fashion,1,Married,1,0,17.0,1.0,12.0,21.0,288.35
53620,0,22.0,Mobile Phone,1,18.0,E wallet,Female,5.0,3,Fashion,3,Married,6,0,15.0,11.0,1.0,10.0,158.38
53621,0,1.0,Mobile Phone,1,19.0,Cash on Delivery,Female,3.0,3,Grocery,5,Married,12,0,25.0,5.0,9.0,11.0,326.04
53622,0,10.0,Mobile Phone,3,12.0,Credit Card,Male,3.0,5,Laptop & Accessory,4,Single,1,0,23.0,0.0,10.0,4.0,312.09
53623,0,30.0,Computer,1,13.0,UPI,Male,3.0,5,Fashion,1,Single,8,0,23.0,14.0,8.0,17.0,133.76
53624,0,51.0,Phone,2,25.0,Debit Card,Female,5.0,5,Grocery,5,Single,1,0,13.0,6.0,8.0,0.0,107.34
53625,0,13.0,Computer,1,39.0,E wallet,Male,3.0,3,Mobile Phone,3,Married,5,1,18.0,13.0,8.0,10.0,277.64
53626,0,15.0,Mobile Phone,1,18.0,Cash on Delivery,Male,3.0,3,Laptop & Accessory,4,Married,10,1,15.0,13.0,5.0,11.0,187.93
53627,0,10.0,Mobile Phone,1,31.0,Cash on Delivery,Male,2.0,3,Mobile Phone,4,Married,6,0,16.0,1.0,13.0,9.0,125.52
53628,0,51.0,Phone,1,12.0,Debit Card,Male,3.0,5,Mobile Phone,5,Single,8,0,11.0,11.0,2.0,0.0,323.85
53629,0,6.0,Phone,1,39.0,UPI,Male,1.0,3,Mobile Phone,5,Divorced,4,0,13.0,6.0,16.0,4.0,348.56
53630,0,30.0,Phone,2,22.0,UPI,Female,3.0,2,Mobile Phone,4,Married,3,0,20.0,10.0,9.0,9.0,179.66
53631,0,13.0,Mobile Phone,2,18.0,Cash on Delivery,Female,2.0,5,Mobile Phone,5,Married,15,1,14.0,8.0,2.0,15.0,146.32
53632,0,27.0,Mobile Phone,2,12.0,E wallet,Male,3.0,2,Others,2,Divorced,5,0,24.0,13.0,15.0,13.0,314.17
53633,1,15.0,Mobile Phone,1,12.0,Debit Card,Male,2.0,6,Others,5,Married,11,1,20.0,4.0,16.0,19.0,232.39
53634,0,18.0,Phone,3,6.0,Credit Card,Female,2.0,5,Mobile,2,Married,8,1,20.0,1.0,5.0,4.0,346.37
53635,0,16.0,Phone,3,21.0,Debit Card,Male,3.0,6,Mobile Phone,5,Married,15,0,22.0,13.0,2.0,21.0,259.43
53636,0,25.0,Computer,1,17.0,UPI,Female,1.0,5,Laptop & Accessory,2,Single,8,0,26.0,16.0,8.0,21.0,241.55
53637,0,5.0,Mobile Phone,3,18.0,UPI,Male,1.0,2,Others,4,Single,5,0,14.0,10.0,9.0,18.0,331.95
53638,0,8.0,Computer,1,13.0,Cash on Delivery,Male,2.0,3,Fashion,5,Married,9,0,15.0,8.0,7.0,8.0,300.39
53639,0,16.0,Mobile Phone,2,31.0,E wallet,Female,3.0,6,Grocery,3,Married,2,0,26.0,11.0,6.0,2.0,201.84
53640,0,30.0,Mobile Phone,1,24.0,UPI,Female,3.0,2,Laptop & Accessory,2,Married,4,1,23.0,11.0,7.0,21.0,102.67
53641,0,11.0,Computer,2,16.0,UPI,Male,2.0,3,Mobile Phone,3,Married,1,1,19.0,13.0,7.0,11.0,288.03
53642,0,22.0,Phone,2,26.0,Credit Card,Male,3.0,4,Laptop & Accessory,1,Single,11,0,14.0,15.0,8.0,6.0,316.33
53643,0,4.0,Phone,1,35.0,UPI,Male,3.0,3,Fashion,4,Married,8,0,17.0,7.0,8.0,8.0,132.51
53644,0,2.0,Phone,2,17.0,COD,Male,3.0,6,Mobile,4,Married,15,0,18.0,12.0,15.0,13.0,323.81
53645,0,23.0,Mobile Phone,2,5.0,E wallet,Male,1.0,3,Fashion,3,Married,15,0,22.0,9.0,8.0,0.0,316.61
53646,0,16.0,Phone,2,13.0,Debit Card,Female,2.0,3,Fashion,4,Married,2,0,17.0,13.0,4.0,9.0,104.39
53647,0,25.0,Computer,3,14.0,UPI,Male,2.0,3,Grocery,1,Married,8,1,12.0,2.0,8.0,10.0,282.13
53648,0,3.0,Mobile Phone,3,33.0,Debit Card,Male,3.0,3,Mobile Phone,1,Single,8,1,25.0,7.0,9.0,6.0,195.86
53649,0,11.0,Phone,3,34.0,UPI,Female,4.0,4,Laptop & Accessory,3,Single,8,0,23.0,1.0,6.0,16.0,112.72
53650,0,17.0,Phone,3,6.0,Credit Card,Male,3.0,6,Grocery,3,Married,11,0,11.0,3.0,16.0,16.0,182.71
53651,0,17.0,Mobile Phone,1,22.0,Debit Card,Female,2.0,4,Mobile,1,Married,6,0,15.0,16.0,11.0,4.0,251.24
53652,1,18.0,Mobile Phone,1,32.0,E wallet,Female,2.0,4,Mobile Phone,4,Married,8,1,18.0,1.0,5.0,3.0,176.58
53653,0,20.0,Mobile Phone,1,36.0,Credit Card,Male,0.0,4,Laptop & Accessory,5,Single,4,0,22.0,4.0,10.0,8.0,296.89
53654,0,17.0,Phone,3,28.0,COD,Female,2.0,6,Laptop & Accessory,3,Single,15,1,11.0,0.0,10.0,3.0,223.76
53655,0,2.0,Computer,1,18.0,Debit Card,Male,2.0,4,Others,4,Married,6,0,19.0,6.0,13.0,14.0,108.86
53656,0,50.0,Phone,1,29.0,Cash on Delivery,Female,2.0,2,Laptop & Accessory,2,Married,11,0,12.0,11.0,3.0,3.0,240.16
53657,0,9.0,Mobile Phone,1,29.0,Cash on Delivery,Female,4.0,6,Grocery,4,Married,2,1,23.0,13.0,13.0,19.0,209.44
53658,1,14.0,Phone,1,36.0,Debit Card,Female,2.0,4,Fashion,4,Married,7,0,23.0,16.0,10.0,19.0,123.69
53659,1,4.0,Computer,1,31.0,UPI,Male,3.0,2,Fashion,4,Married,12,1,19.0,8.0,16.0,8.0,210.47
53660,1,3.0,Mobile Phone,2,36.0,E wallet,Male,3.0,3,Laptop & Accessory,4,Married,1,0,16.0,13.0,4.0,1.0,299.38
53661,1,27.0,Computer,1,35.0,UPI,Male,3.0,2,Laptop & Accessory,4,Married,9,0,11.0,3.0,3.0,11.0,126.6
53662,1,3.0,Phone,2,28.0,UPI,Female,5.0,6,Laptop & Accessory,2,Married,10,0,18.0,16.0,10.0,7.0,161.66
53663,1,14.0,Mobile Phone,3,39.0,E wallet,Female,0.0,2,Fashion,2,Divorced,2,1,13.0,11.0,16.0,3.0,346.66
53664,1,16.0,Mobile Phone,2,34.0,Debit Card,Male,1.0,5,Fashion,5,Married,7,1,24.0,7.0,7.0,4.0,203.64
53665,0,2.0,Phone,1,37.0,UPI,Male,3.0,3,Grocery,3,Single,6,0,14.0,1.0,7.0,10.0,307.53
53666,0,9.0,Phone,3,37.0,Credit Card,Female,2.0,2,Mobile Phone,4,Single,2,0,20.0,15.0,9.0,0.0,226.0
53667,0,22.0,Computer,2,31.0,Credit Card,Male,5.0,3,Fashion,4,Single,6,1,15.0,13.0,7.0,0.0,158.0
53668,0,17.0,Phone,1,37.0,Debit Card,Male,2.0,1,Grocery,1,Married,3,0,19.0,5.0,3.0,17.0,121.48
53669,0,0.0,Mobile Phone,2,37.0,Credit Card,Male,1.0,5,Mobile Phone,3,Single,15,1,15.0,12.0,13.0,5.0,286.59
53670,0,61.0,Mobile Phone,2,8.0,Credit Card,Male,3.0,4,Mobile,4,Single,1,0,16.0,2.0,7.0,1.0,221.26
53671,0,30.0,Phone,2,34.0,Credit Card,Female,2.0,4,Grocery,5,Single,9,0,24.0,13.0,1.0,15.0,344.85
53672,0,0.0,Mobile Phone,1,19.0,Credit Card,Female,2.0,5,Fashion,5,Divorced,7,0,17.0,1.0,6.0,19.0,325.68
53673,0,2.0,Phone,2,33.0,Debit Card,Male,5.0,4,Grocery,3,Married,9,1,23.0,9.0,8.0,18.0,138.56
53674,1,2.0,Mobile Phone,2,32.0,Cash on Delivery,Female,0.0,4,Grocery,1,Married,12,1,15.0,14.0,6.0,4.0,264.27
53675,1,18.0,Mobile Phone,1,36.0,UPI,Male,3.0,5,Laptop & Accessory,3,Single,13,0,26.0,9.0,12.0,5.0,145.83
53676,0,28.0,Mobile Phone,2,34.0,COD,Female,2.0,5,Laptop & Accessory,1,Single,10,1,15.0,12.0,12.0,8.0,191.23
53677,0,24.0,Mobile Phone,1,16.0,Debit Card,Male,2.0,4,Fashion,3,Married,4,0,12.0,2.0,16.0,14.0,183.23
53678,1,51.0,Phone,2,7.0,UPI,Female,2.0,5,Mobile Phone,3,Divorced,13,0,24.0,11.0,5.0,13.0,228.74
53679,0,28.0,Mobile Phone,1,22.0,Debit Card,Male,1.0,3,Others,2,Divorced,15,1,12.0,0.0,16.0,9.0,308.6
53680,0,25.0,Computer,1,14.0,Credit Card,Male,0.0,2,Laptop & Accessory,1,Married,7,1,16.0,15.0,7.0,2.0,321.18
53681,0,3.0,Phone,3,26.0,Debit Card,Female,5.0,4,Mobile Phone,3,Married,2,0,20.0,16.0,14.0,8.0,270.77
53682,0,13.0,Phone,2,27.0,Credit Card,Male,3.0,3,Laptop & Accessory,3,Married,13,0,25.0,9.0,6.0,5.0,257.55
53683,0,26.0,Mobile Phone,1,15.0,E wallet,Female,4.0,1,Mobile,5,Married,1,1,16.0,2.0,7.0,10.0,330.75
53684,1,51.0,Phone,1,20.0,Debit Card,Male,1.0,3,Laptop & Accessory,1,Married,8,0,20.0,0.0,7.0,17.0,125.47
53685,0,21.0,Mobile Phone,2,20.0,Debit Card,Male,0.0,5,Mobile,4,Single,7,0,25.0,0.0,13.0,1.0,198.05
53686,0,2.0,Computer,3,22.0,E wallet,Female,3.0,5,Fashion,4,Single,5,0,16.0,9.0,9.0,4.0,154.51
53687,0,22.0,Phone,2,10.0,UPI,Male,3.0,6,Laptop & Accessory,3,Married,10,0,13.0,8.0,8.0,17.0,134.19
53688,0,20.0,Mobile Phone,2,21.0,UPI,Male,2.0,4,Laptop & Accessory,5,Married,4,0,19.0,8.0,15.0,0.0,267.73
53689,0,22.0,Phone,3,35.0,Debit Card,Male,2.0,3,Mobile Phone,4,Single,2,0,22.0,2.0,3.0,7.0,148.02
53690,1,3.0,Mobile Phone,2,14.0,UPI,Male,2.0,3,Laptop & Accessory,1,Married,13,1,17.0,15.0,11.0,5.0,340.09
53691,0,20.0,Mobile Phone,1,24.0,Debit Card,Male,1.0,5,Mobile,2,Single,6,0,14.0,8.0,9.0,17.0,231.94
53692,1,30.0,Computer,2,13.0,Credit Card,Male,4.0,3,Fashion,3,Married,5,0,19.0,11.0,13.0,9.0,217.87
53693,1,20.0,Mobile Phone,1,19.0,UPI,Female,3.0,5,Laptop & Accessory,5,Divorced,10,0,14.0,16.0,5.0,8.0,189.41
53694,0,17.0,Phone,2,6.0,Cash on Delivery,Female,2.0,5,Mobile Phone,3,Single,9,0,13.0,5.0,10.0,10.0,168.43
53695,0,61.0,Computer,1,8.0,UPI,Female,3.0,3,Others,3,Single,15,0,11.0,6.0,12.0,11.0,327.83
53696,0,23.0,Mobile Phone,1,22.0,UPI,Female,0.0,3,Mobile Phone,4,Single,10,0,14.0,12.0,8.0,15.0,253.79
53697,0,10.0,Mobile Phone,1,22.0,Debit Card,Male,4.0,6,Fashion,3,Married,14,0,25.0,10.0,4.0,6.0,159.12
53698,0,28.0,Mobile Phone,1,15.0,CC,Male,4.0,3,Grocery,4,Married,2,0,19.0,12.0,8.0,16.0,270.84
53699,0,2.0,Mobile Phone,1,30.0,UPI,Male,1.0,5,Laptop & Accessory,4,Married,5,1,24.0,3.0,1.0,10.0,159.37
53700,0,0.0,Mobile Phone,2,12.0,Debit Card,Male,3.0,3,Others,1,Married,3,0,13.0,3.0,15.0,12.0,292.66
53701,0,18.0,Computer,1,26.0,Debit Card,Male,3.0,5,Mobile Phone,3,Single,5,0,22.0,7.0,9.0,10.0,238.3
53702,0,21.0,Computer,2,9.0,Debit Card,Female,1.0,2,Laptop & Accessory,4,Married,5,0,26.0,8.0,4.0,10.0,210.56
53703,0,13.0,Phone,2,6.0,Debit Card,Female,3.0,5,Others,4,Single,5,1,24.0,14.0,7.0,17.0,263.68
53704,0,13.0,Mobile Phone,2,9.0,UPI,Female,3.0,6,Fashion,3,Married,8,1,13.0,7.0,6.0,21.0,317.87
53705,0,15.0,Computer,2,39.0,UPI,Male,3.0,5,Laptop & Accessory,4,Single,14,1,16.0,10.0,2.0,2.0,200.81
53706,0,51.0,Phone,1,36.0,CC,Male,4.0,3,Mobile Phone,4,Married,5,1,19.0,12.0,16.0,3.0,272.1
53707,0,12.0,Mobile Phone,1,23.0,Debit Card,Female,2.0,4,Fashion,5,Married,6,1,11.0,9.0,16.0,12.0,190.79
53708,0,11.0,Mobile Phone,3,8.0,Cash on Delivery,Female,3.0,4,Mobile Phone,1,Single,1,0,19.0,11.0,2.0,7.0,190.22
53709,0,17.0,Mobile Phone,2,27.0,UPI,Female,3.0,2,Laptop & Accessory,4,Married,14,0,19.0,10.0,9.0,18.0,309.7
53710,0,51.0,Computer,2,23.0,Debit Card,Male,1.0,3,Mobile Phone,4,Married,4,1,12.0,16.0,3.0,3.0,237.03
53711,0,28.0,Phone,2,30.0,CC,Female,5.0,5,Laptop & Accessory,4,Single,15,0,26.0,5.0,3.0,8.0,201.16
53712,0,4.0,Phone,1,30.0,Cash on Delivery,Female,2.0,6,Laptop & Accessory,5,Married,2,1,21.0,8.0,4.0,8.0,150.36
53713,0,5.0,Phone,2,11.0,Credit Card,Male,3.0,3,Grocery,3,Married,2,0,24.0,3.0,5.0,13.0,299.04
53714,0,30.0,Phone,1,36.0,Credit Card,Male,4.0,2,Laptop & Accessory,4,Married,11,0,22.0,12.0,15.0,13.0,257.53
53715,0,15.0,Mobile Phone,3,37.0,COD,Female,3.0,6,Fashion,4,Married,1,1,13.0,16.0,8.0,10.0,280.02
53716,0,30.0,Phone,1,30.0,Credit Card,Male,1.0,3,Laptop & Accessory,3,Married,14,0,23.0,14.0,11.0,14.0,208.99
53717,1,24.0,Computer,2,28.0,Debit Card,Female,2.0,5,Laptop & Accessory,3,Married,6,0,25.0,9.0,10.0,9.0,177.04
53718,1,51.0,Mobile Phone,1,27.0,Debit Card,Male,2.0,3,Laptop & Accessory,5,Married,14,0,19.0,2.0,4.0,10.0,281.1
53719,0,12.0,Computer,3,30.0,Credit Card,Male,3.0,6,Mobile Phone,3,Single,3,0,18.0,2.0,8.0,17.0,121.58
53720,0,9.0,Mobile Phone,3,35.0,Credit Card,Male,2.0,4,Laptop & Accessory,3,Married,2,1,19.0,8.0,7.0,20.0,265.0
53721,0,23.0,Mobile Phone,1,10.0,Credit Card,Male,3.0,3,Laptop & Accessory,4,Married,14,0,18.0,10.0,7.0,3.0,344.2
53722,0,9.0,Phone,1,35.0,Debit Card,Male,2.0,2,Grocery,3,Married,11,0,16.0,7.0,15.0,15.0,303.63
53723,1,30.0,Computer,1,16.0,CC,Female,0.0,3,Laptop & Accessory,4,Single,8,0,20.0,4.0,9.0,8.0,283.05
53724,0,12.0,Phone,2,21.0,Credit Card,Female,2.0,5,Mobile Phone,3,Married,5,0,19.0,13.0,7.0,10.0,210.24
53725,1,2.0,Phone,1,30.0,Credit Card,Female,3.0,2,Mobile Phone,4,Divorced,15,0,23.0,15.0,5.0,7.0,104.07
53726,0,17.0,Phone,2,7.0,Debit Card,Male,4.0,2,Others,4,Married,13,1,26.0,10.0,3.0,8.0,346.22
53727,0,27.0,Phone,1,19.0,CC,Male,0.0,2,Grocery,5,Married,15,0,26.0,1.0,15.0,1.0,330.17
53728,0,18.0,Mobile Phone,2,28.0,Credit Card,Male,2.0,2,Mobile Phone,5,Married,10,1,13.0,1.0,8.0,20.0,224.54
53729,0,22.0,Mobile Phone,2,34.0,Credit Card,Male,5.0,4,Mobile Phone,4,Divorced,11,1,14.0,9.0,5.0,0.0,271.84
53730,0,50.0,Mobile Phone,2,31.0,CC,Male,2.0,6,Fashion,3,Married,13,0,11.0,14.0,14.0,4.0,239.94
53731,0,12.0,Mobile Phone,2,26.0,E wallet,Female,4.0,2,Mobile Phone,3,Married,1,0,22.0,16.0,2.0,7.0,272.49
53732,1,51.0,Mobile Phone,1,6.0,Debit Card,Male,3.0,5,Fashion,4,Single,1,1,17.0,2.0,10.0,6.0,113.43
53733,0,60.0,Phone,2,11.0,CC,Male,1.0,2,Fashion,3,Married,2,1,12.0,0.0,16.0,7.0,349.61
53734,0,51.0,Phone,2,20.0,Credit Card,Male,3.0,6,Fashion,5,Married,12,0,11.0,4.0,13.0,14.0,295.13
53735,0,4.0,Mobile Phone,2,28.0,Debit Card,Male,5.0,4,Laptop & Accessory,2,Single,12,0,18.0,8.0,2.0,7.0,166.47
53736,0,17.0,Mobile Phone,1,22.0,Debit Card,Female,4.0,5,Laptop & Accessory,5,Married,3,0,20.0,1.0,1.0,20.0,235.6
53737,1,6.0,Mobile Phone,2,5.0,UPI,Female,3.0,2,Laptop & Accessory,3,Married,2,0,26.0,8.0,1.0,21.0,218.33
53738,0,23.0,Mobile Phone,3,31.0,Credit Card,Male,3.0,5,Fashion,5,Divorced,2,0,21.0,15.0,11.0,10.0,188.58
53739,0,21.0,Mobile Phone,3,13.0,Credit Card,Female,3.0,2,Mobile Phone,4,Married,5,0,21.0,10.0,12.0,1.0,209.67
53740,0,22.0,Phone,2,11.0,Debit Card,Male,2.0,1,Mobile,4,Married,13,0,23.0,8.0,10.0,3.0,242.3
53741,0,29.0,Mobile Phone,1,9.0,Cash on Delivery,Male,2.0,5,Mobile,4,Married,7,1,19.0,11.0,14.0,18.0,227.84
53742,0,17.0,Phone,1,34.0,Cash on Delivery,Male,5.0,2,Grocery,4,Married,1,0,14.0,15.0,4.0,9.0,309.54
53743,0,50.0,Phone,1,31.0,Credit Card,Female,2.0,5,Mobile Phone,1,Single,1,1,19.0,14.0,16.0,4.0,129.8
53744,1,6.0,Mobile Phone,1,14.0,E wallet,Male,2.0,4,Mobile Phone,4,Divorced,2,0,13.0,6.0,15.0,20.0,113.96
53745,0,51.0,Mobile Phone,1,29.0,Cash on Delivery,Male,2.0,3,Laptop & Accessory,5,Single,15,0,19.0,6.0,5.0,11.0,226.42
53746,0,4.0,Mobile Phone,1,22.0,Debit Card,Male,2.0,3,Laptop & Accessory,5,Single,13,0,20.0,8.0,15.0,8.0,216.87
53747,1,27.0,Mobile Phone,3,11.0,Cash on Delivery,Male,0.0,2,Mobile,5,Married,13,0,15.0,16.0,11.0,14.0,261.35
53748,0,7.0,Mobile Phone,3,35.0,CC,Female,2.0,4,Mobile Phone,3,Single,2,0,22.0,16.0,8.0,6.0,172.54
53749,0,14.0,Phone,3,36.0,Debit Card,Female,3.0,6,Laptop & Accessory,3,Married,1,0,12.0,15.0,8.0,16.0,122.41
53750,0,3.0,Mobile Phone,1,15.0,COD,Female,4.0,5,Laptop & Accessory,5,Married,13,1,22.0,12.0,9.0,11.0,301.08
53751,0,60.0,Computer,3,14.0,Debit Card,Female,3.0,4,Mobile Phone,3,Divorced,12,0,15.0,4.0,13.0,6.0,210.12
53752,0,4.0,Mobile Phone,1,26.0,UPI,Female,2.0,2,Mobile Phone,4,Single,11,1,16.0,8.0,7.0,16.0,133.97
53753,0,51.0,Phone,2,35.0,Cash on Delivery,Male,3.0,5,Mobile Phone,4,Divorced,14,0,25.0,11.0,16.0,13.0,338.91
53754,0,4.0,Phone,2,18.0,Cash on Delivery,Male,3.0,6,Grocery,3,Single,14,0,15.0,4.0,15.0,11.0,336.03
53755,0,60.0,Mobile Phone,2,7.0,Credit Card,Male,2.0,3,Fashion,4,Married,9,0,17.0,16.0,16.0,6.0,140.64
53756,0,25.0,Mobile Phone,3,28.0,UPI,Male,1.0,3,Laptop & Accessory,3,Divorced,14,0,14.0,15.0,9.0,7.0,301.69
53757,0,0.0,Phone,1,18.0,Credit Card,Male,4.0,1,Mobile Phone,4,Single,12,0,21.0,0.0,13.0,8.0,235.07
53758,1,3.0,Computer,2,20.0,Credit Card,Female,3.0,5,Fashion,4,Married,10,0,20.0,8.0,14.0,17.0,174.6
53759,0,25.0,Mobile Phone,1,32.0,UPI,Male,1.0,1,Mobile Phone,4,Single,7,1,20.0,4.0,14.0,3.0,198.34
53760,0,51.0,Mobile Phone,3,39.0,Credit Card,Female,2.0,4,Laptop & Accessory,4,Married,10,0,17.0,15.0,15.0,13.0,341.12
53761,0,51.0,Mobile Phone,1,6.0,Cash on Delivery,Male,4.0,4,Fashion,4,Single,11,0,19.0,13.0,1.0,10.0,183.48
53762,0,7.0,Mobile Phone,2,38.0,UPI,Male,3.0,2,Fashion,5,Married,7,1,12.0,8.0,6.0,11.0,153.42
53763,0,19.0,Computer,2,22.0,UPI,Male,5.0,2,Mobile,3,Divorced,13,1,25.0,10.0,16.0,6.0,216.74
53764,1,15.0,Phone,2,11.0,Debit Card,Male,3.0,5,Fashion,4,Married,12,1,21.0,10.0,1.0,8.0,253.72
53765,0,20.0,Mobile Phone,2,11.0,Credit Card,Male,1.0,3,Others,2,Divorced,6,1,21.0,13.0,16.0,6.0,171.15
53766,0,25.0,Mobile Phone,1,22.0,Debit Card,Male,3.0,5,Others,5,Single,13,1,22.0,15.0,3.0,14.0,293.46
53767,0,22.0,Mobile Phone,2,20.0,UPI,Male,2.0,5,Mobile Phone,4,Divorced,6,0,19.0,8.0,3.0,1.0,251.41
53768,0,17.0,Computer,3,10.0,Debit Card,Male,2.0,3,Laptop & Accessory,2,Single,14,0,26.0,12.0,2.0,9.0,331.99
53769,0,30.0,Computer,3,24.0,Debit Card,Female,1.0,2,Laptop & Accessory,3,Single,6,0,20.0,8.0,9.0,1.0,180.13
53770,0,11.0,Mobile Phone,1,35.0,UPI,Male,2.0,1,Mobile Phone,1,Married,12,0,12.0,8.0,4.0,10.0,266.02
53771,0,0.0,Mobile Phone,1,23.0,UPI,Female,4.0,4,Others,3,Married,15,0,17.0,16.0,5.0,8.0,321.51
53772,0,8.0,Computer,2,22.0,UPI,Male,3.0,2,Fashion,3,Married,2,0,15.0,12.0,6.0,5.0,101.1
53773,0,2.0,Mobile Phone,2,25.0,Debit Card,Male,1.0,5,Laptop & Accessory,3,Married,10,1,14.0,13.0,8.0,21.0,223.65
53774,0,25.0,Mobile Phone,1,22.0,CC,Female,3.0,3,Fashion,1,Married,7,0,17.0,10.0,10.0,13.0,238.59
53775,0,8.0,Mobile Phone,2,36.0,Debit Card,Female,3.0,4,Others,4,Married,13,0,24.0,2.0,8.0,15.0,226.97
53776,0,15.0,Mobile Phone,3,38.0,E wallet,Female,4.0,3,Laptop & Accessory,5,Married,13,1,11.0,12.0,8.0,18.0,172.92
53777,0,23.0,Mobile Phone,2,31.0,Credit Card,Male,4.0,4,Laptop & Accessory,2,Single,4,0,26.0,16.0,15.0,5.0,122.56
53778,0,13.0,Computer,1,34.0,Debit Card,Male,1.0,5,Laptop & Accessory,4,Married,11,1,13.0,6.0,11.0,12.0,316.23
53779,0,2.0,Phone,3,37.0,UPI,Female,4.0,5,Grocery,2,Divorced,2,0,12.0,8.0,13.0,9.0,227.48
53780,1,17.0,Mobile Phone,2,31.0,COD,Male,1.0,1,Others,1,Married,12,0,12.0,14.0,5.0,2.0,118.12
53781,0,51.0,Mobile Phone,1,27.0,Credit Card,Female,1.0,4,Fashion,2,Married,9,0,24.0,11.0,14.0,19.0,202.6
53782,0,23.0,Phone,1,23.0,Debit Card,Male,1.0,4,Grocery,1,Married,15,1,15.0,6.0,7.0,20.0,145.81
53783,1,8.0,Mobile Phone,1,35.0,UPI,Male,1.0,4,Fashion,3,Married,7,0,23.0,0.0,3.0,0.0,177.68
53784,0,12.0,Mobile Phone,2,8.0,UPI,Male,4.0,2,Fashion,5,Single,6,0,20.0,4.0,10.0,2.0,304.16
53785,0,1.0,Mobile Phone,1,23.0,Cash on Delivery,Female,3.0,2,Fashion,5,Married,5,1,12.0,3.0,12.0,18.0,229.95
53786,0,6.0,Phone,1,26.0,E wallet,Male,3.0,4,Laptop & Accessory,3,Married,15,0,23.0,4.0,12.0,1.0,158.99
53787,0,20.0,Mobile Phone,2,13.0,Debit Card,Female,5.0,2,Others,4,Single,10,0,13.0,9.0,3.0,20.0,302.59
53788,0,18.0,Mobile Phone,1,35.0,UPI,Male,2.0,5,Mobile Phone,5,Single,11,0,25.0,8.0,13.0,14.0,148.21
53789,0,24.0,Mobile Phone,1,22.0,Debit Card,Female,0.0,5,Grocery,2,Single,15,0,17.0,1.0,11.0,12.0,179.34
53790,0,21.0,Mobile Phone,2,14.0,COD,Male,3.0,2,Grocery,2,Married,3,1,12.0,7.0,5.0,12.0,108.3
53791,0,10.0,Computer,3,34.0,Credit Card,Female,4.0,4,Mobile,4,Married,1,1,14.0,14.0,1.0,14.0,339.27
53792,0,51.0,Phone,1,14.0,E wallet,Male,3.0,4,Mobile Phone,3,Single,5,0,12.0,10.0,7.0,11.0,204.6
53793,0,50.0,Mobile Phone,1,22.0,UPI,Female,2.0,5,Mobile,5,Married,13,1,18.0,14.0,6.0,10.0,141.67
53794,0,20.0,Mobile Phone,2,23.0,Credit Card,Male,4.0,6,Mobile Phone,2,Married,4,1,22.0,11.0,13.0,0.0,227.93
53795,0,19.0,Phone,2,27.0,Debit Card,Male,4.0,1,Mobile Phone,4,Divorced,9,0,23.0,0.0,8.0,1.0,126.47
53796,0,7.0,Mobile Phone,1,8.0,E wallet,Male,1.0,4,Fashion,4,Single,6,1,16.0,2.0,5.0,20.0,324.91
53797,0,8.0,Phone,1,22.0,UPI,Female,3.0,5,Laptop & Accessory,4,Single,7,0,18.0,9.0,1.0,11.0,115.35
53798,1,24.0,Phone,1,22.0,Cash on Delivery,Male,1.0,5,Laptop & Accessory,3,Married,11,1,25.0,9.0,8.0,13.0,255.16
53799,0,24.0,Mobile Phone,2,17.0,Debit Card,Male,2.0,4,Fashion,1,Married,3,0,16.0,11.0,6.0,10.0,322.94
53800,1,51.0,Computer,2,8.0,Credit Card,Male,4.0,2,Mobile,5,Married,7,1,21.0,0.0,8.0,5.0,161.92
53801,0,1.0,Mobile Phone,3,31.0,UPI,Male,4.0,4,Grocery,3,Married,9,1,11.0,0.0,15.0,9.0,124.56
53802,0,18.0,Mobile Phone,2,12.0,Debit Card,Female,3.0,3,Others,3,Single,9,0,19.0,6.0,12.0,7.0,215.98
53803,0,19.0,Phone,2,30.0,UPI,Male,4.0,3,Laptop & Accessory,1,Single,11,0,26.0,10.0,1.0,13.0,247.71
53804,0,28.0,Computer,3,38.0,Credit Card,Male,1.0,3,Fashion,2,Married,9,0,19.0,16.0,13.0,4.0,172.45
53805,0,5.0,Phone,1,13.0,Debit Card,Male,1.0,2,Others,3,Single,1,0,23.0,3.0,9.0,19.0,181.28
53806,1,16.0,Phone,2,14.0,Debit Card,Male,2.0,5,Fashion,4,Single,13,0,15.0,2.0,5.0,17.0,259.51
53807,0,24.0,Mobile Phone,1,5.0,UPI,Male,4.0,5,Fashion,2,Married,1,0,20.0,10.0,12.0,12.0,344.16
53808,0,3.0,Phone,1,12.0,UPI,Male,4.0,4,Laptop & Accessory,2,Single,11,1,21.0,15.0,2.0,10.0,206.2
53809,0,29.0,Mobile Phone,1,14.0,UPI,Male,3.0,3,Others,3,Married,2,0,17.0,8.0,1.0,13.0,210.94
53810,0,19.0,Phone,1,29.0,UPI,Male,5.0,5,Others,3,Single,11,0,13.0,6.0,13.0,2.0,317.62
53811,1,2.0,Mobile Phone,3,35.0,Debit Card,Female,3.0,2,Fashion,3,Married,14,0,12.0,8.0,15.0,0.0,197.44
53812,0,22.0,Mobile Phone,2,7.0,Debit Card,Male,3.0,3,Mobile Phone,3,Single,15,0,21.0,14.0,12.0,8.0,182.11
53813,0,17.0,Computer,3,39.0,Cash on Delivery,Female,3.0,4,Grocery,1,Married,14,0,18.0,8.0,6.0,17.0,216.45
53814,0,25.0,Mobile Phone,1,12.0,Debit Card,Male,4.0,5,Mobile Phone,4,Married,13,0,13.0,0.0,11.0,7.0,110.52
53815,1,7.0,Mobile Phone,2,5.0,Credit Card,Female,1.0,4,Grocery,2,Divorced,8,1,12.0,10.0,14.0,19.0,327.64
53816,0,16.0,Mobile Phone,1,9.0,UPI,Male,1.0,2,Mobile Phone,5,Single,8,0,17.0,8.0,3.0,10.0,124.46
53817,0,30.0,Mobile Phone,2,31.0,CC,Male,2.0,2,Fashion,5,Single,1,0,24.0,6.0,1.0,18.0,325.13
53818,0,51.0,Phone,2,30.0,Debit Card,Female,4.0,2,Grocery,1,Married,11,0,26.0,8.0,6.0,20.0,333.5
53819,0,26.0,Mobile Phone,1,30.0,Cash on Delivery,Female,5.0,4,Laptop & Accessory,3,Married,6,1,25.0,5.0,14.0,7.0,321.47
53820,0,3.0,Mobile Phone,2,15.0,UPI,Male,2.0,3,Laptop & Accessory,3,Married,12,0,23.0,11.0,6.0,3.0,121.74
53821,0,21.0,Mobile Phone,1,38.0,Debit Card,Male,5.0,2,Fashion,5,Married,10,1,19.0,11.0,4.0,17.0,236.52
53822,0,25.0,Mobile Phone,2,6.0,Debit Card,Male,3.0,2,Mobile,3,Divorced,3,1,16.0,13.0,6.0,5.0,188.64
53823,0,50.0,Mobile Phone,2,25.0,UPI,Female,3.0,4,Mobile Phone,4,Single,1,0,24.0,14.0,1.0,21.0,142.88
53824,0,23.0,Mobile Phone,3,30.0,UPI,Female,4.0,5,Others,3,Single,5,1,12.0,2.0,13.0,4.0,235.4
53825,0,61.0,Mobile Phone,1,16.0,UPI,Male,3.0,5,Mobile Phone,4,Single,2,1,12.0,0.0,5.0,16.0,110.42
53826,0,50.0,Mobile Phone,2,13.0,E wallet,Female,3.0,4,Mobile,2,Married,6,0,11.0,12.0,11.0,0.0,176.04
53827,0,6.0,Computer,2,27.0,UPI,Male,0.0,3,Grocery,4,Married,14,0,19.0,0.0,5.0,15.0,230.61
53828,0,51.0,Computer,1,9.0,UPI,Female,0.0,4,Others,2,Married,4,0,14.0,10.0,6.0,16.0,345.21
53829,0,30.0,Mobile Phone,2,13.0,Cash on Delivery,Male,3.0,4,Fashion,1,Single,12,0,22.0,15.0,5.0,19.0,229.35
53830,1,17.0,Mobile Phone,1,14.0,Cash on Delivery,Male,1.0,5,Others,1,Married,8,0,14.0,2.0,1.0,13.0,177.84
53831,0,10.0,Phone,1,14.0,Debit Card,Male,3.0,4,Fashion,3,Divorced,1,0,23.0,15.0,3.0,7.0,238.08
53832,0,23.0,Phone,1,18.0,Credit Card,Female,3.0,6,Fashion,4,Married,12,1,26.0,8.0,10.0,0.0,112.2
53833,0,7.0,Computer,3,14.0,UPI,Female,3.0,5,Others,4,Married,7,0,20.0,16.0,7.0,20.0,304.15
53834,0,50.0,Mobile Phone,1,26.0,Debit Card,Female,3.0,5,Laptop & Accessory,1,Divorced,10,1,14.0,15.0,5.0,4.0,325.45
53835,0,21.0,Phone,2,27.0,Debit Card,Male,5.0,5,Mobile Phone,4,Married,6,1,23.0,15.0,11.0,6.0,109.84
53836,1,60.0,Computer,1,20.0,Debit Card,Male,2.0,4,Others,2,Single,12,0,11.0,11.0,16.0,0.0,151.69
53837,1,18.0,Mobile Phone,1,15.0,UPI,Male,3.0,3,Laptop & Accessory,5,Married,15,0,22.0,2.0,16.0,7.0,108.87
53838,0,19.0,Mobile Phone,1,39.0,Debit Card,Female,4.0,5,Mobile,3,Married,9,0,20.0,0.0,7.0,3.0,325.31
53839,0,13.0,Mobile Phone,2,24.0,UPI,Female,0.0,4,Grocery,4,Single,14,0,24.0,16.0,6.0,13.0,104.57
53840,0,51.0,Mobile Phone,1,9.0,Credit Card,Male,2.0,4,Grocery,3,Single,4,0,21.0,8.0,2.0,10.0,105.5
53841,0,9.0,Mobile Phone,1,17.0,Credit Card,Female,3.0,3,Fashion,3,Single,13,0,23.0,14.0,2.0,12.0,243.36
53842,0,15.0,Phone,3,21.0,Credit Card,Female,3.0,3,Mobile Phone,5,Divorced,6,0,24.0,8.0,14.0,17.0,146.64
53843,0,3.0,Mobile Phone,2,30.0,Credit Card,Male,1.0,4,Mobile Phone,3,Single,15,0,18.0,11.0,3.0,3.0,331.26
53844,0,26.0,Mobile Phone,1,24.0,E wallet,Male,2.0,4,Grocery,4,Married,7,0,23.0,0.0,1.0,18.0,303.19
53845,0,27.0,Computer,2,37.0,E wallet,Male,3.0,3,Laptop & Accessory,4,Divorced,8,0,19.0,14.0,11.0,17.0,153.56
53846,0,15.0,Mobile Phone,1,34.0,E wallet,Female,2.0,2,Mobile Phone,2,Divorced,10,1,19.0,12.0,10.0,12.0,210.54
53847,0,51.0,Mobile Phone,2,20.0,Debit Card,Female,3.0,2,Mobile Phone,4,Single,7,0,19.0,2.0,2.0,3.0,310.65
53848,0,18.0,Mobile Phone,1,11.0,Debit Card,Female,4.0,2,Mobile,4,Single,7,0,16.0,2.0,2.0,13.0,104.34
53849,0,20.0,Mobile Phone,1,34.0,UPI,Female,3.0,5,Laptop & Accessory,3,Single,6,1,22.0,6.0,16.0,3.0,218.64
53850,0,21.0,Mobile Phone,1,6.0,UPI,Male,2.0,3,Laptop & Accessory,4,Single,6,0,26.0,2.0,14.0,10.0,214.74
53851,0,8.0,Computer,1,16.0,Debit Card,Female,3.0,4,Mobile,4,Married,1,1,17.0,2.0,3.0,11.0,333.91
53852,1,8.0,Mobile Phone,3,5.0,Debit Card,Female,3.0,3,Mobile Phone,5,Divorced,9,0,11.0,3.0,7.0,20.0,185.78
53853,0,8.0,Phone,1,7.0,COD,Female,4.0,4,Laptop & Accessory,2,Single,13,0,21.0,12.0,8.0,19.0,153.07
53854,0,26.0,Mobile Phone,1,12.0,UPI,Male,3.0,6,Mobile Phone,5,Married,8,0,15.0,11.0,16.0,10.0,180.4
53855,0,16.0,Computer,2,30.0,UPI,Female,3.0,2,Mobile Phone,4,Single,9,0,26.0,9.0,10.0,0.0,173.39
53856,0,7.0,Phone,2,15.0,Debit Card,Female,1.0,4,Others,4,Married,11,1,19.0,13.0,11.0,16.0,304.14
53857,0,15.0,Computer,1,25.0,Credit Card,Female,3.0,3,Fashion,4,Married,1,0,26.0,15.0,1.0,13.0,271.12
53858,0,17.0,Mobile Phone,1,9.0,UPI,Female,2.0,2,Laptop & Accessory,4,Single,6,0,25.0,1.0,13.0,2.0,209.57
53859,0,51.0,Computer,1,30.0,Debit Card,Male,3.0,2,Mobile Phone,3,Divorced,6,1,26.0,11.0,4.0,10.0,313.91
53860,0,0.0,Computer,1,25.0,CC,Female,2.0,3,Laptop & Accessory,3,Married,12,0,16.0,16.0,1.0,5.0,247.93
53861,0,11.0,Phone,1,13.0,Cash on Delivery,Male,0.0,4,Fashion,5,Divorced,9,0,23.0,15.0,5.0,20.0,131.18
53862,1,5.0,Mobile Phone,1,21.0,Credit Card,Male,3.0,4,Fashion,5,Single,2,0,18.0,4.0,6.0,5.0,269.84
53863,0,4.0,Mobile Phone,2,6.0,CC,Female,1.0,4,Fashion,5,Single,1,0,11.0,4.0,8.0,21.0,165.92
53864,0,15.0,Mobile Phone,3,32.0,UPI,Male,2.0,5,Mobile,1,Divorced,2,1,18.0,15.0,8.0,13.0,271.15
53865,0,17.0,Mobile Phone,2,31.0,Credit Card,Male,2.0,2,Others,5,Divorced,6,0,17.0,4.0,12.0,12.0,228.95
53866,0,17.0,Phone,1,5.0,Debit Card,Female,2.0,5,Laptop & Accessory,5,Married,7,1,12.0,6.0,2.0,10.0,287.92
53867,0,0.0,Phone,2,15.0,Credit Card,Male,1.0,4,Laptop & Accessory,3,Divorced,7,1,19.0,11.0,9.0,7.0,220.81
53868,0,18.0,Phone,2,22.0,Debit Card,Female,3.0,5,Fashion,5,Married,13,0,17.0,14.0,9.0,5.0,320.79
53869,0,17.0,Mobile Phone,3,31.0,Debit Card,Male,4.0,3,Mobile Phone,2,Married,3,1,14.0,14.0,15.0,21.0,191.09
53870,0,2.0,Mobile Phone,2,14.0,UPI,Male,2.0,4,Mobile Phone,1,Single,4,1,20.0,5.0,6.0,12.0,174.44
53871,0,24.0,Mobile Phone,2,25.0,Debit Card,Male,3.0,3,Others,3,Divorced,3,0,20.0,2.0,6.0,5.0,155.5
53872,0,4.0,Mobile Phone,1,32.0,UPI,Female,3.0,2,Mobile,1,Married,11,0,21.0,0.0,5.0,6.0,235.32
53873,0,17.0,Phone,1,5.0,UPI,Male,2.0,2,Others,4,Single,13,0,16.0,13.0,6.0,20.0,172.71
53874,0,17.0,Mobile Phone,1,18.0,Credit Card,Female,2.0,4,Mobile Phone,5,Single,9,0,19.0,7.0,3.0,10.0,279.86
53875,0,30.0,Phone,1,24.0,Debit Card,Female,1.0,4,Fashion,3,Single,14,0,14.0,3.0,13.0,17.0,160.86
53876,0,51.0,Phone,1,13.0,Debit Card,Female,4.0,4,Laptop & Accessory,4,Single,3,0,20.0,4.0,3.0,2.0,228.71
53877,0,17.0,Computer,2,31.0,Credit Card,Male,3.0,1,Mobile,3,Single,12,1,26.0,1.0,12.0,17.0,254.96
53878,0,15.0,Mobile Phone,2,8.0,Credit Card,Male,2.0,4,Laptop & Accessory,3,Married,10,0,12.0,15.0,13.0,16.0,220.22
53879,0,15.0,Phone,3,22.0,Debit Card,Female,3.0,2,Laptop & Accessory,5,Single,6,0,19.0,6.0,8.0,4.0,110.57
53880,0,6.0,Mobile Phone,1,35.0,UPI,Male,3.0,4,Laptop & Accessory,5,Married,6,0,22.0,1.0,14.0,10.0,184.02
53881,0,13.0,Mobile Phone,1,14.0,Cash on Delivery,Male,1.0,3,Fashion,2,Married,5,1,11.0,6.0,1.0,20.0,310.75
53882,1,24.0,Phone,3,13.0,Debit Card,Male,3.0,6,Others,4,Married,5,0,16.0,13.0,4.0,10.0,276.34
53883,0,50.0,Phone,3,32.0,UPI,Female,2.0,3,Laptop & Accessory,2,Single,11,0,17.0,8.0,13.0,0.0,347.11
53884,0,21.0,Mobile Phone,2,32.0,UPI,Male,3.0,5,Laptop & Accessory,3,Divorced,14,0,18.0,7.0,16.0,5.0,173.1
53885,0,15.0,Mobile Phone,1,17.0,E wallet,Male,3.0,3,Laptop & Accessory,3,Married,8,0,14.0,5.0,2.0,12.0,332.64
53886,0,17.0,Phone,2,22.0,Debit Card,Female,3.0,2,Fashion,2,Married,14,0,11.0,8.0,12.0,2.0,206.67
53887,0,15.0,Mobile Phone,1,16.0,UPI,Female,3.0,3,Mobile Phone,4,Single,9,1,11.0,7.0,8.0,16.0,118.41
53888,0,11.0,Phone,3,12.0,E wallet,Male,3.0,3,Laptop & Accessory,5,Married,8,0,25.0,8.0,10.0,13.0,189.75
53889,0,16.0,Computer,2,27.0,UPI,Male,0.0,5,Mobile Phone,4,Single,8,1,19.0,3.0,5.0,18.0,150.51
53890,0,26.0,Phone,1,9.0,UPI,Male,0.0,5,Laptop & Accessory,4,Married,11,0,13.0,12.0,13.0,8.0,171.14
53891,0,24.0,Phone,3,11.0,Debit Card,Male,4.0,3,Others,1,Divorced,10,0,19.0,13.0,8.0,13.0,183.52
53892,1,12.0,Phone,2,19.0,COD,Male,3.0,2,Laptop & Accessory,1,Single,15,0,24.0,0.0,11.0,7.0,177.81
53893,0,7.0,Computer,3,7.0,Cash on Delivery,Male,4.0,1,Mobile Phone,3,Single,3,0,16.0,0.0,4.0,0.0,108.41
53894,0,4.0,Phone,3,22.0,Credit Card,Male,3.0,4,Mobile Phone,4,Married,6,0,17.0,1.0,12.0,10.0,173.63
53895,0,11.0,Mobile Phone,1,30.0,Debit Card,Male,3.0,5,Mobile Phone,4,Married,9,0,24.0,3.0,6.0,6.0,248.08
53896,0,2.0,Mobile Phone,1,37.0,Debit Card,Male,3.0,4,Fashion,3,Married,5,1,17.0,12.0,10.0,19.0,294.14
53897,0,61.0,Computer,2,25.0,UPI,Female,2.0,4,Fashion,1,Single,4,0,12.0,15.0,6.0,16.0,101.53
53898,1,51.0,Mobile Phone,3,21.0,Debit Card,Male,3.0,6,Laptop & Accessory,1,Married,13,0,21.0,8.0,6.0,12.0,124.98
53899,1,17.0,Phone,3,6.0,Credit Card,Male,4.0,1,Laptop & Accessory,5,Single,15,0,26.0,14.0,10.0,18.0,255.82
53900,0,8.0,Computer,2,29.0,Credit Card,Male,5.0,6,Fashion,2,Divorced,9,0,25.0,6.0,8.0,12.0,119.59
53901,0,17.0,Phone,1,23.0,Cash on Delivery,Male,3.0,3,Laptop & Accessory,5,Married,5,0,16.0,14.0,14.0,14.0,104.06
53902,0,28.0,Mobile Phone,1,29.0,Debit Card,Female,2.0,3,Grocery,3,Married,6,0,19.0,3.0,2.0,15.0,178.83
53903,0,26.0,Mobile Phone,2,8.0,Credit Card,Female,3.0,5,Fashion,4,Married,11,0,14.0,15.0,16.0,12.0,273.16
53904,0,16.0,Mobile Phone,2,7.0,Cash on Delivery,Male,4.0,3,Mobile,2,Divorced,11,0,23.0,8.0,8.0,3.0,313.18
53905,0,60.0,Mobile Phone,2,38.0,UPI,Female,4.0,5,Fashion,3,Divorced,11,0,19.0,10.0,14.0,15.0,232.78
53906,1,2.0,Computer,2,14.0,Cash on Delivery,Female,3.0,3,Laptop & Accessory,5,Married,7,0,18.0,15.0,2.0,13.0,218.97
53907,0,4.0,Phone,2,31.0,Debit Card,Male,4.0,6,Laptop & Accessory,5,Married,8,1,13.0,0.0,9.0,17.0,231.31
53908,1,13.0,Phone,3,30.0,Credit Card,Male,1.0,2,Laptop & Accessory,4,Married,3,1,17.0,2.0,14.0,19.0,211.79
53909,0,2.0,Mobile Phone,1,31.0,CC,Female,3.0,6,Grocery,4,Single,1,1,18.0,0.0,13.0,7.0,295.38
53910,0,22.0,Mobile Phone,1,5.0,UPI,Female,1.0,5,Laptop & Accessory,5,Single,10,0,16.0,0.0,16.0,21.0,254.69
53911,0,29.0,Mobile Phone,2,24.0,UPI,Male,3.0,2,Fashion,2,Single,11,0,14.0,1.0,6.0,4.0,136.32
53912,0,22.0,Mobile Phone,3,29.0,Debit Card,Male,3.0,3,Fashion,4,Married,5,0,24.0,11.0,10.0,1.0,334.45
53913,0,26.0,Phone,1,14.0,Credit Card,Female,0.0,2,Fashion,4,Married,9,0,18.0,1.0,1.0,8.0,147.06
53914,0,9.0,Phone,1,5.0,Credit Card,Male,3.0,4,Mobile Phone,3,Married,14,0,24.0,4.0,10.0,10.0,143.24
53915,0,24.0,Mobile Phone,1,20.0,Debit Card,Female,1.0,6,Laptop & Accessory,1,Single,9,0,21.0,7.0,7.0,17.0,191.65
53916,1,12.0,Phone,1,15.0,Cash on Delivery,Male,1.0,2,Laptop & Accessory,2,Married,4,1,26.0,16.0,6.0,7.0,193.34
53917,0,15.0,Computer,1,8.0,Cash on Delivery,Male,1.0,3,Others,4,Married,3,0,14.0,3.0,13.0,14.0,120.29
53918,0,60.0,Mobile Phone,2,39.0,E wallet,Male,3.0,5,Others,4,Married,5,0,16.0,11.0,9.0,20.0,124.55
53919,0,21.0,Phone,1,17.0,UPI,Female,1.0,4,Laptop & Accessory,1,Married,15,0,12.0,0.0,5.0,2.0,343.1
53920,1,16.0,Mobile Phone,2,25.0,UPI,Male,1.0,3,Mobile,4,Single,2,1,22.0,5.0,8.0,21.0,129.75
53921,0,22.0,Phone,1,19.0,E wallet,Female,2.0,4,Fashion,3,Married,2,1,12.0,7.0,14.0,11.0,339.9
53922,1,8.0,Mobile Phone,1,14.0,UPI,Male,0.0,3,Others,1,Divorced,6,0,25.0,2.0,7.0,2.0,272.71
53923,0,1.0,Phone,2,15.0,Credit Card,Male,2.0,3,Mobile Phone,5,Married,5,0,25.0,7.0,11.0,4.0,154.47
53924,0,50.0,Mobile Phone,2,36.0,Credit Card,Male,3.0,5,Laptop & Accessory,3,Married,9,0,26.0,10.0,8.0,18.0,203.05
53925,0,21.0,Mobile Phone,1,37.0,UPI,Female,3.0,3,Mobile Phone,4,Single,13,0,14.0,1.0,6.0,6.0,157.76
53926,1,12.0,Computer,3,24.0,Debit Card,Female,5.0,5,Fashion,4,Divorced,4,0,16.0,8.0,13.0,10.0,158.52
53927,0,7.0,Mobile Phone,1,34.0,Debit Card,Male,1.0,2,Grocery,3,Divorced,1,1,13.0,5.0,12.0,19.0,261.98
53928,0,0.0,Mobile Phone,1,14.0,UPI,Male,4.0,3,Laptop & Accessory,2,Married,14,0,23.0,1.0,5.0,7.0,184.08
53929,1,16.0,Phone,2,19.0,UPI,Female,2.0,4,Mobile Phone,3,Married,12,1,13.0,11.0,3.0,10.0,311.98
53930,0,11.0,Mobile Phone,3,33.0,Cash on Delivery,Male,2.0,3,Laptop & Accessory,3,Married,10,0,16.0,9.0,2.0,16.0,231.71
53931,0,3.0,Phone,1,5.0,UPI,Male,2.0,3,Others,3,Married,6,0,20.0,15.0,15.0,18.0,165.4
53932,0,17.0,Phone,1,25.0,Debit Card,Male,1.0,5,Mobile Phone,1,Single,8,0,22.0,14.0,12.0,16.0,108.64
53933,0,30.0,Mobile Phone,2,22.0,UPI,Female,3.0,2,Others,2,Married,15,0,25.0,9.0,8.0,5.0,248.28
53934,0,6.0,Mobile Phone,1,7.0,Debit Card,Female,4.0,4,Laptop & Accessory,2,Single,7,0,18.0,10.0,11.0,6.0,334.34
53935,0,22.0,Phone,2,37.0,Debit Card,Male,4.0,3,Mobile Phone,4,Single,3,0,16.0,15.0,5.0,0.0,226.54
53936,0,23.0,Mobile Phone,1,23.0,Debit Card,Male,5.0,3,Fashion,4,Married,4,1,22.0,10.0,3.0,1.0,235.45
53937,1,4.0,Computer,3,8.0,UPI,Female,4.0,3,Laptop & Accessory,5,Single,13,0,18.0,15.0,2.0,15.0,167.43
53938,0,4.0,Mobile Phone,1,16.0,Debit Card,Male,3.0,4,Grocery,3,Married,11,0,19.0,10.0,4.0,9.0,264.13
53939,0,16.0,Phone,3,29.0,Debit Card,Male,3.0,5,Mobile,3,Divorced,10,1,14.0,0.0,9.0,19.0,226.9
53940,0,29.0,Computer,1,38.0,Cash on Delivery,Male,4.0,4,Laptop & Accessory,4,Married,13,0,15.0,0.0,11.0,2.0,278.56
53941,1,8.0,Phone,3,21.0,Debit Card,Male,3.0,2,Mobile Phone,5,Married,12,0,24.0,4.0,8.0,16.0,130.19
53942,0,5.0,Mobile Phone,1,10.0,Debit Card,Female,1.0,5,Mobile,3,Married,5,0,13.0,1.0,15.0,6.0,157.65
53943,0,24.0,Phone,1,16.0,CC,Male,3.0,2,Mobile Phone,3,Single,3,0,19.0,14.0,15.0,20.0,306.18
53944,0,18.0,Phone,1,19.0,Credit Card,Male,2.0,4,Fashion,3,Single,13,0,17.0,0.0,14.0,15.0,341.72
53945,0,17.0,Phone,3,21.0,Debit Card,Male,3.0,4,Grocery,3,Divorced,12,0,21.0,3.0,8.0,18.0,304.54
53946,0,20.0,Mobile Phone,1,5.0,Debit Card,Female,4.0,3,Mobile Phone,1,Single,8,0,17.0,16.0,14.0,16.0,211.54
53947,0,1.0,Phone,1,18.0,Credit Card,Female,3.0,6,Mobile Phone,3,Married,9,1,16.0,7.0,11.0,11.0,118.06
53948,0,9.0,Mobile Phone,1,6.0,UPI,Male,5.0,4,Mobile Phone,4,Single,7,0,14.0,3.0,7.0,7.0,318.79
53949,0,15.0,Mobile Phone,3,8.0,Debit Card,Female,4.0,4,Grocery,2,Single,8,1,17.0,8.0,7.0,14.0,302.11
53950,0,14.0,Phone,1,6.0,Debit Card,Male,1.0,3,Mobile Phone,5,Single,14,0,22.0,2.0,5.0,10.0,340.1
53951,0,12.0,Mobile Phone,1,30.0,E wallet,Female,0.0,2,Mobile Phone,4,Married,2,1,22.0,13.0,8.0,10.0,202.38
53952,0,12.0,Phone,3,37.0,Credit Card,Male,2.0,5,Laptop & Accessory,4,Single,10,0,13.0,11.0,4.0,5.0,272.67
53953,0,50.0,Computer,3,10.0,UPI,Male,4.0,2,Fashion,4,Married,3,1,23.0,1.0,8.0,17.0,139.68
53954,1,7.0,Computer,1,34.0,Debit Card,Male,2.0,3,Others,3,Single,13,0,16.0,3.0,9.0,6.0,329.37
53955,0,17.0,Phone,3,26.0,Debit Card,Male,3.0,2,Laptop & Accessory,2,Single,15,1,22.0,8.0,11.0,6.0,274.87
53956,0,25.0,Phone,1,31.0,UPI,Female,3.0,2,Laptop & Accessory,5,Single,13,0,14.0,15.0,8.0,2.0,280.51
53957,0,9.0,Mobile Phone,1,22.0,E wallet,Female,3.0,5,Mobile Phone,5,Single,4,1,15.0,0.0,9.0,16.0,268.4
53958,1,30.0,Phone,3,14.0,Debit Card,Female,1.0,6,Mobile Phone,4,Divorced,10,0,16.0,14.0,1.0,21.0,280.09
53959,0,17.0,Mobile Phone,2,10.0,COD,Male,2.0,4,Fashion,3,Single,2,0,17.0,7.0,2.0,13.0,137.96
53960,1,28.0,Mobile Phone,1,30.0,Debit Card,Female,2.0,5,Laptop & Accessory,3,Married,3,1,24.0,12.0,5.0,7.0,269.14
53961,0,4.0,Phone,1,7.0,UPI,Male,3.0,4,Grocery,3,Single,8,0,17.0,10.0,15.0,19.0,198.26
53962,0,17.0,Mobile Phone,1,7.0,Debit Card,Female,3.0,4,Fashion,2,Married,10,1,17.0,10.0,9.0,9.0,183.79
53963,0,0.0,Mobile Phone,2,22.0,Credit Card,Female,4.0,5,Mobile Phone,4,Married,12,0,15.0,4.0,8.0,10.0,164.85
53964,0,22.0,Phone,3,14.0,UPI,Male,2.0,2,Mobile Phone,2,Married,12,0,22.0,2.0,2.0,2.0,316.11
53965,0,2.0,Mobile Phone,1,17.0,Credit Card,Female,3.0,2,Mobile Phone,2,Married,7,1,24.0,11.0,1.0,1.0,284.7
53966,0,2.0,Mobile Phone,3,16.0,UPI,Male,5.0,2,Laptop & Accessory,1,Married,6,0,20.0,13.0,5.0,21.0,174.18
53967,0,6.0,Mobile Phone,1,31.0,UPI,Male,3.0,3,Grocery,4,Single,6,1,19.0,12.0,7.0,5.0,127.3
53968,0,61.0,Phone,2,12.0,Credit Card,Female,2.0,6,Fashion,5,Married,2,0,15.0,2.0,12.0,18.0,206.35
53969,0,14.0,Phone,1,9.0,Debit Card,Male,4.0,5,Mobile,3,Single,8,0,15.0,11.0,13.0,2.0,253.99
53970,0,2.0,Phone,2,34.0,UPI,Male,0.0,5,Mobile Phone,5,Single,11,0,13.0,14.0,4.0,5.0,102.51
53971,0,28.0,Mobile Phone,1,33.0,Debit Card,Male,2.0,3,Fashion,5,Married,12,1,19.0,1.0,2.0,13.0,230.25
53972,0,29.0,Phone,3,26.0,UPI,Male,2.0,5,Others,4,Married,6,0,22.0,6.0,10.0,18.0,125.9
53973,0,17.0,Phone,1,18.0,Cash on Delivery,Male,1.0,3,Fashion,2,Married,15,0,19.0,3.0,14.0,21.0,304.65
53974,0,10.0,Mobile Phone,1,14.0,Debit Card,Female,3.0,4,Laptop & Accessory,3,Single,11,0,19.0,8.0,4.0,18.0,267.75
53975,0,0.0,Mobile Phone,3,15.0,CC,Male,3.0,5,Fashion,4,Divorced,5,0,14.0,10.0,16.0,20.0,195.01
53976,1,28.0,Phone,1,39.0,E wallet,Female,2.0,2,Mobile Phone,3,Married,10,1,21.0,16.0,11.0,19.0,155.79
53977,0,9.0,Phone,1,27.0,UPI,Female,2.0,5,Mobile Phone,4,Single,13,0,23.0,6.0,8.0,20.0,195.83
53978,0,27.0,Phone,2,12.0,Debit Card,Male,2.0,5,Fashion,3,Married,5,0,21.0,14.0,1.0,15.0,323.71
53979,0,30.0,Mobile Phone,3,25.0,Cash on Delivery,Female,2.0,4,Mobile Phone,3,Single,15,0,13.0,2.0,1.0,0.0,116.88
53980,0,18.0,Phone,1,32.0,E wallet,Male,2.0,2,Fashion,4,Single,2,1,25.0,13.0,12.0,10.0,329.72
53981,0,2.0,Phone,1,35.0,Debit Card,Male,2.0,4,Laptop & Accessory,2,Single,13,0,14.0,8.0,9.0,9.0,118.71
53982,0,14.0,Phone,1,22.0,E wallet,Male,3.0,3,Laptop & Accessory,4,Single,2,0,12.0,11.0,2.0,20.0,109.18
53983,0,51.0,Phone,3,31.0,E wallet,Male,3.0,5,Mobile Phone,4,Married,14,0,25.0,12.0,6.0,16.0,149.86
53984,0,25.0,Computer,1,25.0,UPI,Female,2.0,1,Mobile Phone,3,Single,7,0,16.0,8.0,14.0,9.0,136.57
53985,0,15.0,Computer,1,13.0,Cash on Delivery,Male,5.0,4,Laptop & Accessory,3,Married,11,0,16.0,13.0,11.0,5.0,332.97
53986,0,51.0,Phone,2,33.0,UPI,Female,2.0,3,Grocery,5,Married,5,1,24.0,2.0,8.0,9.0,161.15
53987,0,19.0,Phone,1,19.0,Credit Card,Female,3.0,3,Others,4,Married,13,0,17.0,6.0,12.0,13.0,306.23
53988,1,12.0,Mobile Phone,1,37.0,UPI,Male,1.0,4,Grocery,4,Married,7,0,26.0,1.0,10.0,6.0,180.09
53989,0,51.0,Phone,3,32.0,Debit Card,Female,3.0,2,Others,5,Single,8,1,23.0,8.0,10.0,10.0,137.03
53990,0,4.0,Phone,1,14.0,Credit Card,Female,3.0,6,Grocery,3,Married,4,0,24.0,3.0,7.0,10.0,205.22
53991,0,13.0,Mobile Phone,2,27.0,Debit Card,Female,3.0,5,Mobile Phone,3,Single,5,1,16.0,7.0,15.0,10.0,124.46
53992,1,26.0,Mobile Phone,3,32.0,Credit Card,Male,1.0,2,Mobile Phone,2,Single,1,1,23.0,13.0,16.0,5.0,250.78
53993,0,22.0,Mobile Phone,1,38.0,E wallet,Male,2.0,2,Laptop & Accessory,4,Married,6,1,18.0,8.0,16.0,7.0,140.08
53994,0,13.0,Mobile Phone,1,9.0,Debit Card,Male,3.0,3,Laptop & Accessory,5,Married,13,0,19.0,8.0,4.0,13.0,240.14
53995,0,3.0,Mobile Phone,3,22.0,UPI,Female,4.0,3,Laptop & Accessory,5,Single,13,0,24.0,9.0,12.0,17.0,159.01
53996,0,18.0,Mobile Phone,2,10.0,Credit Card,Male,2.0,4,Mobile Phone,3,Married,12,0,12.0,15.0,15.0,2.0,329.32
53997,1,3.0,Phone,1,27.0,Debit Card,Female,2.0,4,Laptop & Accessory,2,Married,1,0,20.0,9.0,5.0,8.0,154.47
53998,1,29.0,Mobile Phone,1,32.0,Cash on Delivery,Female,0.0,2,Mobile,5,Married,3,1,26.0,1.0,10.0,3.0,216.88
53999,0,18.0,Mobile Phone,2,17.0,UPI,Male,1.0,6,Laptop & Accessory,5,Divorced,10,0,17.0,0.0,8.0,17.0,104.35
54000,0,30.0,Computer,1,29.0,Credit Card,Male,1.0,5,Grocery,2,Married,13,0,24.0,8.0,6.0,13.0,130.22
54001,0,30.0,Mobile Phone,2,11.0,Debit Card,Female,2.0,4,Grocery,5,Single,3,0,19.0,8.0,3.0,4.0,140.42
54002,1,8.0,Computer,3,6.0,Debit Card,Male,4.0,3,Laptop & Accessory,3,Single,14,0,11.0,6.0,13.0,12.0,306.92
54003,0,12.0,Phone,1,20.0,Debit Card,Male,3.0,6,Fashion,1,Married,7,1,19.0,9.0,2.0,8.0,255.95
54004,1,13.0,Mobile Phone,3,6.0,Debit Card,Male,4.0,3,Grocery,5,Married,11,0,21.0,14.0,16.0,14.0,110.01
54005,0,9.0,Mobile Phone,2,6.0,UPI,Male,4.0,3,Others,1,Divorced,10,0,24.0,9.0,7.0,9.0,145.14
54006,0,30.0,Mobile Phone,1,22.0,Credit Card,Male,3.0,3,Mobile,1,Single,2,1,15.0,15.0,4.0,17.0,317.11
54007,0,22.0,Mobile Phone,2,18.0,Debit Card,Male,3.0,1,Others,5,Single,11,1,15.0,14.0,6.0,20.0,176.65
54008,0,26.0,Mobile Phone,2,31.0,Debit Card,Male,5.0,2,Mobile Phone,2,Married,15,1,15.0,14.0,11.0,19.0,152.27
54009,0,5.0,Mobile Phone,1,19.0,UPI,Male,3.0,4,Laptop & Accessory,4,Married,9,1,13.0,15.0,3.0,10.0,299.13
54010,1,25.0,Mobile Phone,1,25.0,Cash on Delivery,Male,3.0,5,Mobile Phone,5,Single,4,0,24.0,16.0,10.0,3.0,199.13
54011,0,1.0,Phone,2,16.0,Credit Card,Male,4.0,6,Mobile Phone,5,Married,11,0,26.0,8.0,9.0,11.0,220.96
54012,1,12.0,Mobile Phone,2,37.0,Debit Card,Female,1.0,5,Laptop & Accessory,2,Married,6,0,16.0,5.0,3.0,3.0,276.26
54013,1,18.0,Phone,3,26.0,E wallet,Male,3.0,3,Laptop & Accessory,4,Married,6,0,25.0,14.0,2.0,21.0,327.01
54014,0,0.0,Mobile Phone,3,22.0,E wallet,Male,3.0,3,Fashion,1,Single,2,0,12.0,15.0,7.0,10.0,274.64
54015,0,50.0,Phone,1,6.0,UPI,Female,4.0,3,Laptop & Accessory,1,Single,12,0,20.0,12.0,3.0,8.0,198.44
54016,0,21.0,Mobile Phone,2,33.0,Credit Card,Male,4.0,4,Others,5,Married,10,1,18.0,11.0,8.0,11.0,341.05
54017,0,28.0,Phone,1,11.0,UPI,Male,3.0,4,Laptop & Accessory,3,Married,15,1,18.0,0.0,5.0,6.0,237.07
54018,0,1.0,Mobile Phone,1,35.0,CC,Female,3.0,4,Laptop & Accessory,2,Married,11,0,26.0,11.0,7.0,15.0,325.58
54019,1,10.0,Phone,1,22.0,UPI,Male,4.0,3,Laptop & Accessory,4,Married,4,1,15.0,9.0,10.0,7.0,321.91
54020,0,16.0,Mobile Phone,2,22.0,CC,Female,3.0,4,Laptop & Accessory,2,Divorced,2,0,16.0,3.0,2.0,14.0,227.72
54021,1,7.0,Phone,1,12.0,Debit Card,Female,5.0,4,Fashion,5,Married,10,0,12.0,8.0,5.0,16.0,152.1
54022,0,21.0,Mobile Phone,1,37.0,UPI,Male,2.0,5,Mobile,4,Single,14,0,15.0,3.0,8.0,10.0,192.99
54023,0,3.0,Phone,1,9.0,Cash on Delivery,Male,4.0,5,Mobile Phone,3,Married,1,0,18.0,9.0,7.0,8.0,143.83
54024,0,10.0,Mobile Phone,1,18.0,Cash on Delivery,Male,3.0,3,Fashion,3,Single,15,0,20.0,2.0,6.0,1.0,139.66
54025,0,7.0,Mobile Phone,3,17.0,Credit Card,Male,2.0,3,Grocery,5,Married,10,0,24.0,16.0,6.0,5.0,323.73
54026,1,8.0,Mobile Phone,3,15.0,E wallet,Female,0.0,3,Mobile Phone,5,Married,7,0,24.0,5.0,4.0,7.0,135.2
54027,0,25.0,Mobile Phone,2,24.0,Credit Card,Male,2.0,2,Laptop & Accessory,5,Single,5,0,17.0,13.0,10.0,2.0,343.72
54028,1,1.0,Phone,2,27.0,Credit Card,Male,4.0,2,Mobile Phone,3,Married,11,1,26.0,5.0,8.0,1.0,169.5
54029,0,15.0,Computer,2,31.0,UPI,Male,2.0,1,Mobile Phone,5,Married,5,0,22.0,13.0,6.0,17.0,214.65
54030,0,30.0,Mobile Phone,2,19.0,UPI,Male,2.0,3,Others,3,Single,3,0,25.0,2.0,12.0,13.0,146.38
54031,0,5.0,Phone,2,34.0,UPI,Male,3.0,6,Mobile,4,Married,1,0,25.0,4.0,10.0,5.0,193.32
54032,0,20.0,Phone,1,20.0,Credit Card,Male,2.0,4,Fashion,4,Single,3,1,19.0,4.0,7.0,11.0,249.77
54033,0,25.0,Phone,1,22.0,UPI,Female,3.0,5,Fashion,4,Single,9,0,22.0,2.0,7.0,7.0,329.01
54034,0,18.0,Mobile Phone,1,27.0,Debit Card,Male,2.0,3,Fashion,4,Married,14,1,19.0,14.0,7.0,13.0,335.59
54035,0,27.0,Mobile Phone,1,12.0,Debit Card,Male,5.0,3,Mobile Phone,2,Single,14,1,18.0,7.0,14.0,21.0,113.3
54036,0,7.0,Computer,1,33.0,E wallet,Male,3.0,2,Fashion,2,Married,4,0,12.0,7.0,16.0,10.0,232.96
54037,0,13.0,Mobile Phone,2,16.0,Debit Card,Male,4.0,3,Laptop & Accessory,5,Married,15,1,25.0,11.0,11.0,5.0,134.01
54038,0,17.0,Phone,2,22.0,Debit Card,Male,3.0,6,Mobile Phone,4,Divorced,5,0,14.0,8.0,1.0,11.0,136.3
54039,0,25.0,Phone,1,23.0,UPI,Male,2.0,4,Mobile Phone,5,Single,6,0,23.0,12.0,3.0,10.0,305.22
54040,0,30.0,Mobile Phone,1,37.0,Debit Card,Male,4.0,3,Laptop & Accessory,4,Married,15,1,26.0,5.0,10.0,5.0,181.53
54041,0,50.0,Mobile Phone,2,9.0,UPI,Male,1.0,4,Mobile Phone,1,Married,13,0,14.0,9.0,7.0,13.0,346.15
54042,1,1.0,Phone,1,32.0,Debit Card,Male,2.0,3,Mobile Phone,2,Married,9,0,18.0,5.0,16.0,12.0,299.47
54043,1,24.0,Mobile Phone,1,30.0,Debit Card,Female,2.0,5,Fashion,4,Married,13,0,12.0,8.0,4.0,7.0,236.75
54044,0,1.0,Mobile Phone,3,25.0,Cash on Delivery,Male,3.0,2,Mobile Phone,2,Married,5,0,20.0,7.0,12.0,3.0,108.89
54045,1,0.0,Mobile Phone,2,27.0,Cash on Delivery,Female,2.0,4,Laptop & Accessory,1,Married,7,0,19.0,3.0,5.0,7.0,118.06
54046,0,11.0,Computer,3,22.0,Debit Card,Male,3.0,5,Mobile Phone,2,Married,9,1,22.0,14.0,5.0,17.0,251.33
54047,1,8.0,Mobile Phone,3,15.0,Credit Card,Female,5.0,5,Mobile Phone,3,Single,1,0,19.0,12.0,6.0,20.0,310.01
54048,0,27.0,Phone,3,20.0,Credit Card,Male,3.0,3,Others,2,Married,2,0,14.0,2.0,15.0,18.0,229.14
54049,1,51.0,Mobile Phone,1,37.0,Credit Card,Male,2.0,5,Mobile Phone,1,Married,5,1,13.0,6.0,8.0,10.0,318.1
54050,0,21.0,Mobile Phone,1,31.0,UPI,Female,3.0,6,Laptop & Accessory,4,Divorced,5,0,20.0,12.0,13.0,18.0,200.44
54051,0,24.0,Computer,1,5.0,Debit Card,Female,4.0,4,Grocery,5,Single,12,0,18.0,14.0,6.0,5.0,330.12
54052,0,17.0,Phone,1,20.0,Credit Card,Female,2.0,5,Mobile,5,Married,13,1,11.0,6.0,9.0,10.0,322.6
54053,0,5.0,Mobile Phone,2,9.0,UPI,Male,1.0,4,Laptop & Accessory,5,Married,9,0,17.0,0.0,8.0,7.0,257.13
54054,1,17.0,Phone,2,22.0,Debit Card,Male,1.0,5,Mobile,1,Divorced,11,0,17.0,13.0,16.0,20.0,324.65
54055,0,15.0,Mobile Phone,3,38.0,UPI,Male,3.0,6,Fashion,2,Married,15,0,25.0,12.0,16.0,17.0,234.34
54056,1,14.0,Phone,3,29.0,Cash on Delivery,Female,3.0,5,Grocery,2,Married,7,1,19.0,9.0,14.0,4.0,125.75
54057,0,7.0,Mobile Phone,2,38.0,UPI,Female,3.0,2,Mobile Phone,4,Married,10,1,23.0,11.0,16.0,14.0,284.95
54058,0,12.0,Phone,2,19.0,Debit Card,Male,3.0,2,Fashion,5,Single,9,0,20.0,11.0,13.0,16.0,260.76
54059,1,6.0,Phone,1,8.0,Cash on Delivery,Female,3.0,5,Grocery,4,Single,11,0,18.0,9.0,4.0,10.0,269.91
54060,1,16.0,Mobile Phone,1,8.0,E wallet,Male,3.0,3,Mobile,3,Married,7,1,16.0,14.0,6.0,5.0,110.34
54061,0,50.0,Computer,3,29.0,UPI,Male,3.0,5,Laptop & Accessory,5,Divorced,6,0,26.0,11.0,16.0,2.0,125.42
54062,0,21.0,Computer,1,17.0,UPI,Male,2.0,2,Others,4,Married,6,0,16.0,14.0,15.0,2.0,349.48
54063,0,12.0,Mobile Phone,2,29.0,Credit Card,Male,2.0,6,Fashion,2,Married,13,0,16.0,6.0,11.0,8.0,291.79
54064,0,22.0,Computer,3,22.0,Debit Card,Male,2.0,5,Others,4,Married,1,1,15.0,2.0,10.0,14.0,217.01
54065,0,28.0,Phone,1,39.0,Credit Card,Male,4.0,5,Mobile Phone,1,Single,13,0,24.0,15.0,5.0,11.0,267.59
54066,0,21.0,Phone,3,13.0,Cash on Delivery,Male,4.0,3,Laptop & Accessory,1,Married,7,0,11.0,7.0,1.0,8.0,308.25
54067,0,0.0,Computer,1,22.0,UPI,Male,2.0,5,Mobile Phone,4,Single,4,0,12.0,8.0,11.0,14.0,327.4
54068,1,28.0,Phone,3,26.0,Debit Card,Female,1.0,4,Others,4,Single,12,0,21.0,15.0,15.0,10.0,314.64
54069,0,4.0,Phone,1,13.0,Debit Card,Male,4.0,2,Mobile Phone,2,Single,10,0,22.0,1.0,14.0,7.0,236.02
54070,1,61.0,Computer,1,22.0,Credit Card,Male,2.0,6,Mobile,4,Married,3,0,16.0,1.0,4.0,6.0,327.64
54071,0,9.0,Phone,1,27.0,Debit Card,Male,2.0,2,Laptop & Accessory,4,Divorced,1,0,12.0,16.0,1.0,16.0,297.31
54072,0,18.0,Phone,2,22.0,UPI,Female,1.0,3,Laptop & Accessory,5,Single,7,0,15.0,3.0,2.0,3.0,118.55
54073,0,6.0,Mobile Phone,3,18.0,UPI,Male,0.0,5,Fashion,3,Single,10,0,20.0,1.0,7.0,19.0,125.72
54074,0,61.0,Phone,2,24.0,Debit Card,Female,2.0,4,Laptop & Accessory,2,Single,15,0,11.0,12.0,14.0,20.0,283.2
54075,0,12.0,Phone,3,31.0,UPI,Male,2.0,6,Laptop & Accessory,1,Single,13,0,11.0,5.0,8.0,9.0,312.71
54076,0,9.0,Phone,3,21.0,UPI,Male,3.0,3,Mobile Phone,5,Single,9,0,16.0,10.0,6.0,2.0,210.74
54077,0,1.0,Mobile Phone,1,30.0,Credit Card,Male,5.0,1,Laptop & Accessory,1,Married,1,0,11.0,1.0,5.0,21.0,291.09
54078,1,5.0,Mobile Phone,2,8.0,Debit Card,Male,2.0,6,Mobile Phone,5,Married,13,1,14.0,12.0,10.0,5.0,286.59
54079,0,7.0,Mobile Phone,1,7.0,Debit Card,Male,2.0,3,Laptop & Accessory,3,Single,2,1,12.0,5.0,2.0,14.0,218.27
54080,1,24.0,Phone,2,23.0,Cash on Delivery,Male,2.0,2,Mobile,3,Single,10,0,19.0,2.0,4.0,17.0,201.08
54081,0,6.0,Mobile Phone,1,11.0,Credit Card,Male,3.0,6,Grocery,4,Single,4,1,26.0,7.0,11.0,10.0,118.64
54082,0,22.0,Phone,1,23.0,Cash on Delivery,Male,3.0,4,Grocery,2,Married,9,1,11.0,13.0,13.0,9.0,345.03
54083,0,18.0,Phone,2,16.0,Debit Card,Female,2.0,2,Laptop & Accessory,4,Married,10,0,13.0,5.0,4.0,6.0,151.07
54084,1,21.0,Computer,1,24.0,Debit Card,Female,1.0,5,Others,3,Single,8,0,17.0,16.0,8.0,19.0,137.31
54085,0,12.0,Mobile Phone,2,16.0,Credit Card,Male,3.0,6,Fashion,4,Married,1,1,11.0,4.0,3.0,3.0,120.21
54086,1,20.0,Computer,3,33.0,E wallet,Male,3.0,5,Laptop & Accessory,1,Married,12,1,23.0,8.0,8.0,13.0,227.61
54087,0,0.0,Mobile Phone,1,34.0,E wallet,Male,2.0,2,Laptop & Accessory,3,Single,11,1,11.0,3.0,11.0,11.0,116.88
54088,1,18.0,Phone,2,24.0,Cash on Delivery,Male,1.0,2,Mobile Phone,1,Married,11,1,23.0,0.0,8.0,16.0,319.42
54089,0,51.0,Phone,2,8.0,Debit Card,Female,3.0,3,Mobile Phone,3,Divorced,15,1,16.0,9.0,8.0,5.0,150.39
54090,0,3.0,Mobile Phone,1,6.0,Cash on Delivery,Female,2.0,3,Grocery,2,Single,4,0,22.0,10.0,7.0,20.0,329.29
54091,0,2.0,Mobile Phone,2,34.0,E wallet,Male,2.0,3,Others,1,Married,14,0,16.0,15.0,7.0,15.0,314.46
54092,1,26.0,Mobile Phone,1,27.0,Debit Card,Male,4.0,5,Others,5,Married,9,1,14.0,16.0,7.0,18.0,109.97
54093,0,61.0,Phone,1,10.0,UPI,Male,3.0,1,Mobile Phone,3,Married,15,1,20.0,2.0,4.0,3.0,243.95
54094,0,27.0,Mobile Phone,1,22.0,UPI,Female,4.0,4,Fashion,5,Married,2,0,13.0,4.0,4.0,4.0,145.57
54095,0,5.0,Computer,2,26.0,Debit Card,Male,3.0,6,Mobile Phone,5,Single,2,0,20.0,10.0,11.0,21.0,134.05
54096,0,5.0,Mobile Phone,2,8.0,UPI,Female,3.0,3,Others,4,Married,6,0,26.0,0.0,5.0,21.0,228.93
54097,0,22.0,Computer,1,15.0,E wallet,Female,3.0,4,Others,4,Married,6,0,11.0,16.0,9.0,19.0,147.73
54098,0,51.0,Mobile Phone,1,39.0,E wallet,Female,3.0,4,Laptop & Accessory,4,Divorced,13,0,18.0,6.0,14.0,12.0,212.92
54099,0,15.0,Mobile Phone,3,15.0,CC,Male,2.0,3,Fashion,4,Married,6,0,18.0,14.0,7.0,19.0,113.17
54100,0,23.0,Mobile Phone,3,38.0,UPI,Male,1.0,5,Mobile Phone,4,Divorced,10,0,17.0,4.0,14.0,12.0,217.64
54101,1,4.0,Computer,2,13.0,UPI,Male,3.0,3,Grocery,4,Married,1,0,19.0,1.0,16.0,20.0,142.6
54102,1,12.0,Phone,1,35.0,Credit Card,Female,3.0,2,Laptop & Accessory,3,Single,9,1,23.0,8.0,14.0,13.0,128.98
54103,0,11.0,Mobile Phone,1,36.0,UPI,Male,3.0,5,Fashion,5,Divorced,15,0,12.0,8.0,7.0,0.0,120.88
54104,0,4.0,Mobile Phone,3,39.0,Debit Card,Female,1.0,2,Grocery,4,Divorced,12,1,26.0,10.0,13.0,13.0,259.53
54105,1,30.0,Mobile Phone,1,15.0,Credit Card,Female,5.0,5,Laptop & Accessory,3,Married,13,0,19.0,11.0,2.0,3.0,116.15
54106,0,27.0,Phone,1,21.0,Debit Card,Female,3.0,5,Mobile Phone,3,Married,2,0,18.0,0.0,8.0,0.0,245.55
54107,0,27.0,Mobile Phone,2,6.0,Debit Card,Male,3.0,1,Mobile,3,Divorced,7,0,22.0,16.0,11.0,7.0,119.68
54108,0,29.0,Phone,2,28.0,Debit Card,Male,3.0,5,Mobile Phone,1,Married,1,0,19.0,15.0,6.0,12.0,223.04
54109,0,17.0,Phone,2,19.0,CC,Male,2.0,4,Others,5,Single,1,1,15.0,13.0,16.0,8.0,157.43
54110,0,26.0,Computer,1,32.0,Debit Card,Male,5.0,4,Fashion,3,Married,11,0,19.0,5.0,14.0,3.0,135.39
54111,1,61.0,Phone,2,7.0,UPI,Female,1.0,3,Laptop & Accessory,4,Divorced,9,0,20.0,10.0,10.0,13.0,340.11
54112,1,25.0,Mobile Phone,2,33.0,CC,Female,3.0,1,Grocery,2,Married,7,1,18.0,7.0,13.0,0.0,187.11
54113,0,17.0,Computer,2,17.0,UPI,Male,2.0,2,Mobile,4,Married,14,0,24.0,5.0,14.0,4.0,181.04
54114,0,51.0,Mobile Phone,1,26.0,Debit Card,Male,4.0,3,Grocery,3,Single,5,0,23.0,13.0,15.0,9.0,342.97
54115,0,24.0,Mobile Phone,2,35.0,Credit Card,Male,3.0,3,Laptop & Accessory,5,Single,10,0,14.0,8.0,9.0,8.0,288.57
54116,0,30.0,Computer,2,11.0,Debit Card,Male,3.0,6,Laptop & Accessory,5,Married,3,0,20.0,2.0,11.0,7.0,249.05
54117,1,1.0,Mobile Phone,2,30.0,Debit Card,Male,5.0,4,Mobile Phone,4,Single,8,1,19.0,3.0,7.0,12.0,149.16
54118,0,51.0,Mobile Phone,2,35.0,E wallet,Male,5.0,1,Laptop & Accessory,1,Married,1,0,11.0,1.0,3.0,12.0,256.14
54119,0,50.0,Mobile Phone,1,8.0,Debit Card,Female,1.0,6,Fashion,3,Divorced,8,0,22.0,5.0,14.0,15.0,298.41
54120,0,17.0,Mobile Phone,1,39.0,Credit Card,Female,1.0,5,Laptop & Accessory,1,Married,13,0,24.0,7.0,9.0,1.0,316.22
54121,1,16.0,Mobile Phone,1,37.0,UPI,Male,3.0,4,Mobile,4,Single,4,0,23.0,8.0,16.0,21.0,316.47
54122,0,60.0,Mobile Phone,1,7.0,Debit Card,Female,5.0,4,Others,4,Married,2,0,19.0,15.0,6.0,1.0,123.35
54123,0,6.0,Mobile Phone,2,23.0,UPI,Male,2.0,6,Grocery,3,Married,7,1,11.0,16.0,7.0,21.0,170.1
54124,0,61.0,Computer,2,13.0,Debit Card,Female,0.0,4,Grocery,3,Single,4,1,15.0,2.0,6.0,19.0,220.24
54125,1,29.0,Phone,1,23.0,UPI,Male,3.0,4,Grocery,4,Married,13,0,23.0,5.0,4.0,4.0,218.57
54126,1,11.0,Phone,3,23.0,UPI,Male,1.0,5,Mobile Phone,2,Single,4,0,15.0,2.0,14.0,4.0,221.65
54127,0,61.0,Phone,1,30.0,Debit Card,Male,3.0,4,Grocery,1,Married,6,0,18.0,1.0,8.0,11.0,334.4
54128,0,10.0,Computer,1,17.0,Credit Card,Male,2.0,3,Mobile Phone,4,Divorced,2,0,21.0,13.0,5.0,4.0,199.56
54129,0,3.0,Computer,1,26.0,Debit Card,Female,3.0,6,Grocery,4,Married,5,0,21.0,15.0,11.0,9.0,303.59
54130,1,24.0,Computer,2,12.0,UPI,Female,5.0,3,Fashion,4,Single,9,0,15.0,8.0,16.0,13.0,219.12
54131,0,50.0,Computer,2,28.0,Credit Card,Female,3.0,4,Mobile Phone,5,Married,12,0,23.0,8.0,7.0,0.0,208.87
54132,0,19.0,Mobile Phone,3,30.0,UPI,Female,0.0,4,Grocery,4,Married,3,0,22.0,5.0,11.0,21.0,335.95
54133,0,30.0,Phone,1,7.0,E wallet,Male,3.0,2,Laptop & Accessory,1,Single,4,0,18.0,14.0,10.0,10.0,174.75
54134,0,3.0,Phone,1,11.0,Credit Card,Male,2.0,6,Mobile,2,Married,13,1,11.0,0.0,16.0,4.0,175.08
54135,0,0.0,Phone,2,6.0,CC,Female,4.0,3,Fashion,3,Single,3,0,20.0,9.0,2.0,3.0,310.99
54136,0,2.0,Phone,2,37.0,Debit Card,Male,3.0,4,Mobile Phone,5,Married,15,0,24.0,10.0,9.0,10.0,211.62
54137,1,17.0,Mobile Phone,3,16.0,CC,Male,3.0,5,Fashion,2,Single,15,0,13.0,3.0,9.0,6.0,252.51
54138,0,16.0,Mobile Phone,1,16.0,Credit Card,Female,5.0,3,Grocery,1,Single,7,0,26.0,1.0,8.0,10.0,116.73
54139,0,13.0,Computer,2,14.0,Credit Card,Male,2.0,3,Grocery,3,Married,13,0,17.0,5.0,15.0,13.0,230.93
54140,1,61.0,Phone,1,31.0,E wallet,Male,5.0,2,Mobile,1,Married,13,0,25.0,16.0,14.0,0.0,236.06
54141,0,12.0,Mobile Phone,2,22.0,Credit Card,Male,1.0,6,Laptop & Accessory,4,Divorced,3,0,16.0,3.0,12.0,19.0,256.58
54142,0,61.0,Mobile Phone,1,8.0,E wallet,Male,3.0,4,Mobile Phone,1,Married,7,1,21.0,10.0,8.0,16.0,121.23
54143,0,1.0,Phone,2,27.0,UPI,Female,0.0,5,Laptop & Accessory,1,Single,5,0,15.0,4.0,6.0,14.0,315.55
54144,1,12.0,Mobile Phone,2,25.0,Credit Card,Female,2.0,4,Laptop & Accessory,5,Married,3,0,17.0,6.0,11.0,6.0,205.02
54145,1,15.0,Mobile Phone,1,34.0,UPI,Male,3.0,3,Laptop & Accessory,4,Single,1,0,25.0,3.0,13.0,5.0,174.02
54146,0,17.0,Mobile Phone,1,25.0,Debit Card,Female,0.0,6,Laptop & Accessory,2,Single,5,0,23.0,8.0,16.0,16.0,243.99
54147,0,6.0,Mobile Phone,1,27.0,Credit Card,Female,1.0,6,Fashion,4,Married,9,0,15.0,6.0,4.0,16.0,235.82
54148,0,29.0,Mobile Phone,1,25.0,COD,Male,2.0,5,Others,3,Married,10,1,17.0,11.0,13.0,21.0,146.69
54149,0,6.0,Phone,1,12.0,Cash on Delivery,Female,3.0,6,Mobile Phone,4,Divorced,4,0,20.0,4.0,5.0,2.0,176.32
54150,0,14.0,Mobile Phone,1,17.0,Credit Card,Male,0.0,4,Fashion,5,Single,9,0,13.0,7.0,6.0,0.0,272.93
54151,0,18.0,Mobile Phone,2,26.0,Credit Card,Female,3.0,3,Laptop & Accessory,4,Married,12,0,16.0,8.0,6.0,2.0,152.74
54152,0,1.0,Phone,1,11.0,UPI,Female,3.0,3,Grocery,3,Married,11,0,12.0,3.0,11.0,3.0,217.86
54153,1,12.0,Phone,1,28.0,Debit Card,Male,2.0,6,Others,3,Divorced,10,0,11.0,6.0,1.0,13.0,318.45
54154,1,30.0,Mobile Phone,3,9.0,Debit Card,Female,1.0,6,Mobile Phone,1,Single,3,0,12.0,8.0,1.0,2.0,106.36
54155,0,15.0,Phone,1,30.0,Debit Card,Female,3.0,3,Laptop & Accessory,4,Married,8,0,14.0,10.0,9.0,21.0,309.71
54156,0,5.0,Computer,2,14.0,Credit Card,Male,3.0,4,Laptop & Accessory,4,Married,5,1,21.0,4.0,5.0,21.0,316.27
54157,0,27.0,Computer,2,15.0,Cash on Delivery,Male,3.0,5,Mobile Phone,2,Single,6,0,20.0,0.0,15.0,4.0,280.11
54158,0,50.0,Phone,3,15.0,Debit Card,Male,3.0,5,Mobile Phone,4,Divorced,4,0,16.0,14.0,7.0,20.0,250.69
54159,0,9.0,Phone,1,34.0,Debit Card,Male,2.0,5,Others,3,Single,6,0,21.0,12.0,15.0,4.0,215.5
54160,1,17.0,Mobile Phone,2,8.0,UPI,Male,3.0,4,Laptop & Accessory,3,Single,3,0,15.0,6.0,6.0,16.0,266.67
54161,0,3.0,Phone,1,6.0,Debit Card,Male,1.0,4,Laptop & Accessory,4,Divorced,7,0,18.0,2.0,4.0,4.0,301.65
54162,0,8.0,Phone,3,17.0,UPI,Male,2.0,3,Laptop & Accessory,2,Married,4,1,12.0,5.0,1.0,2.0,158.43
54163,0,6.0,Mobile Phone,1,21.0,Debit Card,Male,1.0,2,Mobile Phone,3,Married,5,0,26.0,15.0,6.0,10.0,327.44
54164,0,7.0,Phone,2,27.0,UPI,Female,4.0,2,Laptop & Accessory,4,Divorced,6,0,13.0,12.0,11.0,8.0,171.32
54165,0,6.0,Phone,1,14.0,E wallet,Female,3.0,2,Laptop & Accessory,5,Married,5,0,12.0,6.0,15.0,8.0,103.4
54166,0,2.0,Computer,3,17.0,UPI,Female,5.0,2,Mobile Phone,3,Single,14,1,20.0,8.0,6.0,10.0,272.29
54167,0,17.0,Mobile Phone,2,33.0,Cash on Delivery,Male,5.0,4,Laptop & Accessory,2,Single,12,0,12.0,1.0,2.0,8.0,329.32
54168,0,17.0,Mobile Phone,1,20.0,Credit Card,Female,5.0,3,Mobile,1,Married,2,0,14.0,12.0,6.0,18.0,316.87
54169,0,14.0,Phone,1,7.0,UPI,Female,1.0,1,Others,3,Single,12,1,22.0,5.0,10.0,21.0,147.58
54170,0,28.0,Mobile Phone,1,8.0,Cash on Delivery,Female,3.0,1,Laptop & Accessory,4,Single,12,0,12.0,8.0,8.0,6.0,338.11
54171,0,21.0,Phone,1,20.0,Credit Card,Female,2.0,4,Mobile Phone,5,Divorced,11,1,25.0,5.0,15.0,13.0,335.1
54172,0,3.0,Mobile Phone,1,10.0,Debit Card,Female,3.0,4,Laptop & Accessory,4,Single,4,0,12.0,3.0,12.0,16.0,263.2
54173,0,5.0,Phone,3,32.0,Debit Card,Male,2.0,1,Others,5,Married,8,0,13.0,8.0,10.0,6.0,163.9
54174,0,25.0,Phone,2,27.0,Cash on Delivery,Male,0.0,4,Fashion,4,Married,8,0,23.0,5.0,10.0,11.0,204.61
54175,0,10.0,Mobile Phone,3,16.0,UPI,Male,3.0,2,Mobile Phone,3,Divorced,7,0,11.0,14.0,10.0,8.0,233.87
54176,0,25.0,Mobile Phone,1,35.0,UPI,Male,5.0,4,Mobile Phone,5,Married,10,0,15.0,13.0,2.0,16.0,231.75
54177,0,16.0,Mobile Phone,2,16.0,Debit Card,Female,3.0,2,Laptop & Accessory,2,Married,2,1,21.0,15.0,8.0,12.0,244.9
54178,1,23.0,Mobile Phone,2,36.0,Debit Card,Male,2.0,1,Mobile,1,Single,14,0,14.0,13.0,6.0,2.0,164.01
54179,0,27.0,Phone,1,29.0,Cash on Delivery,Female,5.0,3,Others,5,Married,4,0,21.0,13.0,7.0,15.0,147.74
54180,0,61.0,Phone,2,33.0,Cash on Delivery,Female,2.0,4,Mobile,4,Single,9,1,21.0,1.0,10.0,21.0,343.66
54181,1,30.0,Mobile Phone,1,23.0,Credit Card,Male,5.0,5,Laptop & Accessory,4,Divorced,6,0,11.0,13.0,15.0,0.0,130.71
54182,0,12.0,Phone,3,26.0,Debit Card,Male,4.0,3,Mobile Phone,4,Single,15,0,16.0,8.0,15.0,10.0,181.22
54183,0,61.0,Mobile Phone,2,28.0,CC,Male,3.0,4,Mobile Phone,4,Married,14,0,17.0,16.0,1.0,6.0,342.61
54184,0,15.0,Phone,3,37.0,Credit Card,Female,3.0,5,Mobile Phone,4,Married,12,1,23.0,14.0,13.0,2.0,280.45
54185,0,14.0,Mobile Phone,2,20.0,Cash on Delivery,Female,3.0,3,Laptop & Accessory,4,Married,11,1,25.0,0.0,3.0,14.0,240.68
54186,0,17.0,Computer,2,6.0,Debit Card,Female,3.0,4,Grocery,2,Married,8,0,14.0,1.0,11.0,4.0,103.45
54187,0,26.0,Phone,2,12.0,UPI,Male,1.0,3,Grocery,3,Divorced,9,0,13.0,15.0,11.0,15.0,317.91
54188,0,61.0,Phone,1,17.0,E wallet,Male,3.0,1,Mobile Phone,3,Married,5,0,19.0,6.0,2.0,15.0,290.89
54189,0,61.0,Phone,1,34.0,UPI,Male,0.0,3,Laptop & Accessory,4,Married,5,0,21.0,11.0,4.0,4.0,125.24
54190,1,27.0,Computer,2,5.0,Credit Card,Male,3.0,3,Fashion,3,Single,9,1,25.0,15.0,7.0,7.0,302.45
54191,1,8.0,Computer,3,16.0,Credit Card,Female,3.0,4,Laptop & Accessory,5,Divorced,6,0,13.0,2.0,8.0,15.0,165.49
54192,0,11.0,Phone,1,11.0,Debit Card,Male,2.0,5,Mobile,1,Married,7,1,15.0,13.0,8.0,16.0,302.25
54193,0,14.0,Mobile Phone,3,18.0,Cash on Delivery,Male,4.0,4,Laptop & Accessory,4,Single,8,0,15.0,2.0,8.0,3.0,310.7
54194,1,17.0,Computer,1,39.0,Debit Card,Male,2.0,3,Laptop & Accessory,4,Married,12,1,17.0,6.0,5.0,8.0,208.4
54195,0,61.0,Mobile Phone,2,32.0,Credit Card,Male,3.0,3,Fashion,1,Married,8,0,19.0,3.0,16.0,12.0,120.01
54196,1,51.0,Computer,1,16.0,COD,Female,0.0,5,Mobile Phone,1,Married,15,0,21.0,12.0,11.0,3.0,240.0
54197,1,18.0,Phone,1,22.0,CC,Male,2.0,4,Fashion,5,Divorced,13,0,13.0,4.0,11.0,18.0,238.39
54198,0,22.0,Computer,1,5.0,Cash on Delivery,Male,1.0,3,Laptop & Accessory,2,Divorced,3,0,13.0,10.0,9.0,14.0,301.19
54199,0,12.0,Computer,1,21.0,UPI,Female,2.0,4,Mobile Phone,3,Single,5,0,25.0,8.0,14.0,17.0,123.13
54200,1,0.0,Mobile Phone,1,32.0,Credit Card,Male,2.0,4,Mobile Phone,5,Married,11,0,20.0,13.0,11.0,10.0,274.82
54201,0,28.0,Phone,1,37.0,Credit Card,Female,0.0,4,Mobile Phone,3,Divorced,1,1,19.0,4.0,13.0,1.0,310.91
54202,1,17.0,Mobile Phone,1,28.0,Debit Card,Female,3.0,5,Fashion,4,Married,3,0,18.0,16.0,6.0,19.0,231.92
54203,1,15.0,Mobile Phone,1,10.0,Debit Card,Female,3.0,5,Laptop & Accessory,1,Married,2,0,13.0,5.0,8.0,12.0,177.94
54204,0,24.0,Mobile Phone,1,25.0,Credit Card,Male,3.0,4,Mobile Phone,4,Single,10,1,17.0,4.0,14.0,10.0,161.31
54205,0,22.0,Mobile Phone,2,8.0,Debit Card,Female,3.0,6,Fashion,4,Single,2,1,23.0,8.0,8.0,14.0,178.44
54206,0,27.0,Phone,3,37.0,E wallet,Female,4.0,6,Others,4,Married,2,0,25.0,3.0,1.0,11.0,323.79
54207,1,15.0,Computer,1,14.0,UPI,Male,0.0,6,Fashion,5,Married,1,1,19.0,14.0,5.0,13.0,274.35
54208,0,10.0,Phone,1,22.0,Debit Card,Female,3.0,3,Mobile Phone,4,Married,15,0,18.0,12.0,3.0,9.0,266.22
54209,0,17.0,Mobile Phone,2,13.0,UPI,Male,4.0,2,Grocery,3,Married,11,0,16.0,5.0,9.0,2.0,117.77
54210,0,14.0,Computer,1,35.0,E wallet,Female,0.0,4,Laptop & Accessory,4,Single,6,0,24.0,7.0,12.0,6.0,253.24
54211,1,0.0,Computer,2,8.0,E wallet,Male,3.0,5,Fashion,3,Married,4,0,15.0,11.0,5.0,17.0,314.91
54212,0,6.0,Phone,1,24.0,Debit Card,Female,3.0,3,Grocery,3,Divorced,10,1,17.0,15.0,16.0,14.0,147.88
54213,0,0.0,Phone,1,12.0,Cash on Delivery,Male,1.0,4,Laptop & Accessory,4,Married,2,0,19.0,13.0,8.0,2.0,164.91
54214,0,50.0,Computer,1,22.0,Credit Card,Male,2.0,4,Grocery,4,Divorced,15,1,22.0,3.0,4.0,18.0,343.82
54215,0,8.0,Mobile Phone,1,13.0,Credit Card,Male,4.0,4,Grocery,1,Married,5,0,19.0,14.0,4.0,21.0,236.48
54216,0,28.0,Computer,2,28.0,Cash on Delivery,Male,3.0,4,Laptop & Accessory,5,Single,2,0,21.0,16.0,2.0,5.0,277.32
54217,0,25.0,Computer,1,34.0,Debit Card,Male,2.0,2,Laptop & Accessory,4,Married,8,0,25.0,2.0,8.0,10.0,184.43
54218,0,22.0,Computer,3,30.0,UPI,Male,4.0,6,Laptop & Accessory,3,Married,4,0,19.0,2.0,13.0,5.0,167.5
54219,0,28.0,Mobile Phone,1,8.0,UPI,Male,3.0,3,Mobile Phone,2,Single,12,0,12.0,8.0,16.0,9.0,113.21
54220,0,51.0,Computer,3,5.0,Debit Card,Male,2.0,3,Others,4,Single,14,1,19.0,5.0,14.0,14.0,151.76
54221,0,6.0,Phone,1,24.0,Debit Card,Male,3.0,4,Fashion,4,Married,15,0,19.0,6.0,16.0,3.0,260.27
54222,0,11.0,Phone,1,32.0,Debit Card,Male,3.0,3,Fashion,5,Single,5,0,14.0,12.0,8.0,19.0,177.76
54223,1,30.0,Computer,2,28.0,Credit Card,Male,2.0,3,Laptop & Accessory,2,Married,8,0,16.0,1.0,9.0,3.0,138.1
54224,0,50.0,Mobile Phone,1,32.0,Debit Card,Male,3.0,4,Fashion,4,Single,6,0,24.0,11.0,8.0,8.0,122.13
54225,0,19.0,Mobile Phone,3,32.0,Credit Card,Male,2.0,3,Others,5,Single,1,1,12.0,4.0,8.0,14.0,315.58
54226,1,16.0,Computer,1,9.0,Credit Card,Male,2.0,4,Mobile Phone,5,Divorced,6,0,23.0,13.0,13.0,4.0,221.11
54227,0,2.0,Computer,2,22.0,E wallet,Male,2.0,3,Fashion,3,Married,15,1,16.0,11.0,15.0,8.0,196.16
54228,0,0.0,Computer,1,34.0,Credit Card,Male,5.0,2,Laptop & Accessory,4,Married,1,0,12.0,12.0,5.0,20.0,148.33
54229,0,26.0,Mobile Phone,2,25.0,COD,Male,4.0,5,Laptop & Accessory,5,Single,11,1,11.0,12.0,9.0,21.0,220.22
54230,0,51.0,Phone,2,20.0,Debit Card,Male,3.0,4,Laptop & Accessory,1,Single,6,0,21.0,16.0,13.0,9.0,329.53
54231,0,19.0,Mobile Phone,2,12.0,Credit Card,Male,3.0,6,Laptop & Accessory,5,Married,7,0,15.0,10.0,13.0,19.0,198.39
54232,0,13.0,Phone,1,16.0,Debit Card,Male,1.0,3,Mobile Phone,5,Married,6,1,19.0,7.0,9.0,1.0,117.27
54233,0,4.0,Mobile Phone,3,36.0,Credit Card,Male,3.0,4,Fashion,5,Single,4,0,26.0,8.0,5.0,5.0,290.36
54234,0,22.0,Phone,3,29.0,UPI,Female,2.0,5,Grocery,5,Single,4,0,21.0,8.0,14.0,9.0,157.54
54235,0,14.0,Phone,3,7.0,Credit Card,Female,3.0,4,Laptop & Accessory,3,Married,14,1,23.0,3.0,9.0,14.0,277.92
54236,0,5.0,Computer,2,30.0,UPI,Female,4.0,4,Laptop & Accessory,1,Single,2,0,25.0,10.0,1.0,16.0,285.55
54237,1,51.0,Phone,1,22.0,Debit Card,Male,0.0,3,Mobile Phone,3,Married,2,0,14.0,14.0,3.0,10.0,301.43
54238,0,18.0,Phone,1,31.0,Credit Card,Male,3.0,3,Grocery,3,Married,7,0,11.0,3.0,5.0,16.0,154.35
54239,0,12.0,Mobile Phone,3,26.0,E wallet,Female,3.0,4,Mobile Phone,3,Single,10,0,19.0,1.0,16.0,20.0,138.37
54240,0,28.0,Phone,3,39.0,Debit Card,Male,2.0,4,Others,4,Single,8,0,22.0,11.0,8.0,17.0,181.04
54241,0,5.0,Phone,1,11.0,E wallet,Male,3.0,4,Laptop & Accessory,5,Married,6,1,24.0,15.0,3.0,1.0,271.14
54242,0,14.0,Mobile Phone,1,7.0,Debit Card,Male,3.0,5,Grocery,2,Divorced,6,0,21.0,11.0,3.0,13.0,337.24
54243,0,15.0,Phone,3,10.0,Credit Card,Male,4.0,6,Mobile Phone,3,Divorced,7,0,18.0,10.0,7.0,21.0,267.96
54244,0,23.0,Computer,1,17.0,CC,Male,1.0,3,Laptop & Accessory,3,Married,3,1,26.0,3.0,11.0,3.0,345.27
54245,0,22.0,Mobile Phone,1,19.0,Debit Card,Female,2.0,4,Laptop & Accessory,4,Married,12,0,11.0,6.0,10.0,15.0,255.69
54246,0,9.0,Mobile Phone,3,22.0,UPI,Female,5.0,3,Others,3,Single,10,0,15.0,7.0,4.0,5.0,340.65
54247,0,16.0,Phone,3,37.0,UPI,Male,3.0,2,Laptop & Accessory,1,Married,14,1,21.0,3.0,6.0,16.0,281.02
54248,0,29.0,Computer,3,19.0,UPI,Female,3.0,4,Grocery,3,Married,2,0,22.0,5.0,5.0,5.0,185.48
54249,0,9.0,Mobile Phone,1,18.0,Cash on Delivery,Male,2.0,5,Grocery,3,Married,4,1,26.0,2.0,3.0,14.0,270.13
54250,0,18.0,Computer,1,23.0,Credit Card,Male,1.0,2,Laptop & Accessory,5,Single,2,0,19.0,13.0,14.0,0.0,143.84
54251,0,28.0,Computer,2,32.0,CC,Female,5.0,4,Mobile,4,Married,7,1,26.0,3.0,2.0,1.0,203.94
54252,0,1.0,Mobile Phone,2,28.0,Debit Card,Male,1.0,3,Others,4,Single,13,1,11.0,6.0,16.0,8.0,186.62
54253,0,18.0,Mobile Phone,1,37.0,UPI,Male,5.0,4,Laptop & Accessory,4,Married,13,1,20.0,4.0,10.0,3.0,299.18
54254,0,6.0,Phone,3,16.0,UPI,Male,1.0,5,Laptop & Accessory,4,Single,15,1,20.0,11.0,5.0,14.0,314.65
54255,0,25.0,Computer,3,14.0,E wallet,Male,1.0,4,Grocery,4,Divorced,9,0,13.0,7.0,13.0,10.0,289.35
54256,1,14.0,Phone,1,11.0,Debit Card,Male,2.0,3,Mobile Phone,5,Single,7,1,21.0,7.0,12.0,0.0,309.88
54257,0,2.0,Mobile Phone,1,5.0,COD,Female,3.0,2,Others,5,Single,12,0,22.0,3.0,8.0,10.0,119.36
54258,0,15.0,Mobile Phone,1,19.0,UPI,Female,4.0,3,Mobile,3,Married,5,1,22.0,10.0,12.0,14.0,309.22
54259,0,1.0,Phone,2,5.0,Credit Card,Male,5.0,3,Mobile Phone,5,Single,12,0,14.0,1.0,8.0,7.0,154.57
54260,1,30.0,Phone,1,24.0,UPI,Male,2.0,4,Laptop & Accessory,5,Married,3,0,26.0,8.0,2.0,19.0,290.43
54261,0,27.0,Mobile Phone,2,6.0,E wallet,Female,0.0,3,Fashion,4,Divorced,12,0,12.0,3.0,1.0,19.0,221.14
54262,0,6.0,Phone,2,7.0,Credit Card,Female,3.0,3,Others,1,Married,1,1,19.0,15.0,11.0,14.0,161.68
54263,0,29.0,Mobile Phone,3,20.0,Credit Card,Male,3.0,3,Laptop & Accessory,4,Single,1,0,11.0,8.0,8.0,20.0,296.56
54264,1,6.0,Phone,1,33.0,Credit Card,Male,2.0,3,Mobile,3,Married,3,0,14.0,1.0,15.0,19.0,106.31
54265,1,28.0,Mobile Phone,2,7.0,UPI,Male,1.0,3,Laptop & Accessory,5,Single,4,1,20.0,14.0,5.0,14.0,347.54
54266,0,23.0,Mobile Phone,2,16.0,Debit Card,Male,2.0,5,Laptop & Accessory,3,Single,14,1,19.0,7.0,4.0,5.0,228.48
54267,0,3.0,Computer,2,24.0,Cash on Delivery,Female,3.0,6,Mobile Phone,5,Married,12,0,23.0,1.0,3.0,15.0,205.92
54268,0,28.0,Mobile Phone,3,27.0,Debit Card,Male,3.0,5,Grocery,4,Married,5,0,13.0,4.0,13.0,18.0,240.52
54269,0,4.0,Phone,2,26.0,Cash on Delivery,Female,3.0,2,Mobile Phone,4,Single,13,0,20.0,0.0,4.0,0.0,321.19
54270,0,28.0,Mobile Phone,3,22.0,Credit Card,Male,3.0,4,Mobile Phone,5,Married,9,0,19.0,9.0,1.0,15.0,170.88
54271,0,29.0,Mobile Phone,1,11.0,UPI,Male,3.0,5,Laptop & Accessory,5,Single,12,0,23.0,15.0,11.0,3.0,162.83
54272,0,28.0,Mobile Phone,2,26.0,Credit Card,Male,1.0,5,Mobile,3,Married,2,1,21.0,10.0,3.0,8.0,282.54
54273,0,25.0,Mobile Phone,2,6.0,Credit Card,Male,2.0,5,Mobile Phone,1,Married,13,0,19.0,0.0,4.0,20.0,208.39
54274,0,18.0,Mobile Phone,3,18.0,Credit Card,Male,3.0,4,Fashion,4,Married,4,0,17.0,12.0,15.0,16.0,224.14
54275,0,25.0,Computer,1,20.0,Cash on Delivery,Male,3.0,3,Laptop & Accessory,1,Married,3,0,21.0,8.0,8.0,5.0,221.86
54276,0,26.0,Mobile Phone,1,28.0,Debit Card,Female,2.0,2,Mobile Phone,4,Single,8,0,12.0,6.0,10.0,11.0,301.01
54277,0,29.0,Mobile Phone,2,11.0,CC,Male,5.0,1,Grocery,3,Married,13,0,18.0,3.0,5.0,7.0,155.28
54278,0,29.0,Computer,1,8.0,UPI,Male,3.0,1,Mobile,3,Single,1,0,12.0,8.0,1.0,9.0,177.68
54279,0,2.0,Mobile Phone,2,9.0,E wallet,Male,3.0,6,Laptop & Accessory,2,Married,1,0,20.0,12.0,12.0,8.0,217.13
54280,0,6.0,Phone,3,6.0,Debit Card,Male,3.0,4,Laptop & Accessory,4,Single,9,0,19.0,5.0,10.0,7.0,127.23
54281,0,8.0,Mobile Phone,3,9.0,Debit Card,Male,3.0,4,Mobile,4,Married,1,0,19.0,12.0,13.0,16.0,162.75
54282,0,12.0,Mobile Phone,1,7.0,Credit Card,Male,4.0,3,Fashion,5,Divorced,4,0,19.0,13.0,3.0,17.0,298.03
54283,0,14.0,Phone,1,12.0,UPI,Male,5.0,5,Mobile Phone,3,Married,8,0,23.0,13.0,16.0,20.0,233.26
54284,0,17.0,Computer,2,30.0,COD,Female,3.0,3,Mobile,3,Married,14,0,23.0,12.0,11.0,7.0,253.69
54285,0,28.0,Mobile Phone,2,14.0,Debit Card,Male,2.0,5,Mobile Phone,2,Married,4,0,16.0,10.0,2.0,16.0,183.87
54286,0,61.0,Mobile Phone,2,38.0,Debit Card,Female,4.0,3,Laptop & Accessory,4,Married,5,1,17.0,15.0,8.0,9.0,250.2
54287,1,26.0,Mobile Phone,2,16.0,Debit Card,Male,3.0,5,Grocery,1,Divorced,2,0,22.0,15.0,9.0,15.0,189.6
54288,0,26.0,Mobile Phone,2,24.0,Debit Card,Male,3.0,5,Mobile Phone,5,Married,9,0,24.0,6.0,8.0,6.0,168.48
54289,0,7.0,Computer,1,33.0,Credit Card,Male,2.0,3,Mobile Phone,5,Married,10,0,14.0,16.0,5.0,13.0,189.18
54290,1,50.0,Mobile Phone,2,18.0,UPI,Male,5.0,6,Mobile Phone,4,Married,9,0,26.0,0.0,10.0,0.0,331.46
54291,0,19.0,Computer,1,9.0,UPI,Male,3.0,4,Fashion,3,Single,13,0,21.0,0.0,11.0,6.0,245.2
54292,1,9.0,Mobile Phone,1,31.0,Debit Card,Male,3.0,3,Grocery,3,Single,3,1,26.0,4.0,4.0,21.0,208.66
54293,0,12.0,Computer,2,8.0,Debit Card,Female,2.0,4,Laptop & Accessory,1,Single,8,1,21.0,0.0,3.0,3.0,294.98
54294,0,28.0,Phone,2,33.0,Debit Card,Female,4.0,5,Mobile Phone,2,Single,9,0,12.0,10.0,9.0,19.0,126.52
54295,0,61.0,Computer,2,7.0,Credit Card,Male,2.0,6,Mobile Phone,3,Divorced,3,0,13.0,7.0,8.0,1.0,239.62
54296,0,17.0,Mobile Phone,1,37.0,Cash on Delivery,Male,4.0,2,Laptop & Accessory,3,Single,14,0,13.0,11.0,11.0,3.0,175.07
54297,0,28.0,Phone,1,34.0,Cash on Delivery,Male,1.0,4,Fashion,3,Married,1,0,23.0,11.0,16.0,3.0,188.14
54298,0,30.0,Phone,1,13.0,CC,Male,3.0,4,Fashion,5,Married,15,0,11.0,2.0,1.0,8.0,236.3
54299,0,29.0,Phone,2,5.0,E wallet,Female,3.0,3,Laptop & Accessory,3,Married,2,0,13.0,13.0,8.0,6.0,279.69
54300,1,21.0,Computer,1,27.0,UPI,Female,3.0,5,Laptop & Accessory,5,Married,14,0,25.0,12.0,11.0,10.0,314.1
54301,1,20.0,Phone,2,7.0,UPI,Male,3.0,2,Others,1,Married,15,1,14.0,1.0,9.0,11.0,349.48
54302,0,11.0,Computer,2,36.0,E wallet,Male,1.0,3,Fashion,2,Married,8,1,14.0,11.0,9.0,19.0,180.21
54303,0,10.0,Mobile Phone,2,22.0,Credit Card,Male,3.0,5,Mobile Phone,3,Married,1,1,13.0,11.0,8.0,21.0,182.35
54304,0,1.0,Phone,3,10.0,Debit Card,Female,5.0,4,Mobile Phone,5,Married,15,1,26.0,9.0,7.0,13.0,347.84
54305,0,1.0,Computer,3,17.0,Credit Card,Male,4.0,2,Mobile Phone,2,Married,7,0,20.0,8.0,1.0,16.0,205.01
54306,1,60.0,Mobile Phone,3,19.0,COD,Female,2.0,5,Fashion,3,Divorced,2,0,26.0,16.0,3.0,3.0,236.63
54307,0,2.0,Phone,2,34.0,Cash on Delivery,Female,5.0,5,Laptop & Accessory,2,Married,3,1,14.0,6.0,9.0,21.0,274.22
54308,1,17.0,Computer,1,16.0,Debit Card,Female,4.0,4,Mobile,4,Single,4,1,21.0,4.0,16.0,3.0,302.7
54309,0,3.0,Phone,2,39.0,CC,Male,2.0,4,Fashion,3,Single,14,0,14.0,3.0,14.0,5.0,237.4
54310,0,22.0,Mobile Phone,2,32.0,COD,Male,3.0,4,Laptop & Accessory,3,Single,15,0,13.0,12.0,5.0,4.0,162.57
54311,0,19.0,Mobile Phone,1,8.0,Debit Card,Female,2.0,4,Laptop & Accessory,5,Married,3,0,15.0,12.0,8.0,19.0,128.16
54312,1,24.0,Computer,2,11.0,E wallet,Female,1.0,5,Fashion,2,Married,4,0,22.0,7.0,4.0,3.0,293.77
54313,0,29.0,Computer,2,20.0,E wallet,Male,4.0,5,Mobile Phone,5,Married,13,0,13.0,11.0,15.0,19.0,121.48
54314,1,17.0,Computer,1,26.0,Debit Card,Female,1.0,1,Fashion,3,Married,5,1,25.0,14.0,15.0,15.0,147.5
54315,0,10.0,Phone,2,29.0,Credit Card,Female,3.0,2,Fashion,3,Married,13,0,18.0,15.0,10.0,8.0,151.59
54316,0,28.0,Phone,1,7.0,UPI,Male,3.0,1,Mobile Phone,2,Single,6,0,23.0,4.0,11.0,10.0,108.73
54317,1,16.0,Mobile Phone,1,26.0,Credit Card,Male,5.0,2,Laptop & Accessory,3,Single,5,0,21.0,2.0,1.0,11.0,312.55
54318,0,25.0,Mobile Phone,3,35.0,E wallet,Male,1.0,2,Fashion,5,Single,9,1,13.0,9.0,8.0,9.0,302.81
54319,0,22.0,Mobile Phone,2,26.0,UPI,Female,2.0,2,Mobile Phone,3,Single,14,0,26.0,3.0,7.0,16.0,167.53
54320,0,19.0,Mobile Phone,2,31.0,UPI,Female,3.0,4,Others,3,Married,11,0,20.0,11.0,13.0,10.0,296.9
54321,0,1.0,Computer,1,6.0,E wallet,Male,4.0,4,Grocery,1,Married,10,1,13.0,0.0,3.0,3.0,193.69
54322,0,23.0,Computer,2,26.0,COD,Male,5.0,6,Fashion,3,Married,9,0,18.0,4.0,8.0,16.0,121.27
54323,0,30.0,Phone,1,21.0,Debit Card,Male,0.0,5,Laptop & Accessory,2,Single,6,0,22.0,4.0,8.0,0.0,228.72
54324,0,26.0,Computer,2,24.0,E wallet,Male,3.0,1,Mobile,1,Married,6,1,11.0,14.0,16.0,8.0,167.42
54325,0,1.0,Computer,3,28.0,Debit Card,Male,0.0,4,Fashion,3,Married,9,0,25.0,6.0,14.0,20.0,125.54
54326,1,13.0,Phone,3,35.0,UPI,Female,4.0,4,Laptop & Accessory,2,Single,7,0,25.0,16.0,4.0,16.0,160.91
54327,1,3.0,Phone,1,22.0,Cash on Delivery,Female,1.0,3,Fashion,4,Divorced,13,1,21.0,7.0,3.0,11.0,166.43
54328,1,12.0,Mobile Phone,2,9.0,Cash on Delivery,Male,4.0,3,Grocery,3,Single,6,0,14.0,15.0,16.0,10.0,239.57
54329,0,61.0,Phone,3,6.0,Credit Card,Female,1.0,5,Mobile Phone,2,Married,9,0,13.0,0.0,2.0,18.0,252.06
54330,0,7.0,Mobile Phone,1,22.0,Debit Card,Male,4.0,1,Grocery,4,Divorced,7,0,11.0,10.0,12.0,0.0,137.28
54331,0,1.0,Mobile Phone,1,39.0,Debit Card,Male,2.0,4,Mobile Phone,5,Married,8,0,11.0,5.0,6.0,14.0,294.94
54332,0,5.0,Computer,3,38.0,CC,Female,3.0,5,Fashion,2,Single,10,0,17.0,8.0,16.0,11.0,333.72
54333,0,30.0,Mobile Phone,2,7.0,Debit Card,Male,3.0,5,Mobile Phone,1,Single,11,0,21.0,4.0,4.0,11.0,157.61
54334,0,9.0,Mobile Phone,1,24.0,Debit Card,Male,2.0,2,Mobile Phone,3,Married,13,0,14.0,13.0,8.0,10.0,107.94
54335,0,20.0,Phone,1,22.0,Cash on Delivery,Male,2.0,5,Laptop & Accessory,4,Single,5,0,15.0,12.0,16.0,12.0,308.58
54336,0,17.0,Phone,2,10.0,Credit Card,Male,1.0,2,Fashion,4,Married,8,0,12.0,12.0,2.0,2.0,284.02
54337,0,22.0,Mobile Phone,1,9.0,UPI,Female,0.0,6,Mobile,4,Single,10,1,25.0,14.0,16.0,14.0,170.64
54338,0,2.0,Mobile Phone,2,39.0,Debit Card,Male,2.0,3,Grocery,4,Divorced,1,1,13.0,12.0,13.0,5.0,228.57
54339,0,50.0,Computer,1,35.0,E wallet,Male,3.0,2,Mobile Phone,3,Married,7,1,22.0,6.0,1.0,2.0,279.51
54340,0,19.0,Mobile Phone,2,17.0,COD,Female,3.0,2,Others,4,Divorced,2,0,11.0,1.0,13.0,7.0,154.31
54341,0,9.0,Computer,2,30.0,Debit Card,Male,4.0,3,Others,5,Married,12,0,25.0,16.0,12.0,17.0,170.21
54342,1,28.0,Phone,2,26.0,Credit Card,Male,1.0,3,Laptop & Accessory,4,Married,3,0,14.0,8.0,2.0,8.0,264.04
54343,1,60.0,Mobile Phone,2,36.0,Debit Card,Male,2.0,4,Laptop & Accessory,2,Divorced,8,0,21.0,3.0,5.0,4.0,210.75
54344,0,19.0,Mobile Phone,1,19.0,Cash on Delivery,Female,4.0,5,Fashion,4,Married,3,1,18.0,4.0,5.0,17.0,116.24
54345,0,7.0,Phone,1,15.0,UPI,Female,3.0,4,Mobile Phone,4,Divorced,10,0,22.0,6.0,8.0,17.0,233.81
54346,1,6.0,Computer,1,20.0,Credit Card,Male,1.0,6,Fashion,5,Married,7,0,22.0,3.0,1.0,18.0,316.31
54347,0,17.0,Mobile Phone,2,10.0,UPI,Female,2.0,3,Laptop & Accessory,4,Single,6,0,21.0,14.0,16.0,15.0,185.11
54348,0,10.0,Mobile Phone,3,15.0,UPI,Male,2.0,3,Mobile Phone,5,Married,14,0,21.0,10.0,13.0,7.0,178.46
54349,0,17.0,Mobile Phone,2,14.0,E wallet,Male,1.0,5,Laptop & Accessory,5,Single,3,1,23.0,3.0,11.0,6.0,112.59
54350,0,28.0,Phone,1,20.0,UPI,Female,4.0,3,Laptop & Accessory,3,Single,3,0,13.0,15.0,14.0,10.0,136.24
54351,0,24.0,Mobile Phone,1,16.0,Cash on Delivery,Male,2.0,2,Laptop & Accessory,4,Single,14,0,24.0,9.0,16.0,7.0,123.7
54352,1,20.0,Mobile Phone,1,11.0,UPI,Female,5.0,5,Mobile Phone,3,Single,9,1,11.0,10.0,8.0,4.0,238.74
54353,0,2.0,Mobile Phone,1,31.0,Debit Card,Male,4.0,3,Mobile Phone,4,Married,5,0,14.0,16.0,15.0,14.0,194.27
54354,1,17.0,Phone,2,28.0,UPI,Male,3.0,5,Mobile Phone,4,Single,7,0,19.0,10.0,10.0,12.0,215.78
54355,1,23.0,Computer,1,19.0,UPI,Male,2.0,3,Mobile Phone,2,Divorced,13,0,24.0,10.0,8.0,9.0,289.66
54356,0,9.0,Phone,1,10.0,UPI,Male,2.0,6,Mobile Phone,4,Married,13,1,20.0,5.0,16.0,18.0,349.6
54357,0,26.0,Mobile Phone,1,23.0,Cash on Delivery,Male,3.0,3,Mobile Phone,5,Single,2,0,18.0,15.0,15.0,0.0,334.68
54358,0,11.0,Mobile Phone,2,12.0,Credit Card,Male,2.0,5,Laptop & Accessory,2,Single,10,1,25.0,12.0,13.0,7.0,140.76
54359,0,6.0,Mobile Phone,2,17.0,E wallet,Female,5.0,5,Laptop & Accessory,2,Married,13,1,20.0,0.0,9.0,10.0,269.35
54360,0,16.0,Mobile Phone,3,37.0,UPI,Male,3.0,2,Laptop & Accessory,4,Single,7,0,13.0,13.0,4.0,4.0,202.75
54361,1,0.0,Phone,1,22.0,Debit Card,Male,3.0,2,Laptop & Accessory,2,Married,8,0,19.0,10.0,11.0,11.0,118.26
54362,0,25.0,Mobile Phone,3,32.0,Debit Card,Male,3.0,4,Mobile Phone,5,Married,12,0,25.0,7.0,3.0,8.0,239.6
54363,0,14.0,Mobile Phone,2,14.0,E wallet,Male,4.0,4,Others,4,Married,4,1,21.0,5.0,8.0,7.0,181.93
54364,1,51.0,Phone,1,37.0,Debit Card,Female,3.0,4,Mobile Phone,1,Single,1,1,15.0,10.0,9.0,4.0,238.6
54365,0,30.0,Phone,1,5.0,Debit Card,Male,3.0,4,Fashion,4,Divorced,10,0,25.0,5.0,12.0,10.0,216.75
54366,0,61.0,Phone,1,25.0,Debit Card,Female,5.0,6,Laptop & Accessory,4,Single,13,1,17.0,10.0,8.0,18.0,173.37
54367,0,0.0,Computer,2,9.0,UPI,Female,1.0,4,Others,3,Married,4,0,11.0,4.0,11.0,13.0,194.17
54368,0,7.0,Phone,1,5.0,UPI,Male,1.0,2,Laptop & Accessory,3,Married,5,1,13.0,1.0,2.0,5.0,305.14
54369,0,11.0,Phone,3,25.0,Debit Card,Female,2.0,5,Laptop & Accessory,3,Divorced,11,0,23.0,15.0,11.0,8.0,320.03
54370,0,18.0,Phone,1,29.0,UPI,Female,3.0,3,Grocery,4,Married,12,0,11.0,5.0,3.0,6.0,177.32
54371,1,24.0,Mobile Phone,2,24.0,UPI,Female,1.0,5,Laptop & Accessory,1,Married,5,0,13.0,13.0,8.0,6.0,255.06
54372,0,50.0,Mobile Phone,1,13.0,Cash on Delivery,Male,1.0,2,Laptop & Accessory,4,Married,2,1,19.0,13.0,11.0,13.0,313.04
54373,0,11.0,Computer,2,20.0,Cash on Delivery,Male,0.0,5,Fashion,4,Single,8,1,21.0,12.0,11.0,17.0,297.64
54374,0,12.0,Computer,3,32.0,Credit Card,Male,4.0,4,Others,4,Single,2,1,23.0,7.0,16.0,1.0,182.38
54375,1,27.0,Phone,3,28.0,UPI,Male,3.0,5,Laptop & Accessory,4,Single,11,0,16.0,10.0,7.0,2.0,134.6
54376,0,0.0,Phone,1,20.0,Debit Card,Female,4.0,4,Fashion,3,Married,11,0,19.0,13.0,4.0,8.0,255.34
54377,0,5.0,Mobile Phone,1,18.0,Cash on Delivery,Female,2.0,5,Fashion,4,Married,1,0,16.0,2.0,9.0,18.0,116.97
54378,0,7.0,Phone,3,38.0,UPI,Female,3.0,6,Fashion,2,Married,5,0,18.0,15.0,11.0,3.0,305.28
54379,1,3.0,Computer,1,28.0,UPI,Female,3.0,5,Others,3,Married,7,0,24.0,13.0,13.0,1.0,215.66
54380,0,4.0,Computer,2,15.0,E wallet,Female,3.0,5,Laptop & Accessory,1,Married,12,1,14.0,7.0,1.0,11.0,279.79
54381,0,24.0,Mobile Phone,3,5.0,COD,Male,2.0,3,Fashion,5,Married,8,0,25.0,16.0,11.0,1.0,144.37
54382,0,21.0,Mobile Phone,2,16.0,E wallet,Female,1.0,3,Laptop & Accessory,5,Married,12,0,15.0,6.0,11.0,7.0,142.06
54383,1,27.0,Phone,1,25.0,COD,Male,5.0,2,Mobile Phone,3,Married,15,0,23.0,4.0,7.0,14.0,151.99
54384,0,22.0,Mobile Phone,3,13.0,E wallet,Male,4.0,4,Mobile Phone,3,Married,14,0,18.0,4.0,6.0,0.0,293.23
54385,1,3.0,Mobile Phone,3,7.0,Credit Card,Female,2.0,3,Grocery,5,Single,14,0,23.0,16.0,2.0,3.0,168.74
54386,0,3.0,Phone,2,20.0,Debit Card,Female,5.0,3,Laptop & Accessory,4,Married,4,0,11.0,5.0,8.0,15.0,336.39
54387,0,20.0,Mobile Phone,1,8.0,CC,Female,2.0,2,Grocery,4,Married,1,0,18.0,14.0,9.0,5.0,117.77
54388,0,1.0,Phone,3,30.0,E wallet,Male,2.0,6,Others,3,Single,5,0,24.0,12.0,11.0,11.0,259.84
54389,1,6.0,Phone,3,17.0,Debit Card,Female,4.0,4,Laptop & Accessory,3,Married,3,0,25.0,8.0,9.0,8.0,299.3
54390,0,15.0,Computer,3,24.0,UPI,Male,2.0,3,Grocery,2,Married,1,0,12.0,14.0,7.0,14.0,237.51
54391,1,16.0,Computer,1,23.0,Debit Card,Male,2.0,3,Laptop & Accessory,1,Single,11,0,16.0,11.0,7.0,1.0,102.11
54392,0,19.0,Phone,2,31.0,CC,Male,2.0,3,Mobile,5,Single,7,0,26.0,8.0,4.0,9.0,332.48
54393,0,22.0,Phone,2,6.0,Credit Card,Male,3.0,5,Grocery,5,Married,9,0,14.0,9.0,7.0,9.0,255.54
54394,0,60.0,Phone,1,14.0,Debit Card,Male,1.0,3,Fashion,2,Married,9,0,22.0,15.0,9.0,21.0,341.55
54395,0,10.0,Computer,2,29.0,Debit Card,Female,0.0,5,Fashion,1,Married,4,0,19.0,1.0,10.0,16.0,160.15
54396,0,60.0,Mobile Phone,2,23.0,COD,Male,3.0,3,Others,3,Married,8,1,20.0,1.0,9.0,13.0,207.41
54397,0,51.0,Computer,3,19.0,Credit Card,Female,2.0,5,Laptop & Accessory,5,Divorced,1,1,26.0,9.0,9.0,18.0,188.66
54398,0,25.0,Mobile Phone,3,28.0,UPI,Male,1.0,5,Laptop & Accessory,3,Married,12,1,23.0,7.0,10.0,14.0,293.1
54399,0,1.0,Mobile Phone,1,20.0,UPI,Male,4.0,4,Grocery,5,Married,14,0,20.0,15.0,12.0,14.0,221.83
54400,0,22.0,Mobile Phone,2,21.0,Debit Card,Male,2.0,5,Mobile Phone,5,Single,4,1,14.0,2.0,15.0,14.0,178.28
54401,0,21.0,Phone,2,20.0,Debit Card,Female,1.0,5,Grocery,5,Divorced,4,1,15.0,16.0,5.0,10.0,138.63
54402,1,60.0,Mobile Phone,3,22.0,Credit Card,Female,5.0,2,Mobile Phone,3,Married,2,0,11.0,11.0,12.0,13.0,215.65
54403,1,14.0,Phone,1,8.0,UPI,Male,5.0,6,Mobile Phone,5,Married,8,0,14.0,9.0,3.0,0.0,331.31
54404,0,9.0,Computer,2,6.0,UPI,Male,1.0,2,Mobile Phone,4,Single,14,0,18.0,11.0,3.0,0.0,232.14
54405,0,14.0,Mobile Phone,2,35.0,Credit Card,Female,4.0,4,Mobile,5,Divorced,8,0,23.0,5.0,8.0,16.0,117.7
54406,0,28.0,Phone,3,6.0,Debit Card,Male,4.0,3,Mobile Phone,4,Single,7,0,19.0,16.0,8.0,4.0,285.02
54407,0,22.0,Mobile Phone,2,6.0,CC,Male,3.0,3,Grocery,3,Married,15,1,12.0,11.0,10.0,12.0,281.94
54408,0,16.0,Phone,2,19.0,Debit Card,Male,3.0,5,Fashion,5,Married,4,0,16.0,13.0,9.0,13.0,109.48
54409,1,8.0,Phone,3,33.0,Debit Card,Male,2.0,3,Laptop & Accessory,5,Married,14,0,15.0,0.0,2.0,19.0,255.08
54410,0,8.0,Mobile Phone,2,38.0,Debit Card,Male,1.0,4,Others,4,Married,5,0,18.0,15.0,1.0,15.0,334.86
54411,0,15.0,Computer,1,36.0,Debit Card,Male,3.0,3,Mobile Phone,3,Divorced,15,0,18.0,15.0,14.0,14.0,308.79
54412,0,51.0,Phone,1,25.0,Debit Card,Male,4.0,5,Others,1,Married,5,0,25.0,5.0,3.0,8.0,337.71
54413,0,17.0,Computer,3,34.0,UPI,Male,3.0,2,Grocery,5,Married,1,0,23.0,15.0,8.0,21.0,130.14
54414,0,5.0,Phone,1,28.0,Credit Card,Male,3.0,2,Laptop & Accessory,3,Married,11,0,19.0,16.0,6.0,20.0,152.74
54415,0,9.0,Computer,2,18.0,Debit Card,Female,2.0,2,Fashion,3,Divorced,15,0,19.0,7.0,16.0,20.0,153.49
54416,0,17.0,Mobile Phone,2,22.0,UPI,Male,3.0,5,Grocery,2,Married,13,1,19.0,4.0,3.0,5.0,328.4
54417,0,3.0,Mobile Phone,3,18.0,E wallet,Male,3.0,2,Others,4,Married,6,0,24.0,2.0,1.0,17.0,185.99
54418,1,17.0,Phone,2,38.0,Debit Card,Male,1.0,4,Mobile Phone,5,Divorced,7,0,26.0,5.0,5.0,2.0,199.84
54419,0,12.0,Computer,2,18.0,Cash on Delivery,Male,3.0,5,Grocery,3,Married,11,0,20.0,16.0,14.0,18.0,318.15
54420,0,15.0,Mobile Phone,1,29.0,Debit Card,Female,3.0,2,Mobile,5,Single,4,0,14.0,14.0,6.0,13.0,257.75
54421,0,28.0,Computer,2,16.0,Debit Card,Male,1.0,6,Grocery,3,Single,3,0,21.0,12.0,16.0,19.0,198.09
54422,0,5.0,Mobile Phone,1,24.0,UPI,Female,2.0,3,Others,5,Divorced,12,0,12.0,16.0,7.0,13.0,118.22
54423,0,25.0,Mobile Phone,3,11.0,Debit Card,Female,2.0,5,Mobile Phone,4,Divorced,8,0,14.0,11.0,13.0,14.0,110.01
54424,0,10.0,Mobile Phone,3,19.0,E wallet,Female,5.0,5,Laptop & Accessory,3,Single,2,0,23.0,14.0,8.0,21.0,178.07
54425,1,23.0,Phone,1,13.0,Debit Card,Male,2.0,3,Mobile,5,Single,14,0,16.0,5.0,8.0,12.0,173.33
54426,1,28.0,Computer,1,8.0,Credit Card,Male,3.0,4,Fashion,4,Married,1,0,14.0,9.0,10.0,0.0,265.5
54427,0,2.0,Mobile Phone,2,35.0,Credit Card,Male,3.0,4,Laptop & Accessory,4,Married,7,0,15.0,7.0,10.0,5.0,211.6
54428,0,9.0,Phone,2,27.0,Debit Card,Female,2.0,3,Mobile,3,Single,3,0,13.0,13.0,4.0,18.0,270.58
54429,0,0.0,Mobile Phone,2,10.0,Credit Card,Male,1.0,3,Fashion,2,Single,3,0,21.0,6.0,16.0,16.0,183.01
54430,0,25.0,Phone,3,32.0,UPI,Female,3.0,5,Laptop & Accessory,5,Single,6,0,26.0,14.0,10.0,20.0,329.22
54431,1,11.0,Mobile Phone,3,16.0,Credit Card,Male,3.0,3,Laptop & Accessory,3,Married,15,1,12.0,4.0,14.0,21.0,123.8
54432,1,13.0,Phone,1,26.0,Cash on Delivery,Male,2.0,5,Others,5,Divorced,3,0,17.0,8.0,1.0,3.0,224.85
54433,0,24.0,Phone,1,28.0,UPI,Male,0.0,3,Mobile,5,Married,9,0,16.0,9.0,7.0,7.0,327.99
54434,0,7.0,Phone,2,38.0,UPI,Male,3.0,5,Mobile Phone,1,Divorced,2,1,13.0,16.0,9.0,10.0,270.9
54435,1,3.0,Mobile Phone,3,23.0,Debit Card,Male,3.0,3,Mobile Phone,2,Married,1,1,24.0,10.0,13.0,10.0,118.8
54436,0,27.0,Mobile Phone,2,28.0,Debit Card,Male,0.0,6,Mobile Phone,4,Married,7,0,20.0,13.0,9.0,7.0,314.23
54437,0,6.0,Phone,2,24.0,Debit Card,Male,3.0,4,Grocery,1,Divorced,13,0,19.0,5.0,12.0,14.0,158.65
54438,0,9.0,Computer,1,38.0,CC,Female,5.0,4,Mobile Phone,3,Married,15,0,16.0,15.0,6.0,20.0,228.24
54439,0,1.0,Computer,3,31.0,UPI,Male,1.0,3,Mobile Phone,4,Single,7,1,15.0,12.0,2.0,8.0,175.19
54440,0,25.0,Computer,2,33.0,Debit Card,Male,3.0,4,Fashion,2,Divorced,9,0,26.0,15.0,15.0,4.0,203.86
54441,0,13.0,Computer,1,5.0,Debit Card,Male,3.0,2,Mobile Phone,4,Married,5,0,18.0,8.0,1.0,10.0,336.7
54442,0,15.0,Mobile Phone,1,11.0,Debit Card,Female,2.0,2,Mobile Phone,3,Married,3,0,12.0,13.0,2.0,3.0,135.67
54443,1,16.0,Mobile Phone,1,24.0,Debit Card,Male,4.0,3,Mobile Phone,3,Single,10,0,16.0,14.0,9.0,12.0,162.83
54444,0,21.0,Mobile Phone,3,24.0,UPI,Female,4.0,6,Mobile Phone,2,Married,12,0,16.0,9.0,13.0,19.0,183.47
54445,0,3.0,Mobile Phone,2,29.0,Debit Card,Male,4.0,4,Laptop & Accessory,5,Single,2,1,17.0,6.0,5.0,16.0,266.14
54446,0,18.0,Phone,2,25.0,Debit Card,Female,2.0,3,Others,1,Married,8,0,13.0,9.0,14.0,3.0,291.09
54447,1,1.0,Computer,1,13.0,Credit Card,Male,4.0,5,Laptop & Accessory,1,Single,5,1,16.0,5.0,9.0,21.0,235.02
54448,0,8.0,Mobile Phone,1,31.0,E wallet,Male,2.0,4,Grocery,5,Single,2,0,13.0,13.0,15.0,6.0,248.96
54449,0,18.0,Phone,2,32.0,UPI,Female,2.0,4,Laptop & Accessory,1,Single,6,0,24.0,16.0,2.0,21.0,216.93
54450,0,15.0,Phone,1,29.0,Cash on Delivery,Female,1.0,4,Laptop & Accessory,2,Single,8,0,23.0,8.0,11.0,10.0,173.73
54451,0,24.0,Phone,1,38.0,Debit Card,Female,5.0,2,Fashion,5,Divorced,3,1,18.0,15.0,2.0,1.0,245.62
54452,0,17.0,Mobile Phone,1,6.0,Cash on Delivery,Male,2.0,3,Fashion,4,Married,1,0,15.0,6.0,5.0,15.0,181.04
54453,0,22.0,Phone,1,13.0,Debit Card,Male,4.0,6,Fashion,4,Single,13,0,16.0,3.0,16.0,4.0,210.08
54454,0,20.0,Mobile Phone,2,23.0,Cash on Delivery,Male,1.0,6,Fashion,3,Divorced,5,0,19.0,10.0,5.0,11.0,323.72
54455,0,10.0,Computer,3,19.0,E wallet,Male,4.0,3,Mobile Phone,2,Divorced,8,0,19.0,1.0,16.0,12.0,329.26
54456,0,3.0,Computer,1,25.0,Cash on Delivery,Male,1.0,1,Mobile Phone,3,Married,5,0,26.0,7.0,13.0,1.0,173.33
54457,0,24.0,Mobile Phone,2,20.0,Cash on Delivery,Male,0.0,4,Others,4,Single,3,0,21.0,13.0,10.0,0.0,203.72
54458,0,50.0,Mobile Phone,1,6.0,Credit Card,Male,5.0,3,Laptop & Accessory,3,Single,7,1,26.0,16.0,7.0,10.0,314.51
54459,0,29.0,Phone,2,30.0,Debit Card,Female,1.0,2,Laptop & Accessory,4,Divorced,10,1,15.0,11.0,3.0,19.0,334.5
54460,0,25.0,Phone,3,33.0,Credit Card,Male,3.0,3,Grocery,1,Single,13,0,20.0,12.0,8.0,3.0,349.83
54461,0,60.0,Mobile Phone,1,37.0,UPI,Male,4.0,2,Mobile Phone,4,Single,7,1,17.0,0.0,13.0,17.0,202.04
54462,1,8.0,Computer,1,38.0,Debit Card,Male,4.0,1,Grocery,4,Single,15,0,16.0,1.0,3.0,16.0,204.02
54463,1,11.0,Mobile Phone,1,31.0,UPI,Male,3.0,3,Mobile Phone,5,Divorced,12,0,24.0,9.0,7.0,7.0,239.8
54464,0,1.0,Mobile Phone,2,11.0,Credit Card,Male,3.0,3,Others,5,Married,5,0,20.0,5.0,15.0,10.0,140.31
54465,0,4.0,Phone,2,19.0,Debit Card,Male,3.0,3,Laptop & Accessory,4,Single,2,1,23.0,12.0,1.0,19.0,274.53
54466,0,4.0,Mobile Phone,1,21.0,Credit Card,Female,1.0,3,Mobile Phone,4,Single,10,0,14.0,16.0,10.0,1.0,299.97
54467,0,17.0,Mobile Phone,1,13.0,Credit Card,Male,2.0,4,Laptop & Accessory,1,Divorced,8,0,11.0,6.0,5.0,12.0,305.79
54468,0,4.0,Phone,3,17.0,Debit Card,Male,2.0,5,Fashion,5,Single,7,0,25.0,6.0,9.0,12.0,101.68
54469,0,3.0,Mobile Phone,2,36.0,UPI,Male,3.0,4,Mobile Phone,4,Married,7,0,14.0,7.0,4.0,15.0,344.9
54470,0,8.0,Phone,2,6.0,CC,Male,2.0,6,Others,4,Married,8,1,12.0,13.0,3.0,0.0,246.4
54471,1,28.0,Computer,3,36.0,E wallet,Male,2.0,6,Laptop & Accessory,5,Divorced,8,1,23.0,1.0,5.0,19.0,102.3
54472,0,21.0,Computer,1,24.0,UPI,Male,2.0,3,Mobile Phone,4,Married,4,0,26.0,6.0,11.0,9.0,266.57
54473,0,26.0,Mobile Phone,3,23.0,UPI,Male,2.0,5,Laptop & Accessory,4,Married,1,0,26.0,8.0,9.0,12.0,174.62
54474,0,9.0,Mobile Phone,3,31.0,Debit Card,Female,3.0,2,Mobile Phone,4,Single,13,1,18.0,0.0,13.0,20.0,156.68
54475,1,15.0,Phone,1,34.0,Debit Card,Female,3.0,3,Mobile Phone,5,Married,10,1,12.0,13.0,2.0,0.0,348.6
54476,0,9.0,Phone,2,15.0,Debit Card,Male,4.0,5,Laptop & Accessory,4,Married,12,0,19.0,0.0,7.0,14.0,107.06
54477,0,5.0,Computer,2,20.0,CC,Female,4.0,3,Laptop & Accessory,3,Married,4,1,20.0,7.0,9.0,21.0,317.43
54478,0,4.0,Phone,3,30.0,CC,Male,2.0,4,Laptop & Accessory,4,Married,11,0,24.0,8.0,4.0,16.0,336.43
54479,0,5.0,Mobile Phone,1,22.0,Cash on Delivery,Male,1.0,3,Laptop & Accessory,2,Married,2,1,19.0,7.0,5.0,17.0,191.52
54480,0,24.0,Phone,2,6.0,UPI,Male,3.0,3,Laptop & Accessory,5,Married,6,0,15.0,16.0,14.0,7.0,216.53
54481,1,3.0,Computer,3,38.0,Debit Card,Male,5.0,2,Others,4,Single,8,1,23.0,12.0,15.0,10.0,259.94
54482,0,50.0,Computer,3,26.0,Credit Card,Male,0.0,4,Laptop & Accessory,5,Married,10,1,23.0,7.0,5.0,19.0,105.8
54483,0,61.0,Mobile Phone,3,35.0,Credit Card,Female,0.0,2,Mobile,3,Married,10,1,19.0,5.0,16.0,15.0,263.49
54484,0,9.0,Phone,2,25.0,UPI,Female,1.0,5,Laptop & Accessory,3,Single,3,1,25.0,11.0,16.0,10.0,128.48
54485,0,60.0,Mobile Phone,3,27.0,Credit Card,Female,3.0,5,Laptop & Accessory,5,Married,6,0,12.0,14.0,7.0,15.0,102.71
54486,0,5.0,Phone,1,30.0,Credit Card,Male,5.0,3,Laptop & Accessory,3,Married,12,0,11.0,8.0,9.0,18.0,115.12
54487,1,15.0,Mobile Phone,2,22.0,Cash on Delivery,Male,4.0,3,Others,3,Divorced,15,0,19.0,13.0,8.0,0.0,154.65
54488,0,18.0,Computer,2,19.0,UPI,Male,3.0,4,Mobile,5,Married,12,0,20.0,2.0,11.0,20.0,201.27
54489,0,60.0,Phone,1,38.0,Cash on Delivery,Female,3.0,4,Laptop & Accessory,4,Married,15,1,14.0,11.0,16.0,21.0,320.42
54490,0,24.0,Computer,1,26.0,Debit Card,Female,2.0,4,Laptop & Accessory,3,Single,9,0,12.0,10.0,7.0,13.0,213.07
54491,0,30.0,Computer,2,32.0,Credit Card,Female,3.0,4,Grocery,3,Divorced,4,0,19.0,2.0,8.0,19.0,197.33
54492,0,16.0,Mobile Phone,1,11.0,Debit Card,Male,2.0,5,Others,4,Married,6,0,26.0,7.0,12.0,9.0,151.54
54493,0,29.0,Phone,1,28.0,Debit Card,Male,2.0,6,Fashion,2,Divorced,2,1,11.0,0.0,4.0,10.0,349.64
54494,0,30.0,Computer,1,39.0,Debit Card,Male,2.0,3,Others,5,Divorced,11,0,21.0,16.0,5.0,13.0,266.68
54495,0,18.0,Phone,3,17.0,Debit Card,Female,3.0,4,Mobile,3,Single,14,1,14.0,9.0,2.0,0.0,213.13
54496,0,61.0,Phone,1,17.0,COD,Female,4.0,3,Grocery,4,Married,6,0,25.0,11.0,5.0,21.0,180.67
54497,0,28.0,Mobile Phone,3,35.0,UPI,Male,3.0,3,Mobile Phone,4,Married,14,0,22.0,16.0,10.0,20.0,218.58
54498,0,17.0,Phone,1,23.0,E wallet,Male,1.0,6,Laptop & Accessory,4,Married,1,0,21.0,9.0,8.0,20.0,288.84
54499,0,3.0,Mobile Phone,2,22.0,Debit Card,Female,0.0,1,Mobile Phone,3,Single,12,0,25.0,13.0,13.0,6.0,181.24
54500,0,27.0,Phone,2,26.0,Debit Card,Male,2.0,2,Laptop & Accessory,1,Married,7,0,14.0,8.0,1.0,4.0,168.63
54501,0,17.0,Mobile Phone,2,25.0,Credit Card,Female,2.0,4,Laptop & Accessory,4,Single,3,0,20.0,7.0,8.0,3.0,156.28
54502,0,25.0,Mobile Phone,3,20.0,UPI,Male,2.0,5,Mobile Phone,5,Single,13,0,21.0,16.0,2.0,15.0,194.91
54503,0,18.0,Mobile Phone,2,34.0,Credit Card,Male,1.0,5,Mobile Phone,4,Divorced,12,1,17.0,14.0,1.0,19.0,107.7
54504,0,5.0,Mobile Phone,2,9.0,UPI,Female,3.0,5,Fashion,5,Married,3,0,13.0,5.0,9.0,16.0,286.49
54505,0,0.0,Phone,1,10.0,Cash on Delivery,Female,3.0,5,Laptop & Accessory,4,Single,10,1,21.0,6.0,8.0,1.0,338.53
54506,0,7.0,Mobile Phone,2,25.0,UPI,Male,2.0,5,Others,2,Divorced,6,0,18.0,15.0,8.0,10.0,326.32
54507,0,51.0,Mobile Phone,2,15.0,Credit Card,Female,3.0,4,Laptop & Accessory,2,Married,14,0,12.0,10.0,8.0,6.0,291.62
54508,0,20.0,Phone,1,28.0,UPI,Female,1.0,4,Mobile,5,Single,5,0,14.0,8.0,5.0,19.0,274.39
54509,0,23.0,Phone,3,32.0,Credit Card,Male,2.0,5,Fashion,4,Single,1,0,19.0,9.0,7.0,0.0,174.8
54510,1,24.0,Phone,3,19.0,Credit Card,Male,4.0,5,Laptop & Accessory,3,Married,1,1,14.0,12.0,6.0,3.0,127.08
54511,0,18.0,Computer,1,23.0,UPI,Male,3.0,3,Grocery,4,Married,2,0,19.0,6.0,3.0,11.0,210.59
54512,0,28.0,Mobile Phone,3,21.0,Debit Card,Male,1.0,1,Laptop & Accessory,4,Married,3,1,19.0,1.0,15.0,10.0,310.95
54513,1,9.0,Mobile Phone,2,22.0,Credit Card,Female,4.0,3,Laptop & Accessory,5,Married,13,0,20.0,5.0,1.0,14.0,235.51
54514,0,11.0,Mobile Phone,1,7.0,CC,Male,3.0,4,Laptop & Accessory,5,Single,4,0,25.0,1.0,12.0,19.0,277.83
54515,0,51.0,Computer,1,32.0,Debit Card,Male,3.0,4,Fashion,4,Single,10,0,26.0,8.0,2.0,16.0,329.99
54516,0,6.0,Phone,3,35.0,Cash on Delivery,Female,3.0,3,Others,5,Married,14,1,18.0,10.0,6.0,9.0,270.27
54517,0,16.0,Mobile Phone,2,12.0,UPI,Male,1.0,6,Others,3,Married,6,0,18.0,2.0,8.0,13.0,117.08
54518,0,9.0,Mobile Phone,1,21.0,UPI,Female,3.0,4,Grocery,5,Married,10,0,22.0,8.0,7.0,8.0,123.28
54519,1,30.0,Phone,2,39.0,CC,Male,3.0,2,Fashion,5,Married,15,1,15.0,12.0,8.0,14.0,120.26
54520,0,5.0,Mobile Phone,2,31.0,Credit Card,Female,5.0,2,Mobile Phone,1,Married,10,0,23.0,10.0,3.0,11.0,189.43
54521,1,16.0,Phone,2,37.0,Cash on Delivery,Female,1.0,2,Mobile Phone,5,Married,2,1,26.0,12.0,9.0,18.0,171.9
54522,1,17.0,Computer,2,15.0,UPI,Female,2.0,3,Laptop & Accessory,3,Single,7,1,16.0,10.0,12.0,12.0,127.42
54523,0,17.0,Phone,2,25.0,Debit Card,Female,5.0,3,Grocery,3,Married,8,0,19.0,9.0,5.0,17.0,197.94
54524,1,15.0,Computer,2,10.0,Credit Card,Male,2.0,3,Mobile,4,Married,4,0,12.0,4.0,11.0,20.0,148.42
54525,0,7.0,Mobile Phone,3,25.0,E wallet,Male,3.0,5,Others,2,Married,7,0,23.0,3.0,7.0,0.0,196.44
54526,0,23.0,Phone,3,32.0,Cash on Delivery,Female,0.0,5,Others,1,Married,10,0,13.0,6.0,14.0,19.0,211.09
54527,0,12.0,Computer,2,21.0,Debit Card,Female,0.0,4,Mobile Phone,3,Married,9,1,21.0,6.0,14.0,21.0,101.25
54528,0,28.0,Phone,3,22.0,UPI,Male,2.0,3,Laptop & Accessory,4,Married,1,1,25.0,12.0,5.0,10.0,274.24
54529,0,50.0,Phone,3,15.0,UPI,Female,4.0,3,Others,5,Divorced,6,1,19.0,13.0,11.0,11.0,192.93
54530,0,23.0,Phone,1,29.0,Credit Card,Male,1.0,1,Grocery,3,Divorced,15,0,24.0,8.0,3.0,17.0,294.32
54531,0,15.0,Computer,3,34.0,Debit Card,Female,2.0,6,Mobile Phone,4,Single,10,0,23.0,9.0,5.0,9.0,128.64
54532,0,10.0,Mobile Phone,1,29.0,Debit Card,Male,1.0,3,Grocery,2,Married,6,0,19.0,13.0,15.0,13.0,172.64
54533,0,50.0,Mobile Phone,1,11.0,Cash on Delivery,Male,2.0,5,Laptop & Accessory,5,Married,3,0,15.0,1.0,7.0,15.0,167.36
54534,1,5.0,Mobile Phone,2,31.0,Credit Card,Male,3.0,5,Fashion,4,Single,7,0,13.0,2.0,8.0,11.0,102.5
54535,0,61.0,Computer,2,30.0,Cash on Delivery,Male,2.0,2,Mobile,3,Married,9,0,25.0,8.0,16.0,1.0,219.9
54536,0,51.0,Computer,2,17.0,CC,Male,2.0,3,Others,5,Single,13,0,20.0,9.0,7.0,20.0,340.91
54537,0,17.0,Mobile Phone,2,28.0,UPI,Male,2.0,4,Grocery,1,Married,6,0,19.0,3.0,5.0,6.0,103.46
54538,1,12.0,Mobile Phone,1,16.0,E wallet,Male,3.0,3,Laptop & Accessory,4,Married,3,0,13.0,8.0,3.0,15.0,255.37
54539,0,9.0,Computer,3,18.0,Credit Card,Female,1.0,3,Laptop & Accessory,1,Single,2,0,20.0,8.0,6.0,14.0,314.18
54540,0,25.0,Mobile Phone,1,22.0,CC,Male,3.0,3,Mobile Phone,5,Married,12,1,14.0,8.0,10.0,6.0,298.18
54541,0,16.0,Mobile Phone,3,35.0,Debit Card,Male,2.0,4,Fashion,2,Married,14,0,11.0,15.0,9.0,21.0,171.86
54542,1,0.0,Mobile Phone,1,8.0,Debit Card,Female,2.0,3,Mobile Phone,1,Single,11,1,22.0,2.0,9.0,21.0,143.77
54543,0,24.0,Mobile Phone,2,23.0,Credit Card,Female,4.0,3,Mobile Phone,3,Divorced,13,0,18.0,13.0,12.0,15.0,153.58
54544,0,60.0,Phone,2,5.0,E wallet,Male,5.0,3,Mobile Phone,2,Married,6,0,20.0,12.0,6.0,4.0,186.62
54545,0,9.0,Mobile Phone,2,33.0,Cash on Delivery,Female,2.0,5,Mobile Phone,4,Married,3,0,24.0,16.0,7.0,8.0,125.82
54546,0,19.0,Phone,1,10.0,Credit Card,Female,3.0,4,Others,3,Divorced,1,0,21.0,6.0,7.0,9.0,168.31
54547,0,6.0,Computer,1,5.0,UPI,Female,3.0,5,Mobile Phone,2,Divorced,9,0,26.0,6.0,5.0,19.0,157.2
54548,0,15.0,Mobile Phone,1,29.0,Credit Card,Female,4.0,3,Mobile,5,Divorced,7,0,17.0,6.0,11.0,17.0,342.94
54549,1,28.0,Mobile Phone,2,31.0,Cash on Delivery,Female,4.0,5,Laptop & Accessory,3,Married,15,0,16.0,15.0,14.0,16.0,267.62
54550,0,11.0,Computer,3,26.0,Cash on Delivery,Male,3.0,3,Others,3,Divorced,15,0,19.0,0.0,11.0,3.0,256.68
54551,0,16.0,Phone,1,21.0,Credit Card,Female,5.0,2,Grocery,4,Single,4,0,18.0,13.0,8.0,13.0,321.09
54552,0,19.0,Mobile Phone,2,33.0,Debit Card,Female,5.0,4,Fashion,3,Single,14,1,11.0,2.0,3.0,16.0,143.96
54553,0,25.0,Mobile Phone,2,7.0,Credit Card,Male,3.0,3,Mobile Phone,2,Married,14,0,23.0,10.0,6.0,12.0,117.94
54554,1,18.0,Mobile Phone,1,21.0,UPI,Male,3.0,2,Grocery,4,Married,11,0,17.0,1.0,1.0,7.0,319.53
54555,0,11.0,Phone,1,6.0,CC,Male,3.0,4,Mobile Phone,1,Married,14,1,24.0,15.0,12.0,3.0,188.07
54556,0,20.0,Mobile Phone,1,36.0,Credit Card,Female,2.0,5,Laptop & Accessory,4,Married,14,0,19.0,13.0,4.0,1.0,196.23
54557,1,60.0,Phone,1,26.0,Credit Card,Male,3.0,3,Laptop & Accessory,5,Single,12,0,14.0,4.0,8.0,9.0,107.65
54558,0,6.0,Mobile Phone,1,37.0,COD,Male,3.0,5,Laptop & Accessory,3,Married,11,0,12.0,8.0,11.0,10.0,103.77
54559,0,61.0,Computer,1,26.0,Debit Card,Female,0.0,4,Fashion,5,Married,2,0,19.0,16.0,11.0,5.0,274.69
54560,0,14.0,Mobile Phone,1,8.0,Debit Card,Male,4.0,3,Fashion,2,Single,3,0,18.0,10.0,11.0,5.0,261.06
54561,0,0.0,Phone,3,17.0,Credit Card,Female,3.0,3,Mobile Phone,2,Single,6,1,19.0,8.0,16.0,18.0,170.76
54562,0,25.0,Mobile Phone,3,27.0,UPI,Male,0.0,6,Laptop & Accessory,4,Married,8,0,21.0,15.0,3.0,18.0,153.44
54563,0,17.0,Mobile Phone,2,17.0,UPI,Male,4.0,3,Fashion,1,Single,3,1,22.0,10.0,4.0,10.0,299.6
54564,0,24.0,Phone,2,24.0,E wallet,Male,3.0,2,Laptop & Accessory,1,Divorced,2,0,13.0,13.0,16.0,9.0,120.3
54565,1,14.0,Phone,1,37.0,Credit Card,Male,3.0,2,Mobile,3,Single,5,1,18.0,10.0,15.0,5.0,256.84
54566,0,17.0,Phone,1,38.0,Debit Card,Male,3.0,5,Others,1,Divorced,8,0,24.0,14.0,13.0,13.0,125.2
54567,0,5.0,Phone,1,33.0,UPI,Female,3.0,4,Grocery,3,Married,9,1,19.0,9.0,4.0,9.0,344.59
54568,0,14.0,Mobile Phone,2,36.0,Debit Card,Female,3.0,2,Mobile Phone,4,Married,11,0,25.0,9.0,3.0,4.0,345.79
54569,0,23.0,Phone,3,15.0,Credit Card,Female,4.0,5,Grocery,2,Single,4,1,18.0,2.0,2.0,8.0,168.29
54570,0,20.0,Mobile Phone,1,22.0,Debit Card,Male,3.0,4,Laptop & Accessory,5,Divorced,2,1,21.0,6.0,13.0,17.0,259.1
54571,0,6.0,Mobile Phone,2,25.0,E wallet,Male,3.0,6,Laptop & Accessory,2,Married,7,1,22.0,0.0,2.0,12.0,104.11
54572,0,28.0,Phone,2,16.0,Credit Card,Male,3.0,4,Mobile Phone,2,Married,5,0,11.0,12.0,7.0,17.0,182.73
54573,0,50.0,Computer,3,24.0,Debit Card,Male,5.0,4,Fashion,5,Single,9,0,18.0,2.0,1.0,19.0,159.33
54574,0,17.0,Phone,1,11.0,UPI,Female,1.0,3,Grocery,4,Single,1,0,12.0,14.0,3.0,3.0,173.25
54575,1,4.0,Computer,1,31.0,Credit Card,Male,2.0,2,Laptop & Accessory,4,Single,12,0,12.0,8.0,8.0,9.0,202.99
54576,0,3.0,Computer,3,11.0,UPI,Female,4.0,5,Mobile Phone,3,Single,5,0,22.0,8.0,10.0,9.0,204.12
54577,0,21.0,Mobile Phone,1,6.0,UPI,Female,3.0,3,Laptop & Accessory,4,Married,4,0,14.0,12.0,11.0,19.0,198.08
54578,1,17.0,Computer,2,37.0,E wallet,Female,5.0,5,Mobile Phone,4,Married,9,0,20.0,7.0,3.0,20.0,305.62
54579,0,61.0,Phone,3,25.0,UPI,Female,0.0,5,Fashion,3,Single,14,0,17.0,5.0,1.0,18.0,113.95
54580,0,16.0,Computer,3,33.0,UPI,Male,4.0,6,Mobile,5,Married,15,1,12.0,11.0,13.0,17.0,181.03
54581,0,23.0,Phone,1,36.0,Cash on Delivery,Female,4.0,3,Grocery,4,Married,11,0,24.0,7.0,3.0,11.0,106.11
54582,0,1.0,Phone,1,16.0,UPI,Male,4.0,2,Mobile,5,Married,2,0,15.0,12.0,13.0,10.0,120.18
54583,0,12.0,Phone,1,17.0,Debit Card,Male,3.0,1,Mobile Phone,5,Single,10,0,14.0,12.0,4.0,10.0,297.9
54584,0,14.0,Mobile Phone,2,7.0,Debit Card,Male,1.0,3,Mobile Phone,1,Single,12,0,16.0,8.0,1.0,10.0,141.27
54585,0,4.0,Computer,2,22.0,CC,Male,3.0,6,Grocery,3,Married,11,0,13.0,7.0,4.0,8.0,186.65
54586,0,2.0,Mobile Phone,3,6.0,CC,Male,2.0,5,Mobile Phone,2,Married,1,0,19.0,0.0,9.0,19.0,308.97
54587,0,2.0,Mobile Phone,2,10.0,Debit Card,Male,3.0,4,Grocery,2,Single,10,0,19.0,7.0,10.0,10.0,276.04
54588,0,61.0,Mobile Phone,2,19.0,Credit Card,Male,3.0,3,Mobile,5,Divorced,2,1,23.0,15.0,2.0,9.0,150.47
54589,0,22.0,Mobile Phone,1,16.0,Debit Card,Female,3.0,5,Fashion,5,Married,12,0,18.0,11.0,3.0,9.0,347.89
54590,0,27.0,Mobile Phone,1,36.0,Credit Card,Male,2.0,5,Laptop & Accessory,5,Single,7,0,16.0,1.0,5.0,16.0,166.9
54591,0,29.0,Mobile Phone,1,10.0,Debit Card,Male,3.0,3,Laptop & Accessory,4,Married,13,0,14.0,15.0,8.0,9.0,171.23
54592,0,17.0,Phone,1,31.0,Debit Card,Male,1.0,5,Laptop & Accessory,4,Single,2,0,19.0,10.0,6.0,7.0,262.97
54593,0,51.0,Phone,3,17.0,Cash on Delivery,Female,0.0,2,Grocery,4,Married,6,0,11.0,10.0,5.0,2.0,277.81
54594,0,25.0,Mobile Phone,2,27.0,UPI,Male,2.0,2,Others,5,Married,12,0,19.0,4.0,8.0,14.0,246.17
54595,1,16.0,Mobile Phone,1,14.0,Debit Card,Male,4.0,2,Fashion,1,Married,1,1,12.0,10.0,5.0,14.0,140.57
54596,0,6.0,Computer,2,18.0,Cash on Delivery,Male,4.0,5,Laptop & Accessory,3,Married,10,0,23.0,16.0,14.0,0.0,118.96
54597,0,7.0,Mobile Phone,1,7.0,Cash on Delivery,Female,3.0,3,Mobile Phone,4,Single,15,1,16.0,11.0,5.0,16.0,333.24
54598,1,30.0,Mobile Phone,1,16.0,Credit Card,Male,4.0,4,Others,5,Single,4,0,26.0,11.0,1.0,20.0,186.99
54599,0,11.0,Mobile Phone,3,29.0,E wallet,Male,1.0,2,Mobile Phone,2,Single,7,0,21.0,7.0,15.0,3.0,312.1
54600,0,30.0,Mobile Phone,3,5.0,UPI,Male,5.0,3,Laptop & Accessory,4,Single,8,0,18.0,9.0,15.0,8.0,142.92
54601,0,18.0,Phone,1,36.0,Debit Card,Female,5.0,1,Grocery,5,Married,8,0,26.0,5.0,6.0,18.0,226.63
54602,1,9.0,Mobile Phone,2,28.0,Debit Card,Male,3.0,5,Fashion,4,Married,5,1,12.0,0.0,11.0,9.0,319.42
54603,0,11.0,Phone,2,13.0,UPI,Female,1.0,4,Mobile Phone,1,Married,11,1,22.0,10.0,7.0,13.0,195.57
54604,0,19.0,Mobile Phone,1,5.0,Debit Card,Male,3.0,5,Grocery,4,Married,2,1,25.0,8.0,5.0,9.0,104.08
54605,0,6.0,Phone,2,14.0,UPI,Male,1.0,4,Grocery,2,Married,4,0,25.0,2.0,3.0,10.0,335.93
54606,0,13.0,Phone,1,34.0,Debit Card,Male,3.0,3,Fashion,4,Single,3,0,25.0,13.0,11.0,17.0,258.77
54607,0,10.0,Mobile Phone,1,9.0,UPI,Female,1.0,3,Others,4,Single,13,0,26.0,12.0,13.0,0.0,154.43
54608,0,6.0,Mobile Phone,1,8.0,Debit Card,Male,3.0,3,Mobile Phone,5,Married,7,0,15.0,2.0,7.0,1.0,289.76
54609,0,28.0,Mobile Phone,1,12.0,UPI,Male,2.0,5,Fashion,2,Married,6,1,20.0,16.0,11.0,17.0,161.18
54610,0,9.0,Phone,1,20.0,Credit Card,Female,1.0,3,Grocery,1,Single,2,0,20.0,14.0,8.0,5.0,118.41
54611,0,28.0,Mobile Phone,1,5.0,UPI,Male,2.0,3,Fashion,4,Married,4,0,23.0,4.0,14.0,16.0,103.63
54612,0,8.0,Phone,2,19.0,UPI,Male,0.0,4,Fashion,3,Single,3,0,24.0,8.0,9.0,20.0,101.79
54613,0,9.0,Mobile Phone,2,28.0,COD,Male,3.0,2,Grocery,4,Married,1,0,14.0,16.0,15.0,13.0,126.6
54614,0,18.0,Mobile Phone,1,19.0,Credit Card,Female,2.0,3,Mobile Phone,5,Married,1,1,15.0,13.0,7.0,10.0,211.78
54615,0,30.0,Mobile Phone,1,10.0,UPI,Female,3.0,3,Mobile Phone,3,Married,12,1,23.0,4.0,3.0,11.0,342.62
54616,0,16.0,Mobile Phone,1,6.0,Credit Card,Female,3.0,2,Mobile,2,Single,3,0,22.0,10.0,15.0,7.0,226.69
54617,0,8.0,Mobile Phone,3,9.0,Credit Card,Male,1.0,3,Laptop & Accessory,4,Married,9,0,26.0,6.0,5.0,10.0,158.16
54618,0,51.0,Mobile Phone,1,38.0,Debit Card,Male,2.0,4,Grocery,3,Married,10,0,20.0,11.0,7.0,16.0,296.56
54619,0,60.0,Phone,3,36.0,Debit Card,Male,3.0,3,Grocery,4,Single,4,0,14.0,3.0,6.0,1.0,306.22
54620,0,23.0,Mobile Phone,1,33.0,Credit Card,Male,5.0,4,Laptop & Accessory,4,Married,13,0,25.0,15.0,6.0,10.0,251.22
54621,0,8.0,Phone,3,33.0,UPI,Male,2.0,4,Fashion,5,Married,15,0,13.0,1.0,3.0,12.0,188.23
54622,0,6.0,Phone,1,28.0,Debit Card,Female,3.0,5,Laptop & Accessory,5,Divorced,14,0,14.0,15.0,11.0,3.0,201.5
54623,1,15.0,Phone,1,35.0,Debit Card,Male,4.0,5,Laptop & Accessory,5,Married,10,0,21.0,1.0,5.0,3.0,271.22
54624,0,18.0,Computer,2,22.0,Debit Card,Female,4.0,2,Mobile,3,Single,8,0,15.0,10.0,8.0,1.0,138.97
54625,0,5.0,Mobile Phone,2,19.0,E wallet,Male,5.0,6,Mobile Phone,5,Divorced,12,0,25.0,12.0,9.0,1.0,126.13
54626,1,10.0,Mobile Phone,2,16.0,Debit Card,Female,3.0,5,Laptop & Accessory,5,Single,15,1,11.0,6.0,13.0,0.0,167.21
54627,0,11.0,Phone,1,24.0,Debit Card,Male,1.0,4,Mobile Phone,4,Married,1,0,23.0,12.0,2.0,4.0,261.62
54628,0,12.0,Phone,1,8.0,Credit Card,Male,4.0,4,Laptop & Accessory,5,Married,13,0,21.0,15.0,2.0,5.0,191.12
54629,0,11.0,Phone,2,17.0,UPI,Male,1.0,5,Mobile Phone,1,Married,8,0,14.0,16.0,16.0,12.0,140.73
54630,0,20.0,Mobile Phone,3,14.0,Credit Card,Female,2.0,4,Laptop & Accessory,4,Married,2,0,21.0,10.0,3.0,21.0,247.71
54631,0,9.0,Phone,3,27.0,UPI,Female,3.0,4,Laptop & Accessory,2,Married,14,0,19.0,13.0,12.0,11.0,211.08
54632,1,19.0,Computer,2,11.0,UPI,Male,3.0,4,Mobile Phone,3,Married,3,0,18.0,1.0,7.0,2.0,282.04
54633,0,27.0,Mobile Phone,1,22.0,Cash on Delivery,Male,3.0,2,Mobile Phone,4,Married,13,0,15.0,14.0,10.0,3.0,277.84
54634,0,23.0,Computer,1,19.0,Debit Card,Male,1.0,4,Laptop & Accessory,2,Single,14,0,13.0,12.0,2.0,15.0,335.25
54635,0,4.0,Mobile Phone,3,11.0,UPI,Male,5.0,3,Fashion,2,Married,1,0,12.0,12.0,15.0,7.0,271.29
54636,0,11.0,Mobile Phone,3,12.0,CC,Female,1.0,2,Laptop & Accessory,2,Married,15,0,19.0,4.0,10.0,11.0,275.66
54637,0,61.0,Mobile Phone,3,11.0,Debit Card,Male,1.0,5,Grocery,3,Married,8,0,23.0,8.0,4.0,4.0,133.74
54638,0,1.0,Phone,2,8.0,Debit Card,Male,3.0,3,Laptop & Accessory,1,Married,14,0,18.0,3.0,8.0,6.0,139.11
54639,0,8.0,Phone,3,11.0,Debit Card,Female,5.0,4,Mobile,5,Single,15,0,15.0,5.0,4.0,13.0,289.91
54640,1,21.0,Phone,3,34.0,Debit Card,Male,3.0,3,Grocery,4,Divorced,5,0,21.0,5.0,15.0,18.0,276.79
54641,0,4.0,Phone,2,22.0,Debit Card,Female,3.0,1,Others,4,Single,9,1,21.0,2.0,1.0,4.0,156.19
54642,1,11.0,Mobile Phone,2,34.0,Debit Card,Male,3.0,3,Mobile Phone,1,Married,8,1,17.0,0.0,4.0,20.0,151.86
54643,1,0.0,Mobile Phone,1,11.0,Debit Card,Female,0.0,5,Laptop & Accessory,2,Single,12,1,11.0,8.0,7.0,10.0,148.04
54644,0,21.0,Mobile Phone,2,27.0,UPI,Male,3.0,5,Laptop & Accessory,1,Married,14,0,25.0,16.0,9.0,3.0,147.78
54645,0,18.0,Computer,3,11.0,Debit Card,Male,2.0,6,Mobile,1,Single,2,0,16.0,5.0,13.0,8.0,112.1
54646,0,15.0,Mobile Phone,1,33.0,Cash on Delivery,Female,5.0,5,Fashion,4,Married,15,0,20.0,11.0,8.0,7.0,273.61
54647,0,30.0,Computer,2,38.0,Cash on Delivery,Male,1.0,6,Laptop & Accessory,4,Divorced,6,0,21.0,11.0,6.0,10.0,218.59
54648,0,2.0,Mobile Phone,1,22.0,UPI,Female,2.0,4,Mobile Phone,3,Single,12,1,19.0,15.0,6.0,15.0,113.78
54649,0,22.0,Mobile Phone,3,29.0,COD,Female,3.0,2,Mobile Phone,3,Married,13,0,21.0,16.0,16.0,10.0,234.58
54650,0,17.0,Mobile Phone,2,22.0,Credit Card,Female,3.0,5,Mobile Phone,3,Married,4,1,19.0,16.0,9.0,11.0,111.58
54651,1,25.0,Mobile Phone,3,31.0,Credit Card,Male,2.0,6,Grocery,3,Married,10,0,15.0,14.0,8.0,13.0,259.8
54652,0,12.0,Computer,2,16.0,Debit Card,Male,2.0,4,Laptop & Accessory,2,Married,13,1,16.0,5.0,1.0,10.0,273.32
54653,0,17.0,Phone,1,27.0,Cash on Delivery,Female,1.0,2,Mobile Phone,4,Single,4,1,24.0,8.0,8.0,9.0,286.45
54654,1,17.0,Computer,1,21.0,CC,Female,4.0,1,Mobile Phone,1,Single,14,1,23.0,10.0,8.0,4.0,227.83
54655,0,22.0,Computer,2,11.0,Debit Card,Female,2.0,4,Fashion,5,Married,12,0,25.0,7.0,3.0,7.0,276.59
54656,0,2.0,Phone,1,28.0,Credit Card,Male,3.0,4,Laptop & Accessory,4,Single,4,1,17.0,4.0,2.0,8.0,274.63
54657,0,17.0,Phone,2,11.0,Credit Card,Female,3.0,1,Laptop & Accessory,1,Married,8,0,23.0,14.0,10.0,17.0,309.45
54658,0,26.0,Phone,1,33.0,UPI,Male,3.0,6,Mobile Phone,3,Married,8,0,16.0,9.0,5.0,19.0,270.97
54659,0,26.0,Phone,3,32.0,UPI,Female,3.0,4,Grocery,5,Single,3,0,15.0,2.0,8.0,7.0,110.0
54660,0,24.0,Mobile Phone,1,27.0,Debit Card,Male,3.0,4,Laptop & Accessory,1,Single,8,0,22.0,6.0,1.0,6.0,155.44
54661,0,23.0,Mobile Phone,3,14.0,Debit Card,Male,2.0,4,Others,2,Married,8,0,23.0,5.0,1.0,15.0,188.32
54662,0,7.0,Phone,2,20.0,Debit Card,Male,3.0,3,Mobile Phone,3,Single,15,0,12.0,4.0,15.0,8.0,146.36
54663,0,8.0,Mobile Phone,1,38.0,Credit Card,Female,2.0,6,Laptop & Accessory,3,Married,13,1,23.0,7.0,10.0,6.0,286.86
54664,0,29.0,Phone,2,29.0,Credit Card,Female,3.0,1,Mobile Phone,5,Married,7,0,22.0,4.0,6.0,13.0,168.87
54665,0,18.0,Computer,3,6.0,E wallet,Female,2.0,5,Fashion,4,Single,2,1,21.0,15.0,4.0,4.0,231.06
54666,0,15.0,Phone,2,9.0,UPI,Male,0.0,3,Grocery,5,Married,5,0,13.0,11.0,8.0,18.0,176.37
54667,0,23.0,Phone,1,18.0,Debit Card,Male,3.0,2,Mobile Phone,3,Divorced,14,0,26.0,6.0,3.0,1.0,269.74
54668,0,20.0,Mobile Phone,3,35.0,Debit Card,Male,2.0,3,Grocery,3,Married,5,0,14.0,3.0,10.0,18.0,268.9
54669,0,5.0,Phone,1,10.0,E wallet,Male,5.0,2,Grocery,3,Divorced,4,1,15.0,5.0,3.0,1.0,343.16
54670,0,4.0,Mobile Phone,1,32.0,UPI,Male,2.0,5,Laptop & Accessory,4,Married,1,0,11.0,11.0,8.0,9.0,253.22
54671,0,13.0,Computer,2,13.0,Credit Card,Male,5.0,5,Grocery,4,Married,4,0,20.0,12.0,2.0,17.0,307.51
54672,0,3.0,Computer,1,10.0,Debit Card,Male,3.0,5,Mobile Phone,4,Married,1,0,23.0,9.0,2.0,12.0,281.44
54673,0,17.0,Computer,2,21.0,UPI,Male,0.0,5,Mobile,2,Married,11,0,22.0,6.0,13.0,4.0,102.87
54674,0,17.0,Mobile Phone,2,39.0,UPI,Male,1.0,5,Grocery,3,Single,7,0,17.0,6.0,7.0,10.0,168.54
54675,1,10.0,Mobile Phone,2,16.0,Debit Card,Female,1.0,4,Mobile Phone,3,Married,11,0,24.0,2.0,10.0,14.0,113.16
54676,1,16.0,Computer,1,22.0,Cash on Delivery,Female,1.0,6,Fashion,5,Married,1,1,18.0,12.0,4.0,20.0,107.1
54677,0,20.0,Computer,2,38.0,UPI,Female,2.0,2,Laptop & Accessory,5,Single,4,0,23.0,15.0,4.0,6.0,247.29
54678,1,25.0,Computer,2,5.0,UPI,Female,2.0,3,Laptop & Accessory,2,Married,12,0,22.0,9.0,14.0,7.0,147.24
54679,0,26.0,Phone,2,19.0,Cash on Delivery,Male,3.0,3,Laptop & Accessory,2,Married,7,0,17.0,14.0,7.0,15.0,249.7
54680,0,17.0,Phone,3,22.0,UPI,Female,2.0,2,Grocery,2,Married,15,0,15.0,10.0,8.0,6.0,193.33
54681,0,25.0,Mobile Phone,1,26.0,Debit Card,Female,3.0,1,Laptop & Accessory,1,Married,13,0,11.0,8.0,14.0,17.0,333.26
54682,0,17.0,Computer,2,22.0,CC,Male,3.0,3,Mobile Phone,5,Married,15,1,24.0,5.0,10.0,13.0,148.61
54683,0,30.0,Phone,2,5.0,Debit Card,Female,1.0,5,Grocery,5,Married,5,0,19.0,7.0,14.0,16.0,226.28
54684,0,5.0,Mobile Phone,2,24.0,Cash on Delivery,Male,5.0,4,Fashion,1,Married,11,0,12.0,11.0,1.0,20.0,216.37
54685,0,17.0,Mobile Phone,2,29.0,Cash on Delivery,Male,3.0,4,Mobile Phone,1,Single,13,0,26.0,8.0,9.0,21.0,168.77
54686,0,6.0,Phone,1,20.0,Debit Card,Female,3.0,5,Fashion,4,Divorced,13,0,20.0,10.0,8.0,3.0,194.61
54687,0,60.0,Phone,1,24.0,UPI,Female,0.0,6,Mobile Phone,3,Divorced,13,0,22.0,9.0,8.0,6.0,113.69
54688,0,13.0,Mobile Phone,2,37.0,Debit Card,Male,3.0,4,Grocery,1,Married,3,0,11.0,0.0,6.0,16.0,110.78
54689,0,15.0,Mobile Phone,2,11.0,UPI,Male,2.0,2,Fashion,3,Single,13,0,12.0,2.0,5.0,21.0,115.73
54690,0,17.0,Mobile Phone,1,27.0,Credit Card,Male,5.0,4,Fashion,1,Married,9,0,14.0,11.0,6.0,10.0,264.52
54691,0,9.0,Mobile Phone,2,15.0,Debit Card,Male,4.0,4,Mobile,3,Married,2,1,24.0,6.0,3.0,4.0,126.99
54692,0,16.0,Computer,3,37.0,Debit Card,Female,3.0,2,Grocery,2,Single,2,0,12.0,14.0,15.0,8.0,202.54
54693,0,11.0,Phone,1,9.0,UPI,Female,4.0,3,Laptop & Accessory,3,Married,13,0,26.0,13.0,12.0,15.0,221.67
54694,0,5.0,Phone,3,12.0,UPI,Female,3.0,3,Grocery,3,Single,13,0,16.0,12.0,15.0,18.0,214.37
54695,0,18.0,Phone,1,21.0,Credit Card,Male,0.0,5,Others,3,Married,15,0,18.0,16.0,3.0,7.0,107.78
54696,0,28.0,Mobile Phone,2,22.0,Cash on Delivery,Male,3.0,3,Laptop & Accessory,1,Married,8,0,19.0,15.0,5.0,3.0,184.8
54697,0,17.0,Phone,2,31.0,Credit Card,Male,1.0,4,Grocery,4,Divorced,15,0,18.0,4.0,4.0,4.0,341.94
54698,0,24.0,Computer,1,35.0,Cash on Delivery,Male,3.0,5,Laptop & Accessory,4,Divorced,5,0,24.0,8.0,16.0,18.0,242.9
54699,0,23.0,Phone,3,8.0,Debit Card,Male,0.0,6,Mobile Phone,4,Married,15,1,23.0,14.0,15.0,8.0,191.45
54700,0,24.0,Mobile Phone,2,6.0,Credit Card,Male,2.0,4,Fashion,2,Single,7,1,21.0,8.0,3.0,4.0,273.56
54701,0,15.0,Phone,1,9.0,UPI,Male,3.0,4,Laptop & Accessory,5,Married,9,0,18.0,11.0,13.0,13.0,180.83
54702,0,15.0,Computer,2,21.0,CC,Male,2.0,2,Laptop & Accessory,2,Single,11,0,19.0,5.0,2.0,15.0,292.94
54703,0,5.0,Mobile Phone,2,36.0,UPI,Male,3.0,4,Mobile Phone,5,Married,2,0,24.0,16.0,10.0,13.0,210.0
54704,0,20.0,Mobile Phone,3,33.0,CC,Male,3.0,4,Grocery,2,Single,7,0,18.0,3.0,1.0,0.0,294.42
54705,0,3.0,Computer,1,20.0,Cash on Delivery,Female,5.0,2,Fashion,3,Married,7,1,19.0,9.0,8.0,18.0,292.8
54706,0,60.0,Computer,1,5.0,Credit Card,Male,2.0,2,Fashion,3,Single,4,0,17.0,15.0,3.0,17.0,183.45
54707,0,27.0,Phone,1,22.0,UPI,Female,3.0,5,Fashion,3,Married,13,1,13.0,15.0,4.0,9.0,192.61
54708,0,27.0,Mobile Phone,2,23.0,UPI,Female,4.0,2,Mobile Phone,3,Married,7,0,11.0,13.0,15.0,9.0,220.95
54709,1,16.0,Mobile Phone,2,22.0,UPI,Female,2.0,6,Mobile Phone,2,Married,4,0,25.0,0.0,1.0,10.0,249.65
54710,0,13.0,Phone,3,11.0,Debit Card,Male,4.0,3,Mobile Phone,4,Divorced,14,1,20.0,6.0,6.0,13.0,339.63
54711,0,6.0,Computer,2,34.0,E wallet,Male,3.0,3,Mobile Phone,3,Divorced,9,0,19.0,10.0,11.0,17.0,268.04
54712,0,21.0,Mobile Phone,3,22.0,Cash on Delivery,Male,1.0,4,Laptop & Accessory,5,Single,14,1,18.0,15.0,6.0,13.0,177.43
54713,1,0.0,Mobile Phone,3,8.0,Cash on Delivery,Female,0.0,2,Others,2,Married,11,0,24.0,0.0,4.0,15.0,271.56
54714,0,28.0,Computer,1,10.0,UPI,Female,3.0,4,Fashion,4,Married,4,0,24.0,14.0,2.0,15.0,144.34
54715,0,30.0,Mobile Phone,1,39.0,Debit Card,Male,1.0,4,Others,3,Single,13,0,16.0,1.0,8.0,21.0,230.48
54716,0,29.0,Phone,1,6.0,Credit Card,Male,1.0,6,Grocery,1,Married,13,0,26.0,14.0,1.0,9.0,225.93
54717,0,14.0,Mobile Phone,1,9.0,UPI,Male,3.0,6,Laptop & Accessory,2,Married,1,1,22.0,11.0,4.0,20.0,133.19
54718,0,17.0,Computer,2,12.0,E wallet,Male,2.0,5,Laptop & Accessory,5,Single,6,0,12.0,11.0,11.0,2.0,228.64
54719,0,61.0,Computer,1,34.0,Cash on Delivery,Female,3.0,2,Mobile,5,Married,5,0,21.0,9.0,9.0,19.0,279.0
54720,0,29.0,Mobile Phone,1,23.0,Debit Card,Male,1.0,3,Mobile Phone,2,Single,4,0,11.0,14.0,4.0,2.0,223.37
54721,0,60.0,Computer,1,34.0,Credit Card,Male,1.0,3,Grocery,1,Divorced,11,0,20.0,4.0,16.0,4.0,200.11
54722,1,10.0,Computer,1,35.0,Credit Card,Male,2.0,5,Fashion,2,Married,13,1,16.0,8.0,3.0,9.0,265.06
54723,0,26.0,Computer,1,20.0,Credit Card,Male,3.0,4,Grocery,4,Divorced,13,1,15.0,5.0,14.0,4.0,222.88
54724,0,23.0,Mobile Phone,1,26.0,UPI,Male,4.0,2,Grocery,4,Married,12,0,12.0,8.0,4.0,15.0,184.28
54725,0,61.0,Phone,1,37.0,Debit Card,Male,3.0,4,Laptop & Accessory,3,Married,3,0,11.0,5.0,1.0,9.0,211.49
54726,0,7.0,Mobile Phone,1,26.0,Debit Card,Male,5.0,6,Mobile,3,Single,4,0,19.0,15.0,11.0,3.0,119.5
54727,0,17.0,Mobile Phone,3,12.0,Cash on Delivery,Female,2.0,5,Mobile Phone,2,Divorced,1,0,13.0,0.0,13.0,17.0,303.04
54728,0,12.0,Phone,1,16.0,Debit Card,Male,3.0,6,Fashion,3,Divorced,5,0,15.0,8.0,9.0,4.0,185.8
54729,0,23.0,Mobile Phone,3,9.0,Cash on Delivery,Male,3.0,5,Mobile Phone,1,Single,2,0,19.0,1.0,12.0,8.0,254.69
54730,0,22.0,Phone,2,29.0,UPI,Female,3.0,5,Others,1,Married,15,0,18.0,8.0,13.0,0.0,239.13
54731,0,11.0,Phone,2,33.0,CC,Male,5.0,5,Laptop & Accessory,4,Married,7,0,23.0,1.0,11.0,3.0,146.96
54732,0,29.0,Computer,2,17.0,COD,Male,3.0,4,Laptop & Accessory,4,Single,9,0,24.0,0.0,10.0,20.0,188.39
54733,0,30.0,Computer,1,30.0,Credit Card,Male,2.0,4,Mobile Phone,4,Single,14,0,19.0,9.0,8.0,1.0,341.32
54734,0,27.0,Mobile Phone,1,26.0,UPI,Male,4.0,5,Others,2,Married,6,0,15.0,8.0,8.0,9.0,283.95
54735,0,21.0,Phone,2,33.0,UPI,Male,1.0,3,Mobile Phone,5,Married,6,0,14.0,6.0,4.0,12.0,202.82
54736,0,27.0,Phone,3,16.0,Debit Card,Male,0.0,4,Laptop & Accessory,5,Married,10,0,13.0,8.0,15.0,16.0,323.54
54737,0,12.0,Mobile Phone,3,32.0,Debit Card,Male,2.0,6,Fashion,4,Divorced,12,1,13.0,6.0,14.0,7.0,246.56
54738,0,24.0,Mobile Phone,2,13.0,Credit Card,Female,2.0,5,Grocery,2,Single,10,0,21.0,11.0,4.0,1.0,311.61
54739,1,6.0,Computer,1,14.0,Cash on Delivery,Male,2.0,6,Mobile Phone,2,Married,3,0,14.0,11.0,1.0,0.0,231.42
54740,0,5.0,Mobile Phone,2,30.0,Debit Card,Female,5.0,6,Mobile Phone,2,Married,8,1,21.0,13.0,8.0,19.0,332.86
54741,0,23.0,Computer,2,15.0,UPI,Female,2.0,4,Mobile Phone,2,Married,13,0,15.0,8.0,10.0,3.0,308.96
54742,0,18.0,Computer,3,10.0,Credit Card,Female,3.0,2,Mobile Phone,5,Married,3,0,24.0,13.0,9.0,4.0,119.99
54743,0,18.0,Phone,1,8.0,E wallet,Female,2.0,5,Grocery,5,Single,11,0,20.0,7.0,8.0,10.0,270.74
54744,0,8.0,Computer,3,31.0,Debit Card,Male,2.0,1,Mobile Phone,3,Married,4,0,24.0,8.0,7.0,13.0,211.43
54745,1,28.0,Mobile Phone,1,28.0,Debit Card,Male,2.0,2,Mobile Phone,5,Divorced,3,0,25.0,1.0,13.0,1.0,137.69
54746,0,23.0,Computer,2,9.0,E wallet,Female,3.0,3,Laptop & Accessory,4,Single,2,0,26.0,16.0,10.0,11.0,300.25
54747,0,4.0,Computer,3,7.0,Debit Card,Male,2.0,1,Laptop & Accessory,3,Single,14,0,22.0,2.0,2.0,1.0,222.56
54748,1,25.0,Mobile Phone,3,11.0,Credit Card,Male,3.0,4,Mobile Phone,1,Single,15,0,17.0,8.0,9.0,12.0,150.54
54749,0,13.0,Phone,2,28.0,Credit Card,Male,3.0,5,Mobile Phone,1,Single,15,0,22.0,5.0,16.0,21.0,181.25
54750,0,28.0,Phone,1,26.0,UPI,Male,2.0,5,Fashion,3,Married,1,0,19.0,2.0,10.0,21.0,142.0
54751,0,5.0,Mobile Phone,1,16.0,UPI,Male,3.0,2,Laptop & Accessory,1,Married,14,0,22.0,2.0,12.0,7.0,253.27
54752,0,6.0,Computer,1,39.0,E wallet,Male,0.0,5,Fashion,2,Married,1,0,21.0,13.0,3.0,18.0,258.83
54753,0,17.0,Mobile Phone,2,21.0,Debit Card,Female,3.0,5,Mobile Phone,3,Married,1,0,22.0,0.0,6.0,15.0,173.64
54754,0,22.0,Phone,2,7.0,Debit Card,Male,4.0,2,Laptop & Accessory,2,Married,10,0,14.0,9.0,1.0,21.0,169.4
54755,0,0.0,Mobile Phone,2,15.0,UPI,Female,3.0,4,Mobile Phone,2,Married,5,1,15.0,16.0,13.0,10.0,127.73
54756,0,3.0,Phone,2,10.0,UPI,Male,2.0,4,Grocery,3,Single,10,0,15.0,6.0,6.0,10.0,343.82
54757,0,61.0,Computer,2,21.0,Credit Card,Male,4.0,3,Grocery,4,Married,1,0,24.0,7.0,9.0,16.0,178.58
54758,0,22.0,Phone,2,26.0,E wallet,Male,1.0,5,Laptop & Accessory,3,Married,5,1,14.0,1.0,1.0,5.0,249.76
54759,0,26.0,Phone,3,5.0,E wallet,Female,3.0,4,Mobile Phone,4,Divorced,4,1,13.0,9.0,8.0,21.0,147.25
54760,0,25.0,Phone,1,7.0,Debit Card,Female,3.0,2,Mobile Phone,5,Married,2,0,17.0,16.0,5.0,1.0,280.08
54761,1,7.0,Mobile Phone,3,20.0,UPI,Male,2.0,4,Laptop & Accessory,1,Single,3,0,15.0,9.0,5.0,6.0,265.09
54762,1,15.0,Mobile Phone,1,39.0,Debit Card,Male,5.0,4,Fashion,5,Single,8,0,12.0,0.0,11.0,0.0,130.81
54763,0,2.0,Mobile Phone,2,18.0,E wallet,Female,3.0,6,Mobile Phone,3,Married,15,0,23.0,14.0,5.0,15.0,104.49
54764,0,50.0,Mobile Phone,3,11.0,UPI,Female,1.0,3,Mobile Phone,3,Married,3,0,19.0,12.0,13.0,12.0,105.48
54765,0,4.0,Mobile Phone,1,30.0,UPI,Male,1.0,5,Fashion,4,Single,3,0,11.0,11.0,7.0,2.0,172.24
54766,1,19.0,Computer,1,35.0,Cash on Delivery,Male,3.0,3,Mobile Phone,3,Single,2,0,25.0,10.0,2.0,20.0,202.78
54767,0,13.0,Computer,1,28.0,UPI,Female,3.0,4,Grocery,1,Single,12,1,22.0,9.0,1.0,6.0,349.7
54768,0,50.0,Mobile Phone,1,23.0,Debit Card,Male,5.0,4,Fashion,4,Divorced,5,0,14.0,11.0,5.0,17.0,340.02
54769,0,25.0,Mobile Phone,2,5.0,UPI,Male,3.0,5,Laptop & Accessory,2,Married,2,0,25.0,13.0,5.0,6.0,139.53
54770,1,5.0,Mobile Phone,1,29.0,Credit Card,Male,3.0,5,Others,5,Married,10,0,21.0,7.0,8.0,11.0,264.0
54771,1,4.0,Computer,1,14.0,Credit Card,Female,2.0,2,Laptop & Accessory,5,Single,10,0,24.0,6.0,3.0,7.0,157.04
54772,1,12.0,Phone,2,22.0,Credit Card,Male,1.0,2,Fashion,2,Single,13,0,17.0,14.0,5.0,10.0,106.61
54773,0,50.0,Phone,2,5.0,Debit Card,Female,3.0,2,Grocery,4,Married,12,0,24.0,7.0,16.0,5.0,258.37
54774,1,15.0,Phone,1,33.0,UPI,Female,4.0,4,Fashion,5,Single,7,1,26.0,4.0,11.0,13.0,144.59
54775,1,0.0,Phone,2,17.0,Credit Card,Male,3.0,3,Mobile Phone,5,Divorced,10,0,18.0,12.0,5.0,19.0,177.58
54776,1,12.0,Mobile Phone,2,8.0,E wallet,Male,2.0,5,Others,4,Single,8,0,20.0,6.0,8.0,1.0,161.44
54777,0,10.0,Mobile Phone,1,16.0,Debit Card,Female,3.0,6,Mobile Phone,3,Married,6,1,19.0,15.0,16.0,13.0,152.69
54778,0,7.0,Mobile Phone,2,23.0,Debit Card,Male,3.0,5,Fashion,1,Divorced,9,1,21.0,6.0,4.0,2.0,108.13
54779,0,24.0,Mobile Phone,3,30.0,Credit Card,Male,1.0,1,Others,5,Divorced,5,0,16.0,16.0,2.0,14.0,292.7
54780,0,50.0,Computer,1,20.0,UPI,Female,3.0,6,Laptop & Accessory,1,Single,6,0,17.0,5.0,15.0,17.0,164.26
54781,1,23.0,Mobile Phone,2,29.0,Debit Card,Female,3.0,2,Fashion,4,Single,4,0,19.0,14.0,2.0,7.0,344.97
54782,0,27.0,Mobile Phone,3,14.0,UPI,Male,2.0,3,Others,2,Married,9,0,16.0,2.0,11.0,7.0,347.04
54783,0,13.0,Computer,3,32.0,COD,Male,3.0,3,Laptop & Accessory,2,Married,2,0,17.0,1.0,4.0,5.0,317.68
54784,0,2.0,Mobile Phone,2,32.0,Credit Card,Male,2.0,2,Laptop & Accessory,1,Single,14,0,24.0,11.0,7.0,8.0,325.9
54785,0,26.0,Mobile Phone,2,29.0,UPI,Female,2.0,2,Mobile Phone,1,Married,14,1,19.0,13.0,15.0,6.0,110.35
54786,0,19.0,Computer,2,29.0,Cash on Delivery,Female,3.0,3,Mobile,3,Single,1,0,17.0,1.0,8.0,2.0,271.77
54787,0,14.0,Phone,2,16.0,Debit Card,Male,2.0,1,Laptop & Accessory,5,Divorced,11,1,17.0,10.0,8.0,15.0,125.82
54788,0,26.0,Mobile Phone,2,12.0,UPI,Female,3.0,2,Mobile Phone,4,Married,6,0,24.0,1.0,8.0,19.0,209.01
54789,0,27.0,Phone,1,28.0,UPI,Female,3.0,5,Grocery,4,Single,12,0,25.0,4.0,5.0,6.0,216.09
54790,0,24.0,Phone,1,27.0,UPI,Male,4.0,4,Laptop & Accessory,4,Married,6,0,25.0,2.0,2.0,10.0,110.58
54791,0,51.0,Mobile Phone,1,15.0,E wallet,Female,4.0,2,Mobile,4,Married,6,0,12.0,15.0,13.0,18.0,197.09
54792,0,13.0,Phone,1,21.0,Debit Card,Male,3.0,3,Grocery,3,Single,14,0,15.0,5.0,14.0,1.0,170.67
54793,0,7.0,Phone,2,32.0,Debit Card,Female,1.0,4,Mobile,5,Married,6,0,14.0,9.0,6.0,14.0,247.62
54794,0,13.0,Computer,3,7.0,E wallet,Male,3.0,2,Laptop & Accessory,3,Divorced,4,0,17.0,2.0,15.0,3.0,211.92
54795,0,0.0,Computer,3,6.0,Debit Card,Female,2.0,6,Laptop & Accessory,4,Divorced,11,0,14.0,8.0,7.0,7.0,255.31
54796,0,15.0,Mobile Phone,2,33.0,UPI,Male,3.0,5,Mobile Phone,5,Single,14,0,19.0,11.0,3.0,18.0,100.52
54797,0,17.0,Phone,3,38.0,UPI,Male,1.0,3,Laptop & Accessory,1,Single,9,1,19.0,8.0,8.0,8.0,293.42
54798,0,6.0,Mobile Phone,3,18.0,COD,Male,3.0,4,Laptop & Accessory,3,Married,7,0,23.0,4.0,4.0,10.0,227.52
54799,0,14.0,Mobile Phone,3,37.0,UPI,Female,2.0,4,Others,4,Married,8,1,15.0,13.0,14.0,6.0,141.4
54800,0,17.0,Mobile Phone,1,22.0,UPI,Male,2.0,3,Laptop & Accessory,4,Single,8,0,18.0,7.0,3.0,0.0,200.19
54801,0,12.0,Phone,1,33.0,Credit Card,Female,5.0,5,Grocery,5,Divorced,12,0,13.0,13.0,3.0,17.0,185.42
54802,0,8.0,Phone,2,6.0,COD,Male,2.0,4,Fashion,5,Divorced,10,0,14.0,12.0,4.0,3.0,314.41
54803,0,14.0,Mobile Phone,1,15.0,Cash on Delivery,Female,3.0,5,Laptop & Accessory,2,Married,11,0,23.0,8.0,8.0,7.0,307.12
54804,0,61.0,Computer,3,35.0,Debit Card,Male,3.0,1,Laptop & Accessory,3,Married,4,0,12.0,1.0,12.0,18.0,139.88
54805,0,23.0,Phone,1,17.0,Cash on Delivery,Male,1.0,4,Mobile Phone,3,Married,6,0,21.0,16.0,2.0,1.0,311.79
54806,0,51.0,Phone,1,30.0,Cash on Delivery,Male,3.0,6,Fashion,3,Single,12,0,26.0,3.0,5.0,9.0,252.22
54807,0,15.0,Mobile Phone,1,38.0,Credit Card,Male,2.0,5,Others,3,Single,7,1,26.0,5.0,11.0,3.0,162.52
54808,0,7.0,Phone,2,14.0,Credit Card,Female,4.0,3,Mobile Phone,3,Divorced,6,0,13.0,7.0,8.0,10.0,332.88
54809,0,28.0,Computer,2,22.0,UPI,Female,3.0,2,Others,4,Single,13,0,19.0,3.0,7.0,3.0,192.84
54810,0,22.0,Mobile Phone,2,26.0,Credit Card,Male,2.0,3,Laptop & Accessory,3,Married,6,0,22.0,5.0,13.0,2.0,298.28
54811,0,30.0,Mobile Phone,1,35.0,Credit Card,Female,2.0,3,Fashion,3,Single,7,0,19.0,14.0,8.0,21.0,267.63
54812,1,13.0,Computer,2,23.0,Debit Card,Male,3.0,4,Grocery,2,Divorced,9,1,19.0,7.0,10.0,20.0,298.97
54813,1,29.0,Phone,2,28.0,Debit Card,Male,3.0,2,Laptop & Accessory,4,Married,8,1,25.0,12.0,5.0,18.0,123.59
54814,0,26.0,Phone,2,29.0,Debit Card,Male,3.0,3,Grocery,1,Single,3,0,14.0,2.0,9.0,10.0,152.13
54815,0,15.0,Mobile Phone,1,39.0,Cash on Delivery,Male,1.0,5,Mobile Phone,4,Single,12,1,11.0,16.0,2.0,3.0,278.5
54816,0,5.0,Phone,1,12.0,Credit Card,Female,4.0,4,Mobile,4,Married,3,0,23.0,4.0,8.0,13.0,136.79
54817,0,51.0,Mobile Phone,1,22.0,UPI,Female,2.0,3,Laptop & Accessory,3,Single,2,0,25.0,10.0,8.0,15.0,287.7
54818,1,17.0,Mobile Phone,2,26.0,Cash on Delivery,Male,3.0,3,Fashion,2,Married,13,0,12.0,15.0,15.0,6.0,176.75
54819,0,15.0,Phone,1,22.0,Credit Card,Male,1.0,3,Grocery,4,Married,6,0,25.0,2.0,7.0,6.0,250.75
54820,0,11.0,Mobile Phone,1,16.0,E wallet,Female,2.0,5,Fashion,4,Married,7,0,17.0,11.0,10.0,4.0,191.45
54821,0,19.0,Phone,1,37.0,Debit Card,Male,3.0,3,Mobile Phone,5,Single,9,1,25.0,14.0,4.0,10.0,249.98
54822,0,28.0,Computer,2,20.0,UPI,Male,2.0,3,Mobile Phone,3,Married,6,0,12.0,3.0,14.0,21.0,255.08
54823,0,29.0,Phone,2,30.0,Credit Card,Male,4.0,5,Mobile Phone,3,Married,15,0,21.0,12.0,7.0,20.0,208.52
54824,0,25.0,Phone,2,16.0,Debit Card,Female,3.0,3,Mobile Phone,3,Single,9,0,25.0,7.0,6.0,10.0,332.38
54825,0,21.0,Mobile Phone,2,27.0,UPI,Female,4.0,2,Fashion,2,Married,2,1,26.0,13.0,10.0,15.0,343.02
54826,0,51.0,Mobile Phone,1,30.0,UPI,Female,2.0,4,Grocery,3,Single,4,0,13.0,3.0,7.0,7.0,326.45
54827,0,28.0,Computer,1,17.0,Cash on Delivery,Male,0.0,3,Laptop & Accessory,2,Single,13,0,25.0,9.0,5.0,20.0,283.76
54828,0,21.0,Mobile Phone,1,27.0,UPI,Female,3.0,1,Others,5,Divorced,1,1,21.0,0.0,14.0,4.0,130.88
54829,0,12.0,Mobile Phone,1,35.0,UPI,Male,2.0,4,Mobile Phone,3,Single,6,0,26.0,2.0,3.0,14.0,331.84
54830,1,8.0,Phone,3,31.0,UPI,Female,2.0,5,Mobile Phone,4,Single,3,0,20.0,5.0,8.0,10.0,259.18
54831,0,23.0,Phone,2,27.0,Debit Card,Male,3.0,4,Mobile Phone,1,Single,10,0,19.0,11.0,16.0,10.0,124.42
54832,0,17.0,Mobile Phone,2,7.0,E wallet,Male,3.0,1,Laptop & Accessory,3,Married,6,0,19.0,0.0,7.0,21.0,265.57
54833,1,12.0,Mobile Phone,1,34.0,UPI,Female,0.0,3,Laptop & Accessory,2,Married,1,1,17.0,11.0,8.0,2.0,188.78
54834,0,26.0,Computer,1,36.0,Credit Card,Female,4.0,3,Grocery,5,Single,8,0,11.0,9.0,3.0,10.0,326.14
54835,0,6.0,Mobile Phone,1,19.0,Debit Card,Female,3.0,4,Mobile Phone,2,Single,6,1,18.0,4.0,4.0,15.0,278.62
54836,0,7.0,Mobile Phone,2,15.0,UPI,Male,3.0,4,Laptop & Accessory,4,Married,12,0,13.0,8.0,8.0,14.0,253.08
54837,0,13.0,Mobile Phone,1,6.0,E wallet,Female,2.0,2,Fashion,3,Single,13,0,15.0,7.0,1.0,6.0,157.07
54838,1,11.0,Mobile Phone,1,30.0,COD,Female,2.0,4,Mobile,2,Married,7,0,17.0,0.0,16.0,16.0,312.43
54839,0,16.0,Phone,2,38.0,UPI,Female,3.0,6,Others,1,Single,9,0,13.0,15.0,6.0,4.0,330.54
54840,1,28.0,Phone,3,5.0,Debit Card,Female,3.0,3,Fashion,3,Married,4,0,25.0,13.0,14.0,7.0,257.73
54841,1,26.0,Phone,1,15.0,UPI,Male,2.0,5,Laptop & Accessory,1,Married,4,0,18.0,4.0,13.0,8.0,324.59
54842,1,0.0,Mobile Phone,1,9.0,UPI,Male,3.0,4,Laptop & Accessory,3,Divorced,10,1,26.0,13.0,7.0,0.0,146.21
54843,0,60.0,Mobile Phone,1,30.0,Credit Card,Female,2.0,5,Others,1,Single,14,1,18.0,7.0,8.0,10.0,220.92
54844,0,3.0,Mobile Phone,2,10.0,UPI,Male,4.0,5,Mobile,1,Divorced,4,0,19.0,2.0,9.0,0.0,132.4
54845,0,23.0,Mobile Phone,1,39.0,Cash on Delivery,Male,3.0,5,Fashion,3,Married,2,0,16.0,16.0,9.0,15.0,287.57
54846,0,20.0,Mobile Phone,2,9.0,Credit Card,Male,4.0,4,Others,3,Divorced,3,0,12.0,13.0,2.0,10.0,206.48
54847,0,17.0,Mobile Phone,2,13.0,Debit Card,Female,3.0,6,Grocery,3,Single,6,0,18.0,4.0,6.0,3.0,327.28
54848,0,6.0,Mobile Phone,1,32.0,Cash on Delivery,Male,2.0,6,Laptop & Accessory,1,Single,2,1,24.0,0.0,8.0,1.0,329.82
54849,0,0.0,Phone,1,23.0,Cash on Delivery,Male,2.0,3,Laptop & Accessory,2,Married,9,1,25.0,14.0,11.0,3.0,231.71
54850,0,2.0,Mobile Phone,1,9.0,Credit Card,Male,2.0,4,Laptop & Accessory,5,Married,10,1,20.0,15.0,10.0,9.0,125.31
54851,0,14.0,Mobile Phone,1,27.0,E wallet,Male,2.0,4,Mobile Phone,4,Single,13,0,12.0,14.0,13.0,17.0,187.46
54852,0,30.0,Mobile Phone,1,20.0,Cash on Delivery,Male,2.0,3,Mobile Phone,5,Single,3,1,19.0,2.0,9.0,16.0,325.85
54853,0,15.0,Mobile Phone,2,11.0,Credit Card,Male,4.0,3,Mobile Phone,1,Married,10,1,12.0,8.0,4.0,12.0,233.02
54854,0,9.0,Phone,2,18.0,E wallet,Female,1.0,3,Laptop & Accessory,1,Married,3,0,26.0,8.0,8.0,7.0,131.73
54855,0,28.0,Mobile Phone,1,26.0,Credit Card,Male,4.0,3,Fashion,4,Single,6,0,25.0,7.0,12.0,11.0,117.17
54856,0,17.0,Mobile Phone,2,13.0,UPI,Female,1.0,5,Laptop & Accessory,3,Married,2,1,17.0,15.0,7.0,9.0,334.99
54857,0,28.0,Mobile Phone,1,27.0,UPI,Female,5.0,5,Mobile Phone,3,Single,12,1,22.0,4.0,9.0,0.0,286.07
54858,0,16.0,Mobile Phone,2,8.0,E wallet,Male,5.0,5,Mobile Phone,2,Married,4,0,26.0,12.0,16.0,10.0,247.99
54859,0,21.0,Phone,3,30.0,Debit Card,Male,2.0,6,Laptop & Accessory,2,Married,14,0,13.0,13.0,9.0,14.0,112.29
54860,1,23.0,Computer,3,10.0,UPI,Female,5.0,4,Mobile Phone,5,Married,1,0,11.0,8.0,1.0,17.0,266.65
54861,0,16.0,Mobile Phone,1,35.0,UPI,Male,4.0,5,Others,1,Married,4,0,18.0,8.0,12.0,10.0,333.82
54862,0,20.0,Phone,2,21.0,Credit Card,Male,1.0,4,Others,3,Single,5,0,21.0,8.0,7.0,16.0,196.46
54863,0,10.0,Mobile Phone,2,13.0,Credit Card,Male,5.0,4,Laptop & Accessory,3,Married,12,0,23.0,8.0,16.0,19.0,293.03
54864,0,6.0,Mobile Phone,1,31.0,UPI,Male,0.0,2,Laptop & Accessory,3,Married,5,0,17.0,10.0,7.0,17.0,287.94
54865,0,4.0,Mobile Phone,2,10.0,Debit Card,Male,1.0,3,Fashion,4,Single,10,0,13.0,5.0,16.0,17.0,297.0
54866,0,20.0,Computer,3,10.0,E wallet,Male,3.0,3,Laptop & Accessory,5,Single,14,0,11.0,8.0,4.0,11.0,199.87
54867,1,17.0,Mobile Phone,1,8.0,Credit Card,Male,1.0,3,Others,2,Married,2,0,22.0,4.0,2.0,16.0,261.2
54868,0,61.0,Computer,2,7.0,E wallet,Female,1.0,3,Mobile Phone,1,Single,13,0,22.0,14.0,12.0,20.0,121.08
54869,1,19.0,Mobile Phone,2,28.0,Debit Card,Female,5.0,5,Mobile Phone,3,Married,9,0,20.0,1.0,2.0,9.0,158.56
54870,0,17.0,Mobile Phone,1,22.0,Credit Card,Male,5.0,4,Mobile,3,Married,7,0,14.0,14.0,5.0,10.0,180.33
54871,0,4.0,Phone,1,36.0,Credit Card,Male,4.0,5,Mobile Phone,1,Married,4,0,26.0,8.0,1.0,20.0,298.68
54872,0,12.0,Computer,1,25.0,UPI,Female,3.0,5,Mobile Phone,3,Married,5,1,15.0,8.0,6.0,12.0,267.81
54873,1,11.0,Computer,1,33.0,Cash on Delivery,Male,5.0,4,Laptop & Accessory,5,Married,12,0,23.0,16.0,13.0,16.0,206.24
54874,0,20.0,Phone,1,36.0,Debit Card,Male,1.0,3,Laptop & Accessory,3,Divorced,15,0,13.0,4.0,14.0,15.0,200.14
54875,0,5.0,Mobile Phone,1,29.0,Credit Card,Female,5.0,5,Grocery,5,Married,11,0,15.0,10.0,8.0,2.0,212.08
54876,0,6.0,Mobile Phone,1,16.0,Credit Card,Female,2.0,4,Grocery,5,Single,1,0,11.0,9.0,14.0,11.0,235.15
54877,1,25.0,Mobile Phone,2,13.0,UPI,Male,3.0,5,Mobile Phone,3,Married,10,0,25.0,5.0,16.0,8.0,237.44
54878,0,7.0,Mobile Phone,1,11.0,Credit Card,Male,3.0,3,Mobile Phone,4,Single,5,0,17.0,8.0,15.0,10.0,222.91
54879,1,8.0,Computer,1,18.0,Debit Card,Male,5.0,4,Mobile Phone,2,Single,11,0,12.0,16.0,12.0,20.0,248.7
54880,0,26.0,Phone,1,24.0,Credit Card,Male,4.0,3,Mobile Phone,2,Single,6,0,15.0,12.0,14.0,20.0,157.63
54881,0,3.0,Computer,1,24.0,UPI,Male,4.0,4,Fashion,1,Married,5,0,20.0,10.0,8.0,13.0,244.56
54882,0,20.0,Mobile Phone,1,14.0,UPI,Male,3.0,4,Grocery,1,Divorced,6,0,24.0,16.0,11.0,11.0,344.84
54883,0,30.0,Phone,1,15.0,UPI,Male,4.0,4,Laptop & Accessory,4,Married,7,1,19.0,6.0,12.0,3.0,192.82
54884,0,20.0,Computer,2,23.0,UPI,Male,4.0,4,Others,5,Divorced,13,0,18.0,9.0,11.0,21.0,118.2
54885,0,24.0,Phone,1,23.0,Credit Card,Male,1.0,3,Laptop & Accessory,5,Married,6,0,13.0,12.0,8.0,7.0,317.2
54886,0,14.0,Mobile Phone,1,10.0,Cash on Delivery,Female,3.0,2,Others,3,Single,15,0,11.0,6.0,8.0,8.0,274.97
54887,0,61.0,Phone,2,12.0,UPI,Female,1.0,5,Laptop & Accessory,2,Married,13,0,16.0,16.0,7.0,16.0,325.91
54888,0,27.0,Phone,2,5.0,UPI,Female,4.0,3,Others,1,Married,13,1,25.0,3.0,6.0,15.0,314.87
54889,0,13.0,Computer,2,27.0,UPI,Male,1.0,6,Grocery,5,Single,10,0,21.0,8.0,5.0,10.0,305.75
54890,0,3.0,Mobile Phone,3,14.0,Credit Card,Male,5.0,4,Laptop & Accessory,5,Married,2,0,26.0,6.0,8.0,13.0,102.55
54891,0,17.0,Mobile Phone,1,6.0,UPI,Female,2.0,4,Laptop & Accessory,4,Married,2,0,23.0,13.0,3.0,1.0,307.43
54892,1,60.0,Phone,3,6.0,UPI,Female,1.0,4,Fashion,2,Married,9,0,24.0,4.0,13.0,8.0,155.88
54893,0,11.0,Mobile Phone,3,19.0,Credit Card,Female,5.0,4,Grocery,4,Married,6,1,18.0,8.0,8.0,9.0,122.03
54894,0,51.0,Phone,1,24.0,Debit Card,Male,0.0,2,Fashion,5,Single,10,0,17.0,8.0,15.0,19.0,158.67
54895,0,23.0,Mobile Phone,3,25.0,Debit Card,Female,3.0,3,Mobile Phone,4,Married,4,0,16.0,5.0,10.0,4.0,311.08
54896,0,19.0,Computer,2,34.0,Debit Card,Female,4.0,3,Laptop & Accessory,5,Single,10,0,15.0,8.0,6.0,1.0,309.46
54897,0,4.0,Computer,3,28.0,UPI,Male,2.0,2,Mobile Phone,2,Divorced,5,1,18.0,10.0,15.0,21.0,200.02
54898,0,29.0,Mobile Phone,2,6.0,Debit Card,Male,3.0,1,Laptop & Accessory,5,Married,13,0,20.0,5.0,3.0,19.0,254.29
54899,0,23.0,Mobile Phone,2,26.0,Credit Card,Male,3.0,4,Fashion,4,Married,12,0,25.0,1.0,14.0,15.0,268.5
54900,0,6.0,Phone,1,33.0,Debit Card,Female,5.0,4,Laptop & Accessory,4,Divorced,11,0,24.0,8.0,13.0,6.0,258.47
54901,0,15.0,Phone,2,18.0,UPI,Male,1.0,5,Grocery,3,Married,5,0,14.0,0.0,3.0,15.0,247.12
54902,0,17.0,Mobile Phone,1,9.0,Debit Card,Female,1.0,3,Fashion,1,Married,8,0,17.0,14.0,6.0,1.0,308.68
54903,0,22.0,Mobile Phone,1,28.0,Credit Card,Male,3.0,5,Mobile Phone,4,Single,5,0,12.0,16.0,7.0,19.0,190.53
54904,0,11.0,Phone,3,30.0,E wallet,Female,2.0,2,Mobile Phone,3,Single,2,0,19.0,6.0,8.0,2.0,186.31
54905,0,28.0,Phone,1,6.0,Credit Card,Male,2.0,5,Mobile Phone,3,Single,2,0,18.0,7.0,13.0,6.0,188.07
54906,0,14.0,Mobile Phone,2,38.0,UPI,Male,2.0,6,Mobile Phone,4,Married,5,0,22.0,2.0,8.0,10.0,165.39
54907,0,28.0,Phone,1,27.0,Credit Card,Female,3.0,4,Laptop & Accessory,1,Married,4,0,22.0,1.0,4.0,4.0,329.6
54908,0,20.0,Computer,1,22.0,Debit Card,Female,4.0,5,Mobile,1,Married,13,1,14.0,9.0,1.0,20.0,152.89
54909,0,14.0,Mobile Phone,2,19.0,Debit Card,Female,1.0,6,Others,2,Married,2,1,23.0,9.0,7.0,17.0,278.85
54910,0,13.0,Phone,1,7.0,Debit Card,Male,2.0,3,Mobile Phone,4,Married,6,1,19.0,6.0,4.0,3.0,272.38
54911,0,15.0,Mobile Phone,3,16.0,Debit Card,Male,3.0,1,Laptop & Accessory,2,Single,8,0,11.0,15.0,6.0,10.0,287.75
54912,0,14.0,Mobile Phone,1,21.0,Debit Card,Male,1.0,4,Mobile Phone,4,Married,2,0,15.0,14.0,8.0,20.0,264.49
54913,0,3.0,Mobile Phone,1,31.0,UPI,Male,3.0,1,Mobile,2,Married,15,0,12.0,3.0,3.0,10.0,115.31
54914,0,26.0,Mobile Phone,1,23.0,Debit Card,Male,2.0,4,Mobile Phone,3,Married,10,0,24.0,9.0,4.0,9.0,154.86
54915,0,22.0,Computer,1,25.0,CC,Male,2.0,4,Others,1,Divorced,7,0,12.0,2.0,12.0,10.0,339.15
54916,0,28.0,Phone,1,28.0,E wallet,Female,2.0,4,Laptop & Accessory,3,Single,4,0,12.0,8.0,7.0,18.0,151.72
54917,0,8.0,Mobile Phone,2,28.0,COD,Male,2.0,2,Grocery,2,Single,5,0,12.0,10.0,11.0,21.0,183.53
54918,0,6.0,Mobile Phone,2,23.0,Debit Card,Female,4.0,2,Grocery,4,Single,2,0,15.0,0.0,8.0,6.0,338.39
54919,0,17.0,Phone,1,35.0,E wallet,Female,5.0,6,Fashion,5,Married,11,0,14.0,9.0,1.0,16.0,331.74
54920,0,4.0,Mobile Phone,1,24.0,Cash on Delivery,Male,3.0,4,Laptop & Accessory,5,Divorced,14,0,11.0,14.0,3.0,6.0,168.66
54921,0,4.0,Mobile Phone,3,19.0,E wallet,Female,3.0,3,Mobile,5,Married,10,0,21.0,13.0,16.0,1.0,236.37
54922,1,10.0,Phone,2,39.0,UPI,Male,1.0,5,Laptop & Accessory,2,Married,9,0,16.0,14.0,3.0,3.0,148.0
54923,1,27.0,Computer,1,39.0,Cash on Delivery,Female,3.0,6,Fashion,4,Divorced,15,0,13.0,3.0,7.0,20.0,240.26
54924,0,17.0,Mobile Phone,2,37.0,Debit Card,Female,3.0,3,Grocery,2,Married,3,1,19.0,3.0,16.0,9.0,150.95
54925,0,29.0,Phone,2,22.0,Debit Card,Female,1.0,2,Grocery,3,Single,10,0,12.0,13.0,14.0,19.0,257.46
54926,0,3.0,Mobile Phone,2,21.0,Debit Card,Female,1.0,4,Grocery,2,Married,1,0,18.0,4.0,15.0,20.0,127.77
54927,0,1.0,Phone,3,12.0,E wallet,Male,2.0,6,Mobile,1,Married,4,0,16.0,16.0,5.0,10.0,190.67
54928,1,2.0,Phone,1,24.0,Debit Card,Male,1.0,6,Laptop & Accessory,5,Divorced,1,0,15.0,1.0,1.0,13.0,294.3
54929,0,20.0,Computer,1,15.0,Debit Card,Male,3.0,5,Mobile Phone,4,Divorced,13,0,26.0,4.0,16.0,18.0,224.54
54930,0,5.0,Phone,1,34.0,CC,Male,5.0,3,Mobile,4,Divorced,6,0,20.0,3.0,12.0,4.0,337.99
54931,1,17.0,Mobile Phone,3,31.0,Debit Card,Female,4.0,3,Others,3,Married,13,0,16.0,2.0,10.0,16.0,196.51
54932,1,4.0,Mobile Phone,1,18.0,E wallet,Female,3.0,2,Mobile,3,Single,4,0,23.0,11.0,14.0,9.0,325.12
54933,0,8.0,Mobile Phone,2,19.0,Cash on Delivery,Male,2.0,5,Fashion,2,Married,12,0,16.0,2.0,4.0,8.0,295.59
54934,0,19.0,Phone,2,16.0,Debit Card,Male,2.0,2,Fashion,5,Single,4,0,14.0,4.0,6.0,4.0,289.09
54935,0,17.0,Computer,2,24.0,Debit Card,Male,3.0,3,Laptop & Accessory,3,Single,9,0,11.0,10.0,5.0,21.0,218.64
54936,0,25.0,Phone,1,21.0,UPI,Male,2.0,4,Mobile Phone,1,Divorced,9,1,12.0,5.0,9.0,17.0,225.41
54937,0,17.0,Phone,1,30.0,COD,Male,2.0,3,Laptop & Accessory,4,Divorced,7,0,26.0,8.0,11.0,9.0,176.09
54938,0,18.0,Mobile Phone,1,18.0,E wallet,Female,3.0,2,Fashion,4,Married,4,0,18.0,11.0,7.0,9.0,327.56
54939,1,2.0,Mobile Phone,1,29.0,UPI,Female,2.0,3,Others,5,Married,9,0,19.0,15.0,9.0,19.0,155.45
54940,0,8.0,Mobile Phone,1,30.0,UPI,Male,0.0,4,Laptop & Accessory,4,Married,5,0,14.0,12.0,8.0,10.0,200.55
54941,0,30.0,Mobile Phone,2,29.0,UPI,Male,0.0,5,Mobile Phone,2,Married,10,0,21.0,2.0,13.0,20.0,241.48
54942,0,16.0,Mobile Phone,3,29.0,Credit Card,Female,2.0,4,Fashion,3,Married,11,0,24.0,11.0,9.0,17.0,165.88
54943,0,22.0,Phone,2,31.0,UPI,Male,3.0,6,Fashion,3,Married,4,1,25.0,3.0,6.0,17.0,166.72
54944,0,60.0,Mobile Phone,2,16.0,Debit Card,Female,2.0,4,Mobile Phone,1,Single,5,1,18.0,3.0,5.0,21.0,192.29
54945,0,4.0,Phone,2,24.0,Credit Card,Male,0.0,3,Laptop & Accessory,3,Married,9,0,20.0,8.0,9.0,18.0,299.52
54946,0,14.0,Phone,1,20.0,UPI,Male,2.0,4,Others,4,Married,11,1,16.0,8.0,14.0,14.0,130.12
54947,0,2.0,Mobile Phone,1,29.0,Debit Card,Female,1.0,5,Laptop & Accessory,3,Married,15,0,25.0,9.0,1.0,3.0,257.15
54948,0,18.0,Phone,1,31.0,Cash on Delivery,Male,5.0,3,Laptop & Accessory,5,Married,12,1,21.0,8.0,15.0,14.0,342.9
54949,0,27.0,Mobile Phone,2,22.0,Credit Card,Male,2.0,5,Mobile,4,Married,1,0,11.0,7.0,1.0,19.0,264.42
54950,0,2.0,Mobile Phone,3,14.0,UPI,Female,0.0,5,Mobile Phone,4,Single,7,0,16.0,16.0,6.0,5.0,212.72
54951,0,3.0,Mobile Phone,1,34.0,Credit Card,Female,3.0,6,Others,3,Single,9,1,17.0,11.0,10.0,0.0,241.74
54952,0,23.0,Mobile Phone,1,5.0,UPI,Male,2.0,3,Others,1,Divorced,11,0,19.0,11.0,16.0,12.0,123.25
54953,1,30.0,Phone,1,8.0,Credit Card,Male,3.0,3,Mobile,5,Divorced,1,0,11.0,1.0,8.0,21.0,205.31
54954,1,10.0,Computer,1,27.0,E wallet,Male,3.0,4,Laptop & Accessory,4,Married,3,0,21.0,2.0,3.0,3.0,130.81
54955,0,0.0,Mobile Phone,2,11.0,Credit Card,Female,5.0,6,Laptop & Accessory,1,Married,13,0,22.0,14.0,14.0,2.0,175.27
54956,0,8.0,Mobile Phone,2,34.0,Credit Card,Male,5.0,6,Laptop & Accessory,1,Single,7,0,19.0,1.0,10.0,10.0,191.89
54957,0,16.0,Mobile Phone,2,30.0,Credit Card,Female,3.0,3,Fashion,4,Married,15,0,19.0,8.0,8.0,6.0,306.81
54958,0,0.0,Phone,2,5.0,UPI,Female,3.0,2,Laptop & Accessory,3,Married,4,1,18.0,14.0,1.0,7.0,215.7
54959,0,2.0,Mobile Phone,1,33.0,Debit Card,Male,2.0,4,Mobile Phone,2,Married,9,1,18.0,2.0,8.0,16.0,168.28
54960,0,25.0,Phone,3,22.0,UPI,Male,5.0,2,Grocery,2,Married,10,0,23.0,15.0,11.0,19.0,258.54
54961,0,30.0,Phone,2,30.0,Credit Card,Male,2.0,5,Laptop & Accessory,3,Married,11,0,19.0,6.0,12.0,9.0,269.62
54962,0,25.0,Mobile Phone,1,21.0,UPI,Male,2.0,1,Laptop & Accessory,4,Single,13,0,11.0,2.0,1.0,18.0,191.66
54963,1,22.0,Computer,1,35.0,UPI,Female,1.0,3,Fashion,2,Married,14,0,23.0,2.0,1.0,13.0,193.41
54964,0,29.0,Mobile Phone,3,12.0,Cash on Delivery,Female,2.0,1,Laptop & Accessory,4,Single,8,0,16.0,8.0,3.0,10.0,310.55
54965,0,9.0,Computer,1,9.0,Debit Card,Male,3.0,3,Grocery,2,Single,10,0,19.0,16.0,12.0,5.0,222.13
54966,0,7.0,Mobile Phone,2,5.0,Credit Card,Female,2.0,2,Fashion,4,Married,4,0,18.0,1.0,14.0,13.0,289.5
54967,0,24.0,Mobile Phone,1,19.0,UPI,Male,3.0,4,Laptop & Accessory,5,Single,13,1,14.0,1.0,7.0,7.0,134.07
54968,0,21.0,Phone,3,11.0,UPI,Male,2.0,4,Laptop & Accessory,3,Single,3,0,15.0,11.0,6.0,10.0,209.85
54969,1,14.0,Phone,2,22.0,UPI,Male,4.0,3,Laptop & Accessory,4,Married,5,0,19.0,13.0,6.0,19.0,138.07
54970,0,9.0,Computer,2,39.0,Debit Card,Male,3.0,3,Fashion,3,Married,7,0,15.0,12.0,1.0,14.0,108.39
54971,1,19.0,Mobile Phone,3,31.0,UPI,Male,3.0,3,Mobile Phone,5,Single,6,1,19.0,8.0,1.0,17.0,274.43
54972,0,22.0,Computer,3,24.0,UPI,Female,3.0,5,Mobile Phone,3,Married,7,0,26.0,1.0,16.0,21.0,159.99
54973,0,0.0,Mobile Phone,3,22.0,UPI,Male,4.0,2,Laptop & Accessory,3,Married,13,0,11.0,13.0,8.0,20.0,244.08
54974,0,1.0,Mobile Phone,1,6.0,Credit Card,Female,1.0,2,Mobile Phone,3,Single,5,0,20.0,2.0,10.0,3.0,176.94
54975,1,18.0,Mobile Phone,1,34.0,UPI,Male,1.0,4,Others,2,Single,12,0,19.0,4.0,3.0,20.0,318.33
54976,0,13.0,Phone,1,34.0,Cash on Delivery,Female,3.0,5,Laptop & Accessory,2,Married,2,1,20.0,11.0,15.0,10.0,289.97
54977,0,7.0,Phone,1,11.0,Credit Card,Female,4.0,3,Mobile,3,Married,5,0,19.0,9.0,2.0,8.0,187.98
54978,0,11.0,Mobile Phone,3,17.0,Debit Card,Male,2.0,2,Grocery,2,Married,7,1,16.0,6.0,1.0,13.0,177.88
54979,0,25.0,Mobile Phone,3,37.0,Debit Card,Male,2.0,4,Laptop & Accessory,3,Married,1,1,17.0,3.0,2.0,11.0,146.44
54980,1,26.0,Mobile Phone,2,34.0,Debit Card,Male,2.0,5,Fashion,3,Single,13,0,16.0,6.0,15.0,18.0,189.56
54981,0,28.0,Mobile Phone,1,34.0,CC,Female,2.0,4,Laptop & Accessory,3,Married,5,1,14.0,14.0,12.0,11.0,217.89
54982,0,14.0,Phone,1,27.0,E wallet,Female,5.0,3,Laptop & Accessory,3,Single,4,0,17.0,12.0,9.0,7.0,286.46
54983,0,0.0,Phone,1,28.0,Debit Card,Female,2.0,1,Mobile Phone,3,Single,12,0,21.0,8.0,7.0,1.0,340.38
54984,0,27.0,Phone,1,24.0,Credit Card,Female,3.0,3,Mobile Phone,3,Single,15,1,12.0,3.0,11.0,0.0,165.52
54985,0,2.0,Computer,2,32.0,CC,Male,4.0,6,Grocery,5,Married,12,0,13.0,1.0,5.0,10.0,298.83
54986,0,17.0,Mobile Phone,2,23.0,Credit Card,Male,0.0,3,Others,1,Single,7,0,21.0,4.0,9.0,15.0,180.0
54987,0,60.0,Mobile Phone,3,17.0,UPI,Male,0.0,4,Others,1,Single,6,1,22.0,10.0,16.0,21.0,200.92
54988,1,50.0,Phone,1,20.0,Debit Card,Male,2.0,6,Laptop & Accessory,5,Married,7,0,22.0,1.0,16.0,12.0,237.07
54989,0,28.0,Phone,1,19.0,Debit Card,Female,3.0,4,Fashion,3,Single,4,0,14.0,16.0,11.0,4.0,213.64
54990,0,24.0,Phone,3,15.0,Credit Card,Female,2.0,3,Fashion,3,Married,13,0,13.0,11.0,4.0,3.0,177.33
54991,0,25.0,Computer,2,22.0,Cash on Delivery,Female,0.0,2,Mobile Phone,3,Single,5,1,19.0,7.0,13.0,4.0,107.16
54992,0,7.0,Phone,1,26.0,UPI,Male,2.0,6,Mobile,2,Single,8,1,19.0,2.0,9.0,7.0,299.97
54993,0,18.0,Mobile Phone,1,29.0,Debit Card,Male,1.0,2,Mobile Phone,4,Single,3,1,23.0,14.0,14.0,7.0,220.57
54994,1,21.0,Mobile Phone,3,7.0,CC,Female,2.0,4,Fashion,2,Married,4,1,14.0,8.0,8.0,10.0,146.86
54995,0,28.0,Phone,2,28.0,Cash on Delivery,Male,2.0,2,Mobile Phone,4,Single,11,1,24.0,13.0,2.0,12.0,256.22
54996,1,51.0,Phone,3,22.0,Debit Card,Male,1.0,3,Laptop & Accessory,2,Single,10,0,20.0,15.0,9.0,19.0,293.25
54997,0,61.0,Mobile Phone,1,22.0,Debit Card,Male,3.0,5,Laptop & Accessory,4,Married,15,0,11.0,9.0,6.0,21.0,271.79
54998,0,2.0,Mobile Phone,2,32.0,UPI,Male,2.0,4,Grocery,5,Divorced,12,0,22.0,8.0,11.0,19.0,240.22
54999,0,18.0,Phone,2,34.0,Debit Card,Female,3.0,1,Grocery,4,Single,6,0,24.0,6.0,6.0,14.0,147.52
55000,1,9.0,Phone,1,11.0,Debit Card,Male,3.0,6,Mobile Phone,3,Single,14,0,22.0,9.0,4.0,18.0,166.04
55001,0,26.0,Mobile Phone,3,15.0,Debit Card,Female,4.0,5,Laptop & Accessory,3,Married,7,0,24.0,7.0,11.0,19.0,125.29
55002,0,14.0,Phone,2,22.0,CC,Female,1.0,6,Mobile,3,Single,10,0,18.0,2.0,11.0,7.0,155.6
55003,0,10.0,Mobile Phone,3,7.0,Cash on Delivery,Male,2.0,5,Mobile Phone,2,Married,14,0,19.0,11.0,10.0,3.0,147.04
55004,0,25.0,Computer,3,23.0,Debit Card,Female,4.0,5,Laptop & Accessory,5,Married,9,0,23.0,15.0,6.0,4.0,329.12
55005,0,23.0,Mobile Phone,1,6.0,E wallet,Male,4.0,4,Laptop & Accessory,3,Single,13,1,19.0,7.0,9.0,13.0,127.86
55006,0,12.0,Phone,2,21.0,Credit Card,Male,1.0,3,Laptop & Accessory,4,Married,5,1,22.0,6.0,13.0,5.0,335.85
55007,0,50.0,Phone,1,33.0,UPI,Female,1.0,3,Fashion,3,Single,3,0,19.0,11.0,2.0,3.0,135.71
55008,0,3.0,Mobile Phone,2,6.0,E wallet,Male,4.0,4,Fashion,3,Married,5,0,19.0,15.0,15.0,12.0,245.26
55009,0,12.0,Phone,2,20.0,Credit Card,Male,1.0,2,Fashion,5,Divorced,2,0,21.0,9.0,2.0,19.0,147.44
55010,0,8.0,Mobile Phone,2,14.0,Cash on Delivery,Male,4.0,5,Mobile Phone,3,Single,13,1,19.0,2.0,1.0,5.0,264.33
55011,0,60.0,Phone,1,8.0,UPI,Male,5.0,6,Mobile Phone,3,Married,8,0,23.0,10.0,13.0,1.0,307.65
55012,0,6.0,Phone,2,30.0,UPI,Male,2.0,4,Mobile,3,Single,4,1,23.0,0.0,8.0,10.0,123.21
55013,0,0.0,Mobile Phone,1,28.0,Debit Card,Male,4.0,5,Grocery,5,Single,9,0,23.0,14.0,7.0,2.0,337.62
55014,0,11.0,Mobile Phone,1,16.0,UPI,Male,2.0,2,Others,3,Divorced,3,1,23.0,12.0,5.0,6.0,138.59
55015,0,20.0,Phone,3,25.0,Credit Card,Female,4.0,5,Mobile Phone,5,Single,7,0,19.0,0.0,16.0,21.0,214.97
55016,0,10.0,Mobile Phone,1,20.0,CC,Male,2.0,6,Mobile,3,Married,3,0,22.0,14.0,6.0,8.0,333.84
55017,0,13.0,Phone,1,22.0,Credit Card,Male,1.0,5,Laptop & Accessory,5,Single,11,0,19.0,5.0,11.0,1.0,320.31
55018,0,60.0,Mobile Phone,1,13.0,Debit Card,Male,3.0,4,Laptop & Accessory,4,Married,12,1,17.0,5.0,2.0,9.0,126.49
55019,0,60.0,Computer,1,10.0,Debit Card,Female,1.0,6,Mobile Phone,2,Married,13,0,21.0,14.0,16.0,13.0,254.91
55020,0,24.0,Phone,1,5.0,E wallet,Male,5.0,6,Laptop & Accessory,3,Divorced,4,1,22.0,5.0,8.0,3.0,299.57
55021,1,3.0,Phone,2,18.0,UPI,Female,2.0,5,Mobile Phone,4,Single,2,1,25.0,13.0,8.0,11.0,287.07
55022,1,25.0,Mobile Phone,2,28.0,UPI,Female,1.0,4,Mobile Phone,5,Divorced,6,0,26.0,13.0,16.0,13.0,161.71
55023,1,15.0,Mobile Phone,1,14.0,Cash on Delivery,Male,2.0,5,Laptop & Accessory,2,Married,5,0,18.0,16.0,11.0,12.0,185.6
55024,0,9.0,Mobile Phone,1,22.0,CC,Male,4.0,3,Grocery,4,Single,12,0,12.0,10.0,6.0,5.0,162.52
55025,0,1.0,Mobile Phone,1,13.0,Credit Card,Male,2.0,3,Mobile Phone,4,Single,10,0,22.0,10.0,5.0,11.0,262.97
55026,0,61.0,Phone,2,31.0,Debit Card,Female,4.0,3,Laptop & Accessory,3,Married,10,1,14.0,8.0,9.0,12.0,223.14
55027,1,17.0,Phone,1,23.0,UPI,Male,1.0,2,Laptop & Accessory,3,Married,4,0,14.0,7.0,11.0,6.0,332.23
55028,0,5.0,Mobile Phone,1,7.0,Cash on Delivery,Female,3.0,4,Mobile Phone,3,Married,4,0,14.0,16.0,15.0,0.0,174.97
55029,0,18.0,Phone,1,13.0,E wallet,Female,4.0,4,Others,3,Single,1,0,13.0,11.0,16.0,16.0,288.75
55030,0,7.0,Mobile Phone,1,22.0,COD,Female,0.0,5,Mobile Phone,4,Single,12,0,23.0,8.0,1.0,10.0,126.47
55031,0,13.0,Mobile Phone,2,13.0,UPI,Female,2.0,4,Laptop & Accessory,1,Married,3,0,11.0,14.0,11.0,1.0,180.94
55032,0,9.0,Computer,1,21.0,Cash on Delivery,Female,5.0,5,Laptop & Accessory,3,Married,5,0,19.0,3.0,1.0,12.0,225.89
55033,1,2.0,Phone,1,24.0,Debit Card,Male,3.0,4,Laptop & Accessory,3,Married,15,0,15.0,13.0,1.0,14.0,159.94
55034,0,28.0,Phone,1,22.0,Debit Card,Male,3.0,4,Grocery,3,Divorced,2,1,25.0,13.0,10.0,13.0,293.39
55035,1,14.0,Mobile Phone,3,8.0,UPI,Male,4.0,3,Others,5,Single,7,1,21.0,12.0,6.0,5.0,286.42
55036,0,22.0,Mobile Phone,2,14.0,COD,Male,3.0,6,Laptop & Accessory,4,Divorced,3,0,13.0,7.0,9.0,9.0,315.16
55037,0,22.0,Mobile Phone,1,25.0,Debit Card,Female,4.0,4,Laptop & Accessory,5,Divorced,14,1,22.0,12.0,13.0,2.0,240.33
55038,0,17.0,Computer,1,18.0,UPI,Male,3.0,4,Laptop & Accessory,3,Divorced,11,1,17.0,0.0,8.0,3.0,210.49
55039,0,18.0,Phone,3,29.0,CC,Female,3.0,5,Grocery,4,Married,8,0,16.0,16.0,6.0,13.0,133.31
55040,0,27.0,Mobile Phone,1,21.0,UPI,Female,1.0,3,Grocery,3,Single,2,0,25.0,8.0,9.0,9.0,288.44
55041,0,25.0,Computer,3,32.0,Debit Card,Female,5.0,2,Mobile Phone,4,Married,14,0,14.0,8.0,1.0,4.0,245.95
55042,0,9.0,Mobile Phone,1,18.0,Credit Card,Male,4.0,3,Mobile,3,Divorced,8,0,19.0,16.0,15.0,10.0,107.58
55043,0,3.0,Phone,1,17.0,Credit Card,Male,2.0,5,Laptop & Accessory,2,Single,5,0,26.0,10.0,6.0,19.0,136.97
55044,0,1.0,Mobile Phone,2,38.0,UPI,Male,3.0,5,Mobile Phone,5,Married,9,1,14.0,13.0,4.0,16.0,157.47
55045,1,2.0,Mobile Phone,2,7.0,CC,Female,2.0,2,Mobile,4,Single,9,1,19.0,15.0,8.0,17.0,294.38
55046,0,6.0,Mobile Phone,3,8.0,Debit Card,Male,3.0,2,Grocery,4,Divorced,6,1,13.0,3.0,2.0,20.0,337.31
55047,0,15.0,Mobile Phone,3,19.0,E wallet,Male,5.0,4,Mobile Phone,4,Married,11,1,24.0,13.0,10.0,10.0,309.8
55048,0,30.0,Phone,1,24.0,Cash on Delivery,Male,0.0,6,Laptop & Accessory,4,Married,3,1,24.0,9.0,7.0,7.0,290.19
55049,0,9.0,Phone,2,12.0,UPI,Male,5.0,2,Others,4,Married,12,0,17.0,12.0,10.0,13.0,181.8
55050,0,18.0,Phone,3,9.0,Cash on Delivery,Male,1.0,4,Mobile Phone,2,Single,1,0,17.0,10.0,2.0,9.0,204.7
55051,0,27.0,Computer,2,6.0,Debit Card,Female,3.0,5,Mobile Phone,1,Single,1,1,25.0,3.0,10.0,12.0,313.79
55052,0,16.0,Mobile Phone,1,32.0,Debit Card,Female,3.0,4,Mobile Phone,3,Married,5,0,11.0,1.0,8.0,10.0,225.79
55053,0,27.0,Computer,1,26.0,E wallet,Female,2.0,3,Mobile Phone,4,Divorced,12,0,11.0,4.0,9.0,14.0,309.19
55054,0,18.0,Computer,1,13.0,Debit Card,Male,3.0,5,Fashion,3,Married,10,0,12.0,15.0,11.0,5.0,253.08
55055,0,17.0,Mobile Phone,3,32.0,Debit Card,Male,4.0,5,Laptop & Accessory,4,Single,2,0,14.0,1.0,8.0,19.0,215.11
55056,1,19.0,Mobile Phone,1,5.0,UPI,Female,2.0,5,Mobile Phone,4,Divorced,13,1,23.0,2.0,9.0,10.0,192.85
55057,0,12.0,Phone,1,6.0,Debit Card,Female,1.0,6,Mobile Phone,5,Divorced,10,1,12.0,7.0,2.0,18.0,102.91
55058,1,12.0,Mobile Phone,3,30.0,E wallet,Male,3.0,2,Fashion,3,Married,9,0,20.0,3.0,15.0,17.0,347.35
55059,0,10.0,Phone,1,35.0,E wallet,Female,4.0,3,Laptop & Accessory,4,Divorced,3,0,20.0,16.0,5.0,15.0,319.19
55060,0,14.0,Mobile Phone,2,23.0,UPI,Female,5.0,6,Fashion,5,Married,4,0,23.0,13.0,4.0,8.0,104.4
55061,0,16.0,Phone,3,35.0,UPI,Male,1.0,4,Fashion,2,Married,10,0,15.0,8.0,11.0,18.0,170.31
55062,0,27.0,Phone,1,13.0,UPI,Male,5.0,4,Mobile Phone,4,Single,10,0,12.0,4.0,8.0,3.0,175.89
55063,0,18.0,Mobile Phone,1,7.0,Debit Card,Male,3.0,5,Laptop & Accessory,5,Married,2,1,18.0,9.0,2.0,17.0,183.63
55064,0,3.0,Mobile Phone,2,10.0,Debit Card,Female,2.0,4,Grocery,4,Single,2,1,16.0,1.0,3.0,19.0,173.02
55065,0,21.0,Mobile Phone,2,11.0,Debit Card,Male,3.0,4,Mobile Phone,1,Single,3,1,19.0,8.0,4.0,3.0,330.67
55066,0,21.0,Phone,2,22.0,UPI,Female,2.0,2,Mobile Phone,3,Married,11,0,13.0,15.0,14.0,4.0,272.28
55067,0,60.0,Computer,1,29.0,Credit Card,Female,3.0,4,Mobile Phone,2,Married,6,0,12.0,6.0,7.0,18.0,249.02
55068,0,51.0,Mobile Phone,1,5.0,CC,Male,4.0,4,Laptop & Accessory,5,Single,7,0,24.0,3.0,2.0,13.0,208.02
55069,0,51.0,Phone,2,26.0,Credit Card,Male,2.0,5,Grocery,5,Married,5,0,25.0,7.0,12.0,4.0,273.26
55070,0,11.0,Mobile Phone,1,24.0,Credit Card,Male,3.0,3,Fashion,3,Single,15,0,19.0,2.0,8.0,5.0,254.89
55071,0,1.0,Phone,2,17.0,UPI,Female,3.0,2,Grocery,5,Divorced,8,0,19.0,3.0,6.0,18.0,144.04
55072,0,27.0,Computer,2,25.0,E wallet,Female,1.0,3,Grocery,2,Single,1,0,11.0,16.0,7.0,1.0,175.01
55073,0,9.0,Mobile Phone,2,27.0,CC,Female,4.0,3,Grocery,1,Married,2,1,16.0,15.0,4.0,8.0,341.42
55074,0,17.0,Computer,3,37.0,CC,Male,5.0,5,Others,4,Single,5,0,17.0,14.0,1.0,21.0,346.69
55075,0,16.0,Phone,1,13.0,Debit Card,Male,3.0,1,Others,5,Married,1,1,25.0,14.0,14.0,20.0,111.1
55076,0,25.0,Mobile Phone,1,33.0,Credit Card,Female,5.0,3,Mobile Phone,4,Married,11,0,23.0,9.0,16.0,10.0,176.98
55077,1,2.0,Computer,2,36.0,Credit Card,Male,2.0,3,Mobile Phone,5,Single,10,0,19.0,10.0,16.0,3.0,346.53
55078,0,6.0,Mobile Phone,1,15.0,Debit Card,Male,3.0,4,Laptop & Accessory,3,Married,7,0,17.0,12.0,2.0,21.0,104.16
55079,0,7.0,Mobile Phone,2,33.0,COD,Male,3.0,6,Others,3,Married,3,1,14.0,11.0,10.0,13.0,338.33
55080,0,19.0,Phone,3,35.0,Debit Card,Male,1.0,5,Fashion,5,Married,6,0,22.0,0.0,13.0,15.0,270.71
55081,0,11.0,Phone,3,18.0,Debit Card,Male,5.0,3,Fashion,1,Single,10,0,12.0,8.0,6.0,0.0,256.97
55082,0,61.0,Phone,2,29.0,UPI,Male,4.0,4,Mobile Phone,3,Married,11,0,16.0,3.0,1.0,6.0,305.95
55083,0,16.0,Mobile Phone,3,30.0,UPI,Female,4.0,3,Mobile Phone,3,Married,7,0,22.0,4.0,10.0,1.0,349.52
55084,0,17.0,Computer,1,26.0,E wallet,Male,3.0,5,Mobile Phone,1,Married,5,0,22.0,8.0,7.0,12.0,189.91
55085,0,9.0,Phone,2,13.0,UPI,Female,4.0,2,Grocery,4,Divorced,13,0,24.0,15.0,15.0,16.0,320.69
55086,0,21.0,Computer,1,37.0,UPI,Male,3.0,2,Fashion,3,Divorced,7,0,20.0,2.0,14.0,16.0,223.78
55087,0,51.0,Mobile Phone,1,27.0,Credit Card,Male,3.0,2,Grocery,3,Married,11,0,22.0,10.0,8.0,10.0,282.46
55088,0,21.0,Phone,1,39.0,Debit Card,Male,5.0,4,Laptop & Accessory,4,Married,3,1,25.0,11.0,8.0,10.0,305.98
55089,0,12.0,Computer,3,24.0,Cash on Delivery,Female,2.0,2,Laptop & Accessory,1,Married,8,0,21.0,8.0,8.0,18.0,171.23
55090,0,26.0,Mobile Phone,2,37.0,Cash on Delivery,Female,3.0,1,Laptop & Accessory,5,Married,7,1,19.0,15.0,11.0,18.0,144.9
55091,0,14.0,Computer,2,39.0,UPI,Male,1.0,3,Laptop & Accessory,4,Single,4,0,24.0,6.0,13.0,9.0,101.3
55092,1,21.0,Mobile Phone,1,34.0,CC,Male,5.0,5,Laptop & Accessory,5,Single,7,0,16.0,10.0,4.0,7.0,178.02
55093,0,29.0,Mobile Phone,1,34.0,Credit Card,Male,2.0,2,Laptop & Accessory,3,Married,10,0,14.0,0.0,13.0,16.0,189.57
55094,0,60.0,Computer,3,26.0,Credit Card,Female,2.0,3,Mobile Phone,3,Married,12,0,26.0,13.0,8.0,4.0,199.94
55095,0,60.0,Computer,2,5.0,E wallet,Female,3.0,3,Laptop & Accessory,5,Divorced,15,0,23.0,14.0,9.0,12.0,324.18
55096,1,61.0,Mobile Phone,2,19.0,Credit Card,Female,3.0,5,Mobile Phone,2,Single,11,0,21.0,3.0,13.0,4.0,138.94
55097,0,18.0,Mobile Phone,3,29.0,UPI,Male,2.0,4,Mobile,2,Married,5,1,17.0,10.0,6.0,10.0,295.84
55098,0,7.0,Phone,2,24.0,Debit Card,Male,3.0,4,Mobile Phone,4,Single,10,0,20.0,4.0,14.0,1.0,122.05
55099,0,51.0,Computer,2,11.0,Credit Card,Female,2.0,3,Others,3,Single,5,1,16.0,7.0,13.0,17.0,167.31
55100,0,27.0,Phone,1,22.0,CC,Female,3.0,4,Fashion,4,Married,3,0,19.0,8.0,7.0,10.0,173.0
55101,1,24.0,Phone,1,27.0,UPI,Male,1.0,1,Others,3,Single,15,0,12.0,1.0,5.0,10.0,165.41
55102,0,16.0,Phone,2,25.0,UPI,Male,2.0,6,Fashion,2,Married,7,0,21.0,5.0,16.0,10.0,344.12
55103,0,23.0,Mobile Phone,1,5.0,UPI,Female,4.0,4,Grocery,4,Single,4,0,19.0,5.0,11.0,13.0,308.66
55104,0,20.0,Computer,2,24.0,Credit Card,Male,2.0,2,Mobile Phone,1,Married,7,1,12.0,16.0,8.0,0.0,138.03
55105,0,1.0,Mobile Phone,1,23.0,Debit Card,Male,1.0,4,Mobile Phone,3,Divorced,7,0,23.0,4.0,4.0,14.0,336.51
55106,1,30.0,Phone,1,10.0,E wallet,Male,5.0,4,Mobile,3,Single,10,1,16.0,13.0,7.0,0.0,192.4
55107,0,17.0,Phone,2,36.0,E wallet,Male,1.0,3,Laptop & Accessory,1,Married,14,0,11.0,8.0,8.0,10.0,244.01
55108,0,29.0,Phone,1,5.0,UPI,Male,1.0,3,Mobile Phone,2,Single,4,0,18.0,14.0,6.0,7.0,116.52
55109,0,11.0,Phone,3,34.0,Debit Card,Female,2.0,3,Fashion,3,Single,2,0,19.0,13.0,1.0,1.0,271.92
55110,0,11.0,Computer,1,20.0,Credit Card,Male,1.0,2,Mobile Phone,5,Single,6,0,18.0,11.0,6.0,0.0,103.92
55111,0,23.0,Phone,2,31.0,Debit Card,Male,1.0,4,Laptop & Accessory,4,Single,6,0,20.0,0.0,7.0,5.0,256.83
55112,0,23.0,Phone,1,22.0,UPI,Female,4.0,5,Grocery,4,Married,5,1,16.0,7.0,16.0,20.0,247.75
55113,0,10.0,Mobile Phone,1,17.0,Debit Card,Female,1.0,6,Mobile Phone,1,Single,1,1,23.0,10.0,4.0,9.0,257.32
55114,0,12.0,Computer,1,32.0,Credit Card,Female,1.0,6,Laptop & Accessory,2,Single,2,0,26.0,13.0,14.0,2.0,114.62
55115,0,26.0,Mobile Phone,3,14.0,UPI,Female,3.0,4,Mobile Phone,4,Married,7,0,20.0,3.0,14.0,18.0,342.74
55116,0,17.0,Mobile Phone,1,18.0,Cash on Delivery,Female,3.0,4,Laptop & Accessory,5,Married,3,0,11.0,6.0,11.0,9.0,237.33
55117,0,9.0,Mobile Phone,3,33.0,Cash on Delivery,Female,1.0,3,Others,1,Divorced,7,0,23.0,14.0,15.0,10.0,275.06
55118,0,7.0,Phone,1,15.0,COD,Female,3.0,5,Laptop & Accessory,5,Single,2,0,18.0,9.0,1.0,7.0,230.12
55119,0,19.0,Computer,1,22.0,Debit Card,Female,0.0,4,Others,5,Divorced,14,0,12.0,15.0,15.0,21.0,290.34
55120,0,7.0,Phone,2,21.0,Debit Card,Female,2.0,3,Fashion,5,Married,11,1,14.0,14.0,7.0,0.0,148.08
55121,0,8.0,Mobile Phone,2,7.0,UPI,Female,3.0,6,Mobile Phone,1,Married,9,1,11.0,1.0,15.0,8.0,264.92
55122,0,6.0,Mobile Phone,2,35.0,Debit Card,Female,5.0,5,Grocery,3,Married,9,0,11.0,8.0,3.0,6.0,258.31
55123,0,13.0,Phone,1,25.0,Debit Card,Female,2.0,4,Mobile,4,Married,5,0,15.0,3.0,6.0,0.0,265.67
55124,0,27.0,Mobile Phone,1,37.0,Credit Card,Female,4.0,2,Laptop & Accessory,4,Married,5,0,22.0,6.0,6.0,0.0,263.78
55125,0,17.0,Mobile Phone,2,5.0,Credit Card,Male,1.0,2,Mobile Phone,3,Married,15,0,22.0,16.0,16.0,11.0,108.68
55126,1,17.0,Phone,3,10.0,Debit Card,Female,2.0,2,Mobile Phone,5,Single,8,0,25.0,11.0,3.0,0.0,252.86
55127,0,12.0,Computer,1,8.0,UPI,Male,3.0,6,Mobile Phone,4,Single,9,1,24.0,7.0,2.0,11.0,312.06
55128,0,20.0,Mobile Phone,3,26.0,UPI,Male,3.0,6,Fashion,5,Married,8,1,16.0,8.0,5.0,15.0,243.75
55129,1,27.0,Mobile Phone,1,17.0,Debit Card,Female,2.0,3,Mobile Phone,3,Married,10,0,21.0,3.0,12.0,0.0,332.04
55130,1,61.0,Computer,2,34.0,E wallet,Male,5.0,4,Grocery,4,Married,6,1,19.0,1.0,10.0,5.0,108.05
55131,0,22.0,Phone,1,30.0,Debit Card,Male,5.0,5,Mobile Phone,3,Married,2,0,13.0,12.0,3.0,16.0,221.03
55132,0,14.0,Computer,1,11.0,Debit Card,Male,3.0,3,Laptop & Accessory,4,Divorced,13,0,22.0,6.0,3.0,18.0,181.0
55133,1,1.0,Mobile Phone,1,18.0,Debit Card,Male,1.0,4,Others,3,Married,10,0,23.0,14.0,8.0,12.0,161.05
55134,0,11.0,Mobile Phone,1,30.0,Debit Card,Male,3.0,5,Fashion,3,Married,10,0,12.0,7.0,10.0,10.0,181.42
55135,0,2.0,Computer,3,22.0,E wallet,Male,4.0,3,Laptop & Accessory,5,Divorced,2,0,24.0,3.0,4.0,12.0,110.33
55136,1,4.0,Mobile Phone,2,28.0,Debit Card,Female,0.0,6,Laptop & Accessory,3,Divorced,2,0,12.0,3.0,5.0,1.0,121.86
55137,1,2.0,Phone,2,29.0,Credit Card,Male,2.0,4,Mobile Phone,4,Single,3,0,18.0,10.0,16.0,19.0,276.72
55138,1,18.0,Mobile Phone,1,36.0,UPI,Female,0.0,3,Laptop & Accessory,5,Married,5,1,19.0,8.0,8.0,14.0,120.36
55139,0,1.0,Phone,3,10.0,Credit Card,Female,2.0,5,Others,3,Divorced,1,1,25.0,12.0,8.0,4.0,324.21
55140,0,16.0,Computer,2,20.0,E wallet,Male,1.0,2,Laptop & Accessory,4,Married,9,0,18.0,8.0,7.0,6.0,270.82
55141,0,13.0,Phone,3,7.0,Cash on Delivery,Female,5.0,4,Fashion,4,Single,11,0,22.0,9.0,5.0,10.0,261.08
55142,0,27.0,Computer,1,25.0,Debit Card,Male,1.0,2,Fashion,4,Married,5,0,13.0,8.0,15.0,17.0,246.29
55143,0,26.0,Mobile Phone,1,36.0,Cash on Delivery,Female,1.0,6,Fashion,3,Married,7,0,25.0,13.0,15.0,3.0,328.42
55144,0,9.0,Computer,3,6.0,UPI,Male,5.0,4,Mobile Phone,5,Divorced,14,1,23.0,2.0,13.0,11.0,189.09
55145,0,2.0,Mobile Phone,1,24.0,UPI,Female,3.0,3,Fashion,4,Married,11,0,20.0,7.0,15.0,8.0,161.41
55146,1,24.0,Mobile Phone,3,15.0,Credit Card,Male,4.0,3,Mobile Phone,2,Married,5,0,20.0,11.0,2.0,2.0,265.65
55147,0,21.0,Mobile Phone,1,22.0,CC,Male,2.0,2,Mobile Phone,5,Single,11,0,18.0,7.0,2.0,21.0,221.48
55148,0,29.0,Phone,2,15.0,Debit Card,Male,3.0,3,Others,3,Divorced,15,0,19.0,4.0,8.0,19.0,325.62
55149,0,20.0,Computer,3,39.0,Cash on Delivery,Female,0.0,6,Mobile Phone,3,Married,10,0,19.0,8.0,10.0,13.0,115.85
55150,0,17.0,Phone,2,16.0,Debit Card,Male,2.0,5,Fashion,2,Married,3,0,21.0,2.0,4.0,17.0,259.76
55151,0,27.0,Phone,2,35.0,UPI,Male,3.0,4,Mobile Phone,3,Single,3,0,24.0,13.0,14.0,4.0,311.69
55152,0,30.0,Computer,1,34.0,E wallet,Male,3.0,6,Grocery,2,Divorced,4,1,16.0,13.0,2.0,15.0,157.99
55153,0,25.0,Computer,1,8.0,UPI,Male,2.0,4,Mobile Phone,4,Single,15,0,16.0,12.0,10.0,11.0,305.65
55154,0,21.0,Phone,1,22.0,Debit Card,Female,3.0,2,Mobile Phone,4,Married,15,0,24.0,6.0,10.0,3.0,243.12
55155,0,20.0,Computer,2,17.0,UPI,Male,3.0,5,Laptop & Accessory,5,Single,13,0,19.0,8.0,11.0,14.0,331.09
55156,0,0.0,Phone,3,30.0,Cash on Delivery,Female,3.0,4,Others,4,Married,10,1,18.0,14.0,8.0,5.0,212.98
55157,0,12.0,Mobile Phone,1,33.0,UPI,Male,1.0,3,Others,3,Single,3,0,11.0,14.0,12.0,7.0,165.54
55158,0,20.0,Mobile Phone,2,32.0,Debit Card,Male,4.0,2,Mobile Phone,3,Married,10,0,19.0,7.0,15.0,18.0,286.13
55159,0,8.0,Computer,3,12.0,UPI,Male,2.0,4,Fashion,4,Single,6,1,19.0,0.0,6.0,2.0,183.32
55160,0,16.0,Mobile Phone,1,9.0,E wallet,Female,3.0,3,Mobile Phone,5,Divorced,5,1,15.0,8.0,9.0,14.0,154.98
55161,0,20.0,Mobile Phone,3,36.0,Credit Card,Female,2.0,4,Laptop & Accessory,1,Single,15,0,19.0,8.0,5.0,15.0,278.12
55162,0,30.0,Computer,3,34.0,Credit Card,Male,4.0,3,Mobile Phone,5,Single,15,0,11.0,12.0,1.0,18.0,306.54
55163,0,21.0,Mobile Phone,1,18.0,Cash on Delivery,Female,5.0,2,Others,1,Married,1,0,18.0,2.0,12.0,10.0,336.36
55164,1,11.0,Computer,1,14.0,Debit Card,Female,2.0,3,Grocery,3,Single,4,1,25.0,16.0,3.0,0.0,174.96
55165,0,5.0,Computer,1,14.0,Credit Card,Male,4.0,5,Laptop & Accessory,3,Married,8,0,22.0,6.0,5.0,9.0,217.25
55166,1,15.0,Computer,2,10.0,UPI,Male,1.0,2,Laptop & Accessory,4,Married,12,0,13.0,9.0,10.0,7.0,145.98
55167,0,25.0,Mobile Phone,1,20.0,Debit Card,Male,0.0,4,Others,3,Single,13,0,24.0,7.0,12.0,7.0,334.81
55168,1,4.0,Mobile Phone,2,30.0,Debit Card,Male,4.0,3,Others,2,Married,12,0,17.0,6.0,5.0,6.0,305.67
55169,0,8.0,Computer,1,25.0,Cash on Delivery,Male,1.0,6,Laptop & Accessory,2,Divorced,9,0,16.0,4.0,8.0,15.0,241.32
55170,0,13.0,Mobile Phone,3,34.0,Debit Card,Female,1.0,2,Mobile Phone,5,Married,10,0,12.0,0.0,7.0,18.0,329.08
55171,0,29.0,Phone,3,9.0,UPI,Male,3.0,3,Mobile Phone,5,Married,15,0,12.0,8.0,5.0,15.0,305.02
55172,0,17.0,Phone,3,14.0,Debit Card,Male,4.0,3,Laptop & Accessory,5,Married,11,1,21.0,3.0,9.0,13.0,107.72
55173,0,28.0,Mobile Phone,1,35.0,Debit Card,Male,1.0,3,Grocery,3,Married,15,0,26.0,5.0,14.0,6.0,294.7
55174,0,18.0,Computer,1,15.0,UPI,Male,1.0,5,Mobile Phone,5,Divorced,13,0,13.0,7.0,8.0,3.0,130.42
55175,0,7.0,Phone,1,11.0,Cash on Delivery,Male,1.0,3,Grocery,1,Married,6,0,13.0,4.0,5.0,20.0,182.83
55176,0,22.0,Mobile Phone,1,16.0,Debit Card,Female,0.0,5,Others,2,Single,14,0,12.0,16.0,6.0,20.0,129.66
55177,0,61.0,Mobile Phone,2,12.0,Debit Card,Male,1.0,4,Others,2,Married,13,0,25.0,16.0,7.0,19.0,115.97
55178,0,30.0,Mobile Phone,3,32.0,Credit Card,Female,5.0,3,Grocery,4,Single,12,0,19.0,4.0,13.0,16.0,251.48
55179,0,61.0,Mobile Phone,3,22.0,Credit Card,Male,1.0,3,Grocery,2,Single,11,0,24.0,16.0,15.0,17.0,338.13
55180,0,50.0,Phone,1,7.0,Credit Card,Female,3.0,3,Mobile Phone,3,Divorced,15,0,18.0,5.0,15.0,17.0,117.98
55181,0,4.0,Mobile Phone,2,36.0,Debit Card,Male,3.0,3,Laptop & Accessory,2,Married,4,0,11.0,8.0,7.0,13.0,287.28
55182,0,15.0,Mobile Phone,1,25.0,Cash on Delivery,Female,3.0,2,Laptop & Accessory,4,Married,12,0,13.0,7.0,14.0,20.0,169.82
55183,0,16.0,Computer,1,22.0,UPI,Female,3.0,5,Mobile Phone,5,Divorced,10,0,26.0,6.0,9.0,2.0,122.57
55184,0,50.0,Phone,3,15.0,Credit Card,Male,3.0,4,Mobile Phone,5,Divorced,2,1,11.0,1.0,3.0,17.0,330.57
55185,0,50.0,Mobile Phone,3,12.0,Debit Card,Female,5.0,4,Grocery,1,Married,15,0,14.0,5.0,11.0,4.0,113.53
55186,0,19.0,Computer,1,16.0,Debit Card,Male,2.0,3,Fashion,3,Divorced,12,1,11.0,11.0,5.0,1.0,126.43
55187,0,1.0,Mobile Phone,3,6.0,Cash on Delivery,Male,2.0,4,Laptop & Accessory,4,Married,9,1,11.0,14.0,7.0,2.0,156.67
55188,0,19.0,Computer,3,26.0,Debit Card,Female,2.0,5,Mobile Phone,1,Single,8,0,22.0,0.0,6.0,6.0,332.67
55189,0,17.0,Phone,1,22.0,Debit Card,Male,3.0,5,Grocery,4,Single,5,0,14.0,4.0,4.0,11.0,175.88
55190,0,0.0,Phone,1,18.0,Credit Card,Male,2.0,4,Others,5,Divorced,8,0,16.0,5.0,4.0,8.0,107.33
55191,0,28.0,Phone,2,19.0,UPI,Male,3.0,4,Laptop & Accessory,1,Married,6,1,21.0,14.0,15.0,19.0,146.91
55192,0,28.0,Phone,3,15.0,Credit Card,Male,3.0,3,Laptop & Accessory,3,Married,1,0,16.0,3.0,5.0,21.0,211.26
55193,0,18.0,Computer,1,17.0,Credit Card,Female,2.0,4,Mobile Phone,3,Single,8,0,22.0,11.0,13.0,16.0,320.64
55194,0,5.0,Computer,1,32.0,UPI,Male,3.0,5,Laptop & Accessory,5,Married,5,0,14.0,5.0,13.0,0.0,165.08
55195,0,7.0,Mobile Phone,2,29.0,UPI,Male,1.0,3,Fashion,3,Single,3,1,17.0,15.0,16.0,2.0,227.65
55196,0,23.0,Mobile Phone,2,10.0,E wallet,Male,3.0,3,Mobile Phone,4,Single,11,0,18.0,16.0,3.0,20.0,175.51
55197,0,19.0,Computer,2,37.0,UPI,Male,3.0,2,Laptop & Accessory,1,Divorced,1,0,19.0,10.0,5.0,5.0,243.6
55198,0,13.0,Phone,1,29.0,Credit Card,Male,3.0,5,Laptop & Accessory,5,Married,12,1,19.0,8.0,15.0,9.0,122.13
55199,0,4.0,Computer,3,27.0,Debit Card,Male,1.0,2,Others,1,Married,8,0,15.0,15.0,14.0,7.0,225.02
55200,0,60.0,Phone,2,12.0,E wallet,Male,3.0,5,Laptop & Accessory,4,Single,6,1,16.0,8.0,12.0,10.0,117.79
55201,0,15.0,Phone,3,21.0,Debit Card,Female,3.0,2,Laptop & Accessory,4,Single,12,0,11.0,9.0,15.0,0.0,344.93
55202,0,6.0,Mobile Phone,3,35.0,Credit Card,Male,3.0,5,Laptop & Accessory,3,Married,15,0,23.0,12.0,2.0,9.0,329.46
55203,0,15.0,Mobile Phone,3,30.0,UPI,Male,2.0,4,Laptop & Accessory,1,Single,7,0,25.0,3.0,8.0,19.0,261.64
55204,0,6.0,Phone,3,15.0,Credit Card,Female,0.0,4,Fashion,5,Single,3,0,14.0,13.0,1.0,18.0,329.85
55205,1,26.0,Phone,3,34.0,UPI,Female,2.0,4,Laptop & Accessory,3,Single,12,0,17.0,6.0,2.0,0.0,247.02
55206,0,13.0,Phone,2,15.0,Credit Card,Female,2.0,3,Mobile Phone,3,Single,10,0,16.0,2.0,12.0,1.0,176.6
55207,0,13.0,Phone,2,22.0,Debit Card,Female,2.0,4,Others,5,Single,8,1,25.0,16.0,15.0,16.0,136.45
55208,0,51.0,Phone,2,25.0,UPI,Male,3.0,3,Grocery,4,Single,3,0,24.0,13.0,8.0,19.0,348.38
55209,0,51.0,Computer,2,22.0,Cash on Delivery,Female,2.0,3,Laptop & Accessory,3,Single,15,0,12.0,8.0,12.0,18.0,161.23
55210,0,19.0,Mobile Phone,1,32.0,Debit Card,Male,2.0,2,Laptop & Accessory,4,Married,5,0,17.0,8.0,14.0,18.0,316.68
55211,0,6.0,Phone,1,26.0,Debit Card,Female,3.0,4,Fashion,1,Single,6,0,24.0,3.0,14.0,5.0,208.0
55212,0,50.0,Mobile Phone,1,22.0,UPI,Male,3.0,5,Laptop & Accessory,3,Divorced,13,0,19.0,0.0,5.0,7.0,181.14
55213,1,2.0,Phone,1,27.0,COD,Female,3.0,3,Grocery,3,Married,8,0,19.0,8.0,2.0,16.0,162.08
55214,0,28.0,Mobile Phone,1,30.0,Debit Card,Female,4.0,3,Mobile Phone,4,Married,12,1,19.0,6.0,7.0,7.0,315.63
55215,1,23.0,Mobile Phone,3,39.0,Debit Card,Male,4.0,5,Laptop & Accessory,4,Married,13,0,24.0,5.0,2.0,1.0,310.27
55216,0,21.0,Mobile Phone,2,33.0,Credit Card,Male,1.0,4,Mobile,5,Married,5,0,13.0,9.0,3.0,9.0,318.11
55217,0,5.0,Mobile Phone,1,15.0,Debit Card,Male,3.0,5,Laptop & Accessory,5,Single,1,1,19.0,15.0,3.0,18.0,283.66
55218,0,23.0,Phone,2,22.0,UPI,Female,2.0,1,Laptop & Accessory,5,Married,1,1,11.0,12.0,16.0,8.0,115.77
55219,0,22.0,Computer,1,20.0,Cash on Delivery,Male,2.0,3,Grocery,4,Divorced,13,1,14.0,1.0,14.0,12.0,188.4
55220,0,9.0,Mobile Phone,3,29.0,Debit Card,Male,5.0,6,Mobile Phone,4,Married,11,0,15.0,9.0,15.0,1.0,303.68
55221,0,15.0,Phone,1,22.0,Credit Card,Female,3.0,4,Others,2,Divorced,6,0,19.0,4.0,8.0,1.0,343.27
55222,0,10.0,Phone,1,20.0,UPI,Female,3.0,4,Laptop & Accessory,3,Married,13,1,13.0,4.0,16.0,0.0,315.19
55223,1,50.0,Mobile Phone,3,23.0,E wallet,Female,5.0,3,Laptop & Accessory,3,Married,14,0,19.0,3.0,11.0,1.0,267.17
55224,1,5.0,Mobile Phone,2,20.0,COD,Male,1.0,5,Laptop & Accessory,4,Married,10,1,24.0,7.0,2.0,21.0,305.88
55225,0,23.0,Mobile Phone,3,9.0,UPI,Female,1.0,5,Laptop & Accessory,3,Divorced,11,1,15.0,11.0,13.0,10.0,191.83
55226,0,51.0,Phone,1,31.0,Credit Card,Female,2.0,1,Fashion,5,Single,6,1,26.0,0.0,7.0,4.0,267.49
55227,0,11.0,Mobile Phone,1,10.0,Credit Card,Male,0.0,2,Fashion,2,Married,10,0,13.0,6.0,9.0,3.0,289.62
55228,1,26.0,Mobile Phone,2,38.0,UPI,Male,1.0,4,Mobile Phone,3,Married,14,0,12.0,2.0,10.0,10.0,225.66
55229,1,17.0,Mobile Phone,1,20.0,Debit Card,Female,5.0,2,Laptop & Accessory,5,Married,10,0,19.0,3.0,5.0,19.0,165.19
55230,0,12.0,Phone,1,27.0,CC,Female,5.0,3,Fashion,3,Married,7,0,21.0,12.0,16.0,14.0,331.98
55231,0,29.0,Phone,1,36.0,UPI,Female,3.0,5,Laptop & Accessory,4,Married,7,1,25.0,10.0,1.0,10.0,299.92
55232,0,12.0,Mobile Phone,3,27.0,Debit Card,Male,4.0,3,Grocery,3,Married,12,0,22.0,6.0,5.0,2.0,161.75
55233,0,60.0,Phone,2,24.0,Cash on Delivery,Male,1.0,4,Grocery,4,Divorced,9,0,23.0,1.0,15.0,10.0,130.01
55234,1,29.0,Phone,1,23.0,Credit Card,Female,3.0,2,Mobile Phone,4,Divorced,12,1,21.0,3.0,13.0,3.0,284.64
55235,0,24.0,Mobile Phone,1,33.0,Debit Card,Male,1.0,4,Laptop & Accessory,5,Single,6,0,23.0,8.0,8.0,10.0,264.98
55236,0,1.0,Mobile Phone,3,22.0,Debit Card,Female,2.0,2,Fashion,5,Divorced,10,0,16.0,8.0,15.0,9.0,247.92
55237,0,17.0,Phone,1,33.0,Debit Card,Male,2.0,4,Others,1,Married,12,1,16.0,1.0,7.0,9.0,339.54
55238,0,4.0,Phone,2,22.0,E wallet,Male,3.0,5,Mobile Phone,5,Married,12,1,25.0,0.0,15.0,6.0,185.17
55239,1,18.0,Phone,2,9.0,CC,Male,1.0,5,Mobile Phone,2,Married,3,0,12.0,0.0,10.0,20.0,130.63
55240,0,17.0,Phone,2,16.0,UPI,Male,1.0,4,Mobile,3,Married,12,0,18.0,5.0,1.0,12.0,151.52
55241,0,50.0,Mobile Phone,1,14.0,Cash on Delivery,Female,3.0,3,Mobile Phone,5,Single,3,0,15.0,12.0,7.0,3.0,280.48
55242,1,20.0,Mobile Phone,3,21.0,UPI,Male,3.0,5,Laptop & Accessory,2,Single,15,0,19.0,16.0,8.0,15.0,327.8
55243,0,9.0,Phone,1,36.0,Credit Card,Female,2.0,4,Mobile Phone,3,Married,4,0,16.0,15.0,3.0,10.0,271.74
55244,0,21.0,Phone,1,8.0,UPI,Female,1.0,3,Mobile Phone,3,Single,6,0,19.0,5.0,15.0,17.0,136.47
55245,0,12.0,Mobile Phone,1,35.0,UPI,Male,4.0,3,Laptop & Accessory,5,Married,15,0,18.0,10.0,9.0,10.0,276.64
55246,0,16.0,Computer,1,30.0,Debit Card,Female,1.0,3,Mobile Phone,3,Married,4,0,19.0,8.0,8.0,14.0,179.16
55247,0,8.0,Phone,1,16.0,Debit Card,Female,3.0,2,Others,5,Married,2,0,17.0,6.0,16.0,0.0,199.7
55248,0,23.0,Mobile Phone,3,22.0,Debit Card,Female,1.0,2,Laptop & Accessory,2,Single,7,0,11.0,1.0,14.0,13.0,260.77
55249,0,13.0,Phone,1,12.0,Debit Card,Female,3.0,2,Grocery,4,Single,2,0,22.0,0.0,9.0,19.0,206.77
55250,0,7.0,Mobile Phone,3,36.0,COD,Male,3.0,3,Others,5,Married,5,0,11.0,15.0,12.0,6.0,340.33
55251,0,18.0,Phone,1,24.0,CC,Male,4.0,4,Laptop & Accessory,1,Single,15,0,14.0,1.0,15.0,13.0,298.58
55252,0,27.0,Phone,1,17.0,Cash on Delivery,Male,2.0,2,Laptop & Accessory,5,Single,5,0,22.0,7.0,1.0,3.0,236.01
55253,0,29.0,Mobile Phone,1,27.0,Debit Card,Male,0.0,5,Mobile Phone,2,Married,8,1,19.0,10.0,8.0,7.0,208.25
55254,1,6.0,Computer,2,7.0,UPI,Male,4.0,2,Mobile Phone,4,Single,11,0,19.0,9.0,13.0,13.0,182.57
55255,0,25.0,Phone,2,39.0,UPI,Female,2.0,6,Mobile,1,Married,15,0,19.0,3.0,9.0,18.0,182.91
55256,0,10.0,Mobile Phone,3,25.0,UPI,Male,4.0,2,Mobile Phone,4,Married,10,0,15.0,1.0,14.0,14.0,261.22
55257,0,13.0,Mobile Phone,2,11.0,Debit Card,Male,4.0,5,Laptop & Accessory,4,Divorced,5,1,12.0,16.0,3.0,18.0,308.2
55258,1,20.0,Mobile Phone,2,30.0,UPI,Male,3.0,3,Laptop & Accessory,5,Divorced,14,0,25.0,1.0,6.0,16.0,147.92
55259,0,7.0,Computer,1,27.0,Debit Card,Male,5.0,6,Mobile Phone,3,Married,12,1,19.0,0.0,4.0,0.0,331.5
55260,0,2.0,Mobile Phone,3,36.0,Cash on Delivery,Female,3.0,4,Laptop & Accessory,5,Single,10,0,26.0,12.0,4.0,0.0,175.18
55261,0,27.0,Mobile Phone,3,6.0,Credit Card,Female,3.0,1,Laptop & Accessory,3,Single,6,0,18.0,2.0,6.0,15.0,276.73
55262,0,28.0,Mobile Phone,1,6.0,UPI,Male,3.0,3,Laptop & Accessory,1,Single,14,0,24.0,5.0,5.0,18.0,290.63
55263,0,22.0,Mobile Phone,1,19.0,Credit Card,Male,3.0,6,Laptop & Accessory,3,Single,15,0,17.0,13.0,8.0,15.0,305.38
55264,0,17.0,Phone,2,20.0,Debit Card,Male,3.0,3,Laptop & Accessory,3,Married,4,1,22.0,3.0,7.0,20.0,197.74
55265,0,61.0,Phone,2,22.0,Debit Card,Female,4.0,3,Mobile,3,Divorced,4,0,17.0,11.0,11.0,14.0,202.69
55266,0,12.0,Phone,2,12.0,UPI,Female,3.0,1,Mobile Phone,2,Single,14,0,26.0,5.0,15.0,3.0,268.77
55267,0,11.0,Phone,1,20.0,Cash on Delivery,Male,3.0,3,Fashion,3,Divorced,3,0,22.0,8.0,12.0,12.0,337.97
55268,0,4.0,Phone,3,25.0,Debit Card,Female,3.0,3,Laptop & Accessory,5,Single,15,0,25.0,5.0,12.0,11.0,332.34
55269,0,10.0,Mobile Phone,1,15.0,Credit Card,Female,0.0,5,Grocery,4,Single,2,0,18.0,5.0,15.0,18.0,286.66
55270,0,10.0,Mobile Phone,1,28.0,Debit Card,Male,1.0,4,Laptop & Accessory,2,Single,4,0,25.0,11.0,14.0,10.0,148.1
55271,0,30.0,Mobile Phone,1,22.0,Debit Card,Female,1.0,2,Mobile,1,Divorced,11,0,20.0,3.0,12.0,18.0,267.34
55272,0,30.0,Phone,1,27.0,Debit Card,Male,2.0,5,Grocery,2,Single,9,0,25.0,7.0,15.0,19.0,304.87
55273,1,12.0,Computer,3,17.0,Credit Card,Female,4.0,4,Mobile,3,Married,9,0,20.0,11.0,15.0,10.0,346.67
55274,0,13.0,Mobile Phone,2,5.0,UPI,Male,3.0,3,Fashion,3,Married,12,0,17.0,3.0,8.0,18.0,237.04
55275,0,24.0,Mobile Phone,3,11.0,Credit Card,Male,5.0,3,Fashion,5,Divorced,4,0,20.0,6.0,10.0,10.0,247.2
55276,0,51.0,Mobile Phone,2,25.0,Debit Card,Female,0.0,6,Grocery,4,Single,9,1,17.0,8.0,3.0,10.0,346.0
55277,1,51.0,Computer,3,20.0,Debit Card,Male,3.0,4,Fashion,5,Single,5,0,16.0,2.0,12.0,5.0,311.49
55278,0,14.0,Computer,2,18.0,Credit Card,Female,2.0,5,Fashion,5,Married,11,0,19.0,0.0,11.0,1.0,117.87
55279,0,15.0,Mobile Phone,1,6.0,Debit Card,Male,0.0,3,Mobile Phone,3,Single,12,0,14.0,15.0,5.0,9.0,341.05
55280,0,5.0,Phone,3,35.0,Debit Card,Female,4.0,4,Laptop & Accessory,3,Married,15,0,15.0,2.0,11.0,15.0,161.42
55281,1,24.0,Phone,1,13.0,UPI,Male,1.0,2,Grocery,4,Married,9,1,16.0,5.0,5.0,19.0,313.09
55282,0,17.0,Mobile Phone,2,18.0,Credit Card,Female,2.0,4,Mobile Phone,4,Single,9,0,19.0,8.0,2.0,15.0,197.52
55283,0,3.0,Mobile Phone,2,14.0,Credit Card,Male,3.0,3,Laptop & Accessory,3,Married,9,0,15.0,1.0,5.0,5.0,138.15
55284,0,3.0,Phone,1,28.0,Debit Card,Male,4.0,4,Mobile Phone,5,Divorced,9,1,15.0,13.0,6.0,19.0,314.17
55285,1,29.0,Mobile Phone,1,37.0,Credit Card,Female,3.0,6,Fashion,5,Married,7,0,20.0,1.0,7.0,1.0,106.15
55286,0,60.0,Mobile Phone,2,38.0,Credit Card,Female,2.0,4,Laptop & Accessory,3,Single,9,0,20.0,8.0,5.0,4.0,245.89
55287,0,17.0,Mobile Phone,1,24.0,UPI,Male,1.0,3,Fashion,3,Married,1,0,24.0,0.0,9.0,0.0,158.41
55288,0,30.0,Phone,1,32.0,Debit Card,Male,1.0,2,Laptop & Accessory,4,Single,4,1,16.0,8.0,5.0,8.0,143.88
55289,0,50.0,Computer,2,8.0,Credit Card,Male,1.0,4,Laptop & Accessory,5,Married,6,0,19.0,6.0,2.0,16.0,236.35
55290,0,8.0,Phone,1,38.0,Credit Card,Male,4.0,4,Fashion,4,Single,6,0,19.0,5.0,8.0,6.0,328.29
55291,0,7.0,Mobile Phone,2,8.0,Debit Card,Female,5.0,4,Mobile Phone,1,Married,11,0,16.0,12.0,13.0,9.0,341.15
55292,0,13.0,Mobile Phone,3,10.0,Credit Card,Male,5.0,6,Mobile Phone,3,Single,1,0,25.0,8.0,8.0,4.0,136.0
55293,0,17.0,Phone,1,26.0,UPI,Female,4.0,6,Mobile Phone,4,Divorced,1,0,24.0,9.0,7.0,2.0,288.74
55294,1,22.0,Mobile Phone,2,8.0,Cash on Delivery,Male,4.0,5,Others,4,Single,14,0,18.0,5.0,8.0,11.0,272.05
55295,0,20.0,Phone,1,9.0,Debit Card,Male,4.0,2,Laptop & Accessory,4,Married,1,1,14.0,13.0,8.0,2.0,199.61
55296,0,11.0,Mobile Phone,2,15.0,Debit Card,Male,5.0,6,Mobile Phone,4,Married,8,0,26.0,16.0,5.0,0.0,124.28
55297,1,1.0,Phone,2,39.0,UPI,Female,4.0,3,Grocery,1,Single,1,0,17.0,3.0,15.0,5.0,229.66
55298,0,12.0,Computer,1,23.0,UPI,Male,3.0,2,Laptop & Accessory,4,Married,9,1,15.0,14.0,2.0,20.0,295.77
55299,0,3.0,Computer,1,15.0,UPI,Male,2.0,3,Laptop & Accessory,3,Married,10,0,14.0,13.0,13.0,9.0,101.52
55300,0,19.0,Mobile Phone,2,15.0,Credit Card,Male,3.0,5,Laptop & Accessory,3,Married,2,0,23.0,12.0,5.0,16.0,194.44
55301,0,13.0,Phone,1,31.0,Credit Card,Female,3.0,3,Laptop & Accessory,5,Married,9,0,22.0,8.0,3.0,11.0,118.15
55302,0,17.0,Mobile Phone,1,6.0,Credit Card,Male,3.0,3,Laptop & Accessory,3,Single,9,1,12.0,0.0,8.0,5.0,114.01
55303,0,28.0,Phone,3,12.0,Debit Card,Female,3.0,3,Mobile Phone,2,Married,13,0,19.0,5.0,9.0,16.0,157.57
55304,1,7.0,Mobile Phone,1,38.0,Credit Card,Female,3.0,1,Fashion,4,Married,13,0,15.0,0.0,5.0,3.0,321.89
55305,0,11.0,Phone,2,24.0,UPI,Male,1.0,4,Laptop & Accessory,2,Single,11,0,19.0,16.0,7.0,8.0,209.8
55306,0,25.0,Mobile Phone,1,27.0,Debit Card,Male,2.0,4,Laptop & Accessory,3,Married,2,0,23.0,13.0,4.0,7.0,281.99
55307,1,1.0,Computer,3,19.0,Debit Card,Male,4.0,5,Fashion,3,Divorced,4,1,16.0,16.0,10.0,5.0,339.56
55308,0,13.0,Phone,1,17.0,Debit Card,Female,3.0,3,Others,2,Married,11,0,11.0,13.0,12.0,4.0,101.32
55309,1,5.0,Mobile Phone,1,35.0,UPI,Male,2.0,2,Laptop & Accessory,3,Married,15,0,14.0,15.0,6.0,1.0,299.48
55310,0,30.0,Computer,2,18.0,UPI,Male,4.0,4,Mobile Phone,4,Married,15,1,15.0,6.0,8.0,16.0,130.79
55311,1,16.0,Mobile Phone,3,5.0,COD,Male,2.0,5,Laptop & Accessory,4,Married,11,1,25.0,9.0,8.0,14.0,113.74
55312,0,24.0,Computer,3,31.0,E wallet,Female,2.0,2,Mobile Phone,5,Divorced,9,1,25.0,14.0,4.0,7.0,264.84
55313,0,50.0,Phone,1,37.0,Cash on Delivery,Female,2.0,2,Laptop & Accessory,2,Married,9,0,14.0,11.0,15.0,2.0,278.06
55314,0,11.0,Computer,3,39.0,UPI,Female,4.0,3,Laptop & Accessory,5,Married,8,0,12.0,7.0,14.0,19.0,279.09
55315,0,12.0,Mobile Phone,2,19.0,Cash on Delivery,Male,3.0,4,Fashion,1,Divorced,12,1,11.0,15.0,6.0,7.0,164.81
55316,0,18.0,Mobile Phone,3,9.0,Debit Card,Male,3.0,4,Grocery,4,Single,5,1,19.0,5.0,4.0,2.0,138.2
55317,0,24.0,Phone,3,8.0,Credit Card,Male,5.0,5,Fashion,2,Married,1,0,25.0,10.0,2.0,18.0,131.02
55318,0,30.0,Computer,2,24.0,UPI,Female,5.0,1,Others,5,Single,2,0,23.0,5.0,9.0,4.0,168.19
55319,0,24.0,Mobile Phone,2,26.0,Debit Card,Female,3.0,5,Fashion,1,Married,12,1,14.0,0.0,15.0,10.0,202.92
55320,0,15.0,Mobile Phone,2,28.0,Debit Card,Female,4.0,6,Grocery,4,Divorced,14,0,18.0,2.0,16.0,5.0,325.31
55321,1,22.0,Mobile Phone,2,15.0,Credit Card,Male,3.0,1,Mobile Phone,1,Divorced,4,0,21.0,7.0,14.0,11.0,342.17
55322,0,13.0,Computer,1,10.0,Debit Card,Male,3.0,4,Laptop & Accessory,4,Divorced,9,0,18.0,7.0,8.0,21.0,108.04
55323,0,5.0,Phone,1,31.0,Credit Card,Male,2.0,5,Fashion,1,Married,4,1,22.0,0.0,8.0,10.0,105.11
55324,0,24.0,Mobile Phone,1,14.0,E wallet,Male,2.0,4,Others,4,Divorced,5,0,19.0,4.0,6.0,0.0,245.85
55325,0,17.0,Mobile Phone,3,14.0,Debit Card,Male,1.0,4,Mobile,5,Married,1,0,24.0,3.0,6.0,10.0,216.16
55326,1,11.0,Phone,1,30.0,UPI,Male,4.0,6,Mobile Phone,5,Single,13,0,25.0,0.0,3.0,0.0,226.94
55327,0,12.0,Mobile Phone,1,37.0,Credit Card,Male,1.0,4,Mobile Phone,3,Married,5,0,14.0,15.0,5.0,6.0,344.32
55328,0,60.0,Phone,1,12.0,Debit Card,Male,2.0,3,Mobile Phone,4,Married,14,0,18.0,5.0,4.0,2.0,280.8
55329,0,5.0,Mobile Phone,2,32.0,E wallet,Male,2.0,5,Fashion,4,Married,2,0,22.0,12.0,12.0,11.0,138.26
55330,0,7.0,Phone,3,29.0,E wallet,Male,3.0,3,Grocery,5,Married,9,0,14.0,6.0,13.0,19.0,346.42
55331,1,7.0,Computer,2,17.0,Debit Card,Female,2.0,3,Laptop & Accessory,4,Married,10,0,16.0,11.0,7.0,5.0,226.14
55332,0,51.0,Phone,1,11.0,Debit Card,Male,4.0,3,Grocery,5,Divorced,10,0,23.0,16.0,5.0,20.0,242.6
55333,0,60.0,Mobile Phone,3,5.0,COD,Female,5.0,2,Mobile Phone,5,Married,12,0,15.0,16.0,6.0,2.0,344.9
55334,1,14.0,Phone,1,13.0,CC,Male,5.0,6,Fashion,4,Divorced,11,1,21.0,15.0,2.0,5.0,125.36
55335,0,61.0,Mobile Phone,3,32.0,UPI,Female,3.0,4,Laptop & Accessory,2,Married,9,0,24.0,10.0,16.0,21.0,121.53
55336,0,21.0,Computer,1,34.0,Debit Card,Male,5.0,6,Laptop & Accessory,5,Married,5,0,25.0,13.0,14.0,9.0,140.95
55337,0,22.0,Mobile Phone,2,13.0,Credit Card,Male,2.0,5,Mobile,3,Single,8,1,11.0,10.0,5.0,9.0,154.18
55338,0,21.0,Computer,1,34.0,Debit Card,Female,3.0,1,Others,1,Single,14,0,25.0,8.0,9.0,2.0,228.87
55339,0,4.0,Mobile Phone,3,39.0,CC,Female,2.0,3,Grocery,4,Married,12,0,19.0,4.0,8.0,1.0,205.08
55340,0,30.0,Mobile Phone,1,31.0,Cash on Delivery,Male,4.0,3,Mobile Phone,4,Divorced,10,0,21.0,11.0,15.0,7.0,259.72
55341,0,12.0,Mobile Phone,1,33.0,Credit Card,Male,1.0,4,Mobile Phone,3,Divorced,6,0,16.0,12.0,3.0,14.0,217.28
55342,0,27.0,Computer,3,9.0,Debit Card,Female,3.0,5,Laptop & Accessory,4,Single,10,0,24.0,16.0,4.0,2.0,269.95
55343,0,19.0,Computer,1,5.0,Credit Card,Male,4.0,4,Laptop & Accessory,4,Divorced,8,1,22.0,8.0,10.0,15.0,160.54
55344,0,51.0,Mobile Phone,2,9.0,Debit Card,Male,3.0,6,Mobile Phone,3,Single,9,0,20.0,10.0,4.0,19.0,282.31
55345,0,15.0,Mobile Phone,2,33.0,Debit Card,Female,1.0,6,Grocery,3,Single,4,0,25.0,8.0,7.0,4.0,341.46
55346,0,28.0,Mobile Phone,2,21.0,UPI,Female,3.0,2,Fashion,5,Single,14,0,23.0,15.0,7.0,20.0,109.9
55347,0,22.0,Mobile Phone,1,28.0,UPI,Male,4.0,5,Grocery,1,Married,14,1,21.0,7.0,8.0,0.0,199.33
55348,0,23.0,Phone,3,22.0,Cash on Delivery,Female,3.0,5,Laptop & Accessory,4,Married,13,0,19.0,7.0,1.0,12.0,278.42
55349,0,60.0,Mobile Phone,3,13.0,E wallet,Male,3.0,4,Others,1,Married,10,1,14.0,9.0,16.0,19.0,148.57
55350,0,6.0,Phone,1,17.0,UPI,Male,4.0,3,Grocery,2,Single,4,0,14.0,6.0,14.0,1.0,167.46
55351,0,3.0,Phone,1,30.0,UPI,Female,5.0,3,Laptop & Accessory,3,Married,7,0,24.0,5.0,12.0,7.0,338.64
55352,0,60.0,Phone,1,15.0,UPI,Male,2.0,3,Mobile Phone,2,Married,5,0,14.0,12.0,3.0,10.0,286.19
55353,1,17.0,Computer,1,28.0,UPI,Male,3.0,3,Mobile Phone,5,Single,4,0,26.0,5.0,15.0,18.0,336.79
55354,0,4.0,Mobile Phone,2,37.0,Credit Card,Female,2.0,4,Grocery,5,Divorced,2,0,12.0,2.0,9.0,7.0,347.52
55355,0,17.0,Mobile Phone,3,10.0,UPI,Male,3.0,4,Others,2,Married,2,0,13.0,10.0,4.0,13.0,172.41
55356,0,14.0,Phone,2,22.0,E wallet,Female,4.0,3,Mobile Phone,5,Single,13,1,19.0,8.0,6.0,7.0,312.77
55357,0,30.0,Mobile Phone,2,20.0,Credit Card,Male,5.0,3,Laptop & Accessory,2,Single,4,0,15.0,8.0,5.0,16.0,163.67
55358,0,8.0,Mobile Phone,1,17.0,Debit Card,Male,5.0,1,Laptop & Accessory,1,Divorced,10,0,23.0,12.0,13.0,3.0,295.13
55359,0,24.0,Computer,1,15.0,Debit Card,Female,3.0,1,Fashion,4,Married,8,0,25.0,6.0,16.0,8.0,299.08
55360,0,24.0,Phone,2,27.0,UPI,Female,3.0,6,Mobile Phone,4,Divorced,8,0,14.0,4.0,14.0,0.0,342.06
55361,0,20.0,Mobile Phone,2,6.0,UPI,Female,0.0,1,Others,3,Single,7,1,11.0,3.0,3.0,13.0,349.03
55362,0,8.0,Phone,2,34.0,UPI,Female,2.0,1,Mobile,1,Married,4,0,18.0,13.0,9.0,6.0,259.24
55363,0,21.0,Mobile Phone,1,23.0,Debit Card,Male,5.0,3,Others,5,Divorced,7,0,14.0,3.0,2.0,3.0,283.86
55364,1,22.0,Computer,2,19.0,COD,Male,3.0,5,Laptop & Accessory,5,Married,9,0,14.0,14.0,13.0,16.0,303.35
55365,0,3.0,Mobile Phone,1,37.0,Debit Card,Male,3.0,4,Laptop & Accessory,5,Married,15,0,26.0,9.0,15.0,7.0,308.46
55366,0,28.0,Phone,1,9.0,Credit Card,Male,1.0,4,Laptop & Accessory,2,Single,8,1,17.0,8.0,15.0,16.0,227.59
55367,1,14.0,Phone,2,26.0,Debit Card,Male,2.0,4,Laptop & Accessory,4,Married,5,0,16.0,10.0,5.0,5.0,155.52
55368,0,0.0,Phone,1,31.0,UPI,Male,3.0,3,Others,4,Single,3,0,24.0,15.0,12.0,17.0,305.97
55369,0,17.0,Phone,3,22.0,UPI,Female,4.0,3,Others,5,Married,13,0,12.0,15.0,8.0,8.0,255.58
55370,0,28.0,Computer,1,23.0,UPI,Male,1.0,4,Mobile Phone,4,Single,2,0,14.0,4.0,1.0,13.0,265.39
55371,0,19.0,Phone,2,11.0,UPI,Female,1.0,4,Mobile,4,Married,4,1,22.0,8.0,13.0,12.0,202.6
55372,0,51.0,Mobile Phone,3,22.0,Credit Card,Male,3.0,2,Fashion,1,Married,14,0,12.0,8.0,12.0,5.0,331.08
55373,0,17.0,Phone,1,38.0,Credit Card,Male,3.0,5,Mobile Phone,5,Married,13,0,26.0,10.0,10.0,17.0,320.8
55374,0,12.0,Computer,3,31.0,Credit Card,Female,1.0,3,Mobile Phone,2,Divorced,11,0,22.0,10.0,2.0,8.0,135.98
55375,0,6.0,Mobile Phone,2,9.0,Cash on Delivery,Female,1.0,4,Mobile Phone,2,Married,9,0,13.0,8.0,13.0,5.0,146.54
55376,0,7.0,Phone,3,8.0,E wallet,Male,3.0,4,Laptop & Accessory,5,Single,10,0,21.0,9.0,13.0,7.0,217.95
55377,0,27.0,Phone,1,22.0,Credit Card,Male,3.0,4,Laptop & Accessory,2,Married,4,0,21.0,2.0,5.0,10.0,263.04
55378,0,8.0,Mobile Phone,1,7.0,Debit Card,Male,5.0,3,Mobile Phone,2,Married,9,1,19.0,16.0,9.0,7.0,171.54
55379,0,24.0,Mobile Phone,1,25.0,CC,Female,3.0,3,Mobile Phone,1,Single,10,1,16.0,16.0,13.0,8.0,208.02
55380,0,15.0,Computer,2,38.0,CC,Female,3.0,5,Grocery,2,Single,5,0,23.0,11.0,12.0,10.0,140.32
55381,0,9.0,Phone,2,13.0,Credit Card,Male,1.0,4,Mobile Phone,4,Single,13,0,21.0,5.0,16.0,18.0,177.75
55382,0,10.0,Mobile Phone,1,24.0,UPI,Male,3.0,5,Grocery,3,Married,3,0,19.0,15.0,10.0,15.0,250.97
55383,0,30.0,Computer,1,16.0,Debit Card,Male,3.0,3,Mobile,2,Married,6,1,24.0,6.0,9.0,3.0,153.1
55384,0,11.0,Phone,1,32.0,Cash on Delivery,Male,2.0,5,Fashion,3,Single,9,0,11.0,11.0,2.0,19.0,335.85
55385,0,30.0,Phone,2,37.0,E wallet,Male,3.0,3,Laptop & Accessory,4,Married,8,0,14.0,1.0,7.0,13.0,337.44
55386,0,13.0,Mobile Phone,1,14.0,Credit Card,Male,2.0,6,Mobile Phone,4,Single,13,0,26.0,13.0,9.0,0.0,253.08
55387,0,50.0,Computer,1,15.0,Credit Card,Male,3.0,6,Others,3,Married,3,0,24.0,8.0,10.0,2.0,131.95
55388,0,16.0,Phone,1,11.0,Debit Card,Male,3.0,6,Mobile Phone,1,Married,4,1,26.0,12.0,8.0,10.0,196.8
55389,0,17.0,Phone,2,22.0,UPI,Male,3.0,3,Grocery,4,Married,4,1,18.0,9.0,6.0,10.0,283.27
55390,0,0.0,Mobile Phone,3,23.0,Credit Card,Male,5.0,3,Grocery,3,Single,1,1,23.0,4.0,8.0,0.0,160.07
55391,0,28.0,Mobile Phone,2,18.0,Debit Card,Female,5.0,2,Laptop & Accessory,3,Single,12,0,14.0,12.0,8.0,10.0,300.89
55392,1,3.0,Mobile Phone,1,21.0,Credit Card,Female,4.0,5,Mobile Phone,3,Married,5,0,25.0,6.0,7.0,2.0,101.94
55393,1,22.0,Computer,1,27.0,Cash on Delivery,Male,4.0,2,Grocery,1,Married,12,0,16.0,12.0,16.0,19.0,147.55
55394,0,27.0,Mobile Phone,1,23.0,UPI,Male,0.0,4,Laptop & Accessory,5,Married,13,0,21.0,12.0,5.0,11.0,178.65
55395,0,15.0,Phone,2,7.0,Debit Card,Male,2.0,3,Mobile Phone,3,Married,3,0,25.0,15.0,13.0,8.0,341.53
55396,0,11.0,Mobile Phone,2,38.0,Cash on Delivery,Male,0.0,2,Laptop & Accessory,4,Single,7,0,11.0,15.0,12.0,13.0,288.77
55397,0,20.0,Mobile Phone,3,22.0,Debit Card,Male,2.0,2,Laptop & Accessory,3,Single,7,0,26.0,3.0,5.0,8.0,104.83
55398,0,16.0,Mobile Phone,3,35.0,UPI,Female,2.0,5,Laptop & Accessory,3,Single,5,0,20.0,11.0,7.0,19.0,215.78
55399,0,12.0,Phone,1,18.0,Credit Card,Male,4.0,5,Mobile Phone,4,Single,5,0,23.0,5.0,2.0,7.0,272.93
55400,0,50.0,Phone,1,24.0,Cash on Delivery,Male,3.0,3,Others,3,Single,1,1,14.0,2.0,8.0,19.0,254.5
55401,0,14.0,Computer,1,36.0,E wallet,Female,3.0,1,Mobile Phone,4,Married,15,0,17.0,12.0,10.0,16.0,215.82
55402,1,11.0,Computer,1,37.0,UPI,Male,2.0,5,Grocery,3,Single,4,0,16.0,10.0,3.0,3.0,165.01
55403,0,17.0,Mobile Phone,2,35.0,UPI,Male,3.0,2,Fashion,3,Married,13,0,19.0,10.0,12.0,10.0,193.24
55404,0,17.0,Computer,2,11.0,Cash on Delivery,Female,4.0,2,Grocery,2,Married,1,0,19.0,8.0,8.0,0.0,277.64
55405,0,5.0,Phone,1,9.0,Credit Card,Male,2.0,5,Grocery,3,Single,1,0,19.0,12.0,12.0,13.0,289.44
55406,0,16.0,Computer,3,8.0,Credit Card,Female,5.0,5,Mobile Phone,1,Divorced,8,1,15.0,8.0,1.0,12.0,222.85
55407,1,19.0,Mobile Phone,2,15.0,UPI,Female,2.0,3,Laptop & Accessory,1,Divorced,9,0,17.0,12.0,14.0,5.0,328.7
55408,0,8.0,Computer,3,23.0,UPI,Female,5.0,1,Mobile,5,Single,2,0,22.0,4.0,10.0,1.0,339.7
55409,0,4.0,Mobile Phone,2,24.0,UPI,Male,0.0,2,Grocery,3,Single,15,0,21.0,8.0,10.0,8.0,295.66
55410,0,22.0,Mobile Phone,2,31.0,UPI,Male,3.0,4,Mobile Phone,4,Single,9,0,11.0,3.0,2.0,7.0,150.77
55411,1,51.0,Mobile Phone,1,22.0,UPI,Male,5.0,3,Fashion,3,Single,1,1,22.0,7.0,5.0,14.0,319.81
55412,0,13.0,Mobile Phone,2,22.0,COD,Female,3.0,2,Grocery,4,Married,15,0,19.0,7.0,9.0,21.0,213.47
55413,0,16.0,Mobile Phone,1,29.0,UPI,Female,3.0,6,Laptop & Accessory,4,Married,13,0,26.0,1.0,1.0,10.0,155.41
55414,0,18.0,Computer,2,24.0,Debit Card,Male,3.0,4,Laptop & Accessory,3,Married,9,0,21.0,11.0,2.0,3.0,296.38
55415,0,51.0,Phone,1,10.0,UPI,Female,2.0,5,Laptop & Accessory,2,Married,1,1,19.0,10.0,13.0,13.0,200.32
55416,0,0.0,Mobile Phone,1,19.0,Credit Card,Male,1.0,2,Laptop & Accessory,2,Single,10,1,13.0,8.0,10.0,2.0,159.69
55417,0,12.0,Mobile Phone,1,22.0,E wallet,Male,2.0,6,Laptop & Accessory,3,Single,10,1,18.0,16.0,13.0,11.0,246.92
55418,1,26.0,Mobile Phone,1,29.0,Cash on Delivery,Male,1.0,5,Mobile Phone,4,Single,15,0,12.0,3.0,8.0,20.0,129.51
55419,0,5.0,Computer,1,24.0,Cash on Delivery,Male,5.0,3,Laptop & Accessory,4,Married,15,0,14.0,1.0,3.0,5.0,194.64
55420,0,5.0,Mobile Phone,3,26.0,E wallet,Female,4.0,1,Laptop & Accessory,5,Married,8,0,17.0,16.0,8.0,21.0,186.55
55421,1,51.0,Phone,1,16.0,E wallet,Male,2.0,2,Mobile Phone,3,Married,1,1,19.0,4.0,3.0,16.0,200.36
55422,0,29.0,Mobile Phone,2,37.0,Debit Card,Female,4.0,3,Fashion,2,Married,8,1,14.0,16.0,4.0,20.0,210.97
55423,0,61.0,Phone,1,33.0,UPI,Female,2.0,1,Mobile Phone,4,Married,1,1,11.0,8.0,9.0,10.0,259.39
55424,0,22.0,Mobile Phone,2,6.0,UPI,Female,1.0,1,Laptop & Accessory,1,Married,13,0,17.0,15.0,11.0,14.0,114.51
55425,1,9.0,Mobile Phone,1,30.0,UPI,Male,4.0,2,Mobile Phone,2,Married,8,1,13.0,15.0,11.0,13.0,215.75
55426,0,18.0,Mobile Phone,1,36.0,Credit Card,Female,2.0,5,Mobile Phone,4,Single,13,0,21.0,5.0,7.0,13.0,224.25
55427,0,27.0,Mobile Phone,1,7.0,UPI,Male,1.0,4,Mobile Phone,5,Divorced,2,1,26.0,5.0,12.0,7.0,184.25
55428,0,22.0,Mobile Phone,1,34.0,Credit Card,Female,3.0,2,Laptop & Accessory,2,Married,5,1,20.0,6.0,5.0,0.0,286.07
55429,1,3.0,Phone,1,23.0,UPI,Male,5.0,3,Mobile Phone,3,Single,15,1,19.0,13.0,8.0,2.0,279.1
55430,0,19.0,Mobile Phone,3,14.0,UPI,Female,3.0,4,Fashion,3,Single,7,0,20.0,2.0,6.0,15.0,230.39
55431,0,18.0,Mobile Phone,1,29.0,UPI,Female,2.0,3,Grocery,5,Divorced,8,0,19.0,13.0,14.0,17.0,314.4
55432,0,26.0,Mobile Phone,3,23.0,Cash on Delivery,Female,2.0,4,Mobile Phone,4,Divorced,12,0,12.0,6.0,6.0,21.0,129.36
55433,0,60.0,Computer,3,25.0,Credit Card,Female,3.0,5,Mobile,3,Single,6,0,26.0,10.0,4.0,1.0,193.85
55434,0,3.0,Phone,2,10.0,COD,Male,3.0,3,Grocery,3,Single,8,0,22.0,14.0,5.0,19.0,269.9
55435,0,6.0,Phone,3,18.0,Cash on Delivery,Male,4.0,3,Laptop & Accessory,4,Married,3,0,17.0,14.0,6.0,15.0,330.8
55436,0,6.0,Mobile Phone,1,12.0,UPI,Male,5.0,2,Mobile Phone,3,Married,7,0,24.0,4.0,4.0,5.0,315.04
55437,0,25.0,Mobile Phone,3,6.0,Debit Card,Male,4.0,5,Laptop & Accessory,4,Single,7,1,18.0,13.0,1.0,10.0,140.88
55438,1,25.0,Mobile Phone,1,22.0,Credit Card,Male,3.0,4,Fashion,4,Married,2,0,21.0,3.0,6.0,5.0,115.53
55439,0,18.0,Phone,2,26.0,Credit Card,Male,2.0,5,Laptop & Accessory,1,Married,10,0,19.0,16.0,3.0,10.0,239.0
55440,0,8.0,Phone,2,34.0,UPI,Female,3.0,2,Laptop & Accessory,1,Married,13,1,25.0,16.0,16.0,16.0,223.99
55441,0,19.0,Computer,3,32.0,Debit Card,Female,3.0,6,Others,2,Single,3,1,15.0,6.0,3.0,11.0,190.74
55442,1,15.0,Computer,3,39.0,Credit Card,Male,2.0,5,Mobile Phone,4,Married,8,0,23.0,0.0,16.0,14.0,151.86
55443,0,16.0,Mobile Phone,1,6.0,Debit Card,Male,3.0,2,Others,5,Single,11,0,21.0,1.0,7.0,4.0,199.98
55444,0,21.0,Mobile Phone,1,22.0,CC,Male,2.0,4,Laptop & Accessory,3,Married,15,0,18.0,4.0,8.0,7.0,219.13
55445,0,12.0,Mobile Phone,2,13.0,Credit Card,Male,4.0,4,Laptop & Accessory,2,Married,9,1,23.0,12.0,16.0,2.0,173.67
55446,0,17.0,Mobile Phone,2,32.0,Debit Card,Female,2.0,1,Laptop & Accessory,4,Divorced,2,1,23.0,14.0,13.0,14.0,103.06
55447,0,17.0,Computer,1,12.0,Debit Card,Male,4.0,5,Mobile Phone,4,Single,9,0,23.0,13.0,15.0,13.0,239.52
55448,0,0.0,Mobile Phone,1,12.0,Credit Card,Female,2.0,6,Others,4,Single,13,1,20.0,3.0,12.0,15.0,339.21
55449,0,50.0,Computer,3,9.0,Credit Card,Male,4.0,2,Fashion,4,Married,3,0,12.0,10.0,7.0,11.0,186.83
55450,0,29.0,Phone,2,17.0,Credit Card,Female,2.0,5,Laptop & Accessory,4,Married,1,0,11.0,11.0,10.0,5.0,292.27
55451,0,7.0,Phone,1,11.0,Credit Card,Female,4.0,4,Mobile Phone,4,Divorced,11,0,24.0,12.0,8.0,19.0,323.74
55452,0,20.0,Mobile Phone,2,25.0,Credit Card,Female,1.0,4,Fashion,5,Married,14,0,20.0,2.0,8.0,0.0,208.36
55453,0,21.0,Phone,2,33.0,UPI,Male,3.0,5,Mobile Phone,5,Married,1,1,14.0,13.0,2.0,9.0,190.29
55454,0,17.0,Phone,3,18.0,CC,Male,1.0,4,Mobile Phone,1,Divorced,7,1,25.0,11.0,7.0,16.0,322.8
55455,0,1.0,Mobile Phone,2,8.0,UPI,Male,3.0,3,Fashion,4,Married,8,0,25.0,3.0,3.0,14.0,126.3
55456,0,8.0,Mobile Phone,1,26.0,Debit Card,Female,4.0,5,Mobile,5,Single,1,0,26.0,11.0,6.0,14.0,222.55
55457,0,2.0,Mobile Phone,3,15.0,UPI,Male,4.0,2,Mobile Phone,4,Married,11,0,11.0,8.0,4.0,8.0,261.13
55458,0,25.0,Phone,1,38.0,Debit Card,Female,3.0,4,Grocery,1,Divorced,13,1,25.0,0.0,13.0,6.0,268.36
55459,1,20.0,Mobile Phone,3,20.0,UPI,Female,3.0,5,Grocery,4,Married,7,0,23.0,8.0,13.0,0.0,128.27
55460,0,29.0,Phone,2,13.0,Credit Card,Male,4.0,3,Mobile Phone,3,Married,7,1,15.0,4.0,6.0,17.0,127.87
55461,0,27.0,Phone,3,20.0,Debit Card,Female,3.0,6,Grocery,2,Married,15,0,18.0,7.0,6.0,20.0,171.72
55462,0,25.0,Mobile Phone,1,20.0,E wallet,Male,1.0,4,Mobile Phone,2,Single,7,0,21.0,14.0,13.0,21.0,295.32
55463,0,60.0,Phone,2,35.0,Credit Card,Male,2.0,2,Fashion,5,Single,6,0,26.0,12.0,15.0,9.0,345.42
55464,0,7.0,Mobile Phone,3,35.0,Debit Card,Female,3.0,6,Grocery,4,Divorced,4,0,25.0,14.0,3.0,16.0,247.69
55465,1,9.0,Phone,2,17.0,UPI,Female,1.0,5,Mobile Phone,5,Married,4,0,18.0,5.0,1.0,4.0,265.75
55466,0,13.0,Mobile Phone,1,9.0,UPI,Female,3.0,4,Mobile Phone,5,Married,10,0,25.0,5.0,10.0,13.0,345.61
55467,0,14.0,Mobile Phone,1,22.0,Debit Card,Female,3.0,3,Fashion,5,Married,6,0,19.0,14.0,3.0,12.0,157.76
55468,0,16.0,Mobile Phone,2,24.0,Debit Card,Female,2.0,4,Grocery,4,Single,12,0,15.0,0.0,4.0,7.0,123.2
55469,0,17.0,Phone,1,6.0,Debit Card,Male,3.0,6,Laptop & Accessory,3,Married,8,0,18.0,10.0,5.0,4.0,142.92
55470,0,50.0,Mobile Phone,2,34.0,UPI,Female,4.0,3,Grocery,4,Divorced,8,1,20.0,2.0,8.0,11.0,176.79
55471,0,22.0,Mobile Phone,1,14.0,Debit Card,Male,2.0,3,Laptop & Accessory,1,Single,14,0,19.0,13.0,3.0,11.0,270.27
55472,0,22.0,Mobile Phone,3,15.0,Debit Card,Male,2.0,3,Laptop & Accessory,4,Married,3,1,17.0,16.0,12.0,12.0,175.5
55473,0,61.0,Mobile Phone,1,33.0,E wallet,Male,3.0,3,Grocery,5,Married,10,0,23.0,2.0,16.0,19.0,224.75
55474,0,14.0,Phone,1,20.0,Debit Card,Male,1.0,1,Laptop & Accessory,5,Married,12,0,21.0,10.0,8.0,15.0,106.82
55475,0,23.0,Phone,1,32.0,UPI,Male,4.0,5,Laptop & Accessory,2,Single,6,1,25.0,4.0,7.0,19.0,334.75
55476,0,27.0,Computer,2,21.0,Debit Card,Male,5.0,2,Fashion,2,Single,4,0,18.0,12.0,8.0,3.0,247.48
55477,0,17.0,Mobile Phone,2,19.0,Debit Card,Male,5.0,4,Fashion,5,Married,9,0,23.0,10.0,8.0,2.0,236.58
55478,0,17.0,Mobile Phone,2,35.0,Credit Card,Male,2.0,1,Others,1,Married,7,0,22.0,14.0,5.0,20.0,286.24
55479,0,5.0,Phone,2,11.0,Debit Card,Male,3.0,6,Mobile,5,Married,8,0,25.0,3.0,10.0,0.0,337.19
55480,0,1.0,Phone,1,34.0,Debit Card,Female,4.0,5,Mobile Phone,3,Divorced,1,0,22.0,10.0,13.0,19.0,252.86
55481,0,12.0,Mobile Phone,3,30.0,Credit Card,Male,2.0,4,Mobile Phone,5,Single,4,1,23.0,1.0,8.0,11.0,269.75
55482,0,8.0,Phone,3,15.0,Debit Card,Male,0.0,2,Laptop & Accessory,5,Single,6,1,18.0,9.0,15.0,21.0,169.64
55483,0,60.0,Phone,1,10.0,UPI,Male,2.0,4,Mobile Phone,4,Married,6,1,25.0,8.0,12.0,10.0,305.99
55484,0,16.0,Mobile Phone,3,33.0,Debit Card,Male,4.0,4,Mobile Phone,2,Single,14,0,23.0,16.0,12.0,0.0,297.0
55485,0,26.0,Phone,2,32.0,UPI,Female,3.0,3,Laptop & Accessory,1,Single,2,1,22.0,4.0,5.0,4.0,105.39
55486,0,17.0,Mobile Phone,2,19.0,Debit Card,Female,3.0,2,Mobile Phone,4,Married,7,0,12.0,7.0,13.0,14.0,294.42
55487,0,21.0,Computer,2,33.0,CC,Female,3.0,3,Laptop & Accessory,2,Married,3,0,11.0,7.0,8.0,8.0,148.23
55488,0,23.0,Phone,3,10.0,UPI,Male,3.0,4,Grocery,5,Married,6,0,25.0,13.0,16.0,12.0,144.69
55489,0,6.0,Mobile Phone,3,16.0,Credit Card,Male,1.0,4,Others,1,Single,12,0,22.0,4.0,8.0,21.0,182.2
55490,0,60.0,Mobile Phone,2,20.0,Credit Card,Male,3.0,4,Laptop & Accessory,4,Single,3,0,21.0,16.0,12.0,13.0,337.46
55491,0,11.0,Computer,1,13.0,Cash on Delivery,Female,3.0,4,Fashion,3,Divorced,6,0,22.0,6.0,12.0,12.0,247.66
55492,0,22.0,Phone,2,26.0,Credit Card,Female,3.0,3,Laptop & Accessory,5,Married,10,0,18.0,6.0,7.0,19.0,336.48
55493,0,17.0,Mobile Phone,1,37.0,Cash on Delivery,Female,3.0,2,Mobile Phone,5,Married,13,0,19.0,9.0,15.0,9.0,119.59
55494,0,51.0,Phone,2,30.0,UPI,Male,3.0,4,Fashion,4,Married,10,0,22.0,6.0,3.0,19.0,233.04
55495,0,12.0,Phone,3,11.0,UPI,Male,5.0,5,Laptop & Accessory,4,Married,8,1,17.0,11.0,4.0,18.0,226.26
55496,0,22.0,Mobile Phone,1,36.0,Cash on Delivery,Male,3.0,6,Mobile Phone,4,Married,5,0,24.0,16.0,8.0,2.0,210.6
55497,0,50.0,Mobile Phone,1,28.0,E wallet,Female,3.0,5,Mobile,4,Married,1,1,18.0,10.0,2.0,8.0,347.86
55498,1,61.0,Phone,2,23.0,Debit Card,Male,4.0,3,Laptop & Accessory,5,Single,3,0,19.0,16.0,3.0,7.0,218.29
55499,0,0.0,Mobile Phone,1,9.0,UPI,Male,4.0,4,Fashion,4,Divorced,1,0,20.0,6.0,15.0,20.0,159.67
55500,1,4.0,Mobile Phone,1,34.0,Credit Card,Female,3.0,3,Grocery,5,Married,8,0,20.0,15.0,6.0,2.0,260.92
55501,0,12.0,Phone,2,29.0,Debit Card,Female,1.0,4,Grocery,3,Married,7,1,23.0,16.0,2.0,12.0,161.7
55502,0,4.0,Phone,3,34.0,E wallet,Male,2.0,4,Grocery,5,Married,11,1,20.0,12.0,15.0,9.0,132.93
55503,1,50.0,Mobile Phone,2,29.0,UPI,Male,0.0,3,Laptop & Accessory,4,Married,10,0,14.0,9.0,3.0,11.0,245.76
55504,0,20.0,Mobile Phone,2,13.0,Credit Card,Female,2.0,4,Mobile,5,Married,12,0,13.0,5.0,11.0,3.0,281.1
55505,1,23.0,Phone,2,31.0,Debit Card,Male,3.0,5,Fashion,1,Married,12,0,26.0,15.0,13.0,18.0,212.86
55506,0,17.0,Phone,1,28.0,Debit Card,Female,4.0,3,Mobile,4,Divorced,13,0,14.0,7.0,11.0,15.0,180.52
55507,1,17.0,Phone,3,19.0,Debit Card,Male,3.0,4,Mobile,5,Single,4,0,20.0,11.0,15.0,4.0,138.27
55508,0,9.0,Mobile Phone,2,30.0,Debit Card,Female,0.0,4,Mobile Phone,1,Married,11,0,13.0,11.0,15.0,8.0,300.41
55509,0,23.0,Phone,3,34.0,UPI,Female,2.0,3,Mobile Phone,5,Single,15,0,12.0,2.0,14.0,21.0,322.82
55510,0,20.0,Computer,3,15.0,Cash on Delivery,Female,3.0,3,Fashion,2,Divorced,4,0,11.0,0.0,9.0,6.0,163.28
55511,0,24.0,Mobile Phone,1,33.0,UPI,Male,3.0,1,Grocery,5,Single,1,1,14.0,5.0,3.0,13.0,207.06
55512,0,22.0,Mobile Phone,3,19.0,Debit Card,Male,4.0,4,Mobile,3,Single,14,1,21.0,11.0,7.0,14.0,176.65
55513,0,21.0,Phone,3,13.0,Debit Card,Male,5.0,5,Mobile,4,Single,4,1,24.0,0.0,11.0,9.0,307.69
55514,0,3.0,Mobile Phone,2,33.0,Credit Card,Female,4.0,3,Mobile Phone,1,Married,1,1,25.0,1.0,10.0,21.0,330.55
55515,1,60.0,Mobile Phone,1,19.0,UPI,Male,3.0,5,Fashion,3,Single,5,0,15.0,11.0,11.0,18.0,137.86
55516,0,5.0,Mobile Phone,2,21.0,COD,Male,3.0,5,Laptop & Accessory,4,Married,5,0,18.0,4.0,15.0,18.0,109.13
55517,0,27.0,Mobile Phone,1,20.0,Cash on Delivery,Male,2.0,6,Grocery,2,Married,2,1,17.0,3.0,12.0,17.0,121.4
55518,0,17.0,Mobile Phone,2,26.0,Cash on Delivery,Female,3.0,4,Laptop & Accessory,4,Married,10,0,21.0,2.0,16.0,9.0,172.62
55519,0,61.0,Mobile Phone,1,15.0,Debit Card,Female,1.0,3,Others,4,Married,2,0,21.0,3.0,6.0,10.0,281.09
55520,0,22.0,Computer,2,29.0,Cash on Delivery,Female,2.0,4,Mobile,5,Married,9,1,16.0,6.0,2.0,11.0,181.64
55521,1,5.0,Phone,3,34.0,Debit Card,Male,0.0,4,Laptop & Accessory,4,Single,2,1,16.0,10.0,2.0,8.0,346.05
55522,0,15.0,Phone,1,6.0,Credit Card,Female,4.0,6,Mobile Phone,4,Single,5,0,21.0,8.0,2.0,10.0,121.4
55523,0,1.0,Mobile Phone,2,5.0,UPI,Male,3.0,5,Laptop & Accessory,1,Single,12,0,15.0,2.0,10.0,17.0,267.86
55524,0,23.0,Phone,1,13.0,Credit Card,Female,4.0,3,Mobile Phone,1,Single,9,0,21.0,16.0,12.0,19.0,215.52
55525,0,16.0,Mobile Phone,2,9.0,Debit Card,Male,5.0,2,Laptop & Accessory,4,Married,8,0,14.0,14.0,16.0,18.0,177.37
55526,0,0.0,Phone,2,28.0,UPI,Male,5.0,5,Laptop & Accessory,5,Married,2,0,18.0,2.0,2.0,19.0,240.23
55527,1,5.0,Computer,1,31.0,Debit Card,Male,5.0,2,Mobile Phone,3,Divorced,2,0,18.0,8.0,14.0,19.0,161.92
55528,0,4.0,Phone,2,34.0,Debit Card,Male,3.0,4,Laptop & Accessory,1,Single,5,0,21.0,3.0,8.0,9.0,253.57
55529,0,17.0,Phone,3,19.0,Credit Card,Male,2.0,2,Mobile Phone,3,Divorced,4,0,20.0,13.0,16.0,4.0,348.76
55530,0,11.0,Phone,1,13.0,CC,Male,3.0,5,Fashion,4,Married,3,0,21.0,0.0,8.0,0.0,178.02
55531,0,2.0,Phone,2,34.0,Cash on Delivery,Male,4.0,5,Mobile Phone,5,Single,4,0,13.0,16.0,8.0,6.0,193.01
55532,0,0.0,Mobile Phone,2,19.0,UPI,Male,4.0,6,Laptop & Accessory,4,Married,2,0,18.0,14.0,10.0,14.0,317.26
55533,0,17.0,Mobile Phone,1,24.0,Debit Card,Male,3.0,6,Laptop & Accessory,1,Divorced,2,0,15.0,12.0,4.0,21.0,189.73
55534,0,23.0,Computer,3,29.0,Debit Card,Female,3.0,5,Laptop & Accessory,4,Married,4,0,11.0,0.0,14.0,15.0,327.75
55535,1,18.0,Mobile Phone,2,13.0,Debit Card,Female,3.0,3,Fashion,1,Married,12,0,19.0,1.0,3.0,10.0,274.61
55536,0,7.0,Computer,1,26.0,COD,Female,5.0,1,Laptop & Accessory,5,Single,13,1,17.0,10.0,8.0,4.0,104.83
55537,0,17.0,Mobile Phone,1,17.0,UPI,Female,5.0,4,Mobile,3,Single,3,1,17.0,4.0,9.0,1.0,194.37
55538,0,29.0,Mobile Phone,2,32.0,Cash on Delivery,Female,3.0,5,Grocery,4,Married,7,1,26.0,14.0,3.0,3.0,196.39
55539,1,29.0,Phone,2,18.0,Credit Card,Female,3.0,1,Laptop & Accessory,3,Married,9,1,15.0,8.0,16.0,13.0,161.13
55540,1,50.0,Mobile Phone,2,34.0,Credit Card,Female,4.0,4,Laptop & Accessory,2,Married,1,0,15.0,0.0,6.0,8.0,246.94
55541,0,0.0,Phone,2,9.0,CC,Male,2.0,5,Fashion,4,Divorced,7,0,26.0,8.0,4.0,9.0,110.17
55542,0,12.0,Phone,2,16.0,Debit Card,Male,4.0,4,Others,1,Single,3,1,19.0,10.0,3.0,14.0,249.11
55543,0,10.0,Phone,1,39.0,UPI,Male,1.0,4,Fashion,4,Single,13,0,17.0,11.0,10.0,3.0,239.34
55544,0,9.0,Phone,2,5.0,E wallet,Female,3.0,4,Laptop & Accessory,1,Divorced,4,1,21.0,0.0,12.0,8.0,272.69
55545,1,25.0,Mobile Phone,3,5.0,Credit Card,Female,3.0,6,Grocery,4,Single,2,1,24.0,15.0,16.0,21.0,234.62
55546,1,19.0,Mobile Phone,3,24.0,Debit Card,Male,3.0,3,Mobile,3,Single,15,1,19.0,15.0,16.0,12.0,183.35
55547,0,16.0,Mobile Phone,1,38.0,Debit Card,Male,1.0,3,Laptop & Accessory,5,Divorced,15,0,23.0,6.0,12.0,3.0,342.54
55548,0,16.0,Mobile Phone,2,38.0,Cash on Delivery,Male,1.0,4,Grocery,5,Married,11,1,20.0,2.0,9.0,21.0,133.22
55549,0,3.0,Computer,1,28.0,Debit Card,Female,5.0,4,Fashion,4,Married,15,0,11.0,4.0,9.0,20.0,285.75
55550,0,4.0,Phone,1,32.0,E wallet,Male,2.0,4,Mobile Phone,2,Single,5,0,18.0,3.0,16.0,20.0,151.39
55551,0,22.0,Phone,2,15.0,Debit Card,Male,2.0,5,Fashion,4,Married,8,1,24.0,2.0,14.0,7.0,115.53
55552,0,9.0,Phone,1,12.0,Credit Card,Male,4.0,5,Laptop & Accessory,1,Married,14,0,23.0,2.0,14.0,16.0,291.55
55553,0,27.0,Mobile Phone,1,39.0,Credit Card,Female,2.0,2,Fashion,4,Single,11,1,21.0,2.0,15.0,9.0,314.45
55554,0,51.0,Phone,2,20.0,Credit Card,Female,4.0,4,Fashion,1,Single,2,1,26.0,11.0,11.0,19.0,130.38
55555,0,25.0,Phone,3,20.0,UPI,Female,2.0,6,Laptop & Accessory,5,Married,8,0,24.0,16.0,10.0,3.0,231.52
55556,1,28.0,Mobile Phone,3,10.0,E wallet,Male,4.0,4,Others,3,Married,9,0,20.0,8.0,9.0,17.0,282.11
55557,0,26.0,Computer,2,24.0,Credit Card,Male,3.0,4,Laptop & Accessory,3,Married,12,0,25.0,7.0,11.0,10.0,195.39
55558,0,17.0,Phone,2,15.0,Cash on Delivery,Male,5.0,5,Mobile Phone,1,Married,5,0,24.0,0.0,11.0,6.0,210.56
55559,0,9.0,Mobile Phone,1,12.0,Debit Card,Male,2.0,5,Laptop & Accessory,4,Single,9,1,19.0,16.0,13.0,0.0,344.34
55560,0,4.0,Phone,2,24.0,Debit Card,Female,3.0,1,Fashion,3,Divorced,8,1,24.0,8.0,5.0,21.0,282.28
55561,0,9.0,Mobile Phone,3,36.0,Debit Card,Male,5.0,3,Grocery,1,Single,2,1,17.0,10.0,7.0,0.0,330.4
55562,0,20.0,Mobile Phone,3,37.0,Debit Card,Female,3.0,5,Others,3,Married,11,0,19.0,12.0,10.0,21.0,208.08
55563,0,23.0,Phone,2,10.0,Credit Card,Male,4.0,4,Laptop & Accessory,5,Married,5,1,22.0,8.0,5.0,13.0,218.98
55564,0,2.0,Computer,1,32.0,UPI,Female,2.0,4,Mobile Phone,1,Married,15,1,26.0,9.0,15.0,17.0,342.45
55565,0,30.0,Phone,1,12.0,Cash on Delivery,Male,3.0,5,Mobile Phone,4,Single,14,0,15.0,14.0,2.0,10.0,206.85
55566,0,1.0,Computer,1,18.0,Debit Card,Male,2.0,5,Laptop & Accessory,4,Married,13,0,21.0,0.0,2.0,7.0,203.0
55567,0,1.0,Computer,3,7.0,UPI,Female,2.0,5,Grocery,4,Single,9,1,24.0,5.0,6.0,6.0,274.34
55568,0,60.0,Computer,1,6.0,E wallet,Female,3.0,1,Laptop & Accessory,3,Divorced,15,1,24.0,14.0,8.0,19.0,111.08
55569,1,19.0,Mobile Phone,2,26.0,CC,Male,5.0,5,Mobile Phone,3,Single,9,0,14.0,6.0,15.0,15.0,211.06
55570,0,17.0,Phone,1,37.0,E wallet,Female,2.0,3,Laptop & Accessory,4,Single,8,0,17.0,5.0,8.0,7.0,334.84
55571,1,3.0,Mobile Phone,2,25.0,Cash on Delivery,Male,2.0,1,Fashion,3,Single,2,1,13.0,14.0,8.0,8.0,324.15
55572,0,10.0,Phone,2,10.0,Credit Card,Male,2.0,4,Others,3,Single,6,0,18.0,12.0,11.0,5.0,265.09
55573,0,4.0,Computer,2,22.0,E wallet,Female,4.0,6,Grocery,3,Married,1,0,15.0,0.0,8.0,5.0,210.86
55574,0,24.0,Mobile Phone,2,10.0,Credit Card,Male,3.0,5,Grocery,3,Single,13,0,16.0,2.0,13.0,0.0,227.64
55575,0,60.0,Phone,2,12.0,CC,Male,2.0,6,Laptop & Accessory,4,Single,7,0,14.0,11.0,1.0,18.0,166.5
55576,0,8.0,Phone,1,28.0,Debit Card,Female,4.0,3,Grocery,3,Married,6,0,17.0,0.0,2.0,5.0,151.18
55577,0,5.0,Mobile Phone,1,31.0,E wallet,Female,2.0,4,Laptop & Accessory,5,Divorced,8,0,19.0,6.0,10.0,21.0,167.24
55578,0,17.0,Mobile Phone,3,32.0,Credit Card,Male,2.0,2,Mobile Phone,5,Divorced,12,0,14.0,7.0,11.0,3.0,325.56
55579,1,13.0,Phone,1,9.0,Debit Card,Male,1.0,5,Fashion,2,Married,7,0,25.0,14.0,11.0,14.0,164.33
55580,0,18.0,Mobile Phone,1,23.0,Debit Card,Male,1.0,4,Laptop & Accessory,4,Single,2,0,16.0,4.0,8.0,19.0,217.34
55581,0,13.0,Phone,1,13.0,E wallet,Male,1.0,6,Fashion,2,Single,2,0,16.0,2.0,5.0,14.0,279.15
55582,1,17.0,Phone,1,29.0,UPI,Female,2.0,3,Others,4,Single,12,0,11.0,6.0,15.0,0.0,285.48
55583,0,61.0,Phone,2,17.0,COD,Male,3.0,5,Others,3,Married,2,1,19.0,3.0,8.0,6.0,177.59
55584,0,28.0,Mobile Phone,2,6.0,Debit Card,Male,0.0,2,Laptop & Accessory,2,Married,6,0,21.0,1.0,12.0,0.0,164.7
55585,0,16.0,Phone,3,18.0,UPI,Female,1.0,3,Laptop & Accessory,3,Single,10,0,12.0,6.0,6.0,3.0,192.57
55586,1,7.0,Mobile Phone,2,35.0,UPI,Female,1.0,3,Fashion,2,Divorced,8,0,20.0,0.0,9.0,16.0,125.24
55587,0,0.0,Computer,1,10.0,UPI,Female,2.0,4,Grocery,1,Single,1,1,24.0,10.0,1.0,4.0,236.41
55588,0,17.0,Mobile Phone,2,29.0,Credit Card,Male,1.0,3,Mobile Phone,3,Single,2,0,11.0,8.0,2.0,12.0,282.82
55589,0,4.0,Computer,3,35.0,Credit Card,Female,1.0,3,Others,5,Divorced,5,0,15.0,9.0,11.0,10.0,158.78
55590,0,23.0,Phone,3,20.0,Debit Card,Male,5.0,4,Fashion,4,Single,9,1,12.0,14.0,8.0,3.0,122.52
55591,0,27.0,Phone,1,31.0,Debit Card,Male,3.0,2,Laptop & Accessory,4,Single,11,1,20.0,9.0,10.0,8.0,311.04
55592,0,16.0,Mobile Phone,1,34.0,Debit Card,Female,4.0,4,Laptop & Accessory,3,Married,13,1,25.0,16.0,10.0,3.0,320.71
55593,0,19.0,Mobile Phone,3,8.0,E wallet,Male,4.0,4,Grocery,3,Married,11,0,19.0,11.0,9.0,1.0,315.19
55594,0,2.0,Mobile Phone,2,20.0,UPI,Female,3.0,6,Laptop & Accessory,1,Married,14,0,21.0,3.0,6.0,10.0,205.98
55595,0,25.0,Mobile Phone,2,11.0,UPI,Male,3.0,2,Laptop & Accessory,5,Married,8,0,11.0,13.0,10.0,21.0,135.49
55596,1,14.0,Computer,1,25.0,UPI,Female,3.0,1,Grocery,3,Divorced,1,1,25.0,12.0,14.0,18.0,272.27
55597,0,7.0,Mobile Phone,2,6.0,Cash on Delivery,Male,3.0,2,Laptop & Accessory,5,Married,13,0,25.0,3.0,2.0,17.0,125.23
55598,0,12.0,Computer,1,12.0,Debit Card,Female,5.0,3,Grocery,4,Married,8,0,17.0,6.0,3.0,14.0,272.95
55599,0,2.0,Phone,1,31.0,Debit Card,Female,1.0,3,Fashion,4,Single,15,0,24.0,10.0,4.0,6.0,154.39
55600,0,0.0,Mobile Phone,1,6.0,Credit Card,Female,2.0,3,Fashion,3,Single,7,1,14.0,12.0,15.0,21.0,126.99
55601,0,8.0,Phone,1,10.0,CC,Male,1.0,5,Others,3,Married,15,0,18.0,16.0,8.0,2.0,100.45
55602,0,30.0,Mobile Phone,2,8.0,Credit Card,Female,4.0,3,Others,4,Divorced,9,1,22.0,14.0,9.0,17.0,227.33
55603,1,25.0,Mobile Phone,1,25.0,Debit Card,Male,2.0,3,Laptop & Accessory,5,Single,14,0,26.0,14.0,12.0,12.0,315.98
55604,0,16.0,Mobile Phone,1,5.0,UPI,Male,5.0,4,Others,5,Married,15,1,18.0,16.0,14.0,5.0,287.01
55605,0,60.0,Computer,1,16.0,COD,Female,2.0,3,Fashion,3,Married,11,0,17.0,4.0,3.0,20.0,165.33
55606,0,8.0,Phone,1,31.0,UPI,Male,2.0,4,Mobile Phone,3,Married,4,0,11.0,8.0,13.0,11.0,137.09
55607,0,12.0,Phone,1,18.0,UPI,Male,2.0,4,Others,3,Married,14,0,13.0,3.0,14.0,1.0,339.69
55608,0,4.0,Mobile Phone,1,19.0,UPI,Female,3.0,3,Laptop & Accessory,3,Married,14,0,16.0,6.0,14.0,9.0,306.83
55609,0,12.0,Phone,1,22.0,CC,Male,4.0,5,Grocery,5,Married,14,0,22.0,9.0,6.0,2.0,255.88
55610,0,0.0,Mobile Phone,2,22.0,Credit Card,Female,2.0,5,Fashion,4,Single,10,1,16.0,0.0,10.0,7.0,187.57
55611,0,24.0,Mobile Phone,1,21.0,Credit Card,Female,3.0,5,Laptop & Accessory,4,Married,6,1,16.0,8.0,4.0,2.0,296.97
55612,0,17.0,Mobile Phone,1,13.0,Debit Card,Male,2.0,3,Laptop & Accessory,3,Divorced,15,0,12.0,9.0,7.0,2.0,193.96
55613,0,9.0,Mobile Phone,3,22.0,Credit Card,Male,3.0,6,Mobile Phone,2,Married,4,0,25.0,7.0,7.0,7.0,274.79
55614,0,27.0,Phone,2,22.0,UPI,Female,3.0,5,Mobile Phone,4,Divorced,15,0,18.0,8.0,8.0,12.0,236.11
55615,1,5.0,Mobile Phone,3,9.0,Debit Card,Female,4.0,3,Others,2,Married,14,1,13.0,1.0,2.0,15.0,237.64
55616,0,26.0,Computer,2,13.0,E wallet,Male,4.0,2,Grocery,1,Single,4,0,15.0,15.0,9.0,10.0,232.89
55617,1,11.0,Mobile Phone,3,39.0,UPI,Male,3.0,5,Fashion,1,Divorced,9,0,19.0,1.0,7.0,15.0,343.59
55618,0,2.0,Phone,1,5.0,Debit Card,Male,0.0,5,Laptop & Accessory,4,Divorced,1,1,22.0,3.0,12.0,8.0,325.0
55619,0,51.0,Mobile Phone,2,13.0,CC,Female,4.0,3,Fashion,3,Married,10,0,17.0,15.0,6.0,12.0,211.17
55620,0,9.0,Mobile Phone,2,36.0,Debit Card,Female,0.0,3,Fashion,2,Married,7,1,19.0,7.0,13.0,21.0,335.64
55621,0,30.0,Computer,3,24.0,Credit Card,Male,3.0,3,Laptop & Accessory,2,Single,12,0,23.0,16.0,9.0,12.0,263.5
55622,0,14.0,Computer,1,17.0,Credit Card,Female,0.0,5,Grocery,3,Single,8,1,14.0,2.0,2.0,3.0,310.37
55623,0,6.0,Phone,3,15.0,E wallet,Female,2.0,3,Grocery,5,Single,15,1,11.0,16.0,7.0,13.0,303.62
55624,1,13.0,Computer,2,30.0,Cash on Delivery,Male,3.0,4,Grocery,3,Divorced,6,0,26.0,8.0,12.0,18.0,340.3
55625,0,13.0,Computer,2,15.0,Credit Card,Female,2.0,5,Laptop & Accessory,4,Single,13,0,23.0,11.0,4.0,18.0,149.78
55626,0,2.0,Phone,3,29.0,UPI,Female,5.0,3,Mobile Phone,5,Single,1,0,20.0,5.0,9.0,21.0,275.83
55627,0,2.0,Computer,3,29.0,UPI,Female,3.0,2,Mobile Phone,3,Single,6,0,23.0,13.0,5.0,1.0,336.05
55628,0,21.0,Mobile Phone,2,24.0,CC,Male,3.0,5,Others,1,Married,4,0,13.0,7.0,1.0,7.0,115.82
55629,0,18.0,Phone,1,15.0,Debit Card,Male,2.0,1,Others,4,Single,11,0,21.0,5.0,13.0,5.0,330.83
55630,1,61.0,Phone,1,14.0,Cash on Delivery,Female,0.0,5,Laptop & Accessory,5,Married,14,1,26.0,12.0,9.0,12.0,333.31
